tree
version=v4
num_class=1
num_tree_per_iteration=1
label_index=0
max_feature_idx=7
objective=quantile
feature_names=zone_id shop_type hour dow is_festival month shop_level shop_hour_share
feature_infos=-1:2:11:13:12:1:5:0:20:7:3:4:21:10:18:8:6:14:23:16:22:17:9:15:19 -1:0:3:1:2:6:4:5 [6:22] [0:6] none [2:7] [10.992773149181277:14.913226278168301] [0.010399496282322484:0.16373360384154079]
tree_sizes=2989 3090 3109 3091 3093 3086 3102 3114 3122 3134 3120 3131 3144 3141 3128 3095 3122 3109 3096 3100 3108 3093 3120 3125 3119 3149 3142 3138 3146 3141 3124 3146 3127 3127 3122 3165 3122 3144 3117 3124 3133 3131 3143 3140 3109 3147 3132 3124 3136 3118 3129 3126 3122 3121 3103 3146 3130 3116 3130 3137 3140 3143 3142 3134 3147 3141 3108 3137 3133 3154 3155 3137 3128 3130 3134 3145 3131 3127 3116 3132 3106 3121 3122 3112 3123 3120 3140 3104 3109 3128 3121 3107 3134 3104 3104 3110 3108 3119 3118 3119 3105 3111 3100 3113 3127 3084 3121 3103 3102 3118 3104 3107 3119 3102 3110 3110 3125 3106 3114 3096 3112 3112 3092 3048 3076 3064 3112 3077 3073 3056 3080 3080 3079 3101 3080 3080 3081 3081 3084 3083 3085 3075 3092 3089 3092 3094 3069 3055 3080 3079 3054 3079 3081 3080 3080 3077 3076 3078 3055 3079 3083 3095 3082 3081 3079 3081 3081 3081 3081 3083 3082 3080 3080 3081 3082 3058 3059 3082 3081 3080 3081 3079 3079 3078 3075 3079 3078 3078 3076 3079 3079 3075 3082 3080 3061 3083 3081 3084 3080 3081

Tree=0
num_leaves=31
num_cat=7
split_feature=7 7 1 7 6 1 7 1 7 2 6 6 6 5 6 7 1 6 2 5 2 1 6 1 3 7 1 3 7 6
split_gain=23185.6 3632.16 2198.45 1390.41 766.191 684.805 271.581 239.813 210.671 189.023 121.398 113.528 81.6955 80.8868 74.6231 74.3733 52.3602 42.3646 40.1329 39.4052 39.2764 36.9814 32.146 31.7186 44.013 31.1831 31.1516 31.3954 29.889 29.4285
threshold=0.034521400803542678 0.024630190825150434 0 0.051322440910878987 12.44545660439722 1 0.078034230429874021 2 0.076536027880184682 19.500000000000004 13.579335906955114 11.990580988694822 11.79893450632702 5.5000000000000009 12.787964887779809 0.065490264867075224 3 12.706467557417165 20.500000000000004 5.5000000000000009 9.5000000000000018 4 11.583360624843122 5 5.5000000000000009 0.046314219883237036 6 5.5000000000000009 0.068592070238769523 13.358450794029896
decision_type=2 2 1 2 2 1 2 1 2 2 2 2 2 2 2 2 1 2 2 2 2 1 2 1 2 2 1 2 2 2
left_child=1 5 4 9 6 -1 12 10 14 13 -5 22 -2 16 25 -9 -4 -10 19 -3 -14 -15 -8 24 -13 -6 27 -22 -12 -11
right_child=2 18 3 7 8 -7 11 15 17 29 28 23 20 21 -16 -17 -18 -19 -20 -21 26 -23 -24 -25 -26 -27 -28 -29 -30 -31
leaf_value=0.027678841681103399 0.027021183818578719 0.027021183818578719 0.028526005766259816 0.027021183818578719 0.027021183818578719 0.027021183818578719 0.027021183818578719 0.028858356369759957 0.027021183818578719 0.027021183818578719 0.028781746212463499 0.027021183818578719 0.027021183818578719 0.028453772350032214 0.027021183818578719 0.029836710099358048 0.02833551539686522 0.029806680262469742 0.027021183818578719 0.027021183818578719 0.027021183818578719 0.028324440112630501 0.027021183818578719 0.027021183818578719 0.027021183818578719 0.027021183818578719 0.027021183818578719 0.027021183818578719 0.029688071804603745 0.028102477768106017
leaf_weight=34611 3197 37785 137947 14798 3125 7533 2620 152951 33307 3366 26385 24274 3139 35047 22626 491045 27859 50841 1845 17594 12717 43345 8621 16056 4244 20751 12960 2188 42117 20897
leaf_count=34611 3197 37785 137947 14798 3125 7533 2620 152951 33307 3366 26385 24274 3139 35047 22626 491045 27859 50841 1845 17594 12717 43345 8621 16056 4244 20751 12960 2188 42117 20897
internal_value=0.0284433 0.00522099 0.0303403 0.0313409 0.0258249 -0.00591812 0.0222753 0.0324761 0.0282704 0.0282657 0.029951 0.0244252 0.0187669 0.0286839 0.0255695 0.0328026 0.0293096 0.0297629 0.0134247 0.013183 0.0195516 0.0273605 0.0199348 0.0255576 0.0265606 0.0236197 0.0201489 0.021727 0.0308383 0.0240566
internal_weight=1.31579e+06 99368 1.21642e+06 995757 220666 42144 90016 727296 130650 268461 83300 55815 34201 244198 46502 643996 165806 84148 57224 55379 31004 78392 11241 44574 28518 23876 27865 14905 68502 24263
internal_count=1315791 99368 1216423 995757 220666 42144 90016 727296 130650 268461 83300 55815 34201 244198 46502 643996 165806 84148 57224 55379 31004 78392 11241 44574 28518 23876 27865 14905 68502 24263
cat_boundaries=0 1 2 3 4 5 6 7
cat_threshold=96 3 16 11 10 64 64
is_linear=0
shrinkage=1


Tree=1
num_leaves=31
num_cat=6
split_feature=7 7 1 7 6 1 7 1 7 2 6 6 6 7 6 1 2 5 6 5 2 6 6 1 3 6 1 7 3 2
split_gain=19577.4 4209.07 2169.48 1351.46 771.533 682.884 269.543 235.791 199.461 156.164 120.375 113.71 82.23 81.5473 75.8006 74.486 72.247 57.9876 41.8937 40.5374 37.8086 32.2454 32.146 31.8793 43.4837 31.612 31.586 30.339 30.1563 29.1944
threshold=0.034521400803542678 0.024630190825150434 0 0.051322440910878987 12.44545660439722 1 0.078034230429874021 2 0.076536027880184682 19.500000000000004 13.579335906955114 11.990580988694822 11.79893450632702 0.066162824367806392 12.787964887779809 3 11.500000000000002 5.5000000000000009 12.706467557417165 5.5000000000000009 9.5000000000000018 12.429177195939355 11.583360624843122 4 5.5000000000000009 13.63147563377021 5 0.068592070238769523 5.5000000000000009 20.500000000000004
decision_type=2 2 1 2 2 1 2 1 2 2 2 2 2 2 2 1 2 2 2 2 2 2 2 1 2 2 1 2 2 2
left_child=1 5 4 9 6 29 12 10 14 15 -5 22 -2 -9 -6 17 -3 -4 -10 -18 -14 -7 -8 24 -13 -19 28 -12 -22 -1
right_child=2 16 3 7 8 21 11 13 18 -11 27 23 20 -15 -16 -17 19 25 -20 -21 26 -23 -24 -25 -26 -27 -28 -29 -30 -31
leaf_value=-0.0007885622094961454 -0.001351059190928936 -0.001351059190928936 7.8521659368105921e-05 -0.001351059190928936 -0.001351059190928936 -0.001351059190928936 -0.001351059190928936 0.00040061119359264906 -0.001351059190928936 -0.0005974028852714548 0.00032147508326160431 -0.001351059190928936 -0.001351059190928936 0.0013399232500076251 -0.001351059190928936 -0.00018345863824097995 -0.00037028134294291498 -6.9064062857067006e-05 0.0012951624307675352 -0.00049796432184023073 -0.001351059190928936 -0.001351059190928936 -0.001351059190928936 -0.001351059190928936 -0.001351059190928936 0.00013328435925676201 -0.001351059190928936 0.0011824843957948367 -0.001351059190928936 -0.0006970969827216917
leaf_weight=16808 3197 11071 137947 14798 23876 2860 2620 159025 33307 24263 26385 24274 3139 484971 22626 40974 31524 53973 50841 14629 12717 4673 8621 16056 4244 11304 12960 42117 2188 17803
leaf_count=16808 3197 11071 137947 14798 23876 2860 2620 159025 33307 24263 26385 24274 3139 484971 22626 40974 31524 53973 50841 14629 12717 4673 8621 16056 4244 11304 12960 42117 2188 17803
internal_value=0.000147938 -0.021191 0.00189109 0.0028851 -0.00259439 -0.0331822 -0.00615635 0.00400426 -0.000140451 -0.000146744 0.00150042 -0.0040146 -0.00965162 0.00432803 -0.00276848 0.000233376 -0.0123598 0.000625486 0.00131186 -0.0114897 -0.00886434 -0.0194465 -0.00850858 -0.00288128 -0.0018757 -0.000602279 -0.00827831 0.00238402 -0.00668957 -0.0361557
internal_weight=1.31579e+06 99368 1.21642e+06 995757 220666 42144 90016 727296 130650 268461 83300 55815 34201 643996 46502 244198 57224 203224 84148 46153 31004 7533 11241 44574 28518 65277 27865 68502 14905 34611
internal_count=1315791 99368 1216423 995757 220666 42144 90016 727296 130650 268461 83300 55815 34201 643996 46502 244198 57224 203224 84148 46153 31004 7533 11241 44574 28518 65277 27865 68502 14905 34611
cat_boundaries=0 1 2 3 4 5 6
cat_threshold=96 3 16 11 64 64
is_linear=0
shrinkage=0.05


Tree=2
num_leaves=31
num_cat=7
split_feature=7 7 1 1 7 6 7 1 7 2 6 6 6 7 1 6 6 7 5 6 2 3 5 6 1 3 2 1 7 1
split_gain=18151.7 3614.22 2090.29 1143.49 1133.61 734.143 232.493 221.046 176.55 166.948 115.589 113.755 82.8895 77.4822 71.5584 68.7267 62.2372 56.1816 51.7416 41.4255 36.422 76.2085 34.8945 32.146 31.9195 43.2971 28.2529 27.5907 26.8871 22.6481
threshold=0.026788622941679611 0.038579431872486268 0 1 0.05205096817670142 12.44545660439722 0.078034230429874021 2 0.076536027880184682 20.500000000000004 13.579335906955114 11.990580988694822 11.79893450632702 0.076536027880184682 3 12.787964887779809 12.429177195939355 0.048049715389804147 5.5000000000000009 12.706467557417165 20.500000000000004 3.5000000000000004 5.5000000000000009 11.583360624843122 4 5.5000000000000009 10.500000000000002 5 0.068592070238769523 6
decision_type=2 2 1 1 2 2 2 1 2 2 2 2 2 2 1 2 2 2 2 2 2 2 2 2 1 2 2 1 2 1
left_child=3 9 5 20 14 6 12 10 15 22 -6 23 -3 -9 17 -7 -5 18 -4 27 21 -1 26 -8 25 -13 -2 -10 -12 -14
right_child=1 2 4 16 7 8 11 13 19 -11 28 24 29 -15 -16 -17 -18 -19 -20 -21 -22 -23 -24 -25 -26 -27 -28 -29 -30 -31
leaf_value=-0.0008539712640749464 -0.0012835062313824891 -0.0012835062313824891 4.1213500370041076e-05 -0.0012835062313824891 -0.0012835062313824891 -0.0012835062313824891 -0.0012835062313824891 0.00049822817883068916 0.0012019275281267173 -0.0013261609748369246 0.00033922365420626483 -0.0012835062313824891 -0.0012835062313824891 0.0015394021311216524 -0.00019100261607866572 -0.0012835062313824891 -0.0012835062313824891 0.00019632024622360129 -6.8787452745623642e-05 0.0012304043092291586 -0.00066224213358560726 -0.00063624404113770425 -0.0012835062313824891 -0.0012835062313824891 -0.0012835062313824891 -0.0012835062313824891 -0.0003249496692464226 -0.0012835062313824891 0.0011233601760050949 -0.0012835062313824891
leaf_weight=9548 7070 3088 112514 3453 14484 23009 2620 242820 20530 12233 24595 24274 16252 388631 46392 22465 9258 57494 53607 50841 17803 7286 17834 8621 16056 4244 30915 12777 42117 12960
leaf_count=9548 7070 3088 112514 3453 14484 23009 2620 242820 20530 12233 24595 24274 16252 388631 46392 22465 9258 57494 53607 50841 17803 7286 17834 8621 16056 4244 30915 12777 42117 12960
internal_value=0.0002163 0.00135092 0.0019864 -0.0301799 0.00296853 -0.00244603 -0.00596749 0.00401389 -5.23829e-05 -0.00985849 0.00155752 -0.00401371 -0.00934365 0.00432965 0.000209569 -0.00256256 -0.0173056 0.000580324 0.000114104 0.00130413 -0.0348895 -0.0332321 -0.0110178 -0.00850858 -0.00288015 -0.00187395 -0.0101612 -6.65023e-05 0.00243674 -0.00852013
internal_weight=1.31579e+06 1.26844e+06 1.20039e+06 47348 982654 217737 88115 712647 129622 68052 81196 55815 32300 631451 270007 45474 12711 223615 166121 84148 34637 16834 55819 11241 44574 28518 37985 33307 66712 29212
internal_count=1315791 1268443 1200391 47348 982654 217737 88115 712647 129622 68052 81196 55815 32300 631451 270007 45474 12711 223615 166121 84148 34637 16834 55819 11241 44574 28518 37985 33307 66712 29212
cat_boundaries=0 1 2 3 4 5 6 7
cat_threshold=96 3 16 11 64 64 64
is_linear=0
shrinkage=0.05


Tree=3
num_leaves=31
num_cat=8
split_feature=7 7 1 7 6 1 7 1 1 7 6 6 1 6 7 6 5 1 6 2 3 6 7 7 7 6 6 1 3 1
split_gain=16835.5 3405.55 2062.8 1109.48 734.52 603.525 230.684 212.704 175.665 172.825 113.8 112.827 86.2797 83.3513 83.0294 69.2094 65.0281 48.9369 47.3319 43.3155 73.9875 40.4757 39.6708 38.3008 35.0918 33.5325 32.146 31.9598 43.111 26.6294
threshold=0.024630190825150434 0.038579431872486268 0 0.052294649958558363 12.44545660439722 1 0.078034230429874021 2 3 0.077032174627853778 11.990580988694822 13.579335906955114 4 11.79893450632702 0.076536027880184682 12.787964887779809 5.5000000000000009 5 12.429177195939355 20.500000000000004 3.5000000000000004 12.706467557417165 0.04696943842221267 0.048049715389804147 0.034521400803542678 13.555326589883849 11.583360624843122 6 5.5000000000000009 7
decision_type=2 2 1 2 2 1 2 1 1 2 2 2 1 2 2 2 2 1 2 2 2 2 2 2 2 2 2 1 2 1
left_child=5 8 4 16 6 19 13 11 -2 15 26 -5 24 -3 -9 -6 17 25 -7 20 -1 29 -18 -19 -10 -4 -8 28 -12 -11
right_child=1 2 3 7 9 18 10 14 12 21 27 -13 -14 -15 -16 -17 22 23 -20 -21 -22 -23 -24 -25 -26 -27 -28 -29 -30 -31
leaf_value=-0.00081024570612237424 -0.0012548809979235171 -0.0012193309198133646 -0.0013980527071272789 -0.0012193309198133646 -0.0012193309198133646 -0.0012193309198133646 -0.0012193309198133646 0.00048131288439307008 -0.00040934398328416942 0.0011509513553227717 -0.0012193309198133646 0.00070734553524551616 -0.0012193309198133646 -0.0012193309198133646 0.0014624320245655697 -0.0012193309198133646 -9.5554949945303978e-05 3.1874668833836547e-05 -0.0012193309198133646 -0.00062913002690632687 -0.00060558398360068216 0.0011764165440841863 7.012805679898025e-05 0.00023303563229194816 -0.0013089456953998822 -0.0013657036133377948 -0.0012193309198133646 -0.0012193309198133646 -0.0012193309198133646 -0.0012193309198133646
leaf_weight=9531 8908 3088 2092 14370 23297 2860 2620 238482 50220 20414 24274 66112 8950 29212 388631 22751 59211 129880 4673 17803 7277 50492 28670 45092 5178 10114 8621 16056 4244 12668
leaf_count=9531 8908 3088 2092 14370 23297 2860 2620 238482 50220 20414 24274 66112 8950 29212 388631 22751 59211 129880 4673 17803 7277 50492 28670 45092 5178 10114 8621 16056 4244 12668
internal_value=0.000299064 0.00132787 0.00196657 0.00294223 -0.00243661 -0.0307928 -0.00595897 0.00398975 -0.00913809 -4.23537e-05 -0.00401281 0.00156922 -0.0100486 -0.00932198 0.0043003 -0.00250195 0.000247565 0.000774343 -0.0178821 -0.0335879 -0.0317771 0.00131285 -0.000874421 0.000987873 -0.0093075 -0.00228553 -0.00850858 -0.00287903 -0.0018722 -4.65508e-05
internal_weight=1.31579e+06 1.27365e+06 1.20039e+06 982654 217737 42144 88115 707595 73256 129622 55815 80482 64348 32300 627113 46048 275059 187178 7533 34611 16808 83574 87881 174972 55398 12206 11241 44574 28518 33082
internal_count=1315791 1273647 1200391 982654 217737 42144 88115 707595 73256 129622 55815 80482 64348 32300 627113 46048 275059 187178 7533 34611 16808 83574 87881 174972 55398 12206 11241 44574 28518 33082
cat_boundaries=0 1 2 3 4 5 6 7 8
cat_threshold=96 3 16 8 21 16 64 64
is_linear=0
shrinkage=0.05


Tree=4
num_leaves=31
num_cat=8
split_feature=7 7 1 7 1 6 7 1 7 7 6 6 1 7 6 6 6 7 5 2 3 1 1 6 6 1 3 6 3 1
split_gain=15595.6 2588.75 2032.98 1009.33 980.342 731.49 222.953 203.673 182.711 161.073 113.846 109.227 107.583 85.4477 83.4999 82.4975 67.8439 60.2668 54.3426 50.5949 71.8086 48.4403 42.9982 39.9785 32.146 32.0001 42.9252 29.331 27.5219 26.6294
threshold=0.026788622941679611 0.039807080262756707 0 0.052769854371802073 1 12.44545660439722 0.078034230429874021 2 0.034521400803542678 0.077032174627853778 11.990580988694822 13.579335906955114 3 0.076536027880184682 11.79893450632702 12.534185035610735 12.787964887779809 0.048395305166077367 5.5000000000000009 20.500000000000004 3.5000000000000004 4 5 12.706467557417165 11.583360624843122 6 5.5000000000000009 13.652693937087976 4.5000000000000009 7
decision_type=2 2 1 2 1 2 2 1 2 2 2 2 1 2 2 2 2 2 2 2 2 1 1 2 2 1 2 2 2 1
left_child=4 8 5 17 19 6 14 11 21 16 24 -5 -10 -9 -3 -6 -7 18 -4 20 -1 -2 27 29 -8 26 -12 -19 -21 -11
right_child=1 2 3 7 15 9 10 13 12 23 25 -13 -14 -15 -16 -17 -18 22 -20 28 -22 -23 -24 -25 -26 -27 -28 -29 -30 -31
leaf_value=-0.00076996106332041087 -0.0011583643738226964 -0.0011583643738226964 2.9432569486427656e-05 -0.0011583643738226964 -0.0011583643738226964 -0.0011583643738226964 -0.0011583643738226964 0.0004692835467835951 -0.0011583643738226964 0.0010934037875566331 -0.0011583643738226964 0.00069172178358583984 -0.00054667261360764614 0.0013893104233372912 -0.0011583643738226964 -0.0011583643738226964 -0.0011583643738226964 -0.0013281500717709149 -7.9580841636981198e-05 -0.00058105425541803482 -0.00057415263990078479 -0.00035279520020166009 0.00019883245752297997 0.0011175957168799769 -0.0011583643738226964 -0.0011583643738226964 -0.0011583643738226964 -1.5408070258542852e-05 -0.00063749474732678743 -0.0011583643738226964
leaf_weight=9548 4172 3063 132470 14183 4260 22829 2620 229929 3994 20414 24274 65033 22247 388631 28802 8451 22580 2247 62609 12642 7286 47848 69516 50492 8621 16056 4244 8901 5161 12668
leaf_count=9548 4172 3063 132470 14183 4260 22829 2620 229929 3994 20414 24274 65033 22247 388631 28802 8451 22580 2247 62609 12642 7286 47848 69516 50492 8621 16056 4244 8901 5161 12668
internal_value=0.000356216 0.00140792 0.00198714 0.002962 -0.0278187 -0.00239317 -0.00591697 0.0039741 -0.00740081 2.05472e-06 -0.00401191 0.00158635 -0.00399928 0.00427979 -0.00925388 -0.0158985 -0.00239501 0.000400971 -7.43543e-05 -0.0321793 -0.0302234 -0.00911669 0.00155051 0.00130447 -0.00850858 -0.00287791 -0.00187044 -0.00133178 -0.0340468 -4.65508e-05
internal_weight=1.31579e+06 1.26844e+06 1.19018e+06 973519 47348 216663 87680 697776 78261 128983 55815 79216 26241 618560 31865 12711 45409 275743 195079 34637 16834 52020 80664 83574 11241 44574 28518 11148 17803 33082
internal_count=1315791 1268443 1190182 973519 47348 216663 87680 697776 78261 128983 55815 79216 26241 618560 31865 12711 45409 275743 195079 34637 16834 52020 80664 83574 11241 44574 28518 11148 17803 33082
cat_boundaries=0 1 2 3 4 5 6 7 8
cat_threshold=96 3 16 64 96 16 64 64
is_linear=0
shrinkage=0.05


Tree=5
num_leaves=31
num_cat=8
split_feature=7 7 1 7 6 1 7 1 1 7 1 6 6 7 6 7 6 2 3 7 6 5 1 6 6 1 3 6 3 1
split_gain=14298.6 2661.08 2005.77 1025.27 732.83 459.099 225.919 195.064 173.79 162.49 122.338 113.846 107.719 87.7401 83.2976 70.18 69.4531 61.102 64.9327 60.8472 58.5928 49.86 46.4856 40.124 32.146 32.0001 42.9252 29.7839 29.4777 29.308
threshold=0.024630190825150434 0.039287600333278487 0 0.053246242644966579 12.44545660439722 1 0.078034230429874021 2 3 0.076536027880184682 4 11.990580988694822 13.579335906955114 0.076536027880184682 11.79893450632702 0.048395305166077367 12.787964887779809 20.500000000000004 3.5000000000000004 0.034521400803542678 12.429177195939355 5.5000000000000009 5 12.706467557417165 11.583360624843122 6 5.5000000000000009 13.652693937087976 4.5000000000000009 7
decision_type=2 2 1 2 2 1 2 1 1 2 1 2 2 2 2 2 2 2 2 2 2 2 1 2 2 1 2 2 2 1
left_child=5 8 4 15 6 17 14 12 -2 16 -10 24 -5 -9 -3 21 -6 18 -1 -12 -7 29 27 -11 -8 26 -13 -17 -19 -4
right_child=1 2 3 7 9 20 11 13 10 23 19 25 -14 -15 -16 22 -18 28 -20 -21 -22 -23 -24 -25 -26 -27 -28 -29 -30 -31
leaf_value=-0.00073123536765023502 -0.00042492505228943031 -0.0011004461551315616 -0.0012988900611452265 -0.0011004461551315616 -0.0011004461551315616 -0.0011004461551315616 -0.0011004461551315616 0.00045949234204360566 -0.0011004461551315616 -0.0011004461551315616 -0.00037079746725386892 -0.0011004461551315616 0.00067762283387166737 0.0013198449021704266 -0.0011004461551315616 -0.0012617425681823689 -0.0011004461551315616 -0.00055200154264713306 -0.00054659715242560871 -0.0012161647799495056 -0.0011004461551315616 -7.7391471852350003e-05 0.00019393570705285271 0.001056688155733629 -0.0011004461551315616 -0.0011004461551315616 -0.0011004461551315616 -1.5857542827520368e-05 -0.00060562000996044812 3.3612530399010183e-05
leaf_weight=9531 11202 3071 5166 14002 22750 2860 2620 221448 9506 33307 50246 24274 63857 388631 28956 2467 22383 12642 7277 7616 4673 64144 77997 50841 8621 16056 4244 10038 5161 130204
leaf_count=9531 11202 3071 5166 14002 22750 2860 2620 221448 9506 33307 50246 24274 63857 388631 28956 2467 22383 12642 7277 7616 4673 64144 77997 50841 8621 16056 4244 10038 5161 130204
internal_value=0.000404514 0.00135264 0.00193865 0.00290381 -0.00240859 -0.0282491 -0.0059327 0.00395499 -0.00756077 -1.42711e-05 -0.00851925 -0.00401191 0.00159749 0.00425576 -0.00928014 0.000410426 -0.00243469 -0.0306879 -0.0285346 -0.00765206 -0.0169806 -0.000113425 0.00156527 0.00128393 -0.00850858 -0.00287791 -0.00187044 -0.00126448 -0.032738 0.000430672
internal_weight=1.31579e+06 1.27365e+06 1.19508e+06 977954 217123 42144 87842 687938 78570 129281 67368 55815 77859 610079 32027 290016 45133 34611 16808 57862 7533 199514 90502 84148 11241 44574 28518 12505 17803 135370
internal_count=1315791 1273647 1195077 977954 217123 42144 87842 687938 78570 129281 67368 55815 77859 610079 32027 290016 45133 34611 16808 57862 7533 199514 90502 84148 11241 44574 28518 12505 17803 135370
cat_boundaries=0 1 2 3 4 5 6 7 8
cat_threshold=96 3 16 8 96 16 64 16
is_linear=0
shrinkage=0.05


Tree=6
num_leaves=31
num_cat=7
split_feature=7 7 1 7 6 1 7 1 7 1 6 7 6 6 6 7 2 1 7 6 3 1 5 6 6 6 1 3 6 3
split_gain=13054.8 2364.2 2003.14 1073.83 744.183 374.633 238.939 171.9 168.176 147.555 113.846 113.585 98.7299 83.282 74.2402 71.6377 71.5095 69.774 63.3896 62.5342 56.2205 49.4269 43.8128 39.7889 39.2801 32.146 32.0001 42.9252 31.5699 31.3372
threshold=0.024630190825150434 0.037634030996358557 0 0.055735845590990436 12.44545660439722 1 0.078034230429874021 2 0.076536027880184682 3 11.990580988694822 0.048395305166077367 13.638640315673452 11.79893450632702 12.787964887779809 0.034521400803542678 20.500000000000004 4 0.078034230429874021 12.429177195939355 3.5000000000000004 5 5.5000000000000009 13.652693937087976 12.706467557417165 11.583360624843122 6 5.5000000000000009 13.524332381254892 4.5000000000000009
decision_type=2 2 1 2 2 1 2 1 2 1 2 2 2 2 2 2 2 1 2 2 2 1 2 2 2 2 1 2 2 2
left_child=5 9 4 11 6 16 13 12 14 15 25 21 -5 -3 -6 -2 20 23 -9 -7 -1 28 -23 -13 -10 -8 27 -12 -4 -18
right_child=1 2 3 7 8 19 10 18 24 -11 26 17 -14 -15 -16 -17 29 -19 -20 -21 -22 22 -24 -25 -26 -27 -28 -29 -30 -31
leaf_value=-0.00069467359926772337 -0.00036018942232298937 -0.0010454238473749835 -0.0012646771971879748 -0.0010454238473749835 -0.0010454238473749835 -0.0010454238473749835 -0.0010454238473749835 0.0005265811780066857 -0.0010454238473749835 -0.0010454238473749835 -0.0010454238473749835 -0.0011986554397732507 0.00072747759748865146 -0.0010454238473749835 -0.0010454238473749835 -0.0011435570647324873 -0.00052440146551477643 0.00019369242869132395 0.0012691622764759982 -0.0010454238473749835 -0.00051926729480432821 2.9765115438241144e-05 -6.4870396443052927e-05 -3.0767183714893916e-05 0.0010038537479469475 -0.0010454238473749835 -0.0010454238473749835 -0.0010454238473749835 -0.0012092765629930476 -0.00057533900946242576
leaf_weight=9531 51235 3109 1797 15901 23282 2860 2620 189772 33307 8152 24274 3235 57460 29627 22543 8372 12642 116966 381338 4673 7277 135426 64487 13768 50841 8621 16056 4244 7214 5161
leaf_count=9531 51235 3109 1797 15901 23282 2860 2620 189772 33307 8152 24274 3235 57460 29627 22543 8372 12642 116966 381338 4673 7277 135426 64487 13768 50841 8621 16056 4244 7214 5161
internal_value=0.000449201 0.00135515 0.0018658 0.00282448 -0.00246589 -0.0269298 -0.006001 0.00402726 -5.75887e-05 -0.00773263 -0.00401191 0.000563922 0.00174803 -0.00939241 -0.00249482 -0.00686574 -0.0291339 0.00170036 0.00431993 -0.016742 -0.0268033 -0.000164797 -1.42536e-06 -0.00129225 0.00126967 -0.00850858 -0.00287791 -0.00187044 -0.00378506 -0.0313506
internal_weight=1.31579e+06 1.27365e+06 1.20589e+06 987364 218524 42144 88551 644471 129973 67759 55815 342893 73361 32736 45825 59607 34611 133969 571110 7533 16808 208924 199913 17003 84148 11241 44574 28518 9011 17803
internal_count=1315791 1273647 1205888 987364 218524 42144 88551 644471 129973 67759 55815 342893 73361 32736 45825 59607 34611 133969 571110 7533 16808 208924 199913 17003 84148 11241 44574 28518 9011 17803
cat_boundaries=0 1 2 3 4 5 6 7
cat_threshold=96 3 16 29 16 16 64
is_linear=0
shrinkage=0.05


Tree=7
num_leaves=31
num_cat=8
split_feature=7 1 7 6 7 1 7 7 7 6 6 7 1 1 6 2 6 6 6 1 2 3 6 6 5 3 6 1 1 1
split_gain=11905.6 1903.05 1993.34 771.43 720.806 616.469 283.774 269.928 247.942 106.785 106.358 104.946 100.85 98.0731 85.9488 83.0547 71.8099 68.2669 63.6171 62.4267 49.6306 47.9423 46.5283 45.5285 39.5186 32.9532 32.146 31.8059 29.1138 26.9698
threshold=0.026788622941679611 0 0.049977756527417504 12.413077667390478 0.034521400803542678 1 0.078034230429874021 0.066162824367806392 0.076536027880184682 11.990580988694822 12.534185035610735 0.04193713626836687 2 3 11.79893450632702 20.500000000000004 12.801065229762154 13.652693937087976 13.613560210754461 4 9.5000000000000018 3.5000000000000004 13.555326589883849 12.706467557417165 5.5000000000000009 4.5000000000000009 11.583360624843122 5 6 7
decision_type=2 1 2 2 2 1 2 2 2 2 2 2 1 1 2 2 2 2 2 1 2 2 2 2 2 2 2 1 1 1
left_child=5 3 4 6 -3 10 14 13 11 26 -1 -5 18 17 -2 21 -13 -4 -9 22 -16 -7 -6 27 -21 -17 -8 -10 -22 -11
right_child=1 2 7 8 19 15 9 12 23 29 -12 16 -14 -15 20 25 -18 -19 -20 24 28 -23 -24 -25 -26 -27 -28 -29 -30 -31
leaf_value=-0.00099315265500623433 -0.00099315265500623433 -0.00029860609571273411 -0.00099315265500623433 -0.00099315265500623433 -0.0012014433373285763 -0.00068198547516007131 -0.00099315265500623433 -0.00099315265500623433 0.0011310109470220784 -0.00099315265500623433 -0.00099315265500623433 -0.00099315265500623433 0.0010176781749703413 0.00026600502293017131 -0.00099315265500623433 -0.00049818139223903758 -0.00099315265500623433 0.00017917115713797182 0.00089050904506189881 3.4092907677510076e-05 -0.00099315265500623433 -0.00049894660601690019 -0.0010981786877154061 0.00095366106054960023 -5.5713847487672454e-05 -0.00054657205898930449 -0.00099315265500623433 -0.00099315265500623433 -0.00099315265500623433 -0.00099315265500623433
leaf_weight=4185 3466 47848 6320 6000 2809 9594 2620 11571 22905 26179 8451 24276 484971 180869 4087 12642 20924 25887 43248 154910 13861 7315 11287 50841 73885 5161 8621 13908 12191 14959
leaf_count=4185 3466 47848 6320 6000 2809 9594 2620 11571 22905 26179 8451 24276 484971 180869 4087 12642 20924 25887 43248 154910 13861 7315 11287 50841 73885 5161 8621 13908 12191 14959
internal_value=0.000484921 0.00140382 0.00230274 -0.00276858 -0.00121365 -0.0241322 -0.00649051 0.00366072 -0.000464012 -0.00418975 -0.0146347 -0.00322852 0.00425554 0.00215383 -0.0100766 -0.0275773 -0.00240376 -0.000388459 0.00222136 -0.00010867 -0.00921912 -0.0250757 -0.00333688 0.00115077 9.0361e-05 -0.0299688 -0.00850858 -0.000188384 -0.00841548 -0.00300963
internal_weight=1.31579e+06 1.26844e+06 1.0436e+06 224838 290739 47348 85984 752866 138854 52379 12636 51200 539790 213076 33605 34712 45200 32207 54819 242891 30139 16909 14096 87654 228795 17803 11241 36813 26052 41138
internal_count=1315791 1268443 1043605 224838 290739 47348 85984 752866 138854 52379 12636 51200 539790 213076 33605 34712 45200 32207 54819 242891 30139 16909 14096 87654 228795 17803 11241 36813 26052 41138
cat_boundaries=0 1 2 3 4 5 6 7 8
cat_threshold=96 60 16 16 16 64 64 64
is_linear=0
shrinkage=0.05


Tree=8
num_leaves=31
num_cat=8
split_feature=7 1 7 6 7 1 7 7 7 6 1 6 7 6 2 6 6 1 2 7 6 3 1 3 6 1 7 1 1 3
split_gain=10787.2 1891.19 1882.29 770.062 650.537 503.083 283.344 244.68 239.746 114.779 108.536 106.785 102.917 96.3698 95.5973 85.7193 72.1657 61.9326 49.2217 45.9266 44.564 41.6952 34.4304 33.2876 32.146 31.8059 29.6898 29.1138 26.9698 39.496
threshold=0.026788622941679611 0 0.051322440910878987 12.413077667390478 0.034521400803542678 1 0.078034230429874021 0.076536027880184682 0.079844418236537679 12.550115261411239 2 11.990580988694822 0.04193713626836687 13.579335906955114 20.500000000000004 11.79893450632702 12.801065229762154 3 9.5000000000000018 0.061649426708659048 12.706467557417165 3.5000000000000004 4 4.5000000000000009 11.583360624843122 5 0.044671704063120592 6 7 5.5000000000000009
decision_type=2 1 2 2 2 1 2 2 2 2 1 2 2 2 2 2 2 1 2 2 2 2 1 2 2 1 2 1 1 2
left_child=5 3 4 6 -3 9 15 12 10 -1 13 24 -5 -4 21 -2 -14 26 -17 -12 25 -7 -10 -16 -8 -9 -6 -20 29 -13
right_child=1 2 8 7 17 14 11 20 22 -11 19 28 16 -15 23 18 -18 -19 27 -21 -22 -23 -24 -25 -26 -27 -28 -29 -30 -31
leaf_value=-0.00094349502225592261 -0.00094349502225592261 -0.00028367579092709747 -0.00094349502225592261 -0.00094349502225592261 -9.0157672031860219e-06 -0.00064788620140206774 -0.00094349502225592261 0.0010744603996709744 0.0012283247378082108 -0.00094349502225592261 0.00022619784243128562 -0.00094349502225592261 -0.00094349502225592261 0.00038409436596194594 -0.00047327232262708575 -0.00094349502225592261 -0.00094349502225592261 -0.00024837421953258551 -0.00094349502225592261 0.00057446281413440635 0.00090597800752212007 -0.00047399927571605514 0.0011762459397428567 -0.00051924345603983921 -0.00094349502225592261 -0.00094349502225592261 8.0911591009261833e-05 -0.00094349502225592261 -0.00094349502225592261 -0.00094349502225592261
leaf_weight=4304 3466 47848 9423 6000 118695 9594 2620 22905 25776 8332 123225 22280 24276 48101 12642 4087 20924 47477 13861 151252 50841 7315 369519 5161 8621 13908 102289 12191 14959 3899
leaf_count=4304 3466 47848 9423 6000 118695 9594 2620 22905 25776 8332 123225 22280 24276 48101 12642 4087 20924 47477 13861 151252 50841 7315 369519 5161 8621 13908 102289 12191 14959 3899
internal_value=0.000514561 0.00138923 0.00228535 -0.00277014 -0.000934545 -0.0229178 -0.00648877 -0.000467613 0.00368575 -0.0143342 0.00269519 -0.00418975 -0.00321387 0.000719922 -0.0260308 -0.0100722 -0.00239712 2.27409e-05 -0.0092158 0.00310902 0.00113651 -0.0233459 0.0045177 -0.0285955 -0.00850858 -0.000188384 0.000374761 -0.00841548 -0.00300963 -0.00203921
internal_weight=1.31579e+06 1.26844e+06 1.0436e+06 224838 316309 47348 85984 138854 727296 12636 332001 52379 51200 57524 34712 33605 45200 268461 30139 274477 87654 16909 395295 17803 11241 36813 220984 26052 41138 26179
internal_count=1315791 1268443 1043605 224838 316309 47348 85984 138854 727296 12636 332001 52379 51200 57524 34712 33605 45200 268461 30139 274477 87654 16909 395295 17803 11241 36813 220984 26052 41138 26179
cat_boundaries=0 1 2 3 4 5 6 7 8
cat_threshold=96 60 16 11 16 64 64 64
is_linear=0
shrinkage=0.05


Tree=9
num_leaves=31
num_cat=7
split_feature=7 1 7 6 1 7 7 7 7 2 6 1 6 6 6 1 6 7 3 7 6 2 7 3 5 1 6 1 1 7
split_gain=9768.99 1859.43 1686.35 781.048 681.126 500.84 276.596 220.13 217.862 181.12 106.785 97.3394 89.0661 84.998 77.6616 64.2094 67.5471 52.2409 48.5569 45.7418 43.5863 43.3131 38.4836 33.8042 33.7639 33.1895 32.146 31.7485 29.1138 27.5573
threshold=0.028165668868557519 0 0.052294649958558363 12.413077667390478 1 0.034521400803542678 0.078034230429874021 0.079844418236537679 0.076536027880184682 20.500000000000004 11.990580988694822 2 13.579335906955114 11.79893450632702 12.787964887779809 3 13.555326589883849 0.04696943842221267 3.5000000000000004 0.036427205497572696 12.698342927798235 9.5000000000000018 0.061649426708659048 4.5000000000000009 5.5000000000000009 4 11.583360624843122 5 6 0.046314219883237036
decision_type=2 1 2 2 1 2 2 2 2 2 2 1 2 2 2 1 2 2 2 2 2 2 2 2 2 1 2 1 1 2
left_child=4 3 5 6 -1 -3 13 11 14 18 26 12 -4 -2 29 16 -7 24 -6 -16 27 -15 -13 -11 -17 -9 -8 -10 -23 -5
right_child=1 2 7 8 9 15 10 25 20 23 -12 22 -14 21 19 17 -18 -19 -20 -21 -22 28 -24 -25 -26 -27 -28 -29 -30 -31
leaf_value=-0.0010075637736160707 -0.00089632027114312654 -0.00023896904170450946 -0.00089632027114312654 -0.00089632027114312654 -0.00089632027114312654 -0.0011289524594855181 -0.00089632027114312654 0.0011669085009178002 0.00101905365355127 -0.00044960870649573149 -0.00089632027114312654 0.00022251514631160013 0.00038593649104044211 -0.00089632027114312654 -0.00089632027114312654 1.960248410211402e-05 -0.0010308510423530065 0.00013248317491800066 -0.00089632027114312654 -0.00089632027114312654 0.00086163057779114691 -0.00089632027114312654 0.00054573967342768617 -0.00049328128323784717 -6.5522772774268337e-05 0.0011174336427557136 -0.00089632027114312654 -0.00089632027114312654 -0.00089632027114312654 -0.00089632027114312654
leaf_weight=10408 3435 43740 8995 4029 13655 3683 2620 25776 22453 12642 41138 106342 45711 3972 1211 127381 16957 79330 10625 22595 51568 13861 151252 5161 60811 369519 8621 13633 12191 22476
leaf_count=10408 3435 43740 8995 4029 13655 3683 2620 25776 22453 12642 41138 106342 45711 3972 1211 127381 16957 79330 10625 22595 51568 13861 151252 5161 60811 369519 8621 13633 12191 22476
internal_value=0.000542529 0.00142072 0.00231079 -0.00271336 -0.020593 -0.000629674 -0.00645821 0.00369007 -0.000383612 -0.0234252 -0.00418975 0.00269789 0.000781856 -0.0100094 -0.0030062 0.000127047 -0.00255932 0.00033439 -0.0206219 -0.000933378 0.00112168 -0.00915701 0.00310465 -0.0272614 -0.00011924 0.00447394 -0.00850858 -0.000211162 -0.00841548 -0.00486795
internal_weight=1.31579e+06 1.2633e+06 1.0395e+06 223803 52491 331902 85838 707595 137965 42083 52379 312300 54706 33459 50311 288162 20640 267522 24280 23806 87654 30024 257594 17803 188192 395295 11241 36086 26052 26505
internal_count=1315791 1263300 1039497 223803 52491 331902 85838 707595 137965 42083 52379 312300 54706 33459 50311 288162 20640 267522 24280 23806 87654 30024 257594 17803 188192 395295 11241 36086 26052 26505
cat_boundaries=0 1 2 3 4 5 6 7
cat_threshold=96 28 16 16 16 64 64
is_linear=0
shrinkage=0.05


Tree=10
num_leaves=31
num_cat=8
split_feature=7 1 7 6 7 2 7 7 7 1 6 7 1 6 6 6 1 6 2 7 3 6 7 3 1 6 1 5 1 1
split_gain=8530.8 1871.89 1682.87 765.294 498.944 361.394 282.914 239.086 225.749 187.57 106.785 100.357 93.4921 87.8531 85.8221 72.1895 59.9493 69.1236 48.6114 48.3662 43.0867 42.3428 38.448 33.7482 32.2962 32.146 31.7023 30.7508 29.1138 27.8563
threshold=0.026788622941679611 0 0.052294649958558363 12.413077667390478 0.034521400803542678 20.500000000000004 0.078034230429874021 0.076536027880184682 0.079844418236537679 1 11.990580988694822 0.04193713626836687 2 13.579335906955114 11.79893450632702 12.801065229762154 3 13.555326589883849 9.5000000000000018 0.04696943842221267 2.5000000000000004 12.698342927798235 0.061649426708659048 4.5000000000000009 4 11.583360624843122 5 5.5000000000000009 6 7
decision_type=2 1 2 2 2 2 2 2 2 1 2 2 1 2 2 2 1 2 2 2 2 2 2 2 1 2 1 2 1 1
left_child=5 3 4 6 29 9 14 11 12 -1 25 -5 13 -4 -2 -13 17 -6 -16 27 -11 26 -14 -7 -10 -8 -9 -18 -20 -3
right_child=1 2 8 7 16 23 10 21 24 20 -12 15 22 -15 18 -17 19 -19 28 -21 -22 -23 -24 -25 -26 -27 -28 -29 -30 -31
leaf_value=-0.00095718558493526704 -0.00085150425758597013 -0.00012898844103139244 -0.00085150425758597013 -0.00085150425758597013 -0.0010725048365112422 -0.0004275449422990241 -0.00085150425758597013 0.00096810097087370647 0.00110856307587191 -0.00085150425758597013 -0.00085150425758597013 -0.00085150425758597013 0.00021138938899602005 0.00036663966648842005 -0.00085150425758597013 -0.00085150425758597013 1.8622359897008366e-05 -0.00097930849023535613 -0.00085150425758597013 0.00012585901617210069 -0.00085150425758597013 0.00081854904890158939 0.00051845268975630185 -0.00046857226413460823 0.001061561960617928 -0.00085150425758597013 -0.00085150425758597013 -6.2246634135555007e-05 -0.00085150425758597013 -0.0010651823331474352
leaf_weight=6297 3466 18546 8995 6000 3683 12657 2620 22453 25776 9761 41138 24276 106342 45711 4087 20924 127381 16957 13861 79330 13466 51568 151252 5167 369519 8621 13633 60811 12191 29302
leaf_count=6297 3466 18546 8995 6000 3683 12657 2620 22453 25776 9761 41138 24276 106342 45711 4087 20924 127381 16957 13861 79330 13466 51568 151252 5167 369519 8621 13633 60811 12191 29302
internal_value=0.000580339 0.00135817 0.0022497 -0.00277992 -0.000663968 -0.0202577 -0.00648702 -0.000484538 0.00363333 -0.0168636 -0.00418975 -0.00319922 0.00262856 0.000750786 -0.0100677 -0.0023927 0.000121147 -0.00247458 -0.00921082 0.000321494 -0.0189403 0.00110115 0.0030272 -0.0258797 0.00442714 -0.00850858 -0.000212548 -0.000114989 -0.00841548 -0.00539228
internal_weight=1.31579e+06 1.26844e+06 1.0436e+06 224838 336010 47348 85984 138854 707595 29524 52379 51200 312300 54706 33605 45200 288162 20640 30139 267522 23227 87654 257594 17824 395295 11241 36086 188192 26052 47848
internal_count=1315791 1268443 1043605 224838 336010 47348 85984 138854 707595 29524 52379 51200 312300 54706 33605 45200 288162 20640 30139 267522 23227 87654 257594 17824 395295 11241 36086 188192 26052 47848
cat_boundaries=0 1 2 3 4 5 6 7 8
cat_threshold=96 20 16 16 16 64 64 9
is_linear=0
shrinkage=0.05


Tree=11
num_leaves=31
num_cat=7
split_feature=7 1 7 6 7 2 7 7 1 1 6 7 7 6 6 6 7 1 6 6 2 1 6 6 3 3 6 1 1 5
split_gain=7447.54 1874.16 1543.38 762.633 418.819 371.357 282.914 235.881 143.186 135.709 106.785 98.968 88.8615 85.8221 83.2427 72.2013 72.1226 67.0811 55.815 48.9356 48.6114 42.5223 41.1691 38.6046 34.9516 32.2476 32.146 31.6099 29.1138 29.0808
threshold=0.026788622941679611 0 0.057924780312054024 12.413077667390478 0.036427205497572696 20.500000000000004 0.078034230429874021 0.076536027880184682 1 2 11.990580988694822 0.04193713626836687 0.048395305166077367 11.79893450632702 13.579335906955114 12.801065229762154 0.087953586857695942 3 12.429177195939355 13.652693937087976 9.5000000000000018 4 12.698342927798235 13.524332381254892 2.5000000000000004 5.5000000000000009 11.583360624843122 5 6 5.5000000000000009
decision_type=2 1 2 2 2 2 2 2 1 1 2 2 2 2 2 2 2 1 2 2 2 1 2 2 2 2 2 1 1 2
left_child=5 3 4 6 -3 9 13 11 14 -1 26 -5 21 -2 -4 -13 -10 19 -11 -14 -15 23 27 -6 -20 -7 -8 -9 -22 -23
right_child=1 2 8 7 12 25 10 22 16 18 -12 15 17 20 -16 -17 -18 -19 24 -21 28 29 -24 -25 -26 -27 -28 -29 -30 -31
leaf_value=-0.00090932630568850382 -0.00080892904470667164 -0.00023315155536152716 -0.00080892904470667164 -0.00080892904470667164 -0.0010188795946856801 -0.00040813960236452639 -0.00080892904470667164 0.00091969592233002116 0.00051146185558214197 -0.00080892904470667164 -0.00080892904470667164 -0.00080892904470667164 -0.00095615892514169212 -0.00080892904470667164 0.00061454008567219266 -0.00080892904470667164 0.0011657917675172301 0.00015485096221169329 -0.00080892904470667164 -4.1036858568025206e-05 -0.00080892904470667164 2.4343218957519996e-05 0.00077762159645650977 -0.0009768408487917915 -0.00080892904470667164 -0.00046570500918187885 -0.00080892904470667164 -0.00080892904470667164 -0.00080892904470667164 -5.4666192511830351e-05
leaf_weight=6297 3466 52027 12844 6000 1949 15181 2620 22453 263223 2985 41138 24276 3751 4087 58704 20924 287237 137616 8539 15065 13861 137600 51568 7906 11703 2643 8621 13633 12191 65683
leaf_count=6297 3466 52027 12844 6000 1949 15181 2620 22453 263223 2985 41138 24276 3751 4087 58704 20924 287237 137616 8539 15065 13861 137600 51568 7906 11703 2643 8621 13633 12191 65683
internal_value=0.000627459 0.00135423 0.0022463 -0.00278637 -8.92201e-05 -0.0188426 -0.00648702 -0.00049498 0.00382936 -0.015402 -0.00418975 -0.00319141 0.00050207 -0.0100677 0.00172434 -0.00239049 0.00410286 0.00140707 -0.0171694 -0.00139275 -0.00921082 -0.000162148 0.00108004 -0.00336797 -0.0162355 -0.0245416 -0.00850858 -0.000215319 -0.00841548 -6.56669e-06
internal_weight=1.31579e+06 1.26844e+06 1.0436e+06 224838 421597 47348 85984 138854 622008 29524 52379 51200 369570 33605 71548 45200 550460 156432 23227 18816 30139 213138 87654 9855 20242 17824 11241 36086 26052 203283
internal_count=1315791 1268443 1043605 224838 421597 47348 85984 138854 622008 29524 52379 51200 369570 33605 71548 45200 550460 156432 23227 18816 30139 213138 87654 9855 20242 17824 11241 36086 26052 203283
cat_boundaries=0 1 2 3 4 5 6 7
cat_threshold=96 16 20 16 16 64 64
is_linear=0
shrinkage=0.05


Tree=12
num_leaves=31
num_cat=7
split_feature=7 1 7 6 1 7 7 7 1 7 6 6 6 6 7 1 7 6 7 2 7 7 6 6 1 1 7 1 3 3
split_gain=6498.84 1831.2 1427.73 770.831 531.152 311.897 276.596 208.533 136.653 112.645 106.785 84.998 79.2782 78.7602 72.2599 65.1085 81.9396 78.1572 55.5072 43.3131 41.5152 41.3684 39.5791 32.146 31.4257 29.1138 27.2535 26.9698 39.496 25.9269
threshold=0.028165668868557519 0 0.058434729769309891 12.413077667390478 1 0.040583133770588982 0.078034230429874021 0.076536027880184682 2 0.024630190825150434 11.990580988694822 11.79893450632702 13.562934333415045 12.787964887779809 0.087953586857695942 3 0.048739663163306905 13.652693937087976 0.022916694985247104 9.5000000000000018 0.034521400803542678 0.036427205497572696 12.698342927798235 11.583360624843122 4 5 0.046314219883237036 6 5.5000000000000009 5.5000000000000009
decision_type=2 1 2 2 1 2 2 2 1 2 2 2 2 2 2 1 2 2 2 2 2 2 2 2 1 1 2 1 2 2
left_child=4 3 5 6 9 20 11 13 12 -1 23 -2 -4 26 -10 17 -17 -7 -6 -13 -3 -15 24 -8 -9 29 -5 28 -12 -21
right_child=1 2 8 7 18 15 10 22 14 -11 27 19 -14 21 -16 16 -18 -19 -20 25 -22 -23 -24 -25 -26 -27 -28 -29 -30 -31
leaf_value=-0.00075261648793113452 -0.00076848259247133807 -0.00018432095757013459 -0.00076848259247133807 -0.00076848259247133807 -0.00076848259247133807 -0.00096793561495139629 -0.00076848259247133807 0.00087371112621352021 0.00049107608772120347 -0.00091289888280337976 -0.00076848259247133807 -0.00076848259247133807 0.00058775028908460483 -0.00076848259247133807 0.0011075021791413686 8.5871951592557748e-06 0.00015194890495870596 -0.00012996277551302659 -0.00076848259247133807 -0.00076848259247133807 -0.00017994021825423293 -0.00076848259247133807 0.00073874051663368439 -0.00076848259247133807 -0.00076848259247133807 -0.00076848259247133807 -0.00076848259247133807 -0.00076848259247133807 -0.00076848259247133807 -0.00076848259247133807
leaf_weight=19739 3435 43740 11583 4029 20593 5897 2620 22453 259002 7503 22280 3972 59574 1211 287237 183699 137373 19672 4656 11825 31720 22595 51568 8621 13633 12191 22476 14959 3899 2036
leaf_count=19739 3435 43740 11583 4029 20593 5897 2620 22453 259002 7503 22280 3972 59574 1211 287237 183699 137373 19672 4656 11825 31720 22595 51568 8621 13633 12191 22476 14959 3899 2036
internal_value=0.000648359 0.00136464 0.00224793 -0.00273793 -0.0165904 6.88243e-06 -0.00645821 -0.000423477 0.00378012 -0.0117327 -0.00418975 -0.0100094 0.00171828 -0.00298931 0.0040486 0.000641024 0.000834398 -0.00178682 -0.0218182 -0.00915701 -0.00290618 -0.000901873 0.00104924 -0.00850858 -0.000220861 -0.00841548 -0.00486418 -0.00300963 -0.00203921 -0.00682683
internal_weight=1.31579e+06 1.2633e+06 1.0395e+06 223803 52491 422101 85838 137965 617396 27242 52379 33459 71157 50311 546239 346641 321072 25569 25249 30024 75460 23806 87654 11241 36086 26052 26505 41138 26179 13861
internal_count=1315791 1263300 1039497 223803 52491 422101 85838 137965 617396 27242 52379 33459 71157 50311 546239 346641 321072 25569 25249 30024 75460 23806 87654 11241 36086 26052 26505 41138 26179 13861
cat_boundaries=0 1 2 3 4 5 6 7
cat_threshold=96 30 16 16 64 64 64
is_linear=0
shrinkage=0.05


Tree=13
num_leaves=31
num_cat=7
split_feature=7 1 7 6 1 7 7 7 7 6 6 6 1 7 1 7 6 6 2 7 6 6 1 1 7 7 1 3 5 3
split_gain=5379.58 1808.59 1365.01 767.224 509.762 276.596 274.327 205.921 135.628 106.785 84.998 78.7687 74.5708 73.4107 73.2425 89.8118 85.0494 64.729 43.3131 41.009 38.1349 32.146 31.4257 29.1138 28.2354 27.1023 26.9698 39.496 26.5354 25.9269
threshold=0.028165668868557519 0 0.058434729769309891 12.413077667390478 1 0.078034230429874021 0.037634030996358557 0.076536027880184682 0.085291690123489292 11.990580988694822 11.79893450632702 12.787964887779809 2 0.024630190825150434 3 0.048739663163306905 13.652693937087976 13.562934333415045 9.5000000000000018 0.036427205497572696 12.698342927798235 11.583360624843122 4 5 0.022916694985247104 0.046314219883237036 6 5.5000000000000009 5.5000000000000009 5.5000000000000009
decision_type=2 1 2 2 1 2 2 2 2 2 2 2 1 2 1 2 2 2 2 2 2 2 1 1 2 2 1 2 2 2
left_child=4 3 6 5 13 10 -3 11 12 21 -2 25 17 -1 16 28 -8 -4 -12 -13 22 -7 -9 29 -6 -5 27 -11 -16 -20
right_child=1 2 8 7 24 9 14 20 -10 26 18 19 -14 -15 15 -17 -18 -19 23 -21 -22 -23 -24 -25 -26 -27 -28 -29 -30 -31
leaf_value=-0.00071498566353457777 -0.00073005846284777108 -0.00019533924567104058 -0.00073005846284777108 -0.00073005846284777108 -0.00073005846284777108 -0.00073005846284777108 -0.00091953883420382648 0.00083002556990284407 0.0010128505904796424 -0.00073005846284777108 -0.00073005846284777108 -0.00073005846284777108 0.00044800685098844695 -0.00086725393866321065 2.5293444777749719e-05 0.00014435145971077059 -0.00051980496472226866 0.00042905941912310842 -0.00073005846284777108 -0.00073005846284777108 0.00070180349080200025 -0.00073005846284777108 -0.00073005846284777108 -0.00073005846284777108 -0.00073005846284777108 -0.00073005846284777108 -0.00073005846284777108 -0.00073005846284777108 -4.8496987349092653e-05 -0.00073005846284777108
leaf_weight=19739 3435 52133 7842 4029 20593 2620 6373 22453 335343 22280 3972 1211 231291 7503 138407 137373 21845 42920 11825 22595 51568 8621 13633 12191 4656 22476 14959 3899 65970 2036
leaf_count=19739 3435 52133 7842 4029 20593 2620 6373 22453 335343 22280 3972 1211 231291 7503 138407 137373 21845 42920 11825 22595 51568 8621 13633 12191 4656 22476 14959 3899 65970 2036
internal_value=0.000678835 0.00133052 0.00220834 -0.00274665 -0.0150053 -0.00645821 1.70696e-05 -0.000437611 0.0037065 -0.00418975 -0.0100094 -0.00298732 0.00289844 -0.0102484 0.000495557 0.000697712 -0.00195232 0.00116225 -0.00915701 -0.000899773 0.00102585 -0.00850858 -0.000220861 -0.00841548 -0.0201257 -0.00486229 -0.00300963 -0.00203921 3.31986e-05 -0.00682683
internal_weight=1.31579e+06 1.2633e+06 1.0395e+06 223803 52491 85838 422101 137965 617396 52379 33459 50311 282053 27242 369968 341750 28218 50762 30024 23806 87654 11241 36086 26052 25249 26505 41138 26179 204377 13861
internal_count=1315791 1263300 1039497 223803 52491 85838 422101 137965 617396 52379 33459 50311 282053 27242 369968 341750 28218 50762 30024 23806 87654 11241 36086 26052 25249 26505 41138 26179 204377 13861
cat_boundaries=0 1 2 3 4 5 6 7
cat_threshold=96 30 16 16 64 64 64
is_linear=0
shrinkage=0.05


Tree=14
num_leaves=31
num_cat=7
split_feature=7 1 7 6 1 7 7 7 6 7 6 6 7 1 7 6 1 6 2 6 6 6 1 1 2 3 1 3 3 7
split_gain=4427.65 1781.27 1263.17 765.364 564.286 271.511 236.11 192.891 106.785 100.775 84.2065 83.7712 74.418 68.4885 68.3434 59.7469 54.012 51.3578 39.1324 36.9578 32.146 31.7298 31.1046 29.1138 28.7097 27.6306 26.9698 39.496 25.9269 25.6089
threshold=0.029154964549149176 0 0.062923896024368639 12.413077667390478 1 0.078034230429874021 0.040583133770588982 0.076536027880184682 11.990580988694822 0.085291690123489292 11.79893450632702 12.787964887779809 0.049066712573575526 2 0.024630190825150434 13.652693937087976 3 13.562934333415045 9.5000000000000018 12.698342927798235 11.583360624843122 12.429177195939355 4 5 20.500000000000004 4.5000000000000009 6 5.5000000000000009 5.5000000000000009 0.046314219883237036
decision_type=2 1 2 2 1 2 2 2 2 2 2 2 2 1 2 2 1 2 2 2 2 2 1 1 2 2 1 2 2 2
left_child=4 3 6 5 14 10 -3 11 20 16 -2 29 -8 15 -1 -14 17 -4 -12 22 -7 -6 -9 28 -23 -26 27 -10 -20 -5
right_child=1 2 9 7 21 8 12 19 26 -11 18 -13 13 -15 -16 -17 -18 -19 23 -21 -22 24 -24 -25 25 -27 -28 -29 -30 -31
leaf_value=-0.0006792363803578489 -0.00069355553970538259 -0.00015294009972581602 -0.00069355553970538259 -0.00069355553970538259 -0.00069355553970538259 -0.00069355553970538259 2.9603651047052652e-06 0.00078852429140770187 -0.00069355553970538259 0.00096220806095566054 -0.00069355553970538259 -0.00069355553970538259 -0.00069355553970538259 0.00015994038044467497 -0.00091125799764865732 7.5860987029176038e-05 0.00046290962390408774 0.00045105908734422687 -0.00069355553970538259 0.00066671331626190044 -0.00069355553970538259 -0.00069355553970538259 -0.00069355553970538259 -0.00069355553970538259 -0.00030342090760608381 -0.00034086980640616661 -0.00069355553970538259 -0.00069355553970538259 -0.00069355553970538259 -0.00069355553970538259
leaf_weight=19739 3407 71006 6541 3888 4645 2620 195752 22453 22280 335343 3890 23433 5359 168062 11878 20759 196154 36067 11825 51568 8621 4893 13633 12191 11648 4766 14959 3899 2036 22476
leaf_count=19739 3407 71006 6541 3888 4645 2620 195752 22453 22280 335343 3890 23433 5359 168062 11878 20759 196154 36067 11825 51568 8621 4893 13633 12191 11648 4766 14959 3899 2036 22476
internal_value=0.000703649 0.00132406 0.00219763 -0.00272731 -0.012856 -0.006435 0.000248277 -0.00041502 -0.00418975 0.00376277 -0.00996147 -0.00290007 0.000731179 0.00142471 -0.008362 -0.00095721 0.00297769 0.00136304 -0.00911395 0.00099676 -0.00850858 -0.0183206 -0.00023056 -0.00841548 -0.0175114 -0.0185135 -0.00300963 -0.00203921 -0.00682683 -0.00483348
internal_weight=1.31579e+06 1.25822e+06 1.03504e+06 223179 57569 85728 460938 137451 52379 574105 33349 49797 389932 194180 31617 26118 238762 42608 29942 87654 11241 25952 36086 26052 21307 16414 41138 26179 13861 26364
internal_count=1315791 1258222 1035043 223179 57569 85728 460938 137451 52379 574105 33349 49797 389932 194180 31617 26118 238762 42608 29942 87654 11241 25952 36086 26052 21307 16414 41138 26179 13861 26364
cat_boundaries=0 1 2 3 4 5 6 7
cat_threshold=96 30 16 16 64 64 64
is_linear=0
shrinkage=0.05


Tree=15
num_leaves=31
num_cat=9
split_feature=7 1 7 6 1 7 7 7 7 6 6 6 1 6 1 6 7 2 7 6 6 6 1 1 1 3 7 3 1 1
split_gain=3811.81 1763.76 1245.21 758.474 521.812 276.596 207.063 200.239 144.773 106.785 84.998 78.6937 68.7621 64.9569 55.7282 78.1597 62.4995 43.3131 41.009 36.3533 35.7556 32.146 30.9219 29.1138 26.9698 39.496 26.9514 25.9269 25.7532 25.6032
threshold=0.028165668868557519 0 0.057924780312054024 12.413077667390478 1 0.078034230429874021 0.040244266434038722 0.076536027880184682 0.085291690123489292 11.990580988694822 11.79893450632702 12.787964887779809 2 13.562934333415045 3 13.652693937087976 0.047327318174891456 9.5000000000000018 0.036427205497572696 12.281729595966118 12.698342927798235 11.583360624843122 4 5 6 5.5000000000000009 0.046314219883237036 5.5000000000000009 7 8
decision_type=2 1 2 2 1 2 2 2 2 2 2 2 1 2 1 2 2 2 2 2 2 2 1 1 1 2 2 2 1 1
left_child=4 3 6 5 -1 10 29 11 12 21 -2 26 13 -4 15 -8 -16 -12 -13 -6 22 -7 -9 27 25 -11 -5 -19 -28 -3
right_child=1 2 8 7 19 9 14 20 -10 24 17 18 -14 -15 16 -17 -18 23 -20 -21 -22 -23 -24 -25 -26 -27 28 -29 -30 -31
leaf_value=-0.00072928944944831607 -0.0006588777627201134 -0.00090420138809466045 -0.0006588777627201134 -0.0006588777627201134 -0.0006588777627201134 -0.0006588777627201134 -0.00087213417571269146 0.00074909807683731669 0.00091409765790787737 -0.0006588777627201134 -0.0006588777627201134 -0.0006588777627201134 0.00040132594954596059 0.00038710867578985804 2.2782445289910165e-06 -0.00011176038819670739 0.00012089500639809043 -0.0006588777627201134 -0.0006588777627201134 -0.0006588777627201134 0.00063337765044880557 -0.0006588777627201134 -0.0006588777627201134 -0.0006588777627201134 -0.0006588777627201134 -0.0006588777627201134 -0.0006588777627201134 -0.0006588777627201134 -0.0006588777627201134 -0.00012227371425380598
leaf_weight=27242 3435 6892 7972 4029 2318 2620 5783 22453 335343 22280 3972 1211 235512 43181 169877 19707 151252 11825 22595 22931 51568 8621 13633 12191 14959 3899 11380 2036 11096 63978
leaf_count=27242 3435 6892 7972 4029 2318 2620 5783 22453 335343 22280 3972 1211 235512 43181 169877 19707 151252 11825 22595 22931 51568 8621 13633 12191 14959 3899 11380 2036 11096 63978
internal_value=0.000709881 0.00125845 0.00212532 -0.00276787 -0.0124925 -0.00645821 1.30424e-05 -0.00047204 0.00354311 -0.00418975 -0.0100094 -0.00298632 0.00271807 0.00105574 0.000516547 -0.00173333 0.000695166 -0.00915701 -0.000899773 -0.0176711 0.000971091 -0.00850858 -0.000236102 -0.00841548 -0.00300963 -0.00203921 -0.0048604 -0.00682683 -0.00418535 -0.00244956
internal_weight=1.31579e+06 1.2633e+06 1.0395e+06 223803 52491 85838 417489 137965 622008 52379 33459 50311 286665 51153 346619 25490 321129 30024 23806 25249 87654 11241 36086 26052 41138 26179 26505 13861 22476 70870
internal_count=1315791 1263300 1039497 223803 52491 85838 417489 137965 622008 52379 33459 50311 286665 51153 346619 25490 321129 30024 23806 25249 87654 11241 36086 26052 41138 26179 26505 13861 22476 70870
cat_boundaries=0 1 2 3 4 5 6 7 8 9
cat_threshold=96 30 16 16 64 64 64 64 16
is_linear=0
shrinkage=0.05


Tree=16
num_leaves=31
num_cat=8
split_feature=7 1 7 6 1 7 7 7 6 7 6 6 1 6 7 1 6 6 2 6 6 7 1 7 1 2 1 5 1 3
split_gain=3078.53 1727.03 1163.68 757.43 559.817 271.511 190.079 188.371 106.785 106.364 84.3493 84.2065 60.8058 90.018 69.0199 52.5898 52.515 51.9941 39.1324 32.5786 32.146 29.1581 29.1138 28.8678 30.5455 28.4067 27.2869 27.0378 26.9698 39.496
threshold=0.029154964549149176 0 0.062923896024368639 12.413077667390478 1 0.078034230429874021 0.041583106592019921 0.080256544605338681 11.990580988694822 0.089968119969476928 12.787964887779809 11.79893450632702 2 13.652693937087976 0.048739663163306905 3 13.562934333415045 12.413077667390478 9.5000000000000018 12.706467557417165 11.583360624843122 0.036427205497572696 4 0.046314219883237036 5 19.500000000000004 6 5.5000000000000009 7 5.5000000000000009
decision_type=2 1 2 2 1 2 2 2 2 2 2 2 1 2 2 1 2 2 2 2 2 2 1 2 1 2 1 2 1 2
left_child=4 3 6 5 -1 11 21 10 20 15 23 -2 13 -8 -14 16 -4 25 -13 26 -7 -3 -20 -5 -25 -6 -9 -16 29 -10
right_child=1 2 9 7 17 8 12 19 28 -11 -12 18 14 -15 27 -17 -18 -19 22 -21 -22 -23 -24 24 -26 -27 -28 -29 -30 -31
leaf_value=-0.00069282497697590022 -0.00062593387458410778 -0.00014316052824509679 -0.00062593387458410778 -0.00062593387458410778 -0.00062593387458410778 -0.00062593387458410778 -0.00075728964763195389 0.00076019665349465161 -0.00062593387458410778 0.00095078365704085669 -0.00062593387458410778 -0.00062593387458410778 1.2281256255648608e-05 3.7638406105397372e-05 0.00018040975188140672 0.0004388216968282302 0.00042865960046212985 -0.00062593387458410778 -0.00062593387458410778 0.00065925787560885724 -0.00062593387458410778 -7.2822082720285376e-05 -0.00062593387458410778 -0.00062593387458410778 -0.00062593387458410778 -0.00038355369434993331 -0.00062593387458410778 5.7140656599537448e-05 -0.00062593387458410778 -0.00062593387458410778
leaf_weight=31617 3407 43465 7067 3888 3116 2620 7526 21632 22280 285138 26249 3890 165232 25374 117771 242748 39152 21516 13861 47384 8621 46831 12191 12943 12411 1320 12944 54739 14959 3899
leaf_count=31617 3407 43465 7067 3888 3116 2620 7526 21632 22280 285138 26249 3890 165232 25374 117771 242748 39152 21516 13861 47384 8621 46831 12191 12943 12411 1320 12944 54739 14959 3899
internal_value=0.000725309 0.00124263 0.00210281 -0.00274657 -0.0105813 -0.006435 0.000231788 -0.000446304 -0.00418975 0.00360505 -0.00269584 -0.00996147 0.000732945 -0.00131875 0.000932815 0.002929 0.00138214 -0.016023 -0.00911395 0.00107674 -0.00850858 -0.00182533 -0.00841548 -0.00454278 -0.00392759 -0.0209581 -9.02358e-05 0.00163237 -0.00300963 -0.00203921
internal_weight=1.31579e+06 1.25822e+06 1.03504e+06 223179 57569 85728 460938 137451 52379 574105 55491 33349 370642 32900 337742 288967 46219 25952 29942 81960 11241 90296 26052 29242 25354 4436 34576 172510 41138 26179
internal_count=1315791 1258222 1035043 223179 57569 85728 460938 137451 52379 574105 55491 33349 370642 32900 337742 288967 46219 25952 29942 81960 11241 90296 26052 29242 25354 4436 34576 172510 41138 26179
cat_boundaries=0 1 2 3 4 5 6 7 8
cat_threshold=96 30 16 16 64 64 64 64
is_linear=0
shrinkage=0.05


Tree=17
num_leaves=31
num_cat=8
split_feature=7 1 7 6 1 7 1 7 7 6 7 7 6 6 6 1 6 7 6 1 6 1 6 6 1 6 3 5 1 3
split_gain=2550.41 1651.7 839.78 697.06 521.832 409.805 233.328 216.026 153.871 106.785 89.2365 88.6637 80.338 78.202 59.0402 58.3394 56.2501 47.2903 40.0484 38.0747 43.784 34.2081 32.146 31.8672 31.0842 45.5868 29.3766 27.6974 26.9698 39.496
threshold=0.038579431872486268 0 0.065814582208724104 12.413077667390478 1 0.026788622941679611 2 0.078034230429874021 0.081409608983975507 11.990580988694822 0.050523761022795821 0.090365501787713229 11.79893450632702 12.781428899765492 12.413077667390478 3 13.652693937087976 0.029154964549149176 13.668571974866669 4 13.613560210754461 5 11.583360624843122 12.66444166690429 6 13.540103834011935 5.5000000000000009 5.5000000000000009 7 5.5000000000000009
decision_type=2 1 2 2 1 2 1 2 2 2 2 2 2 2 2 1 2 2 2 1 2 1 2 2 1 2 2 2 1 2
left_child=4 3 10 7 14 6 -6 12 13 22 24 19 -2 -5 17 16 -12 -1 26 20 -4 -7 -9 -10 25 -3 -8 -26 29 -11
right_child=1 2 11 8 5 21 18 9 23 28 15 -13 -14 -15 -16 -17 -18 -19 -20 -21 -22 -23 -24 -25 27 -27 -28 -29 -30 -31
leaf_value=-0.00059463718085490242 -0.00059463718085490242 -0.00079223871958163843 -0.00059463718085490242 -0.00059463718085490242 -0.00057416884001874565 -0.0008399064139559694 -0.00027457014486237282 -0.00059463718085490242 -0.00059463718085490242 -0.00059463718085490242 -0.00058806939220251004 0.0009086929201810427 -0.00059463718085490242 -0.00059463718085490242 -0.00059463718085490242 0.00015770083329032548 0.00010756256651495151 -0.00059463718085490242 -0.00065818372812710517 0.0004346231568557656 0.00047587566636415597 -0.0001264597608912879 -0.00059463718085490242 0.00065944965778132094 3.2242649339203969e-05 -0.00084064963273612473 -0.00033062828401306797 -4.0478609575212573e-05 -0.00059463718085490242 -0.00059463718085490242
leaf_weight=3116 3088 2410 7859 28631 19107 6650 16457 2620 30026 22280 5878 281098 27277 26951 7394 168984 24161 2984 2519 223578 31133 54301 8621 49385 154038 10612 2872 72903 14959 3899
leaf_count=3116 3088 2410 7859 28631 19107 6650 16457 2620 30026 22280 5878 281098 27277 26951 7394 168984 24161 2984 2519 223578 31133 54301 8621 49385 154038 10612 2872 72903 14959 3899
internal_value=0.000736177 0.00141871 0.00229175 -0.00252134 -0.00636352 -0.00513825 -0.00900684 -0.00613495 -0.000306571 -0.00418975 0.000665124 0.00360522 -0.00949037 -0.00232431 -0.0156013 0.0014479 -0.000582548 -0.0192541 -0.0125359 0.00294455 0.00150146 -0.00253966 -0.00850858 0.0011057 1.58985e-05 -0.00235881 -0.0133144 0.000152258 -0.00300963 -0.00203921
internal_weight=1.31579e+06 1.20039e+06 982654 217737 115400 101906 40955 82744 134993 52379 438986 543668 30365 55582 13494 199023 30039 6100 21848 262570 38992 60951 11241 79411 239963 13022 19329 226941 41138 26179
internal_count=1315791 1200391 982654 217737 115400 101906 40955 82744 134993 52379 438986 543668 30365 55582 13494 199023 30039 6100 21848 262570 38992 60951 11241 79411 239963 13022 19329 226941 41138 26179
cat_boundaries=0 1 2 3 4 5 6 7 8
cat_threshold=96 96 14 16 16 16 16 64
is_linear=0
shrinkage=0.05


Tree=18
num_leaves=31
num_cat=8
split_feature=7 1 7 6 1 7 1 7 7 6 7 7 6 6 1 6 6 7 1 6 1 6 5 6 6 1 6 6 1 3
split_gain=2271.74 1613.18 810.165 694.228 565.72 324.42 242.03 216.026 151.858 106.785 88.0963 82.7411 80.338 78.1788 62.5668 63.0559 59.1605 47.2903 35.0798 32.146 31.6096 40.8901 31.4809 31.4222 30.3502 29.6211 39.834 28.1836 26.9698 39.496
threshold=0.038579431872486268 0 0.066817926249645027 12.413077667390478 1 0.026788622941679611 2 0.078034230429874021 0.084255406639824934 11.990580988694822 0.049977756527417504 0.090759750263787312 11.79893450632702 12.781428899765492 3 13.652693937087976 12.413077667390478 0.029154964549149176 4 11.583360624843122 5 13.562934333415045 5.5000000000000009 13.668571974866669 12.673526932670674 6 13.515879041089152 12.629022336480388 7 5.5000000000000009
decision_type=2 1 2 2 1 2 1 2 2 2 2 2 2 2 1 2 2 2 1 2 1 2 2 2 2 1 2 2 1 2
left_child=4 3 10 7 16 6 27 12 13 19 25 20 -2 -5 15 -12 17 -1 -7 -9 21 -4 -16 -8 -10 26 -3 -6 29 -11
right_child=1 2 11 8 5 18 23 9 24 28 14 -13 -14 -15 22 -17 -18 -19 -20 -21 -22 -23 -24 -25 -26 -27 -28 -29 -30 -31
leaf_value=-0.0005649053218121572 -0.0005649053218121572 -0.0007556971948781858 -0.0005649053218121572 -0.0005649053218121572 -0.00067851417852546911 -0.00079791109325817093 -0.00027084003251675058 -0.0005649053218121572 -0.0005649053218121572 -0.0005649053218121572 -0.00055866592259238451 0.00086933733322221672 -0.0005649053218121572 -0.0005649053218121572 0.00019290400149355957 0.00010268897796133038 -0.0005649053218121572 -0.0005649053218121572 -0.00012013677284672359 -0.0005649053218121572 0.00042249944102055602 0.00047129704652417728 6.6601090932220272e-05 -0.00062527454172074995 0.0007169600833731981 6.6585092236497606e-06 -0.00079861715109931844 -0.00017333210345888388 -0.0005649053218121572 -0.0005649053218121572
leaf_weight=3116 3088 2135 6029 31953 1322 6650 19329 2620 28280 22280 6558 277026 27277 30541 127541 26703 7394 2984 54301 8621 217907 31468 59634 2519 44219 218242 9411 17785 14959 3899
leaf_count=3116 3088 2135 6029 31953 1322 6650 19329 2620 28280 22280 6558 277026 27277 30541 127541 26703 7394 2984 54301 8621 217907 31468 59634 2519 44219 218242 9411 17785 14959 3899
internal_value=0.000720977 0.00136514 0.00222794 -0.00252869 -0.00597964 -0.00470407 -0.00814614 -0.00613495 -0.000318424 -0.00418975 0.000666713 0.00354817 -0.00949037 -0.00212468 0.00138081 -0.000617505 -0.0155976 -0.0192541 -0.002392 -0.00850858 0.00289902 0.00155664 0.00173585 -0.0117399 0.00123857 -1.8321e-05 -0.00248529 -0.00402861 -0.00300963 -0.00203921
internal_weight=1.31579e+06 1.20039e+06 982654 217737 115400 101906 40955 82744 134993 52379 450224 532430 30365 62494 220436 33261 13494 6100 60951 11241 255404 37497 187175 21848 72499 229788 11546 19107 41138 26179
internal_count=1315791 1200391 982654 217737 115400 101906 40955 82744 134993 52379 450224 532430 30365 62494 220436 33261 13494 6100 60951 11241 255404 37497 187175 21848 72499 229788 11546 19107 41138 26179
cat_boundaries=0 1 2 3 4 5 6 7 8
cat_threshold=96 96 14 16 16 16 16 64
is_linear=0
shrinkage=0.05


Tree=19
num_leaves=31
num_cat=9
split_feature=7 1 7 6 1 7 7 1 7 6 7 6 6 7 6 1 6 7 1 6 1 6 6 6 1 6 1 1 3 5
split_gain=2100.39 1573.1 778.199 692.814 593.136 281.177 216.026 209.249 148.502 106.785 105.702 81.0498 80.338 60.1831 59.1605 56.5559 64.5937 47.2903 44.3689 47.8848 35.9251 32.146 29.2397 29.1683 27.8987 29.8383 27.1567 26.9698 39.496 24.7334
threshold=0.038579431872486268 0 0.063296034266724199 12.413077667390478 1 0.026788622941679611 0.078034230429874021 2 0.080256544605338681 11.990580988694822 0.089968119969476928 12.787964887779809 11.79893450632702 0.048049715389804147 12.413077667390478 3 13.652693937087976 0.029154964549149176 4 13.562934333415045 5 11.583360624843122 12.689206106298782 12.706467557417165 6 13.515879041089152 7 8 5.5000000000000009 5.5000000000000009
decision_type=2 1 2 2 1 2 2 1 2 2 2 2 2 2 2 1 2 2 1 2 1 2 2 2 1 2 1 1 2 2
left_child=4 3 13 6 14 7 12 22 11 21 18 -5 -2 24 17 16 -15 -1 19 -4 -7 -8 -6 26 25 -3 -10 28 -11 -17
right_child=1 2 10 8 5 20 9 -9 23 27 -12 -13 -14 15 -16 29 -18 -19 -20 -21 -22 -23 -24 -25 -26 -27 -28 -29 -30 -31
leaf_value=-0.00053666005572154934 -0.00053666005572154934 -0.00078340065760595403 -0.00053666005572154934 -0.00053666005572154934 -0.00064458846959919566 -0.00075801553859526248 -0.00053666005572154934 -0.00029771935647487701 0.00076568328857081749 -0.00053666005572154934 0.00081595258400111309 -0.00053666005572154934 -0.00053666005572154934 -0.00053073262646276525 -0.00053666005572154934 0.00015413056363116143 7.0898009838168852e-05 -0.00053666005572154934 0.00037958453161161495 0.00037647431961513748 -0.00011412993420438738 -0.00053666005572154934 -0.00015477275471351685 0.0005739721959224913 1.8331056907579883e-07 -0.00078335528863927016 -0.00053666005572154934 -0.00053666005572154934 -0.00053666005572154934 4.5432440463627141e-05
leaf_weight=3116 3088 1577 6951 27752 1684 6650 2620 21848 21632 22280 285138 25281 27277 5989 7394 125517 22907 2984 240014 38275 54301 8621 17423 47384 191566 6089 12944 14959 3899 58631
leaf_count=3116 3088 1577 6951 27752 1684 6650 2620 21848 21632 22280 285138 25281 27277 5989 7394 125517 22907 2984 240014 38275 54301 8621 17423 47384 191566 6089 12944 14959 3899 58631
internal_value=0.000693389 0.00131278 0.0021648 -0.00253237 -0.00574957 -0.00444356 -0.00613495 -0.00764803 -0.00032435 -0.00418975 0.00336109 -0.00238597 -0.00949037 0.000509804 -0.0155976 0.001094 -0.00096243 -0.0192541 0.00268055 0.00124304 -0.0022911 -0.00850858 -0.00381938 0.00100964 -0.000114891 -0.00307061 -9.45741e-05 -0.00300963 -0.00203921 0.00141666
internal_weight=1.31579e+06 1.20039e+06 982654 217737 115400 101906 82744 40955 134993 52379 570378 53033 30365 412276 13494 213044 28896 6100 285240 45226 60951 11241 19107 81960 199232 7666 34576 41138 26179 184148
internal_count=1315791 1200391 982654 217737 115400 101906 82744 40955 134993 52379 570378 53033 30365 412276 13494 213044 28896 6100 285240 45226 60951 11241 19107 81960 199232 7666 34576 41138 26179 184148
cat_boundaries=0 1 2 3 4 5 6 7 8 9
cat_threshold=96 96 14 16 16 16 16 64 64
is_linear=0
shrinkage=0.05


Tree=20
num_leaves=31
num_cat=9
split_feature=7 1 7 6 1 7 7 1 7 6 6 7 7 6 6 1 7 6 1 6 6 1 6 1 7 6 5 1 6 1
split_gain=1917.03 1531.01 733.93 685.435 637.065 248.783 212.775 172.694 143.8 106.785 79.9682 78.2345 77.5949 77.0707 62.0035 55.1404 53.721 52.5047 38.6521 32.146 29.6528 28.4882 50.1783 28.2147 33.9937 27.9632 27.7055 27.0231 38.7262 26.9698
threshold=0.039287600333278487 0 0.067725050271471812 12.413077667390478 1 0.026788622941679611 0.078034230429874021 2 0.084255406639824934 11.990580988694822 11.79893450632702 0.051322440910878987 0.091857555016698039 12.781428899765492 12.429177195939355 3 0.029154964549149176 13.579335906955114 4 11.583360624843122 12.689206106298782 5 13.506550710592995 6 0.060802840486139792 12.673526932670674 5.5000000000000009 7 13.562934333415045 8
decision_type=2 1 2 2 1 2 2 1 2 2 2 2 2 2 2 1 2 2 1 2 2 1 2 1 2 2 2 1 2 1
left_child=4 3 11 6 14 7 10 20 13 19 -2 21 27 23 16 17 -1 -13 -7 -8 -6 22 -3 24 -5 -10 -17 28 -4 -11
right_child=1 2 12 8 5 18 9 -9 25 29 -12 15 -14 -15 -16 26 -18 -19 -20 -21 -22 -23 -24 -25 -26 -27 -28 -29 -30 -31
leaf_value=-0.00050982705293547189 -0.00050982705293547189 -0.00067567189097834945 -0.00050982705293547189 -0.00050982705293547189 -0.00061235904611923585 -0.00072011476166549933 -0.00050982705293547189 -0.00028283338865113322 -0.00050982705293547189 -0.00050982705293547189 -0.00050982705293547189 -0.00050419599513962699 0.00080313882281740916 -0.00050982705293547189 -0.00050982705293547189 0.00018889592092901242 -0.00050982705293547189 7.5767387826172159e-05 -0.00010680489014012838 -0.00050982705293547189 -0.00014703411697784103 1.2044520030949992e-05 -0.00070678958748257624 -0.00050982705293547189 -0.00050982705293547189 0.00065227079201727852 6.6660352217731288e-05 0.00039556044229467738 0.00045121191324632256 -0.00050982705293547189
leaf_weight=3202 3071 2450 5858 5946 1684 7273 2620 21848 28280 26179 27045 5109 264772 30454 7592 118941 3314 25670 58378 8621 17423 236009 12199 14044 11685 44219 56064 219754 31128 14959
leaf_count=3202 3071 2450 5858 5946 1684 7273 2620 21848 28280 26179 27045 5109 264772 30454 7592 118941 3314 25670 58378 8621 17423 236009 12199 14044 11685 44219 56064 219754 31128 14959
internal_value=0.000665231 0.00127179 0.00211503 -0.00252626 -0.00533973 -0.00401694 -0.00611522 -0.00707545 -0.000327272 -0.00418975 -0.00946407 0.000650926 0.00339649 -0.0020925 -0.0153216 0.00137338 -0.0189104 -0.000578291 -0.00210956 -0.00850858 -0.00359706 5.7808e-05 -0.00208097 -0.00381926 -0.00248257 0.00118546 0.00171657 0.00277713 0.0015253 -0.00300963
internal_weight=1.31579e+06 1.19508e+06 977954 217123 120714 106606 82495 40955 134628 52379 30116 456442 521512 62129 14108 205784 6516 30779 65651 11241 19107 250658 14649 31675 17631 72499 175005 256740 36986 41138
internal_count=1315791 1195077 977954 217123 120714 106606 82495 40955 134628 52379 30116 456442 521512 62129 14108 205784 6516 30779 65651 11241 19107 250658 14649 31675 17631 72499 175005 256740 36986 41138
cat_boundaries=0 1 2 3 4 5 6 7 8 9
cat_threshold=96 96 14 16 16 16 64 16 64
is_linear=0
shrinkage=0.05


Tree=21
num_leaves=31
num_cat=9
split_feature=6 7 7 1 7 7 1 1 1 7 6 7 6 1 6 7 6 6 1 1 3 1 3 7 5 6 7 2 6 1
split_gain=1835.9 1465.98 598.245 426.726 433.723 273.97 233.582 233.389 208.925 187.977 139.957 133.697 118.224 93.2704 84.2402 83.2116 54.1559 45.821 44.634 43.9699 53.8422 38.6618 39.7962 37.0672 36.537 36.1832 35.6832 32.0954 26.65 26.1588
threshold=12.413077667390478 0.040583133770588982 0.074994913060566937 0 0.075491315677096354 0.028165668868557519 1 2 3 0.029154964549149176 13.757193973063826 0.056101570916515055 11.990580988694822 4 11.990580988694822 0.026788622941679611 12.955610201979395 12.655801817186282 5 6 5.5000000000000009 7 5.5000000000000009 0.058434729769309891 5.5000000000000009 13.597834221510492 0.096724100616131667 9.5000000000000018 11.583360624843122 8
decision_type=2 2 2 1 2 2 1 1 1 2 2 2 2 1 2 2 2 2 1 1 2 1 2 2 2 2 2 2 2 1
left_child=3 5 8 15 9 6 -2 26 11 -5 17 24 28 -7 -11 -1 19 -10 -8 20 -9 22 -14 -19 -3 -15 -4 -16 -6 -29
right_child=1 2 7 4 12 13 18 16 10 14 -12 -13 21 25 27 -17 -18 23 -20 -21 -22 -23 -24 -25 -26 -27 -28 29 -30 -31
leaf_value=-0.0006532491864331615 -0.00030621228802114083 5.5986127123984844e-05 0.0004580498286585698 -0.0004843357002886983 -0.0004843357002886983 -8.1998422149393523e-05 -0.0004843357002886983 0.00096908113248000646 -0.0004843357002886983 -0.0004843357002886983 0.00020707786732097791 0.00023929056675081834 -0.0004843357002886983 -0.0004843357002886983 -0.0004843357002886983 0.00012111714573094425 0.00059081553516437534 -0.0004843357002886983 -0.00029707943438908504 -0.0004843357002886983 -0.0017590364320210867 -0.0004843357002886983 -0.0004843357002886983 -0.0004843357002886983 -2.240979551105846e-05 -0.0006841090235822243 0.00085200200248114726 -0.0004843357002886983 -0.0004843357002886983 -0.0004843357002886983
leaf_weight=1314 21256 198640 205034 3743 3075 65644 4412 33845 15746 6853 37948 169406 24623 5607 3385 20368 61432 14251 21909 27748 5654 15820 4302 33900 91881 5764 180981 12181 9037 10032
leaf_count=1314 21256 198640 205034 3743 3075 65644 4412 33845 15746 6853 37948 169406 24623 5607 3385 20368 61432 14251 21909 27748 5654 15820 4302 33900 91881 5764 180981 12181 9037 10032
internal_value=0.000633425 0.00121067 0.00180496 -0.00540938 -0.00688092 -0.00392393 -0.00690701 0.00303641 0.000676716 -0.0111601 -0.00137229 0.00113045 -0.00415806 -0.00208109 -0.00993637 0.00090863 0.00119198 -0.00280084 -0.0100545 0.000211682 0.00128313 -0.00297184 -0.00188267 -0.00203516 0.000479501 -0.00625999 0.00365112 -0.00861825 -0.00854029 -0.00792711
internal_weight=1.31579e+06 1.20106e+06 1.07647e+06 114733 93051 124592 47577 514694 561772 36194 101845 459927 56857 77015 32451 21682 128679 63897 26321 67247 39499 44745 28925 48151 290521 11371 386015 25598 12112 22213
internal_count=1315791 1201058 1076466 114733 93051 124592 47577 514694 561772 36194 101845 459927 56857 77015 32451 21682 128679 63897 26321 67247 39499 44745 28925 48151 290521 11371 386015 25598 12112 22213
cat_boundaries=0 1 2 3 4 5 6 7 8 9
cat_threshold=3 6 15 15 15 32 64 68 68
is_linear=0
shrinkage=0.05


Tree=22
num_leaves=31
num_cat=8
split_feature=6 7 7 1 7 1 1 7 1 7 7 6 6 2 6 6 7 1 6 7 6 1 6 1 3 1 3 7 5 2
split_gain=1814.74 1316.54 565.36 430.094 433.21 257.907 201.891 188.124 185.937 157.162 137.89 118.224 115.04 98.6267 84.3985 75.5673 63.6679 43.6997 43.5806 40.8958 40.7859 40.5674 68.602 38.6618 39.7962 37.196 42.3635 33.0332 33.0056 32.1784
threshold=12.413077667390478 0.040887091302372662 0.079002874386179409 0 0.075491315677096354 1 2 0.029154964549149176 3 0.022916694985247104 0.056101570916515055 11.990580988694822 13.597834221510492 20.500000000000004 11.990580988694822 12.787964887779809 0.026788622941679611 4 12.926805201823123 0.028165668868557519 13.731250574147777 5 13.652693937087976 6 5.5000000000000009 7 5.5000000000000009 0.10155983211953989 5.5000000000000009 9.5000000000000018
decision_type=2 2 2 1 2 1 1 2 1 2 2 2 2 2 2 2 2 1 2 2 2 1 2 1 2 1 2 2 2 2
left_child=3 5 6 16 7 9 15 -5 27 13 21 -6 19 -2 -9 -3 -1 -12 25 -7 -19 22 -8 24 -13 26 -10 -4 -23 -16
right_child=1 2 8 4 11 12 10 14 18 -11 17 23 -14 -15 29 -17 -18 20 -20 -21 -22 28 -24 -25 -26 -27 -28 -29 -30 -31
leaf_value=-0.0006205867271115034 -0.00015895645119772675 -0.00046011891527426342 0.00048065384791187319 -0.00046011891527426342 -0.00046011891527426342 -0.00046948172856924411 -0.00061767151141499713 -0.00046011891527426342 0.0009512741678693676 -8.6891813595791614e-05 0.00024936332906309904 -0.00046011891527426342 -0.00062393801435181432 -0.00016388039146734753 -0.00046011891527426342 -0.00046011891527426342 0.000115061288444397 -0.00041729842600502507 0.00062472468900286486 -0.00046011891527426342 0.0002778595875219098 5.4712565150845156e-05 -0.00011571628328671248 -0.00046011891527426342 -0.00046011891527426342 -0.00046011891527426342 -0.0016710846104200324 0.00095668120726751481 -2.0683364474839898e-05 -0.00046011891527426342
leaf_weight=1314 14895 25590 249537 3743 12112 5847 5291 6853 31220 76644 184517 24623 9897 16141 3385 23731 20368 19010 51181 5852 31944 195841 18208 15820 4302 24087 5227 115936 90462 22213
leaf_count=1314 14895 25590 249537 3743 12112 5847 5291 6853 31220 76644 184517 24623 9897 16141 3385 23731 20368 19010 51181 5852 31944 195841 18208 15820 4302 24087 5227 115936 90462 22213
internal_value=0.000605913 0.00117983 0.00175475 -0.00540198 -0.0068793 -0.00358667 0.000725991 -0.011156 0.00303662 -0.00258566 0.00100308 -0.00415806 -0.00857262 -0.0055877 -0.00993174 -0.00233717 0.0009409 0.00191512 0.00125106 -0.0119331 0.000618476 0.000309908 -0.0016868 -0.00297184 -0.00188267 0.000343113 0.0013505 0.00358229 0.000473835 -0.00861239
internal_weight=1.31579e+06 1.20106e+06 1.07178e+06 114733 93051 129276 594594 36194 477188 107680 545273 56857 21596 31036 32451 49321 21682 235471 111715 11699 50954 309802 23499 44745 28925 60534 36447 365473 286303 25598
internal_count=1315791 1201058 1071782 114733 93051 129276 594594 36194 477188 107680 545273 56857 21596 31036 32451 49321 21682 235471 111715 11699 50954 309802 23499 44745 28925 60534 36447 365473 286303 25598
cat_boundaries=0 1 2 3 4 5 6 7 8
cat_threshold=3 15 96 15 14 16 68 64
is_linear=0
shrinkage=0.05


Tree=23
num_leaves=31
num_cat=8
split_feature=6 7 7 1 7 1 1 7 1 7 7 6 6 2 6 6 7 7 6 1 6 1 1 3 6 1 3 7 2 5
split_gain=1789.13 1222.76 520.17 435.124 433.319 288.883 194.6 188.124 172.01 148.077 119.826 118.406 118.271 87.8789 84.3985 74.2254 45.6855 45.3838 40.5119 39.1585 68.1517 39.147 38.7054 39.6189 37.4628 36.9896 39.28 35.0341 32.1784 28.2731
threshold=12.413077667390478 0.041583106592019921 0.079002874386179409 0 0.075491315677096354 1 2 0.029154964549149176 3 0.022916694985247104 0.056101570916515055 13.597834221510492 11.990580988694822 13.500000000000002 11.990580988694822 12.801065229762154 0.046618293312646497 0.028165668868557519 12.955610201979395 4 13.652693937087976 5 6 5.5000000000000009 13.765414178508989 7 5.5000000000000009 0.096724100616131667 9.5000000000000018 5.5000000000000009
decision_type=2 2 2 1 2 1 1 2 1 2 2 2 2 2 2 2 2 2 2 1 2 1 1 2 2 1 2 2 2 2
left_child=3 5 6 16 7 9 15 -5 27 13 19 17 -6 -2 -9 -3 -1 -7 25 20 -8 -12 23 -14 -23 26 -10 -4 -16 -21
right_child=1 2 8 4 12 11 10 14 18 -11 21 -13 22 -15 28 -17 -18 -19 -20 29 -22 24 -24 -25 -26 -27 -28 -29 -30 -31
leaf_value=-7.7821932324052161e-05 -0.00014745590960432077 -0.00043711296951055026 0.00041816122696337779 -0.00043711296951055026 -0.00043711296951055026 -0.0004460076421407819 -0.00058678793584424722 -0.00043711296951055026 0.00089561539560795611 -7.2590110731051181e-05 0.00023689516260994408 -0.00059274111363422359 -0.00043711296951055026 -0.00015635492533471005 -0.00043711296951055026 -0.00043711296951055026 0.00032937029245529295 -0.00043711296951055026 0.00060532252914928183 5.5637173815317062e-05 -9.0033818052315609e-05 -0.00039201704792096666 -0.00043711296951055026 -0.00043711296951055026 0.00027052429459953261 -0.00043711296951055026 -0.0015875303798990308 0.00077172454387601931 -0.00043711296951055026 -1.6988151227482489e-05
leaf_weight=9301 14836 26230 184492 3743 12112 5847 5210 6853 32325 89731 184517 10405 24623 16200 3385 22602 12381 6400 48347 187027 17722 20654 15820 4302 30300 25635 5408 180981 22213 86189
leaf_count=9301 14836 26230 184492 3743 12112 5847 5210 6853 32325 89731 184517 10405 24623 16200 3385 22602 12381 6400 48347 187027 17722 20654 15820 4302 30300 25635 5408 180981 22213 86189
internal_value=0.000572511 0.00114236 0.00172984 -0.00539282 -0.00687877 -0.00318999 0.000724445 -0.011156 0.0029528 -0.00221743 0.00100191 -0.0083704 -0.00415718 -0.00519461 -0.00993174 -0.00229597 0.000987 -0.0117061 0.0012354 0.00033257 -0.00165156 0.00184377 -0.00297072 -0.00188094 0.000616514 0.000403832 0.00139933 0.00347763 -0.00861239 0.000499147
internal_weight=1.31579e+06 1.20106e+06 1.05764e+06 114733 93051 143419 580451 36194 477188 120767 531619 22652 56857 31036 32451 48832 21682 12247 111715 296148 22932 235471 44745 28925 50954 63368 37733 365473 25598 273216
internal_count=1315791 1201058 1057639 114733 93051 143419 580451 36194 477188 120767 531619 22652 56857 31036 32451 48832 21682 12247 111715 296148 22932 235471 44745 28925 50954 63368 37733 365473 25598 273216
cat_boundaries=0 1 2 3 4 5 6 7 8
cat_threshold=3 15 96 15 16 14 68 64
is_linear=0
shrinkage=0.05


Tree=24
num_leaves=31
num_cat=8
split_feature=6 7 7 1 7 1 7 1 1 7 6 6 7 2 6 6 7 7 1 6 1 3 6 1 7 1 6 3 2 6
split_gain=1769.36 1139.72 477.483 432.594 433.195 318.15 188.222 187.695 163.13 139.806 120.268 118.366 101.889 88.6921 84.504 72.8925 48.548 42.4859 38.8212 66.6248 38.7926 39.4729 38.4226 38.1489 37.6256 33.8971 33.4657 32.3253 32.2337 26.65
threshold=12.413077667390478 0.042103882772743233 0.078539738675614132 0 0.075491315677096354 1 0.029154964549149176 2 3 0.026788622941679611 13.597834221510492 11.990580988694822 0.056101570916515055 20.500000000000004 11.990580988694822 12.801065229762154 0.028165668868557519 0.026788622941679611 4 13.652693937087976 5 5.5000000000000009 12.926805201823123 6 0.10189595550363319 7 13.814302828840335 5.5000000000000009 9.5000000000000018 11.583360624843122
decision_type=2 2 2 1 2 1 2 1 1 2 2 2 2 2 2 2 2 2 1 2 1 2 2 1 2 1 2 2 2 2
left_child=3 5 7 17 6 9 -5 15 24 13 16 29 18 -2 -8 -3 -7 -1 19 -9 21 -13 23 27 -4 -14 -27 -10 -16 -6
right_child=1 2 8 4 11 10 14 12 22 -11 -12 20 25 -15 28 -17 -18 -19 -20 -21 -22 -23 -24 -25 -26 26 -28 -29 -30 -31
leaf_value=-0.00058566629413972558 -0.00017695204086738529 -0.00041525732103502277 0.000432827239707088 -0.00041525732103502277 -0.00041525732103502277 -0.0004237072600337428 -0.00041525732103502277 -0.00055744853905203488 0.00085647537553040971 -5.7069295709034657e-05 -0.0005631040579525124 -0.00041525732103502277 0.0002231620734505857 -0.00014794481719308599 -0.00041525732103502277 -0.00041525732103502277 -0.00041525732103502277 0.00010719697390674049 3.5415694875226775e-05 -8.0877774142301687e-05 -0.00041525732103502277 -0.00041525732103502277 0.00055774019193101853 -0.00041525732103502277 0.00088277585678861361 -0.00031781675274095633 0.00026142156068257769 -0.0015081538609040793 -0.00041525732103502277 -0.00041525732103502277
leaf_weight=1314 18553 25640 256137 3743 3075 5847 6853 5137 31450 98943 10725 24623 181672 16547 3385 22134 6803 20368 259940 17418 15820 4302 52469 24344 112246 21947 27847 5259 22213 9037
leaf_count=1314 18553 25640 256137 3743 3075 5847 6853 5137 31450 98943 10725 24623 181672 16547 3385 22134 6803 20368 259940 17418 15820 4302 52469 24344 112246 21947 27847 5259 22213 9037
internal_value=0.000537285 0.00110398 0.00170217 -0.005395 -0.00687662 -0.00286187 -0.0111532 0.00071159 0.00285684 -0.00192263 -0.00824353 -0.00415542 0.000990241 -0.0046339 -0.00992866 -0.00228591 -0.0115494 0.000966255 0.000353015 -0.00163638 -0.00296849 -0.00187748 0.00119931 0.000346666 0.0033675 0.00176799 0.000611798 0.00136428 -0.00860848 -0.00854029
internal_weight=1.31579e+06 1.20106e+06 1.04364e+06 114733 93051 157418 36194 561735 481905 134043 23375 56857 513961 35100 32451 47774 12650 21682 282495 22555 44745 28925 113522 61053 368383 231466 49794 36709 25598 12112
internal_count=1315791 1201058 1043640 114733 93051 157418 36194 561735 481905 134043 23375 56857 513961 35100 32451 47774 12650 21682 282495 22555 44745 28925 113522 61053 368383 231466 49794 36709 25598 12112
cat_boundaries=0 1 2 3 4 5 6 7 8
cat_threshold=3 15 96 15 16 68 64 14
is_linear=0
shrinkage=0.05


Tree=25
num_leaves=31
num_cat=6
split_feature=6 7 7 1 7 1 1 7 1 6 6 6 7 6 7 2 6 1 7 7 1 3 7 6 3 5 2 7 7 6
split_gain=1746.65 1059.66 508.876 436.3 433.412 294.429 207.271 188.222 185.77 118.461 115.05 104.802 95.4134 84.504 81.199 71.9983 56.2754 57.4282 47.3039 40.3902 38.88 39.5346 38.0554 36.7822 35.2565 33.5008 32.2337 31.2629 29.1554 26.65
threshold=12.413077667390478 0.040583133770588982 0.070859323985042702 0 0.075491315677096354 1 2 0.029154964549149176 3 11.990580988694822 13.597834221510492 13.775242315912081 0.022916694985247104 11.990580988694822 0.048739663163306905 13.500000000000002 12.955610201979395 4 0.094640789754007873 0.046618293312646497 5 5.5000000000000009 0.028165668868557519 12.655801817186282 5.5000000000000009 5.5000000000000009 9.5000000000000018 0.087953586857695942 0.058434729769309891 11.583360624843122
decision_type=2 2 2 1 2 1 1 2 1 2 2 2 2 2 2 2 2 1 2 2 1 2 2 2 2 2 2 2 2 2
left_child=3 5 8 19 7 12 18 -5 14 29 22 23 15 -9 -3 -2 17 24 -4 -1 21 -11 -7 -10 -8 -16 -15 -19 -25 -6
right_child=1 2 6 4 9 10 16 13 11 20 -12 -13 -14 26 25 -17 -18 27 -20 -21 -22 -23 -24 28 -26 -27 -28 -29 -30 -31
leaf_value=-6.8658841330746721e-05 -0.00013123551208073548 2.0147409269474965e-06 0.00034156548392727222 -0.00039449445498327166 -0.00039449445498327166 -0.00040252189703205565 0.00080375624932838789 -0.00039449445498327166 -0.00039449445498327166 -0.00039449445498327166 -0.00053494885505488675 0.00012489854454717994 -7.8545971847219251e-05 -0.00039449445498327166 0.00015972462388536294 -0.00014113993820832034 0.00047272575947579596 -0.00039449445498327166 0.00066848803092587326 0.00030754192913719117 -0.00039449445498327166 -0.00039449445498327166 -0.00039449445498327166 -0.00039449445498327166 -0.0014327461678588754 4.9820532508022162e-05 -0.00039449445498327166 -0.00039449445498327166 -0.00039449445498327166 -0.00039449445498327166
leaf_weight=9301 14836 177596 211261 3743 3075 5847 35972 6853 13252 24623 9676 30463 72426 3385 169431 16200 73972 10914 209526 12381 15820 4302 5607 14587 5999 78128 22213 20017 25348 9037
leaf_count=9301 14836 177596 211261 3743 3075 5847 35972 6853 13252 24623 9676 30463 72426 3385 169431 16200 73972 10914 209526 12381 15820 4302 5607 14587 5999 78128 22213 20017 25348 9037
internal_value=0.000506505 0.00106955 0.00157481 -0.0053876 -0.00687554 -0.00329588 0.00260403 -0.0111532 0.000426539 -0.00415367 -0.00867313 -0.00172723 -0.00219663 -0.00992866 0.000850317 -0.00451637 0.000986629 8.23209e-07 0.00316848 0.00100083 -0.00296625 -0.00187403 -0.0120683 -0.00306682 0.00120543 0.0014356 -0.00860848 -0.00163359 -0.00230938 -0.00854029
internal_weight=1.31579e+06 1.20106e+06 1.07647e+06 114733 93051 124592 567661 36194 508805 56857 21130 83650 103462 32451 425155 31036 146874 72902 420787 21682 44745 28925 11454 53187 41971 247559 25598 30931 39935 12112
internal_count=1315791 1201058 1076466 114733 93051 124592 567661 36194 508805 56857 21130 83650 103462 32451 425155 31036 146874 72902 420787 21682 44745 28925 11454 53187 41971 247559 25598 30931 39935 12112
cat_boundaries=0 1 2 3 4 5 6
cat_threshold=3 15 15 15 64 68
is_linear=0
shrinkage=0.05


Tree=26
num_leaves=31
num_cat=6
split_feature=6 7 1 7 7 1 1 7 6 7 6 1 6 6 2 7 7 6 7 1 3 7 7 2 3 5 6 6 1 6
split_gain=1728.44 989.936 431.848 433.35 383.899 381.392 206.511 188.271 138.56 136.001 121.879 119.984 118.509 84.5568 78.0369 77.5865 61.6495 50.2083 40.9116 38.9237 39.5656 36.5957 34.4313 32.2615 28.4891 28.4173 26.9333 26.65 26.539 24.681
threshold=12.413077667390478 0.043694138763014971 0 0.075491315677096354 0.082509590970718125 1 2 0.029154964549149176 13.757193973063826 0.029898306499557822 13.597834221510492 3 11.990580988694822 11.990580988694822 20.500000000000004 0.056101570916515055 0.028165668868557519 12.647436448413044 0.058434729769309891 4 5.5000000000000009 0.046618293312646497 0.10579941122073669 9.5000000000000018 3.5000000000000004 5.5000000000000009 12.959316073029704 11.583360624843122 5 14.124527348414963
decision_type=2 2 1 2 2 1 1 2 2 2 2 1 2 2 2 2 2 2 2 1 2 2 2 2 2 2 2 2 1 2
left_child=2 5 21 7 6 9 15 -4 17 14 16 -6 27 -9 26 -3 -7 -8 -19 20 -14 -1 25 -15 -17 -13 -2 -5 -25 -12
right_child=1 4 3 12 11 10 8 13 -10 -11 29 22 19 23 -16 24 -18 18 -20 -21 -22 -23 -24 28 -26 -27 -28 -29 -30 -31
leaf_value=-6.5225899264209348e-05 -0.00068022471229927913 4.6998808358402479e-05 -0.00037476973223410804 -0.00037476973223410804 0.0004756066011525874 -0.00038239580218045287 -0.00037476973223410804 -0.00037476973223410804 0.00020767309324017959 -2.8369881763787646e-05 -0.00050820141230214241 0.0005065262193339981 -0.00037476973223410804 -0.00037476973223410804 -0.00013356467539290539 0.00014472412920116235 -0.00037476973223410804 -0.00037476973223410804 -0.00037476973223410804 -0.00037476973223410804 -0.00037476973223410804 0.00029216483268033156 0.00094291112039623232 -0.00037476973223410804 0.00030869616243795438 0.00030656401929761245 -5.6327938013195469e-05 -0.00037476973223410804 -0.00037476973223410804 -2.2056781893764826e-05
leaf_weight=9301 8928 207811 3743 3075 76691 5847 18614 6853 47275 140930 8700 191266 24623 3385 16579 124478 7994 12426 48645 15820 4302 12381 78036 12181 95317 88915 19735 9037 10032 2871
leaf_count=9301 8928 207811 3743 3075 76691 5847 18614 6853 47275 140930 8700 191266 24623 3385 16579 124478 7994 12426 48645 15820 4302 12381 78036 12181 95317 88915 19735 9037 10032 2871
internal_value=0.000469151 0.00102925 -0.00539413 -0.00687447 0.00169304 -0.00207497 0.000820876 -0.0111518 -0.00094983 -0.00129035 -0.0078196 0.00280517 -0.00415279 -0.00992712 -0.00367557 0.00134661 -0.0109887 -0.00222219 -0.00152929 -0.00296514 -0.0018723 0.000961645 0.00318942 -0.00860653 0.00200152 0.0029308 -0.00209626 -0.00854029 -0.00791361 -0.00403552
internal_weight=1.31579e+06 1.20106e+06 114733 93051 989474 211584 554566 36194 126960 186172 25412 434908 56857 32451 45242 427606 13841 79685 61071 44745 28925 21682 358217 25598 219795 280181 28663 12112 22213 11571
internal_count=1315791 1201058 114733 93051 989474 211584 554566 36194 126960 186172 25412 434908 56857 32451 45242 427606 13841 79685 61071 44745 28925 21682 358217 25598 219795 280181 28663 12112 22213 11571
cat_boundaries=0 1 2 3 4 5 6
cat_threshold=3 15 15 96 68 68
is_linear=0
shrinkage=0.05


Tree=27
num_leaves=31
num_cat=6
split_feature=6 7 7 1 7 1 2 1 7 6 6 7 6 6 2 6 1 7 7 1 3 3 7 7 2 5 6 5 1 6
split_gain=1707.5 932.453 537.429 428.566 432.946 222.92 211.629 199.034 188.418 131.413 118.556 90.5454 84.7154 84.0575 77.7723 55.8079 62.8482 51.6063 51.2815 38.9674 39.5965 38.6787 36.0207 34.5099 32.3447 31.978 29.581 29.156 26.7301 26.65
threshold=12.413077667390478 0.069397796195364417 0.030551983978343782 0 0.075491315677096354 1 9.5000000000000018 2 0.029154964549149176 13.775242315912081 11.990580988694822 0.04696943842221267 11.990580988694822 13.597834221510492 20.500000000000004 12.998909605971347 3 0.04696943842221267 0.10090234675073188 4 5.5000000000000009 5.5000000000000009 0.087953586857695942 0.057428253650754317 9.5000000000000018 5.5000000000000009 12.655801817186282 5.5000000000000009 5 11.583360624843122
decision_type=2 2 2 1 2 1 2 1 2 2 2 2 2 2 2 2 1 2 2 1 2 2 2 2 2 2 2 2 1 2
left_child=3 2 6 23 8 11 13 18 -5 17 29 -4 -10 -2 -8 16 21 -7 25 20 -12 -9 -18 -1 -14 -3 -19 -13 -26 -6
right_child=1 7 5 4 10 9 14 15 12 -11 19 27 24 -15 -16 -17 22 26 -20 -21 -22 -23 -24 -25 28 -27 -28 -29 -30 -31
leaf_value=-3.0764698243480734e-05 -0.00035603124562240266 0.000390439959293429 -1.2522139834549108e-05 -0.00035603124562240266 -0.00035603124562240266 -0.00040897628504910462 -0.00021659571541635027 0.00075103888525691713 -0.00035603124562240266 6.0940294908499357e-05 -0.00035603124562240266 0.00013176970123356463 -0.00035603124562240266 -0.00048279134168703532 -0.00012871529595518286 0.00043984552652813849 -0.00035603124562240266 -0.00035603124562240266 0.00073975575639910257 -0.00035603124562240266 -0.00035603124562240266 -0.0012079466792356698 -0.00039855006229173743 0.00052332999480493309 -0.00035603124562240266 0.00022615477960870393 -0.00035603124562240266 3.3923022365174525e-05 -0.00035603124562240266 -0.00035603124562240266
leaf_weight=13249 6908 215093 208634 3743 3075 10668 33007 39710 6853 32821 24623 172363 3385 5411 16737 71664 13643 10958 123549 15820 4302 6608 21569 8433 12181 99927 31578 80210 10032 9037
leaf_count=13249 6908 215093 208634 3743 3075 10668 33007 39710 6853 32821 24623 172363 3385 5411 16737 71664 13643 10958 123549 15820 4302 6608 21569 8433 12181 99927 31578 80210 10032 9037
internal_value=0.000430049 0.000986747 -0.000386225 -0.00539762 -0.00687232 0.000113864 -0.00479569 0.0024004 -0.0111477 -0.00222264 -0.00415191 0.000549709 -0.0099225 -0.0106628 -0.00334271 0.000848673 -4.59952e-05 -0.0037578 0.00294233 -0.00296402 -0.00187057 0.00116431 -0.0016379 0.000933985 -0.00860067 0.0026038 -0.00297795 0.00118645 -0.00790686 -0.00854029
internal_weight=1.31579e+06 1.20106e+06 609295 114733 93051 547232 62063 591763 36194 86025 56857 461207 32451 12319 49744 153194 81530 53204 438569 44745 28925 46318 35212 21682 25598 315020 42536 252573 22213 12112
internal_count=1315791 1201058 609295 114733 93051 547232 62063 591763 36194 86025 56857 461207 32451 12319 49744 153194 81530 53204 438569 44745 28925 46318 35212 21682 25598 315020 42536 252573 22213 12112
cat_boundaries=0 1 2 3 4 5 6
cat_threshold=3 15 15 64 68 68
is_linear=0
shrinkage=0.05


Tree=28
num_leaves=31
num_cat=6
split_feature=6 7 7 1 7 2 1 7 1 6 6 6 6 7 2 6 1 7 7 1 3 7 2 7 3 6 1 5 6 6
split_gain=1688.37 875.644 486.928 426.366 432.713 227.248 219.628 188.516 186.057 130.533 118.604 84.8212 84.2442 82.4877 69.0241 52.9773 59.9919 51.6999 50.9708 39.0111 39.6274 34.4018 32.4002 31.6951 30.8591 29.6742 26.8578 26.7519 26.65 26.1059
threshold=12.413077667390478 0.069397796195364417 0.030551983978343782 0 0.075491315677096354 9.5000000000000018 1 0.029154964549149176 2 13.775242315912081 11.990580988694822 11.990580988694822 13.597834221510492 0.04696943842221267 20.500000000000004 12.955610201979395 3 0.04696943842221267 0.094067919496270538 4 5.5000000000000009 0.087953586857695942 9.5000000000000018 0.046618293312646497 5.5000000000000009 12.655801817186282 5 5.5000000000000009 11.583360624843122 13.17810976695948
decision_type=2 2 2 1 2 2 1 2 1 2 2 2 2 2 2 2 1 2 2 1 2 2 2 2 2 2 1 2 2 2
left_child=3 2 5 23 7 12 13 -5 18 17 28 -9 -2 -4 29 16 24 -8 -3 20 -12 -18 -13 -1 -10 -19 -24 -15 -6 -7
right_child=1 8 6 4 10 14 9 11 15 -11 19 22 -14 27 -16 -17 21 25 -20 -21 -22 -23 26 -25 -26 -27 -28 -29 -30 -31
leaf_value=-6.042636938882486e-05 -0.00033822968334128254 0.00028063790011370815 -1.1896032842821727e-05 -0.00033822968334128254 -0.00033822968334128254 -0.00063538369091349764 -0.00038852747079664939 -0.00033822968334128254 0.00070899912155529684 5.7893280163074214e-05 -0.00033822968334128254 -0.00033822968334128254 -0.00045865177460268351 0.00012518121617188622 -0.00012227953115742378 0.00041126951860350153 -0.00033822968334128254 -0.00033822968334128254 0.00057348143648004919 -0.00033822968334128254 -0.00033822968334128254 -0.00037862255917715061 -0.00033822968334128254 0.00026741564767925497 -0.0012819730388924427 -0.00033822968334128254 -0.00033822968334128254 3.2226871246915656e-05 -0.00033822968334128254 -5.4551606819456283e-06
leaf_weight=9301 6908 221756 208634 3743 3075 18926 10668 6853 37256 32821 24623 3385 5411 172363 16737 77247 12475 10958 216813 15820 4302 20017 12181 12381 6199 31578 10032 80210 9037 14081
leaf_count=9301 6908 221756 208634 3743 3075 18926 10668 6853 37256 32821 24623 3385 5411 172363 16737 77247 12475 10958 216813 15820 4302 20017 12181 12381 6199 31578 10032 80210 9037 14081
internal_value=0.000395128 0.000948697 -0.000381794 -0.0053998 -0.00687071 -0.00457898 9.42198e-05 -0.0111449 0.00231861 -0.00222497 -0.00415103 -0.00991942 -0.0106587 0.000526835 -0.00307334 0.000818321 -0.000119359 -0.00375498 0.00284258 -0.0029629 -0.00186884 -0.0017442 -0.00859676 0.000915545 0.00109571 -0.00297442 -0.00790235 0.00113458 -0.00854029 -0.00174705
internal_weight=1.31579e+06 1.20106e+06 609295 114733 93051 62063 547232 36194 591763 86025 56857 32451 12319 461207 49744 153194 75947 53204 438569 44745 28925 32492 25598 21682 43455 42536 22213 252573 12112 33007
internal_count=1315791 1201058 609295 114733 93051 62063 547232 36194 591763 86025 56857 32451 12319 461207 49744 153194 75947 53204 438569 44745 28925 32492 25598 21682 43455 42536 22213 252573 12112 33007
cat_boundaries=0 1 2 3 4 5 6
cat_threshold=3 15 15 64 68 68
is_linear=0
shrinkage=0.05


Tree=29
num_leaves=31
num_cat=6
split_feature=6 7 7 1 7 2 1 7 1 6 6 6 7 6 2 7 7 6 1 1 3 7 5 2 7 6 3 1 6 5
split_gain=1672.19 816.661 440.985 421.095 432.589 231.542 221.795 188.14 174.22 131.118 118.699 84.8741 79.7436 79.1478 59.0528 56.6547 52.7839 49.7884 59.2325 39.0987 39.6893 34.2371 33.1606 32.428 31.4776 29.7989 28.7838 26.9218 26.65 26.214
threshold=12.413077667390478 0.069397796195364417 0.029898306499557822 0 0.075491315677096354 9.5000000000000018 1 0.029154964549149176 2 13.775242315912081 11.990580988694822 11.990580988694822 0.045536734602365347 13.597834221510492 20.500000000000004 0.04696943842221267 0.10189595550363319 12.955610201979395 3 4 5.5000000000000009 0.087953586857695942 5.5000000000000009 9.5000000000000018 0.060317631810185908 12.655801817186282 5.5000000000000009 5 11.583360624843122 5.5000000000000009
decision_type=2 2 2 1 2 2 1 2 1 2 2 2 2 2 2 2 2 2 1 1 2 2 2 2 2 2 2 1 2 2
left_child=3 2 5 24 7 13 12 -5 16 15 28 -9 -4 -2 -7 -8 22 18 26 20 -12 -20 -3 -13 -1 -17 -10 -25 -6 -14
right_child=1 8 6 4 10 14 9 11 17 -11 19 23 29 -15 -16 25 -18 -19 21 -21 -22 -23 -24 27 -26 -27 -28 -29 -30 -31
leaf_value=-2.8835866361819271e-05 -0.00032131819917421842 0.00035767168122599353 -1.6688497491515347e-05 -0.00032131819917421842 -0.00032131819917421842 -0.00030880859344380239 -0.00034419798632406683 -0.00032131819917421842 0.00067354916547753213 4.920636444091936e-05 -0.00032131819917421842 -0.00032131819917421842 0.00011213048597763917 -0.0003988127818031293 -0.00011539647250746136 -0.00032131819917421842 0.00070330804114469609 0.00039070604267332657 -0.00032131819917421842 -0.00032131819917421842 -0.00032131819917421842 -0.0003596914312182931 0.00020063806412725616 -0.00032131819917421842 0.00049819803845433774 -0.00032131819917421842 -0.0012178743869478207 -0.00032131819917421842 -0.00032131819917421842 2.6408235668156355e-05
leaf_weight=13369 6683 222865 189434 3743 3075 28663 10952 6853 37256 33092 24623 3385 188333 5119 16657 10958 112246 77247 12475 15820 4302 20017 103458 12181 8313 31578 6199 10032 9037 87826
leaf_count=13369 6683 222865 189434 3743 3075 28663 10952 6853 37256 33092 24623 3385 188333 5119 16657 10958 112246 77247 12475 15820 4302 20017 103458 12181 8313 31578 6199 10032 9037 87826
internal_value=0.00036032 0.00091123 -0.000373669 -0.00540677 -0.00686856 -0.00455586 5.89763e-05 -0.0111422 0.0022342 -0.0022647 -0.00414927 -0.00991788 0.000491116 -0.0107939 -0.00293138 -0.00379543 0.00274123 0.000782421 -0.000126601 -0.00296067 -0.00186539 -0.00174112 0.00241958 -0.00859481 0.000869445 -0.00296972 0.00108075 -0.0079001 -0.00854029 0.00103308
internal_weight=1.31579e+06 1.20106e+06 609295 114733 93051 57122 552173 36194 591763 86580 56857 32451 465593 11802 45320 53488 438569 153194 75947 44745 28925 32492 326323 25598 21682 42536 43455 22213 12112 276159
internal_count=1315791 1201058 609295 114733 93051 57122 552173 36194 591763 86580 56857 32451 465593 11802 45320 53488 438569 153194 75947 44745 28925 32492 326323 25598 21682 42536 43455 22213 12112 276159
cat_boundaries=0 1 2 3 4 5 6
cat_threshold=3 15 15 64 68 68
is_linear=0
shrinkage=0.05


Tree=30
num_leaves=31
num_cat=6
split_feature=6 7 1 7 1 7 7 7 1 6 6 6 6 2 7 7 6 1 1 3 5 7 6 2 7 3 1 6 7 7
split_gain=1653.95 764.07 418.722 432.806 399.914 326.158 188.14 173.975 165.782 118.794 108.497 104.382 84.8741 71.0514 57.2586 51.894 49.042 60.003 39.1864 39.5432 38.6498 35.9008 33.0955 32.428 28.9373 27.4635 26.9218 26.65 26.2918 24.8842
threshold=12.413077667390478 0.069138517793051232 0 0.075491315677096354 1 0.038579431872486268 0.029154964549149176 0.032622803014054867 2 11.990580988694822 13.775242315912081 13.597834221510492 11.990580988694822 20.500000000000004 0.051569334445929753 0.10579941122073669 12.955610201979395 3 4 5.5000000000000009 5.5000000000000009 0.087953586857695942 12.655801817186282 9.5000000000000018 0.060317631810185908 5.5000000000000009 5 11.583360624843122 0.058434729769309891 0.028165668868557519
decision_type=2 2 1 2 1 2 2 2 1 2 2 2 2 2 2 2 2 1 1 2 2 2 2 2 2 2 1 2 2 2
left_child=2 4 24 6 7 11 -4 13 15 27 22 29 -8 -2 -9 20 17 25 19 -11 -3 -19 -7 -14 -1 -10 -25 -5 -24 -6
right_child=1 8 3 9 5 10 12 14 16 18 -12 -13 23 -15 -16 -17 -18 21 -20 -21 -22 -23 28 26 -26 -27 -28 -29 -30 -31
leaf_value=-2.7394073043728247e-05 -8.7911243071343848e-05 0.00035564179251310301 -0.0003052522892155075 -0.0003052522892155075 -0.00031249705566453506 -0.0003052522892155075 -0.0003052522892155075 4.3501216083996493e-06 0.00064138836385977521 -0.0003052522892155075 8.253426738619403e-05 -0.00041577854678239291 -0.0003052522892155075 -0.00011163863232230409 0.00010062886798684363 0.00079583140278830899 0.00037066886679668119 -0.0003052522892155075 -0.0003052522892155075 -0.0003052522892155075 0.00019851072716678305 -0.00034170685965737843 -0.0003052522892155075 -0.0003052522892155075 0.00047328813653162096 -0.0011569806676004295 -0.0003052522892155075 -0.0003052522892155075 -0.0003052522892155075 -0.0003052522892155075
leaf_weight=13369 51523 249386 3743 3075 5847 12343 6853 256072 37488 24623 30745 8085 3385 16854 183076 76467 77843 12818 15820 4302 116026 20017 15716 12181 8313 6235 10032 9037 20360 4157
leaf_count=13369 51523 249386 3743 3075 5847 12343 6853 256072 37488 24623 30745 8085 3385 16854 183076 76467 77843 12818 15820 4302 116026 20017 15716 12181 8313 6235 10032 9037 20360 4157
internal_value=0.00032574 0.000873638 -0.00540982 -0.00686748 -0.000378585 -0.0033156 -0.0111422 0.000184273 0.00214371 -0.00414751 -0.00193181 -0.00937338 -0.00991788 -0.00216176 0.000549564 0.00263651 0.000733141 -0.000165365 -0.00295843 -0.00186193 0.0023887 -0.00178033 -0.00340682 -0.00859481 0.0008487 0.00104761 -0.0079001 -0.00854029 -0.0026422 -0.0127879
internal_weight=1.31579e+06 1.20106e+06 114733 93051 604778 97253 36194 507525 596280 56857 79164 18089 32451 68377 439148 441879 154401 76558 44745 28925 365412 32835 48419 25598 21682 43723 22213 12112 36076 10004
internal_count=1315791 1201058 114733 93051 604778 97253 36194 507525 596280 56857 79164 18089 32451 68377 439148 441879 154401 76558 44745 28925 365412 32835 48419 25598 21682 43723 22213 12112 36076 10004
cat_boundaries=0 1 2 3 4 5 6
cat_threshold=3 15 15 64 68 68
is_linear=0
shrinkage=0.05


Tree=31
num_leaves=31
num_cat=6
split_feature=6 7 1 7 1 7 7 1 7 6 6 6 6 2 7 7 1 6 3 5 1 3 6 2 7 1 7 6 7 7
split_gain=1635.65 721.617 415.798 432.573 400.396 327.801 188.238 153.872 153.838 118.841 107.337 104.382 84.98 62.3317 55.5544 52.5298 45.1245 51.5422 44.0729 40.5363 39.2303 39.5741 34.9807 32.4836 27.4955 27.05 26.9032 26.65 25.5195 24.8842
threshold=12.413077667390478 0.069397796195364417 0 0.075491315677096354 1 0.038579431872486268 0.029154964549149176 2 0.032622803014054867 11.990580988694822 13.775242315912081 13.597834221510492 11.990580988694822 20.500000000000004 0.05423600787202091 0.10932797643305314 3 12.824983095337226 5.5000000000000009 5.5000000000000009 4 5.5000000000000009 12.655801817186282 9.5000000000000018 0.058434729769309891 5 0.060317631810185908 11.583360624843122 0.087953586857695942 0.028165668868557519
decision_type=2 2 1 2 1 2 2 1 2 2 2 2 2 2 2 2 1 2 2 2 1 2 2 2 2 1 2 2 2 2
left_child=2 4 26 6 8 11 -4 15 13 27 22 29 -8 -2 -10 19 18 28 -9 -3 21 -11 -7 -14 -24 -25 -1 -5 -18 -6
right_child=1 7 3 9 5 10 12 16 14 20 -12 -13 23 -15 -16 -17 17 -19 -20 -21 -22 -23 24 25 -26 -27 -28 -29 -30 -31
leaf_value=-2.6024369391541881e-05 -8.3515680917776661e-05 0.00035290510390780828 -0.00028998967475473211 -0.00028998967475473211 -0.00029687220288130832 -0.00028998967475473211 -0.00028998967475473211 0.00047312201532789501 9.3464925108560356e-06 -0.00028998967475473211 8.0458391113565736e-05 -0.00039498961944327326 -0.00028998967475473211 -0.00010605670070618894 0.00011797959429457709 0.00090555107938376171 -0.00028998967475473211 0.00039139897485621815 -0.00023003656614136808 0.00019566070143572849 -0.00028998967475473211 -0.00028998967475473211 -0.00028998967475473211 -0.00028998967475473211 -0.00028998967475473211 -0.00028998967475473211 0.00044962372970503984 -0.00028998967475473211 -0.00032462151667450953 -0.00028998967475473211
leaf_weight=13369 51523 263530 3743 3075 5847 12585 6853 88344 300758 24623 30893 8085 3385 16854 141700 52537 8698 26571 14984 122502 15820 4302 15716 12181 21177 10032 8313 9037 14597 4157
leaf_count=13369 51523 263530 3743 3075 5847 12585 6853 88344 300758 24623 30893 8085 3385 16854 141700 52537 8698 26571 14984 122502 15820 4302 15716 12181 21177 10032 8313 9037 14597 4157
internal_value=0.000290438 0.000835297 -0.00541331 -0.00686587 -0.000372521 -0.00329187 -0.0111394 0.0020789 0.000190224 -0.00414663 -0.00192352 -0.00937338 -0.00991479 -0.00201698 0.000531327 0.0025554 0.000714538 -0.000520691 0.00131065 0.00235359 -0.00295731 -0.0018602 -0.00336735 -0.00859091 -0.00259087 -0.0078956 0.000823345 -0.00854029 -0.0022376 -0.0127879
internal_weight=1.31579e+06 1.20106e+06 114733 93051 609295 98460 36194 591763 510835 56857 80371 18089 32451 68377 442458 438569 153194 49866 103328 386032 44745 28925 49478 25598 36893 22213 21682 12112 23295 10004
internal_count=1315791 1201058 114733 93051 609295 98460 36194 591763 510835 56857 80371 18089 32451 68377 442458 438569 153194 49866 103328 386032 44745 28925 49478 25598 36893 22213 21682 12112 23295 10004
cat_boundaries=0 1 2 3 4 5 6
cat_threshold=3 15 15 80 68 68
is_linear=0
shrinkage=0.05


Tree=32
num_leaves=31
num_cat=7
split_feature=6 7 1 7 1 7 7 1 7 6 6 6 6 2 7 7 2 1 3 1 3 6 2 6 1 7 1 6 7 5
split_gain=1619.23 679.95 411.817 432.573 400.399 327.473 188.238 143.997 137.08 118.841 106.776 104.382 84.98 55.7439 54.3079 50.7985 44.0829 39.2303 39.5741 33.8901 33.9757 33.0095 32.4836 29.0419 43.3703 27.2174 27.05 26.65 25.8786 25.8619
threshold=12.413077667390478 0.069397796195364417 0 0.075491315677096354 1 0.038579431872486268 0.029154964549149176 2 0.032622803014054867 11.990580988694822 13.652693937087976 13.597834221510492 11.990580988694822 20.500000000000004 0.094640789754007873 0.05423600787202091 16.500000000000004 3 5.5000000000000009 4 5.5000000000000009 12.781428899765492 9.5000000000000018 12.647436448413044 5 0.11437927845860141 6 11.583360624843122 0.032066082824426932 5.5000000000000009
decision_type=2 2 1 2 1 2 2 1 2 2 2 2 2 2 2 2 2 1 2 1 2 2 2 2 1 2 1 2 2 2
left_child=2 4 28 6 8 11 -4 14 13 27 23 -6 -8 -2 -3 -10 19 18 -11 20 -9 -21 -14 -7 -25 29 -24 -5 -1 -16
right_child=1 7 3 9 5 10 12 16 15 17 -12 -13 22 -15 25 -17 -18 -19 -20 21 -22 -23 26 24 -26 -27 -28 -29 -30 -31
leaf_value=-0.00016374515377449856 -7.933989687188784e-05 0.00022329303786802645 -0.00027549019101699555 -0.00027549019101699555 -0.00027549019101699555 -0.00027549019101699555 -0.00027549019101699555 0.00034015186561953565 8.8791678853132674e-06 -0.00027549019101699555 6.084095620875919e-06 -0.00037524013847110962 -0.00027549019101699555 -0.00010075386567087956 0.00049109272180563668 0.0001120806145798483 0.00048855413900229219 -0.00027549019101699555 -0.00027549019101699555 -0.00027549019101699555 -0.00053162674964867841 -2.931183891494542e-05 -0.00027549019101699555 -0.00027549019101699555 -0.00034843853783035703 0.0010800840559848262 -0.00027549019101699555 -0.00027549019101699555 9.6363127245835151e-05 0.00026391225428278682
leaf_weight=2142 51523 229043 3743 3075 10004 12150 6853 42307 300758 24623 37331 8085 3385 16854 118564 141700 73618 15820 4302 12517 7120 17632 12181 20385 10505 35536 10032 9037 19540 55426
leaf_count=2142 51523 229043 3743 3075 10004 12150 6853 42307 300758 24623 37331 8085 3385 16854 118564 141700 73618 15820 4302 12517 7120 17632 12181 20385 10505 35536 10032 9037 19540 55426
internal_value=0.000254756 0.000796873 -0.00542028 -0.00686587 -0.000375557 -0.00329491 -0.0111394 0.00200404 0.00018719 -0.00414663 -0.00192725 -0.00937338 -0.00991479 -0.00189632 0.002465 0.000509178 0.000684186 -0.00295731 -0.0018602 -0.000131572 0.000674293 -0.00145247 -0.00859091 -0.00362454 -0.00280997 0.00304678 -0.0078956 -0.00854029 0.000786465 0.00278924
internal_weight=1.31579e+06 1.20106e+06 114733 93051 609295 98460 36194 591763 510835 56857 80371 18089 32451 68377 438569 442458 153194 44745 28925 79576 49427 30149 25598 43040 30890 209526 22213 12112 21682 173990
internal_count=1315791 1201058 114733 93051 609295 98460 36194 591763 510835 56857 80371 18089 32451 68377 438569 442458 153194 44745 28925 79576 49427 30149 25598 43040 30890 209526 22213 12112 21682 173990
cat_boundaries=0 1 2 3 4 5 6 7
cat_threshold=3 15 15 68 80 96 68
is_linear=0
shrinkage=0.05


Tree=33
num_leaves=31
num_cat=8
split_feature=6 7 1 7 1 7 7 1 7 6 6 6 6 7 2 6 1 6 3 1 3 2 3 1 3 6 1 1 6 7
split_gain=1602.39 642.326 407.549 432.402 398.623 327.473 188.287 134.099 126.251 118.841 106.776 104.382 85.0329 54.7754 48.8395 47.1835 41.9388 50.7767 39.8799 39.2303 39.5741 32.5114 29.2874 35.5014 29.8158 29.0419 43.3703 27.1143 26.65 25.0039
threshold=12.413077667390478 0.069397796195364417 0 0.075491315677096354 1 0.038579431872486268 0.029154964549149176 2 0.043694138763014971 11.990580988694822 13.652693937087976 13.597834221510492 11.990580988694822 0.097696204807955364 20.500000000000004 13.352168292231307 3 12.781428899765492 5.5000000000000009 4 5.5000000000000009 9.5000000000000018 3.5000000000000004 5 5.5000000000000009 12.647436448413044 6 7 11.583360624843122 0.060317631810185908
decision_type=2 2 1 2 1 2 2 1 2 2 2 2 2 2 2 2 1 2 2 1 2 2 2 1 2 2 1 1 2 2
left_child=2 4 29 6 8 11 -4 13 14 28 25 -6 -8 -3 -2 -16 18 -18 -9 20 -11 -14 -10 24 -24 -7 -27 -23 -5 -1
right_child=1 7 3 9 5 10 12 16 22 19 -12 -13 21 -15 15 -17 17 -19 -20 -21 -22 27 23 -25 -26 26 -28 -29 -30 -31
leaf_value=-2.6087295451747478e-05 -2.6327373673457642e-05 0.00022821014744983279 -0.00026171568146614576 -0.00026171568146614576 -0.00026171568146614576 -0.00026171568146614576 -0.00026171568146614576 0.00042869823736385159 2.5870767937007622e-05 -0.00026171568146614576 5.7798908398321318e-06 -0.00035647813154755418 -0.00026171568146614576 0.00050191434382990585 -0.0001176132493713645 -4.3560271732540016e-05 -0.0002946159312899343 0.0003432102557571997 -0.00021991805564793856 -0.00026171568146614576 -0.00026171568146614576 -0.00026171568146614576 5.7958159405990452e-05 0.00016286138850975056 -0.00010645857944962701 -0.00026171568146614576 -0.00033101661093883918 -0.00026171568146614576 -0.00026171568146614576 0.00042232438685749603
leaf_weight=13369 151465 271977 3743 3075 10004 12150 6853 88344 184311 24623 37331 8085 3385 166592 18891 15816 21053 28813 14984 15820 4302 12181 21881 107583 10888 20385 10505 10032 9037 8313
leaf_count=13369 151465 271977 3743 3075 10004 12150 6853 88344 184311 24623 37331 8085 3385 166592 18891 15816 21053 28813 14984 15820 4302 12181 21881 107583 10888 20385 10505 10032 9037 8313
internal_value=0.0002182 0.000757491 -0.00542725 -0.00686534 -0.00038204 -0.00329491 -0.011138 0.00193078 0.000179458 -0.00414663 -0.00192725 -0.00937338 -0.00991325 0.00237562 -0.000858561 -0.00255035 0.000657098 -0.000533723 0.00123178 -0.00295731 -0.0018602 -0.00858895 0.000774696 0.0013189 -0.000122182 -0.00362454 -0.00280997 -0.00789335 -0.00854029 0.00074728
internal_weight=1.31579e+06 1.20106e+06 114733 93051 609295 98460 36194 591763 510835 56857 80371 18089 32451 438569 186172 34707 153194 49866 103328 44745 28925 25598 324663 140352 32769 43040 30890 22213 12112 21682
internal_count=1315791 1201058 114733 93051 609295 98460 36194 591763 510835 56857 80371 18089 32451 438569 186172 34707 153194 49866 103328 44745 28925 25598 324663 140352 32769 43040 30890 22213 12112 21682
cat_boundaries=0 1 2 3 4 5 6 7 8
cat_threshold=3 15 15 80 68 1 96 68
is_linear=0
shrinkage=0.05


Tree=34
num_leaves=31
num_cat=8
split_feature=6 7 1 7 1 7 7 7 6 1 6 6 6 6 1 5 2 6 1 3 6 1 3 1 2 3 5 3 1 6
split_gain=1584.95 605.729 405.329 432.402 389.246 352.096 188.287 127.06 118.841 109.018 104.382 101.019 85.0329 57.3347 44.4855 43.8217 42.5472 41.1869 39.2303 39.5741 39.1274 50.7844 33.9223 36.354 32.5114 29.9543 27.4067 27.2279 27.1143 26.65
threshold=12.413077667390478 0.072555205978640111 0 0.075491315677096354 1 0.038579431872486268 0.029154964549149176 0.043694138763014971 11.990580988694822 2 13.597834221510492 13.652693937087976 11.990580988694822 13.05748933331842 3 5.5000000000000009 20.500000000000004 13.376660574879262 4 5.5000000000000009 12.655801817186282 5 3.5000000000000004 6 9.5000000000000018 5.5000000000000009 5.5000000000000009 5.5000000000000009 7 11.583360624843122
decision_type=2 2 1 2 1 2 2 2 2 1 2 2 2 2 1 2 2 2 1 2 2 1 2 1 2 2 2 2 1 2
left_child=2 4 -1 6 7 10 -4 16 29 15 -6 20 -8 14 25 -3 -2 -18 19 -10 -7 -22 26 27 -14 -11 -9 -24 -26 -5
right_child=1 9 3 8 5 11 12 22 18 13 -12 -13 24 -15 -16 -17 17 -19 -20 -21 21 -23 23 -25 28 -27 -28 -29 -30 -31
leaf_value=4.6821137561563301e-05 -2.5011004989784825e-05 0.00044192162280400196 -0.00024862989739283847 -0.00024862989739283847 -0.00024862989739283847 -0.00024862989739283847 -0.00024862989739283847 5.6268915693805514e-05 -0.00024862989739283847 0.00055048970800797303 -0.00033865422497017647 2.7328954600919552e-05 -0.00024862989739283847 0.00023586376481628154 -0.00027988513472543752 0.00022471765277107183 -0.00011305989542708489 -3.5074015073886627e-05 -0.00024862989739283847 -0.00024862989739283847 -0.00024698488490164903 -0.00032229407105192892 5.5060251435690842e-05 0.00016314086289282792 -0.00024862989739283847 -0.0010500525656485088 -3.7735950895383379e-05 -0.00010113565047714581 -0.00024862989739283847 -0.00024862989739283847
leaf_weight=21682 151465 201493 3743 3075 10004 15048 6853 140884 24623 39198 8085 40757 3385 164464 37638 93679 19410 15297 15820 4302 26450 11629 21881 122971 12181 6581 63236 10888 10032 9037
leaf_count=21682 151465 201493 3743 3075 10004 15048 6853 140884 24623 39198 8085 40757 3385 164464 37638 93679 19410 15297 15820 4302 26450 11629 21881 122971 12181 6581 63236 10888 10032 9037
internal_value=0.000183468 0.000719816 -0.00543117 -0.00686534 -0.000300263 -0.00298559 -0.011138 0.000250457 -0.00414663 0.00195582 -0.00937338 -0.00175514 -0.00991325 0.0011826 0.000114905 0.00260504 -0.00080995 -0.002389 -0.00295731 -0.0018602 -0.00319169 -0.00233869 0.000799061 0.00135482 -0.00858895 0.00116174 0.000375025 -0.000125232 -0.00789335 -0.00854029
internal_weight=1.31579e+06 1.20106e+06 114733 93051 658005 111973 36194 546032 56857 543053 18089 93884 32451 247881 83417 295172 186172 34707 44745 28925 53127 38079 359860 155740 25598 45779 204120 32769 22213 12112
internal_count=1315791 1201058 114733 93051 658005 111973 36194 546032 56857 543053 18089 93884 32451 247881 83417 295172 186172 34707 44745 28925 53127 38079 359860 155740 25598 45779 204120 32769 22213 12112
cat_boundaries=0 1 2 3 4 5 6 7 8
cat_threshold=3 15 7 64 68 96 1 68
is_linear=0
shrinkage=0.05


Tree=35
num_leaves=31
num_cat=5
split_feature=6 7 1 7 1 7 7 6 7 1 6 6 6 7 7 6 6 2 6 6 7 1 3 7 5 2 7 7 7 1
split_gain=1572.79 570.047 401.095 417.839 399.992 337.008 203.218 110.901 109.705 107.528 104.382 100.119 78.5826 66.38 57.046 45.4721 40.7259 36.9321 36.5984 33.4435 33.0242 32.2674 43.0308 32.1282 29.2773 29.0856 24.8842 22.2173 21.9847 21.191
threshold=12.413077667390478 0.070859323985042702 0 0.075491315677096354 1 0.038579431872486268 0.029154964549149176 11.990580988694822 0.043694138763014971 2 13.597834221510492 13.775242315912081 11.990580988694822 0.097696204807955364 0.038579431872486268 12.824983095337226 12.655801817186282 20.500000000000004 13.376660574879262 11.583360624843122 0.058434729769309891 3 5.5000000000000009 0.11844494027259878 5.5000000000000009 9.5000000000000018 0.028165668868557519 0.054502288977933654 0.087953586857695942 4
decision_type=2 2 1 2 1 2 2 2 2 1 2 2 2 2 2 2 2 2 2 2 2 1 2 2 2 2 2 2 2 1
left_child=2 4 14 6 8 10 -4 19 17 15 26 16 -8 -11 -1 28 -7 -2 -19 -5 -18 22 -9 -15 27 -14 -6 -10 -3 -27
right_child=1 9 3 7 5 11 12 21 24 13 -12 -13 25 23 -16 -17 20 18 -20 -21 -22 -23 -24 -25 -26 29 -28 -29 -30 -31
leaf_value=-0.00033360379604777232 -2.3760454740295586e-05 -0.0002345533900320071 -0.00023619840252319657 -0.00023619840252319657 -0.00024273680424344394 -0.00023619840252319657 -0.00023619840252319657 -0.00023619840252319657 4.2819026947213108e-05 0.00020947721924548669 -0.00032172151372166765 7.3909410383698351e-05 -0.00023619840252319657 0.00040698281281043036 8.7994574900115115e-05 0.00035273346035682713 -0.00023628065314775602 -0.00010740690065573061 -3.3320314320192323e-05 -0.00023619840252319657 -0.00023559249126698406 -0.00023619840252319657 -0.00023619840252319657 0.0010299273687311573 5.0554373619023266e-06 -0.00023619840252319657 -0.00023619840252319657 0.00014495615655182159 -0.00026589087798916565 -0.00023619840252319657
leaf_weight=3758 151465 7600 3116 2735 5847 13864 6558 23212 128307 324307 8085 31763 3385 163515 22131 24851 15716 19410 15297 9037 25348 15820 4062 32791 108368 10887 4157 105770 14597 10032
leaf_count=3758 151465 7600 3116 2735 5847 13864 6558 23212 128307 324307 8085 31763 3385 163515 22131 24851 15716 19410 15297 9037 25348 15820 4062 32791 108368 10887 4157 105770 14597 10032
internal_value=0.0001536 0.000687885 -0.00543945 -0.00703491 -0.000343331 -0.00316538 -0.011393 -0.00433729 0.000216098 0.00183852 -0.00937338 -0.00187038 -0.0101643 0.00204537 3.84187e-05 -0.00045072 -0.0031625 -0.000760802 -0.00223197 -0.00863829 -0.00237142 -0.00316239 -0.00211772 0.00277108 0.0007472 -0.00885369 -0.0127879 0.00106177 -0.00209555 -0.00815789
internal_weight=1.31579e+06 1.20106e+06 114733 88844 633397 104780 33978 54866 528617 567661 18089 86691 30862 520613 25889 47048 54928 186172 34707 11772 41064 43094 27274 196306 342445 24304 10004 234077 22197 20919
internal_count=1315791 1201058 114733 88844 633397 104780 33978 54866 528617 567661 18089 86691 30862 520613 25889 47048 54928 186172 34707 11772 41064 43094 27274 196306 342445 24304 10004 234077 22197 20919
cat_boundaries=0 1 2 3 4 5
cat_threshold=7 15 32 64 64
is_linear=0
shrinkage=0.05


Tree=36
num_leaves=31
num_cat=8
split_feature=6 7 1 7 1 7 7 6 7 6 6 1 6 7 7 6 7 6 1 6 5 1 6 1 3 3 2 7 1 1
split_gain=1550.27 536.001 403.509 417.839 388.233 351.309 203.218 110.901 104.45 104.382 99.6929 94.0657 78.5826 61.9475 48.9835 39.9191 39.9162 39.1615 50.6744 38.4985 38.3942 33.936 33.4435 32.2674 43.0308 31.9494 29.0856 24.8842 23.1635 21.191
threshold=12.413077667390478 0.072555205978640111 0 0.075491315677096354 1 0.038579431872486268 0.029154964549149176 11.990580988694822 0.045308045100993642 13.597834221510492 13.652693937087976 2 11.990580988694822 0.11621054548671803 0.038579431872486268 12.781428899765492 0.03111032678968928 12.655801817186282 3 13.157220255891877 5.5000000000000009 4 11.583360624843122 5 5.5000000000000009 3.5000000000000004 9.5000000000000018 0.028165668868557519 6 7
decision_type=2 2 1 2 1 2 2 2 2 2 2 1 2 2 2 2 2 2 1 2 2 1 2 1 2 2 2 2 1 1
left_child=2 4 14 6 8 9 -4 22 16 27 17 15 -8 20 28 -3 19 -7 -19 -2 21 -13 -5 24 -9 -10 -14 -6 -1 -28
right_child=1 11 3 7 5 10 12 23 25 -11 -12 13 26 -15 -16 -17 -18 18 -20 -21 -22 -23 -24 -25 -26 -27 29 -29 -30 -31
leaf_value=-0.0001004126446150309 -0.00015645289421656417 -0.00025259633408970735 -0.00022438848239703677 -0.00022438848239703677 -0.00023059996403127175 -0.00022438848239703677 -0.00022438848239703677 -0.00022438848239703677 2.9759040368711975e-05 -0.00030563543803558427 2.2614282892020868e-05 0.00035663580895965415 -0.00022438848239703677 0.00096438612185415678 8.3594846155109385e-05 0.00031890332280281241 -1.1723301465303705e-05 -0.00022290797115496623 -0.00029436533484194469 2.8505995830521524e-06 0.00016089608639434534 0.00023930114143280701 -0.00022438848239703677 -0.00022438848239703677 -0.00022438848239703677 0.00012093532100374806 -0.00022438848239703677 -0.00022438848239703677 -0.00075325433602668832 -0.00022438848239703677
leaf_weight=2648 35092 19173 3116 2735 5847 15048 6558 23212 179247 8085 40757 178199 3385 34957 22131 25203 175814 26450 11629 19002 147457 138064 9037 15820 4062 136877 10887 4157 1110 10032
leaf_count=2648 35092 19173 3116 2735 5847 15048 6558 23212 179247 8085 40757 178199 3385 34957 22131 25203 175814 26450 11629 19002 147457 138064 9037 15820 4062 136877 10887 4157 1110 10032
internal_value=0.000118222 0.00064867 -0.00543466 -0.00703491 -0.000310902 -0.00299273 -0.011393 -0.00433729 0.000239103 -0.00937338 -0.00176367 0.00181136 -0.0101643 0.00200764 5.9655e-05 -0.000394719 -0.000571794 -0.00319075 -0.00233738 -0.00175953 0.00185468 0.00216533 -0.00863829 -0.00316239 -0.00211772 0.000828852 -0.00885369 -0.0127879 -0.0052182 -0.00815789
internal_weight=1.31579e+06 1.20106e+06 114733 88844 658005 111973 33978 54866 546032 18089 93884 543053 30862 498677 25889 44376 229908 53127 38079 54094 463720 316263 11772 43094 27274 316124 24304 10004 3758 20919
internal_count=1315791 1201058 114733 88844 658005 111973 33978 54866 546032 18089 93884 543053 30862 498677 25889 44376 229908 53127 38079 54094 463720 316263 11772 43094 27274 316124 24304 10004 3758 20919
cat_boundaries=0 1 2 3 4 5 6 7 8
cat_threshold=7 15 32 96 7 64 1 64
is_linear=0
shrinkage=0.05


Tree=37
num_leaves=31
num_cat=6
split_feature=6 7 1 7 1 7 7 1 6 6 6 7 6 7 6 7 7 6 1 3 2 7 6 6 1 7 7 1 5 5
split_gain=1533.71 506.5 403.289 417.839 396.671 324.72 203.218 112.442 110.901 105.377 104.382 81.5886 78.5826 69.9481 50.5507 45.0774 36.192 33.4435 32.2674 43.0308 29.0856 28.4572 33.7436 27.4042 41.1949 25.5562 24.8842 24.8434 23.8669 23.4418
threshold=12.413077667390478 0.069138517793051232 0 0.075491315677096354 1 0.038579431872486268 0.029154964549149176 2 11.990580988694822 13.652693937087976 13.597834221510492 0.043694138763014971 11.990580988694822 0.094640789754007873 12.781428899765492 0.038579431872486268 0.11844494027259878 11.583360624843122 3 5.5000000000000009 9.5000000000000018 0.03111032678968928 13.147788404636154 12.647436448413044 4 0.087953586857695942 0.028165668868557519 5 5.5000000000000009 5.5000000000000009
decision_type=2 2 1 2 1 2 2 1 2 2 2 2 2 2 2 2 2 2 1 2 2 2 2 2 1 2 2 1 2 2
left_child=2 4 15 6 11 10 -4 14 17 23 26 21 -8 -9 25 27 29 -5 19 -10 -14 22 -2 -7 -25 -3 -6 -1 -13 -15
right_child=1 7 3 8 5 9 12 13 18 -11 -12 28 20 16 -16 -17 -18 -19 -20 -21 -22 -23 -24 24 -26 -27 -28 -29 -30 -31
leaf_value=-9.5392012384279282e-05 -0.00015021378469588797 -0.00021160629641055491 -0.00021316905827718489 -0.00021316905827718489 -0.00021906996582970813 -0.00021316905827718489 -0.00021316905827718489 0.00016507658221201585 -0.00021316905827718489 -1.7818107692728878e-06 -0.00029035366613380505 7.0063050983824716e-05 -0.00021316905827718489 0.00041293600851652053 0.00029399434956746059 7.941510384735385e-05 0.00093021169420189141 -0.00021316905827718489 -0.00021316905827718489 -0.00021316905827718489 -0.00021316905827718489 -1.5607092920495556e-05 8.0582927609627268e-07 -0.00021332122193261995 -0.00027244115572288918 -0.000239966517385222 -0.00021316905827718489 -0.00071559161922535395 4.9396619574734631e-07 0.00021902324406860094
leaf_weight=2648 34401 7948 3116 2735 5847 11914 6558 296665 23212 37149 8085 219420 3385 147612 29212 22131 32791 9037 15820 4062 20919 132078 19693 19673 10428 13309 4157 1110 101933 68743
leaf_count=2648 34401 7948 3116 2735 5847 11914 6558 296665 23212 37149 8085 219420 3385 147612 29212 22131 32791 9037 15820 4062 20919 132078 19693 19673 10428 13309 4157 1110 101933 68743
internal_value=8.80499e-05 0.000615657 -0.0054351 -0.00703491 -0.000403884 -0.00332896 -0.011393 0.00164973 -0.00433729 -0.00194823 -0.00937338 0.000156689 -0.0101643 0.00185849 -0.000608273 5.77244e-05 0.00247618 -0.00863829 -0.00316239 -0.00211772 -0.00885369 -0.000676202 -0.00164214 -0.00366357 -0.0028602 -0.00246342 -0.0127879 -0.00500532 0.000639219 0.00224157
internal_weight=1.31579e+06 1.20106e+06 114733 88844 604778 97253 33978 596280 54866 79164 18089 507525 30862 545811 50469 25889 249146 11772 43094 27274 24304 186172 54094 42015 30101 21257 10004 3758 321353 216355
internal_count=1315791 1201058 114733 88844 604778 97253 33978 596280 54866 79164 18089 507525 30862 545811 50469 25889 249146 11772 43094 27274 24304 186172 54094 42015 30101 21257 10004 3758 321353 216355
cat_boundaries=0 1 2 3 4 5 6
cat_threshold=7 15 32 64 96 1
is_linear=0
shrinkage=0.05


Tree=38
num_leaves=31
num_cat=8
split_feature=6 7 1 7 1 7 7 6 6 6 7 6 1 7 7 6 1 5 6 6 1 3 3 7 6 2 1 1 7 1
split_gain=1517.58 474.517 401.095 417.839 375.834 360.958 203.218 110.901 105.647 104.382 88.2127 78.5826 78.5648 59.1134 43.3311 41.2513 49.9788 36.229 35.7934 33.4435 32.2674 43.0308 32.2063 29.4788 29.3772 29.0856 27.7565 26.7106 24.8842 21.191
threshold=12.413077667390478 0.07367656427701233 0 0.075491315677096354 1 0.038579431872486268 0.029154964549149176 11.990580988694822 13.652693937087976 13.597834221510492 0.045308045100993642 11.990580988694822 2 0.11621054548671803 0.039287600333278487 12.655801817186282 3 5.5000000000000009 12.824983095337226 11.583360624843122 4 5.5000000000000009 3.5000000000000004 0.03111032678968928 13.157220255891877 9.5000000000000018 5 6 0.028165668868557519 7
decision_type=2 2 1 2 1 2 2 2 2 2 2 2 1 2 2 2 1 2 2 2 1 2 2 2 2 2 1 1 2 1
left_child=2 4 14 6 10 9 -4 19 15 28 23 -8 18 17 27 -7 -17 26 -3 -5 21 -9 -12 24 -2 -13 -14 -1 -6 -27
right_child=1 12 3 7 5 8 11 20 -10 -11 22 25 13 -15 -16 16 -18 -19 -20 -21 -22 -23 -24 -25 -26 29 -28 -29 -30 -31
leaf_value=-8.885918390166592e-05 -0.00014118070914711787 -0.00022796819151596091 -0.00020251060536332564 -0.00020251060536332564 -0.00020811646753822271 -0.00020251060536332564 -0.00020251060536332564 -0.00020251060536332564 3.7999161467993341e-05 -0.00027583598282711477 2.5526285027118169e-05 -0.00020251060536332564 0.00032461784573566501 0.00087155538864631477 7.7049970364445616e-05 -0.00020113030271494132 -0.0002690275643057011 0.00014512788903630624 0.00030675912934245193 -0.00020251060536332564 -0.00020251060536332564 -0.00020251060536332564 0.000114809157975658 -1.0978487512332165e-05 2.6677781400947008e-06 -0.00020251060536332564 0.0002244496401860806 -0.00067981203826408636 -0.00020251060536332564 -0.00020251060536332564
leaf_weight=2727 35092 20594 3116 2735 5847 15698 6558 23212 43058 8085 184425 3385 176614 34957 21988 27850 12144 143415 22413 9037 15820 4062 140798 175814 19002 10887 131095 1174 4157 10032
leaf_count=2727 35092 20594 3116 2735 5847 15698 6558 23212 43058 8085 184425 3385 176614 34957 21988 27850 12144 143415 22413 9037 15820 4062 140798 175814 19002 10887 131095 1174 4157 10032
internal_value=5.45719e-05 0.000579398 -0.00543945 -0.00703491 -0.000302469 -0.00287983 -0.011393 -0.00433729 -0.00169063 -0.00937338 0.000240038 -0.0101643 0.00169941 0.00188063 3.84187e-05 -0.00312864 -0.00227609 0.00172717 -0.000349048 -0.00863829 -0.00316239 -0.00211772 0.00076998 -0.000509595 -0.0015303 -0.00885369 0.00203307 -0.004818 -0.0127879 -0.00815789
internal_weight=1.31579e+06 1.20106e+06 114733 88844 671970 116839 33978 54866 98750 18089 555131 30862 529088 486081 25889 55692 39994 451124 43007 11772 43094 27274 325223 229908 54094 24304 307709 3901 10004 20919
internal_count=1315791 1201058 114733 88844 671970 116839 33978 54866 98750 18089 555131 30862 529088 486081 25889 55692 39994 451124 43007 11772 43094 27274 325223 229908 54094 24304 307709 3901 10004 20919
cat_boundaries=0 1 2 3 4 5 6 7 8
cat_threshold=7 15 32 96 64 7 1 64
is_linear=0
shrinkage=0.05


Tree=39
num_leaves=31
num_cat=7
split_feature=6 7 1 7 1 7 7 6 6 6 7 6 7 1 7 7 6 1 3 2 3 5 2 7 1 6 6 7 1 1
split_gain=1503.4 446.848 399.782 417.839 326.805 416.532 203.218 116.848 110.901 104.382 98.592 78.5826 58.2922 50.088 41.3185 40.597 33.4435 32.2674 43.0308 31.7266 31.0844 29.9811 29.0856 28.0505 27.597 25.6089 25.1765 24.8842 24.3519 21.191
threshold=12.413077667390478 0.082509590970718125 0 0.075491315677096354 1 0.038579431872486268 0.029154964549149176 13.652693937087976 11.990580988694822 13.597834221510492 0.047327318174891456 11.990580988694822 0.066162824367806392 2 0.039287600333278487 0.11437927845860141 11.583360624843122 3 5.5000000000000009 16.500000000000004 3.5000000000000004 5.5000000000000009 9.5000000000000018 0.03111032678968928 4 12.647436448413044 12.998909605971347 0.028165668868557519 5 6
decision_type=2 2 1 2 1 2 2 2 2 2 2 2 2 1 2 2 2 1 2 2 2 2 2 2 1 2 2 2 1 1
left_child=2 4 14 6 10 9 -4 12 16 27 23 -8 -7 15 24 21 -5 18 -10 -15 -12 -3 -13 26 -1 28 -2 -6 -14 -24
right_child=1 13 3 8 5 7 11 -9 17 -11 20 22 25 19 -16 -17 -18 -19 -20 -21 -22 -23 29 -25 -26 -27 -28 -29 -30 -31
leaf_value=-8.4416224706582686e-05 -0.00017159697325585578 0.00032437676327200238 -0.00019238507509515936 -0.00019238507509515936 -0.00019771064416131156 -0.00019238507509515936 -0.00019238507509515936 7.3333497570849673e-05 -0.00019238507509515936 -0.000262044183685759 3.9042579190518351e-05 -0.00019238507509515936 -0.00019238507509515936 2.4337657725320545e-05 7.31974718462234e-05 0.0008087351137770198 -0.00019238507509515936 -0.00019238507509515936 -0.00019238507509515936 0.00029826193785910073 0.00012796166749760922 0.00015582564445858137 -0.00019238507509515936 -7.836801149163573e-06 -0.00064582143635088206 -0.00019112574264094312 -1.9949699661445146e-05 -0.00019238507509515936 -0.00019090045132186088 -0.00019238507509515936
leaf_weight=2727 24893 180668 3116 2735 5847 31244 6558 59624 23212 8085 198926 3385 5529 55631 21988 35660 9037 15820 4062 79007 151868 83942 10887 208890 1174 32667 29201 4157 5219 10032
leaf_count=2727 24893 180668 3116 2735 5847 31244 6558 59624 23212 8085 198926 3385 5529 55631 21988 35660 9037 15820 4062 79007 151868 83942 10887 208890 1174 32667 29201 4157 5219 10032
internal_value=2.6224e-05 0.000548591 -0.00544207 -0.00703491 -0.000178033 -0.00225053 -0.011393 -0.00129119 -0.00433729 -0.00937338 0.000336501 -0.0101643 -0.00260926 0.00182864 2.68352e-05 0.00218796 -0.00863829 -0.00316239 -0.00211772 0.00102705 0.000885192 0.0019746 -0.00885369 -0.000395385 -0.00471546 -0.00142405 -0.00141014 -0.0127879 -0.00354112 -0.00815789
internal_weight=1.31579e+06 1.20106e+06 114733 88844 766150 152372 33978 134283 54866 18089 613778 30862 74659 434908 25889 300270 11772 43094 27274 134638 350794 264610 24304 262984 3901 43415 54094 10004 10748 20919
internal_count=1315791 1201058 114733 88844 766150 152372 33978 134283 54866 18089 613778 30862 74659 434908 25889 300270 11772 43094 27274 134638 350794 264610 24304 262984 3901 43415 54094 10004 10748 20919
cat_boundaries=0 1 2 3 4 5 6 7
cat_threshold=7 15 23 64 1 64 64
is_linear=0
shrinkage=0.05


Tree=40
num_leaves=31
num_cat=7
split_feature=6 7 1 7 1 7 7 6 6 1 6 6 7 7 6 7 6 1 3 2 1 7 5 7 3 6 1 5 1 7
split_gain=1490.99 422.185 396.071 417.839 394.204 318.532 203.218 110.901 107.747 104.78 104.382 78.5826 67.5991 54.6926 50.4876 39.8659 33.4435 32.2674 43.0308 29.0856 28.0455 26.9992 25.3813 24.8842 24.0631 23.6991 40.3934 22.233 21.191 20.0827
threshold=12.413077667390478 0.068310066114405113 0 0.075491315677096354 1 0.038579431872486268 0.029154964549149176 11.990580988694822 13.652693937087976 2 13.597834221510492 11.990580988694822 0.10189595550363319 0.043140363600215427 12.781428899765492 0.039287600333278487 11.583360624843122 3 5.5000000000000009 9.5000000000000018 4 0.087953586857695942 5.5000000000000009 0.028165668868557519 2.5000000000000004 12.655801817186282 5 5.5000000000000009 6 0.11844494027259878
decision_type=2 2 1 2 1 2 2 2 2 1 2 2 2 2 2 2 2 1 2 2 1 2 2 2 2 2 1 2 1 2
left_child=2 4 15 6 13 10 -4 16 25 14 23 -8 22 -2 21 20 -5 18 -9 -13 -1 -3 -11 -6 -16 -7 -27 -15 -21 -14
right_child=1 9 3 7 5 8 11 17 -10 12 -12 19 29 27 24 -17 -18 -19 -20 28 -22 -23 -24 -25 -26 26 -28 -29 -30 -31
leaf_value=-8.0195413471253506e-05 -3.3283642007935116e-05 -0.00018151750044714712 -0.00018276582134040139 -0.00018276582134040139 -0.00018782511195324602 -0.00018276582134040139 -0.00018276582134040139 -0.00018276582134040139 -8.9562875608789296e-06 0.00020296793892025404 -0.00024894197450147108 -0.00018276582134040139 0.00037459171069400567 5.570422589803052e-05 -0.00027515337253190445 6.9537598253912279e-05 -0.00018276582134040139 -0.00018276582134040139 -0.00018276582134040139 -0.00018276582134040139 -0.00061353036453333791 -0.00021778666482642889 9.525008756827873e-05 -0.00018276582134040139 0.00081014432026755429 -0.00018297939194548391 -0.00023574846596670173 -7.511827858357618e-06 -0.00018276582134040139 0.00079968658437062988
leaf_weight=2727 167451 8568 3116 2735 5847 11546 6558 23212 36574 292278 8085 3385 97545 225308 12534 21988 9037 15820 4062 10887 1174 13309 135188 4157 17886 17162 10152 104677 10032 32791
leaf_count=2727 167451 8568 3116 2735 5847 11546 6558 23212 36574 292278 8085 3385 97545 225308 12534 21988 9037 15820 4062 10887 1174 13309 135188 4157 17886 17162 10152 104677 10032 32791
internal_value=-3.79601e-06 0.000516412 -0.00544948 -0.00703491 -0.000436079 -0.00341414 -0.011393 -0.00433729 -0.00198558 0.00143902 -0.00937338 -0.0101643 0.00163964 0.000123893 -0.000700958 -5.9846e-06 -0.00863829 -0.00316239 -0.00211772 -0.00885369 -0.00466419 -0.00253303 0.00133573 -0.0127879 0.000616371 -0.00381884 -0.00301604 0.000497371 -0.00815789 0.00263649
internal_weight=1.31579e+06 1.20106e+06 114733 88844 590959 93523 33978 54866 75434 610099 18089 30862 557802 497436 52297 25889 11772 43094 27274 24304 3901 21877 427466 10004 30420 38860 27314 329985 20919 130336
internal_count=1315791 1201058 114733 88844 590959 93523 33978 54866 75434 610099 18089 30862 557802 497436 52297 25889 11772 43094 27274 24304 3901 21877 427466 10004 30420 38860 27314 329985 20919 130336
cat_boundaries=0 1 2 3 4 5 6 7
cat_threshold=7 15 32 64 1 96 64
is_linear=0
shrinkage=0.05


Tree=41
num_leaves=31
num_cat=7
split_feature=6 7 1 7 1 7 7 6 6 6 7 6 7 1 7 7 6 1 3 1 7 2 2 3 5 6 7 1 1 6
split_gain=1475.76 398.507 394.766 417.839 322.682 415.151 203.218 114.248 110.901 104.382 82.7709 78.5826 58.3871 43.8542 38.336 37.7664 33.4435 32.2674 43.0308 30.8108 30.7338 29.2445 29.0856 28.3736 27.7809 25.6647 24.8842 24.3519 21.191 20.2467
threshold=12.413077667390478 0.082509590970718125 0 0.075491315677096354 1 0.038579431872486268 0.029154964549149176 13.652693937087976 11.990580988694822 13.597834221510492 0.05423600787202091 11.990580988694822 0.066162824367806392 2 0.080256544605338681 0.11621054548671803 11.583360624843122 3 5.5000000000000009 4 0.032622803014054867 16.500000000000004 9.5000000000000018 3.5000000000000004 5.5000000000000009 12.647436448413044 0.028165668868557519 5 6 13.376660574879262
decision_type=2 2 1 2 1 2 2 2 2 2 2 2 2 1 2 2 2 1 2 1 2 2 2 2 2 2 2 1 1 2
left_child=2 4 14 6 10 9 -4 12 16 26 20 -8 -7 15 19 24 -5 18 -10 -1 29 -15 -13 -12 -3 27 -6 -14 -24 -2
right_child=1 13 3 8 5 7 11 -9 17 -11 23 22 25 21 -16 -17 -18 -19 -20 -21 -22 -23 28 -25 -26 -27 -28 -29 -30 -31
leaf_value=-3.0818428585993615e-05 -8.0094899256185096e-05 0.00029676994226842507 -0.00017362753027338131 -0.00017362753027338131 -0.0001784338563555837 -0.00017362753027338131 -0.00017362753027338131 6.5053955682387043e-05 -0.00017362753027338131 -0.00023649487577639754 4.825762261088705e-05 -0.00017362753027338131 -0.00017362753027338131 1.7138573250526523e-05 0.00040133842857392917 0.0007469859403504295 -0.00017362753027338131 -0.00017362753027338131 -0.00017362753027338131 -0.00067824237111619953 3.1928869327076185e-06 0.00027368134351846065 -0.00017362753027338131 0.00016004113598135533 0.0001397712398261091 -0.00017244162542478974 -0.00017362753027338131 -0.00017227955373341048 -0.00017362753027338131 3.2742694694750468e-05
leaf_weight=13525 57118 181739 3116 2735 5847 31244 6558 59624 23212 8085 138640 3385 5529 55631 9995 33964 9037 15820 4062 2369 300758 79007 10887 106003 84567 32667 4157 5219 10032 11259
leaf_count=13525 57118 181739 3116 2735 5847 31244 6558 59624 23212 8085 138640 3385 5529 55631 9995 33964 9037 15820 4062 2369 300758 79007 10887 106003 84567 32667 4157 5219 10032 11259
internal_value=-3.431e-05 0.000483232 -0.00545209 -0.00703491 -0.000202963 -0.00226234 -0.011393 -0.0013046 -0.00433729 -0.00937338 0.000308315 -0.0101643 -0.00260792 0.00169206 -1.75681e-05 0.00202827 -0.00863829 -0.00316239 -0.00211772 -0.00154335 -0.000164371 0.000942012 -0.00885369 0.00102155 0.00182809 -0.00142174 -0.0127879 -0.00354112 -0.00815789 -0.00112121
internal_weight=1.31579e+06 1.20106e+06 114733 88844 766150 152372 33978 134283 54866 18089 613778 30862 74659 434908 25889 300270 11772 43094 27274 15894 369135 134638 24304 244643 266306 43415 10004 10748 20919 68377
internal_count=1315791 1201058 114733 88844 766150 152372 33978 134283 54866 18089 613778 30862 74659 434908 25889 300270 11772 43094 27274 15894 369135 134638 24304 244643 266306 43415 10004 10748 20919 68377
cat_boundaries=0 1 2 3 4 5 6 7
cat_threshold=7 15 23 64 3 64 64
is_linear=0
shrinkage=0.05


Tree=42
num_leaves=31
num_cat=6
split_feature=6 1 7 7 1 7 7 6 6 6 6 1 7 7 6 6 1 6 1 3 7 2 7 7 5 7 1 5 7 6
split_gain=1437.68 419.04 417.839 378.002 394.375 334.577 203.218 110.901 104.382 96.5248 78.5826 75.6752 57.9 54.992 41.4651 34.9248 48.9712 33.4435 32.2674 43.0308 29.3729 29.0856 24.8842 23.125 22.196 22.1595 21.191 19.7522 18.9254 18.7265
threshold=12.413077667390478 0 0.075491315677096354 0.070859323985042702 1 0.038579431872486268 0.029154964549149176 11.990580988694822 13.597834221510492 13.652693937087976 11.990580988694822 2 0.098690406200936651 0.04696943842221267 12.824983095337226 12.655801817186282 3 11.583360624843122 4 5.5000000000000009 0.080256544605338681 9.5000000000000018 0.028165668868557519 0.11844494027259878 5.5000000000000009 0.087953586857695942 5 5.5000000000000009 0.10155983211953989 13.168517689813857
decision_type=2 1 2 2 1 2 2 2 2 2 2 1 2 2 2 2 1 2 1 2 2 2 2 2 2 2 1 2 2 2
left_child=1 20 6 4 13 8 -3 17 22 15 -8 14 -13 24 25 -7 -17 -4 19 -9 -1 -12 -6 -14 -2 -5 -23 -15 -16 -18
right_child=3 2 7 11 5 9 10 18 -10 -11 21 12 23 27 28 16 29 -19 -20 -21 -22 26 -24 -25 -26 -27 -28 -29 -30 -31
leaf_value=-7.4918504694422203e-05 -1.7799331453201299e-06 -0.00016494615375971225 -0.00016494615375971225 -0.00016366557604673994 -0.00016951216353780453 -0.00016494615375971225 -0.00016494615375971225 -0.00016494615375971225 -0.00022467013198757763 -6.4400985455692981e-06 -0.00016494615375971225 0.00014651489073940318 0.00031229189687429371 7.7441638611653555e-05 -8.4334571921340618e-05 -0.00016069701676439858 -0.00024196112029666473 -0.00016494615375971225 -0.00016494615375971225 -0.00016494615375971225 0.00038127150714523279 -0.00016494615375971225 -0.00016494615375971225 0.00072235295813457699 -5.8018983280327683e-05 -0.00020775426024763379 -0.00016494615375971225 3.5499220727648226e-06 0.00085266708522332589 -0.00020523671547085037
leaf_weight=15894 175491 3116 2735 7600 5847 13864 6558 23212 8085 38457 3385 341779 146043 184764 15243 23389 1989 9037 15820 4062 9995 10887 4157 32791 82771 14597 10032 85591 9608 8992
leaf_count=15894 175491 3116 2735 7600 5847 13864 6558 23212 8085 38457 3385 341779 146043 184764 15243 23389 1989 9037 15820 4062 9995 10887 4157 32791 82771 14597 10032 85591 9608 8992
internal_value=-5.67299e-05 -0.00540416 -0.00703491 0.000454091 -0.000385643 -0.0031878 -0.011393 -0.00433729 -0.00937338 -0.00189749 -0.0101643 0.00139107 0.0015646 0.000169846 -0.000529347 -0.00338724 -0.00253273 -0.00863829 -0.00316239 -0.00211772 0.000194795 -0.00885369 -0.0127879 0.00229358 -0.000351929 -0.00210006 -0.00815789 0.000668288 0.000873406 -0.00528569
internal_weight=1.31579e+06 114733 88844 1.20106e+06 633397 104780 33978 54866 18089 86691 30862 567661 520613 528617 47048 48234 34370 11772 43094 27274 25889 24304 10004 178834 258262 22197 20919 270355 24851 10981
internal_count=1315791 114733 88844 1201058 633397 104780 33978 54866 18089 86691 30862 567661 520613 528617 47048 48234 34370 11772 43094 27274 25889 24304 10004 178834 258262 22197 20919 270355 24851 10981
cat_boundaries=0 1 2 3 4 5 6
cat_threshold=7 15 32 96 64 64
is_linear=0
shrinkage=0.05


Tree=43
num_leaves=31
num_cat=6
split_feature=6 1 7 7 1 7 7 1 6 6 6 6 7 7 6 7 1 3 7 2 1 6 3 7 5 1 6 6 3 3
split_gain=1420.56 419.488 417.839 357.533 438.637 230.488 203.218 141.216 110.901 108.493 107.512 78.5826 64.5853 48.756 33.4435 32.5112 32.2674 43.0308 29.6449 29.0856 28.2667 44.55 27.2736 26.8328 24.3369 21.191 21.078 18.026 17.969 17.6282
threshold=12.413077667390478 0 0.075491315677096354 0.039807080262756707 1 0.088766613791931293 0.029154964549149176 2 11.990580988694822 13.597834221510492 13.652693937087976 11.990580988694822 0.066162824367806392 0.057924780312054024 11.583360624843122 0.028165668868557519 3 5.5000000000000009 0.11844494027259878 9.5000000000000018 4 12.998909605971347 3.5000000000000004 0.080256544605338681 5.5000000000000009 5 13.376660574879262 11.583360624843122 3.5000000000000004 5.5000000000000009
decision_type=2 1 2 2 1 2 2 1 2 2 2 2 2 2 2 2 1 2 2 2 1 2 2 2 2 1 2 2 2 2
left_child=1 23 6 4 26 7 -3 13 14 15 12 27 -9 -5 -4 -6 17 -10 24 -13 -14 28 -15 -1 -7 29 -2 -8 -22 -21
right_child=3 2 8 5 9 18 11 10 16 -11 -12 19 20 22 -16 -17 -18 -19 -20 25 21 -23 -24 -25 -26 -27 -28 -29 -30 -31
leaf_value=-7.1172579459701063e-05 -7.0070283917157632e-05 -0.00015669884607172663 -0.00015669884607172663 7.4851294572669367e-06 -0.0001610365553609143 0.00029231556418378538 -0.00015669884607172663 -0.00015669884607172663 -0.00015669884607172663 -0.00021566234884037641 7.5562784779966631e-05 -0.00015669884607172663 1.8066556762968749e-05 5.5357554483603203e-05 -0.00015669884607172663 -0.00015669884607172663 -0.00015669884607172663 -0.00015669884607172663 0.00070370184558952011 -0.00015669884607172663 -0.00015742970580651978 -0.00014115317709133558 0.00017427580978288408 0.00036220793178797124 0.00014011337861439611 -0.00015669884607172663 2.8509474417010625e-05 -0.00015669884607172663 -0.00015681349975409529 -0.00015669884607172663
leaf_weight=15894 72695 3116 2735 314791 5847 215177 1546 30373 23212 9046 62431 3385 21140 151906 9037 4994 15820 4062 38974 9282 10454 16619 115938 9995 100040 10032 22457 5012 8176 1605
leaf_count=15894 72695 3116 2735 314791 5847 215177 1546 30373 23212 9046 62431 3385 21140 151906 9037 4994 15820 4062 38974 9282 10454 16619 115938 9995 100040 10032 22457 5012 8176 1605
internal_value=-8.77759e-05 -0.00540328 -0.00703491 0.000419997 -0.00223059 0.000700766 -0.011393 0.000194021 -0.00433729 -0.00898201 -0.00117849 -0.0101643 -0.00231714 0.000545487 -0.00863829 -0.01236 -0.00316239 -0.00211772 0.0017478 -0.00885369 -0.00131595 -0.00218256 0.00104135 0.000198657 0.00158695 -0.00815789 -0.000818499 -0.0150213 -0.00386205 -0.00660411
internal_weight=1.31579e+06 114733 88844 1.20106e+06 115039 1.08602e+06 33978 731828 54866 19887 149193 30862 86762 582635 11772 10841 43094 27274 354191 24304 56389 35249 267844 25889 315217 20919 95152 6558 18630 10887
internal_count=1315791 114733 88844 1201058 115039 1086019 33978 731828 54866 19887 149193 30862 86762 582635 11772 10841 43094 27274 354191 24304 56389 35249 267844 25889 315217 20919 95152 6558 18630 10887
cat_boundaries=0 1 2 3 4 5 6
cat_threshold=7 15 15 64 64 64
is_linear=0
shrinkage=0.05


Tree=44
num_leaves=31
num_cat=7
split_feature=6 1 7 7 1 7 7 1 6 6 6 6 7 7 6 7 1 3 2 1 6 7 3 1 7 5 1 6 6 3
split_gain=1404.65 421.282 417.839 339.219 443.792 216.991 203.218 137.589 110.901 108.493 105.432 78.5826 65.8455 44.7076 33.4435 32.5112 32.2674 43.0308 29.0856 28.7041 44.228 27.6113 24.9943 26.4295 24.6203 22.4201 21.191 18.9957 18.026 17.8328
threshold=12.413077667390478 0 0.075491315677096354 0.039807080262756707 1 0.089200895554978468 0.029154964549149176 2 11.990580988694822 13.597834221510492 13.652693937087976 11.990580988694822 0.066162824367806392 0.057924780312054024 11.583360624843122 0.028165668868557519 3 5.5000000000000009 9.5000000000000018 4 12.998909605971347 0.11844494027259878 4.5000000000000009 5 0.080256544605338681 5.5000000000000009 6 13.376660574879262 11.583360624843122 3.5000000000000004
decision_type=2 1 2 2 1 2 2 1 2 2 2 2 2 2 2 2 1 2 2 1 2 2 2 1 2 2 1 2 2 2
left_child=1 24 6 4 27 7 -3 13 14 15 12 28 -9 -5 -4 -6 17 -10 -13 -14 29 25 -15 -24 -1 -7 -20 -2 -8 -21
right_child=3 2 8 5 9 21 11 10 16 -11 -12 18 19 22 -16 -17 -18 -19 26 20 -22 -23 23 -25 -26 -27 -28 -29 -30 -31
leaf_value=-6.761395048671599e-05 -6.6566769721299705e-05 -0.0001488639037681403 -0.0001488639037681403 7.1108729844036428e-06 -0.00015298472759286857 0.00027966140071251249 -0.0001488639037681403 -0.0001488639037681403 -0.0001488639037681403 -0.0002048792313983576 7.2635456570121633e-05 -0.0001488639037681403 2.005771958046693e-05 6.5005984396675616e-05 -0.0001488639037681403 -0.0001488639037681403 -0.0001488639037681403 -0.0001488639037681403 -0.0001488639037681403 -0.00014955822051619379 -0.00013409551823676877 0.0006685167533100443 -7.299637582908357e-05 0.0002370374769882399 0.00034409753519857277 0.00013416917576829357 -0.0001488639037681403 2.7084000696160022e-05 -0.0001488639037681403 -0.00014897282476639053
leaf_weight=15894 72695 3116 2735 314791 5847 211907 1546 30373 23212 9046 62718 3385 21549 193452 9037 4994 15820 4062 10887 10545 16717 38974 8619 69557 9995 98567 10032 22457 5012 8250
leaf_count=15894 72695 3116 2735 314791 5847 211907 1546 30373 23212 9046 62718 3385 21549 193452 9037 4994 15820 4062 10887 10545 16717 38974 8619 69557 9995 98567 10032 22457 5012 8250
internal_value=-0.000114148 -0.0053998 -0.00703491 0.000390772 -0.00219104 0.000664257 -0.011393 0.000177451 -0.00433729 -0.00898201 -0.001173 -0.0101643 -0.00229522 0.000523243 -0.00863829 -0.01236 -0.00316239 -0.00211772 -0.00885369 -0.00129414 -0.00216739 0.00169035 0.000993234 0.00174772 0.000214101 0.00153288 -0.00815789 -0.000770686 -0.0150213 -0.00383214
internal_weight=1.31579e+06 114733 88844 1.20106e+06 115039 1.08602e+06 33978 736571 54866 19887 150152 30862 87434 586419 11772 10841 43094 27274 24304 57061 35512 349448 271628 78176 25889 310474 20919 95152 6558 18795
internal_count=1315791 114733 88844 1201058 115039 1086019 33978 736571 54866 19887 150152 30862 87434 586419 11772 10841 43094 27274 24304 57061 35512 349448 271628 78176 25889 310474 20919 95152 6558 18795
cat_boundaries=0 1 2 3 4 5 6 7
cat_threshold=7 15 15 64 64 1 64
is_linear=0
shrinkage=0.05


Tree=45
num_leaves=31
num_cat=6
split_feature=6 1 7 7 1 7 7 1 6 6 6 6 7 7 6 7 1 3 1 6 2 7 3 7 1 5 3 6 5 3
split_gain=1393.58 418.592 417.839 323.234 448.177 203.218 203.038 133.226 110.901 108.493 101.626 78.5826 66.6803 41.3987 33.4435 32.5112 32.2674 43.0308 29.4573 44.6042 29.0856 25.6751 24.0604 21.9878 21.191 20.2199 18.5104 18.026 18.0109 17.6282
threshold=12.413077667390478 0 0.075491315677096354 0.039807080262756707 1 0.029154964549149176 0.089968119969476928 2 11.990580988694822 13.597834221510492 13.652693937087976 11.990580988694822 0.066162824367806392 0.057924780312054024 11.583360624843122 0.028165668868557519 3 5.5000000000000009 4 12.998909605971347 9.5000000000000018 0.11844494027259878 3.5000000000000004 0.080256544605338681 5 5.5000000000000009 3.5000000000000004 11.583360624843122 5.5000000000000009 5.5000000000000009
decision_type=2 1 2 2 1 2 2 1 2 2 2 2 2 2 2 2 1 2 1 2 2 2 2 2 1 2 2 2 2 2
left_child=1 23 5 4 -2 -3 7 13 14 15 12 27 -9 -5 -4 -6 17 -10 -14 26 -13 25 28 -1 29 -8 -20 -7 -15 -22
right_child=3 2 8 6 9 11 21 10 16 -11 -12 20 18 22 -16 -17 -18 -19 19 -21 24 -23 -24 -25 -26 -27 -28 -29 -30 -31
leaf_value=-6.4233252962380202e-05 -4.2680395288418986e-05 -0.00014142070857973328 -0.00014142070857973328 6.7553293351834103e-06 -0.00014533549121322514 -0.00014142070857973328 0.00026938099697080322 -0.00014142070857973328 -0.00014142070857973328 -0.00019463526982843973 7.0526439397101707e-05 -0.00014142070857973328 2.8117633025335738e-05 8.5585026110719829e-05 -0.00014142070857973328 -0.00014142070857973328 -0.00014142070857973328 -0.00014142070857973328 -0.00016267854818504703 -0.00012739074232493035 -0.00014142070857973328 0.00063509091564454201 0.00015815491849200509 0.00032689265843864406 -0.00014142070857973328 0.00013042503965627171 -0.00014090688679339932 -0.00014142070857973328 -2.2430545917161544e-05 -0.00014142070857973328
leaf_weight=15894 95152 3116 2735 314791 5847 1546 206028 30373 23212 9046 63162 3385 22318 108752 9037 4994 15820 4062 10763 16920 9282 38974 120503 9995 10032 95667 8397 5012 49371 1605
leaf_count=15894 95152 3116 2735 314791 5847 1546 206028 30373 23212 9046 63162 3385 22318 108752 9037 4994 15820 4062 10763 16920 9282 38974 120503 9995 10032 95667 8397 5012 49371 1605
internal_value=-0.000140254 -0.00540503 -0.00703491 0.000362672 -0.00215757 -0.011393 0.000629635 0.000167438 -0.00433729 -0.00898201 -0.00115362 -0.0101643 -0.00224448 0.000505682 -0.00863829 -0.01236 -0.00316239 -0.00211772 -0.00125621 -0.0021391 -0.00885369 0.00164087 0.000949589 0.000190934 -0.00815789 0.00148486 -0.00379175 -0.0150213 0.000543975 -0.00660411
internal_weight=1.31579e+06 114733 88844 1.20106e+06 115039 33978 1.08602e+06 745350 54866 19887 151933 30862 88771 593417 11772 10841 43094 27274 58398 36080 24304 340669 278626 25889 20919 301695 19160 6558 158123 10887
internal_count=1315791 114733 88844 1201058 115039 33978 1086019 745350 54866 19887 151933 30862 88771 593417 11772 10841 43094 27274 58398 36080 24304 340669 278626 25889 20919 301695 19160 6558 158123 10887
cat_boundaries=0 1 2 3 4 5 6
cat_threshold=7 15 15 64 64 64
is_linear=0
shrinkage=0.05


Tree=46
num_leaves=31
num_cat=7
split_feature=6 1 7 7 1 7 7 1 6 6 6 6 7 1 7 1 6 6 7 1 3 2 7 1 3 7 5 5 6 5
split_gain=1380.51 419.04 417.839 308.975 452.125 203.218 191.723 130.819 110.901 108.493 78.5826 57.7759 44.3495 41.2072 41.3858 35.5665 74.2407 33.4435 32.5112 32.2674 43.0308 29.0856 24.722 21.191 20.4177 20.0257 18.9369 18.7465 18.026 17.913
threshold=12.413077667390478 0 0.075491315677096354 0.039807080262756707 1 0.029154964549149176 0.089968119969476928 2 11.990580988694822 13.597834221510492 11.990580988694822 12.781428899765492 0.058434729769309891 3 0.060802840486139792 4 13.652693937087976 11.583360624843122 0.028165668868557519 5 5.5000000000000009 9.5000000000000018 0.11844494027259878 6 3.5000000000000004 0.080256544605338681 5.5000000000000009 5.5000000000000009 11.583360624843122 5.5000000000000009
decision_type=2 1 2 2 1 2 2 1 2 2 2 2 2 1 2 1 2 2 2 1 2 2 2 1 2 2 2 2 2 2
left_child=1 25 5 4 -2 -3 7 11 17 18 28 13 15 14 -5 16 -9 -4 -6 20 -10 -12 27 -23 -15 -1 -14 -8 -7 -17
right_child=3 2 8 6 9 10 22 12 19 -11 21 -13 26 24 -16 29 -18 -19 -20 -21 -22 23 -24 -25 -26 -27 -28 -29 -30 -31
leaf_value=-6.1021590314261229e-05 -4.0546375523997993e-05 -0.00013434967315074662 -0.00013434967315074662 -0.00013434967315074662 -0.00013806871665256391 -0.00013434967315074662 0.00025591194712226337 -0.00023662526793708839 -0.00013434967315074662 -0.00018490350633701771 -0.00013434967315074662 -0.00012845889137374483 0.000111721278693505 -0.00013434967315074662 -0.00013434967315074662 2.2381174502303112e-05 -0.0001529850235011486 -0.00013434967315074662 -0.00013434967315074662 -0.00013434967315074662 -0.00013434967315074662 -0.00013434967315074662 0.00060333636986231514 -0.00013434967315074662 -0.00013434967315074662 0.00031054802551671175 2.4516556278983638e-05 0.00012390378767345798 -0.00013434967315074662 -2.9432508350306191e-05
leaf_weight=15894 95152 3116 2735 5735 5847 1546 206028 5998 23212 9046 3385 34396 223944 8912 15321 217744 20288 9037 4994 15820 4062 10887 38974 10032 6910 9995 104887 95667 5012 101215
leaf_count=15894 95152 3116 2735 5735 5847 1546 206028 5998 23212 9046 3385 34396 223944 8912 15321 217744 20288 9037 4994 15820 4062 10887 38974 10032 6910 9995 104887 95667 5012 101215
internal_value=-0.000164118 -0.00540416 -0.00703491 0.000336445 -0.00212758 -0.011393 0.000597453 0.00014832 -0.00433729 -0.00898201 -0.0101643 -0.00188864 0.000363722 -0.00326373 -0.00181192 -3.20785e-05 -0.00179951 -0.00863829 -0.01236 -0.00316239 -0.00211772 -0.00885369 0.00158011 -0.00815789 -0.00519138 0.000194795 0.000779291 0.00142702 -0.0150213 0.000113632
internal_weight=1.31579e+06 114733 88844 1.20106e+06 115039 33978 1.08602e+06 745350 54866 19887 30862 71274 674076 36878 21056 345245 26286 11772 10841 43094 27274 24304 340669 20919 15822 25889 328831 301695 6558 318959
internal_count=1315791 114733 88844 1201058 115039 33978 1086019 745350 54866 19887 30862 71274 674076 36878 21056 345245 26286 11772 10841 43094 27274 24304 340669 20919 15822 25889 328831 301695 6558 318959
cat_boundaries=0 1 2 3 4 5 6 7
cat_threshold=7 15 96 64 16 64 64
is_linear=0
shrinkage=0.05


Tree=47
num_leaves=31
num_cat=7
split_feature=6 1 7 7 1 7 7 1 6 6 6 6 7 7 6 7 1 3 2 1 6 7 3 1 1 7 6 3 3 6
split_gain=1368.59 418.816 417.839 295.165 456.148 203.218 179.203 128.33 110.901 108.493 99.5199 78.5826 65.1485 34.1197 33.4435 32.5112 32.2674 43.0308 29.0856 28.954 44.3443 25.1163 21.8035 24.8017 21.191 18.8314 18.026 17.8087 17.6282 16.99
threshold=12.413077667390478 0 0.075491315677096354 0.039807080262756707 1 0.029154964549149176 0.089200895554978468 2 11.990580988694822 13.597834221510492 13.652693937087976 11.990580988694822 0.066162824367806392 0.057924780312054024 11.583360624843122 0.028165668868557519 3 5.5000000000000009 9.5000000000000018 4 12.998909605971347 0.10579941122073669 4.5000000000000009 5 6 0.080256544605338681 11.583360624843122 3.5000000000000004 5.5000000000000009 13.376660574879262
decision_type=2 1 2 2 1 2 2 1 2 2 2 2 2 2 2 2 1 2 2 1 2 2 2 1 1 2 2 2 2 2
left_child=1 25 5 4 29 -3 7 13 14 15 12 26 -9 -5 -4 -6 17 -10 -13 -14 27 -8 -15 -24 28 -1 -7 -21 -20 -2
right_child=3 2 8 6 9 11 21 10 16 -11 -12 18 19 22 -16 -17 -18 -19 24 20 -22 -23 23 -25 -26 -27 -28 -29 -30 -31
leaf_value=-5.7970510798548142e-05 -5.9077092694613782e-05 -0.00012763218949320929 -0.00012763218949320929 6.0397107669951776e-06 -0.0001311652808199357 -0.00012763218949320929 0.00017257470122367097 -0.00012763218949320929 -0.00012763218949320929 -0.00017565833102016685 6.4027970328852697e-05 -0.00012763218949320929 2.4366435607714129e-05 5.4085816068078884e-05 -0.00012763218949320929 -0.00012763218949320929 -0.00012763218949320929 -0.00012763218949320929 -0.00012763218949320929 -0.00012736459666142441 -0.00012610724947483966 0.00041771621701458262 -8.1655621625567214e-05 0.00021375558926978435 -0.00012763218949320929 0.00029502062424087601 -0.00012763218949320929 -0.0001277613555308637 -0.00012763218949320929 2.9891139201973003e-05
leaf_weight=15894 72695 3116 2735 314791 5847 1546 245796 30373 23212 9046 62718 3385 21549 193452 9037 4994 15820 4062 9282 10545 16717 103652 8619 69557 10032 9995 5012 8250 1605 22457
leaf_count=15894 72695 3116 2735 314791 5847 1546 245796 30373 23212 9046 62718 3385 21549 193452 9037 4994 15820 4062 9282 10545 16717 103652 8619 69557 10032 9995 5012 8250 1605 22457
internal_value=-0.000187222 -0.00540459 -0.00703491 0.000311176 -0.00209716 -0.011393 0.000566284 0.000123892 -0.00433729 -0.00898201 -0.00118033 -0.0101643 -0.00227063 0.000457848 -0.00863829 -0.01236 -0.00316239 -0.00211772 -0.00885369 -0.00127486 -0.00215191 0.00149876 0.000868431 0.00157312 -0.00815789 0.000192865 -0.0150213 -0.00381883 -0.00660411 -0.000657195
internal_weight=1.31579e+06 114733 88844 1.20106e+06 115039 33978 1.08602e+06 736571 54866 19887 150152 30862 87434 586419 11772 10841 43094 27274 24304 57061 35512 349448 271628 78176 20919 25889 6558 18795 10887 95152
internal_count=1315791 114733 88844 1201058 115039 33978 1086019 736571 54866 19887 150152 30862 87434 586419 11772 10841 43094 27274 24304 57061 35512 349448 271628 78176 20919 25889 6558 18795 10887 95152
cat_boundaries=0 1 2 3 4 5 6 7
cat_threshold=7 15 15 64 64 1 64
is_linear=0
shrinkage=0.05


Tree=48
num_leaves=31
num_cat=7
split_feature=6 1 7 7 1 7 7 1 6 6 6 6 7 7 6 1 3 5 2 1 6 7 7 3 1 1 5 6 3 7
split_gain=1354.57 420.833 417.839 280.41 456.541 203.218 163.607 125.487 112.667 110.901 96.3181 78.5826 61.237 36.0317 33.4435 32.2674 43.0308 31.8036 29.0856 28.1403 44.7683 24.1076 23.4435 23.2426 21.191 19.182 18.6244 18.026 17.6282 17.2618
threshold=12.413077667390478 0 0.075491315677096354 0.040244266434038722 1 0.029154964549149176 0.088766613791931293 2 13.597834221510492 11.990580988694822 13.652693937087976 11.990580988694822 0.066162824367806392 0.028165668868557519 11.583360624843122 3 5.5000000000000009 5.5000000000000009 9.5000000000000018 4 12.781428899765492 0.11844494027259878 0.055735845590990436 1.0000000180025095e-35 5 6 5.5000000000000009 11.583360624843122 5.5000000000000009 0.080256544605338681
decision_type=2 1 2 2 1 2 2 1 2 2 2 2 2 2 2 1 2 2 2 1 2 2 2 2 1 1 2 2 2 2
left_child=1 29 5 4 -2 -3 7 17 13 14 12 27 -9 -6 -4 16 -11 22 -13 -14 -21 26 -5 25 28 -19 -8 -7 -20 -1
right_child=3 2 9 6 8 11 21 10 -10 15 -12 18 19 -15 -16 -17 -18 23 24 20 -22 -23 -24 -25 -26 -27 -28 -29 -30 -31
leaf_value=-5.5071985258620798e-05 -3.5747631011360136e-05 -0.00012125058001854882 -0.00012125058001854882 1.8970704898025505e-05 -0.00012460701677893891 -0.00012125058001854882 0.00022833315682057668 -0.00012125058001854882 -0.00016687541446915849 -0.00012125058001854882 5.9402522512157576e-05 -0.00012125058001854882 1.9959084082831738e-05 -0.00012125058001854882 -0.00012125058001854882 -0.00012125058001854882 -0.00012125058001854882 -3.8421535655326556e-05 -0.00012125058001854882 -0.00012027143887139346 -0.0001244105860304187 0.00055228374051846999 0.00010299602911827995 9.4167282015710977e-06 -0.00012125058001854882 -0.00022569016193861314 0.00010354570273493479 -0.00012125058001854882 -0.00012125058001854882 0.0002802695930288323
leaf_weight=15894 99402 3116 2735 198554 5847 1546 215177 30025 9402 23212 62082 3385 21140 5335 9037 15820 4062 17898 9282 10551 24698 38974 196208 156928 10032 8797 100040 5012 1605 9995
leaf_count=15894 99402 3116 2735 198554 5847 1546 215177 30025 9402 23212 62082 3385 21140 5335 9037 15820 4062 17898 9282 10551 24698 38974 196208 156928 10032 8797 100040 5012 1605 9995
internal_value=-0.000210098 -0.00540067 -0.00703491 0.00028574 -0.00200748 -0.011393 0.00054026 0.000110892 -0.00878314 -0.00433729 -0.00118561 -0.0101643 -0.00226503 -0.0121794 -0.00863829 -0.00316239 -0.00211772 0.000443771 -0.00885369 -0.00129378 -0.00215846 0.00142142 0.000696648 -9.98511e-05 -0.00815789 -0.00146376 0.00127637 -0.0150213 -0.00660411 0.00021024
internal_weight=1.31579e+06 114733 88844 1.20106e+06 119986 33978 1.08107e+06 726881 20584 54866 148496 30862 86414 11182 11772 43094 27274 578385 24304 56389 35249 354191 394762 183623 20919 26695 315217 6558 10887 25889
internal_count=1315791 114733 88844 1201058 119986 33978 1081072 726881 20584 54866 148496 30862 86414 11182 11772 43094 27274 578385 24304 56389 35249 354191 394762 183623 20919 26695 315217 6558 10887 25889
cat_boundaries=0 1 2 3 4 5 6 7
cat_threshold=7 15 15 64 64 64 9
is_linear=0
shrinkage=0.05


Tree=49
num_leaves=31
num_cat=7
split_feature=6 1 7 7 1 7 6 7 1 6 6 6 1 6 7 7 6 1 3 5 2 7 7 7 3 1 3 6 3 1
split_gain=1348.1 420.609 417.839 245.24 393.583 203.218 157.573 152.876 120.886 110.901 78.5826 68.5944 45.3679 55.0645 73.4151 36.0317 33.4435 32.2674 43.0308 30.3933 29.0856 24.8555 22.7666 21.9145 21.5793 21.191 20.6399 18.026 17.887 17.8793
threshold=12.413077667390478 0 0.075491315677096354 0.040244266434038722 1 0.029154964549149176 13.597834221510492 0.090365501787713229 2 11.990580988694822 11.990580988694822 12.781428899765492 3 13.814302828840335 0.058434729769309891 0.028165668868557519 11.583360624843122 4 5.5000000000000009 5.5000000000000009 9.5000000000000018 0.024630190825150434 0.060802840486139792 0.11844494027259878 1.0000000180025095e-35 5 3.5000000000000004 11.583360624843122 3.5000000000000004 6
decision_type=2 1 2 2 1 2 2 2 1 2 2 2 1 2 2 2 2 1 2 2 2 2 2 2 2 1 2 2 2 1
left_child=1 -1 5 4 -2 -3 15 8 11 16 27 26 13 14 -10 -6 -4 18 -11 22 -12 -8 -14 -9 29 -22 -5 -7 -13 -21
right_child=3 2 9 7 6 10 21 23 12 17 20 28 19 -15 -16 -17 -18 -19 -20 24 25 -23 -24 -25 -26 -27 -28 -29 -30 -31
leaf_value=1.7583421136537699e-05 -3.3960249460792118e-05 -0.0001151880510176214 -0.0001151880510176214 -0.0001151880510176214 -0.00011837666593999196 -0.0001151880510176214 1.5177765076933347e-06 0.00018517260840558868 -0.0001151880510176214 -0.0001151880510176214 -0.0001151880510176214 -0.00011593234712510413 2.132359847488348e-05 9.4832429737164693e-05 -0.00010810379103718473 -0.0001151880510176214 -0.0001151880510176214 -0.0001151880510176214 -0.0001151880510176214 -3.666721848114273e-05 -0.0001151880510176214 -0.0001966829922265519 0.00010789104649322243 0.00052466955349254657 9.1439062438584091e-06 -0.0001151880510176214 -0.0001151880510176214 -0.0001151880510176214 0.0006641004993207379 -0.00021009423911105943
leaf_weight=25889 99402 3116 2735 8976 5847 1546 1207 297030 18872 23212 3385 11487 227473 49538 47368 5335 9037 15820 4062 18356 10887 8195 177096 38974 160919 10032 6979 5012 8985 9019
leaf_count=25889 99402 3116 2735 8976 5847 1546 1207 297030 18872 23212 3385 11487 227473 49538 47368 5335 9037 15820 4062 18356 10887 8195 177096 38974 160919 10032 6979 5012 8985 9019
internal_value=-0.000222942 -0.0054011 -0.00703491 0.000271711 -0.00187288 -0.011393 -0.00816403 0.000509735 0.000110446 -0.00433729 -0.0101643 -0.00269822 0.000254858 -0.000650413 -0.00159345 -0.0121794 -0.00863829 -0.00316239 -0.00211772 0.000431652 -0.00885369 -0.00339715 0.000675892 0.00139513 -9.30989e-05 -0.00815789 -0.00515669 -0.0150213 -0.000783509 -0.00139087
internal_weight=1.31579e+06 114733 88844 1.20106e+06 119986 33978 20584 1.08107e+06 745068 54866 30862 36427 708641 115778 66240 11182 11772 43094 27274 592863 24304 9402 404569 336004 188294 20919 15955 6558 20472 27375
internal_count=1315791 114733 88844 1201058 119986 33978 20584 1081072 745068 54866 30862 36427 708641 115778 66240 11182 11772 43094 27274 592863 24304 9402 404569 336004 188294 20919 15955 6558 20472 27375
cat_boundaries=0 1 2 3 4 5 6 7
cat_threshold=7 15 32 80 64 64 9
is_linear=0
shrinkage=0.05


Tree=50
num_leaves=31
num_cat=6
split_feature=6 1 7 7 1 7 6 7 1 6 6 6 7 1 6 7 6 1 3 2 7 1 7 3 6 3 3 3 6 7
split_gain=1338.73 419.488 417.839 234.342 396.875 203.218 157.573 143.405 121.246 110.901 78.5826 67.6644 41.6196 64.8959 66.873 36.0317 33.4435 32.2674 43.0308 29.0856 24.8555 21.191 20.3261 20.3045 18.026 17.9024 17.6282 16.6997 16.5584 15.9674
threshold=12.413077667390478 0 0.075491315677096354 0.040244266434038722 1 0.029154964549149176 13.597834221510492 0.091495601640996252 2 11.990580988694822 11.990580988694822 12.781428899765492 0.060802840486139792 3 13.712304109497831 0.028165668868557519 11.583360624843122 4 5.5000000000000009 9.5000000000000018 0.024630190825150434 5 0.10626256099500953 3.5000000000000004 11.583360624843122 2.5000000000000004 5.5000000000000009 2.5000000000000004 11.583360624843122 0.070563949743190732
decision_type=2 1 2 2 1 2 2 2 1 2 2 2 2 1 2 2 2 1 2 2 2 1 2 2 2 2 2 2 2 2
left_child=1 28 5 4 -2 -3 15 8 11 16 24 23 13 14 -10 -6 -4 18 -11 -12 -8 26 -9 -5 -7 -13 -21 -19 -1 -30
right_child=3 2 9 7 6 10 20 22 12 17 19 25 -14 -15 -16 -17 -18 27 -20 21 -22 -23 -24 -25 -26 -27 -28 -29 29 -31
leaf_value=-0.0017524558377083777 -3.2262236987752526e-05 -0.00010942864846674032 -0.00010942864846674032 -0.00010942864846674032 -0.00011245783264299237 -0.00010942864846674032 1.4418876823086678e-06 0.00015559302481499694 -0.00010942864846674032 -0.00010942864846674032 -0.00010942864846674032 -0.00011013572976884892 7.1104288364469065e-05 6.5727868379134856e-06 -2.1065187750585538e-05 -0.00010942864846674032 -0.00010942864846674032 -0.00010942864846674032 -0.00010942864846674032 -0.00010942864846674032 -0.00018684884261522432 -0.00010942864846674032 0.00037470859311547412 -0.00010942864846674032 -0.00010942864846674032 0.00034991961217251181 -0.00010942864846674032 -0.00010942864846674032 -3.5242638676230452e-05 0.00028540261728616514
leaf_weight=763 99402 3116 2735 9144 5847 1546 1207 222818 18414 23212 3385 8642 349923 333507 20242 5335 9037 6471 4062 9282 8195 10032 99124 7109 5012 12149 1605 9349 15174 9952
leaf_count=763 99402 3116 2735 9144 5847 1546 1207 222818 18414 23212 3385 8642 349923 333507 20242 5335 9037 6471 4062 9282 8195 10032 99124 7109 5012 12149 1605 9349 15174 9952
internal_value=-0.000243158 -0.00540328 -0.00703491 0.000249772 -0.00184663 -0.011393 -0.00816403 0.000482447 0.000107426 -0.00433729 -0.0101643 -0.00268203 0.000250562 -0.000117516 -0.00205659 -0.0121794 -0.00863829 -0.00316239 -0.00211772 -0.00885369 -0.00339715 -0.00815789 0.00136674 -0.00509967 -0.0150213 -0.000793372 -0.00660411 -0.00495894 0.000198657 0.000419088
internal_weight=1.31579e+06 114733 88844 1.20106e+06 119986 33978 20584 1.08107e+06 759130 54866 30862 37044 722086 372163 38656 11182 11772 43094 27274 24304 9402 20919 321942 16253 6558 20791 10887 15820 25889 25126
internal_count=1315791 114733 88844 1201058 119986 33978 20584 1081072 759130 54866 30862 37044 722086 372163 38656 11182 11772 43094 27274 24304 9402 20919 321942 16253 6558 20791 10887 15820 25889 25126
cat_boundaries=0 1 2 3 4 5 6
cat_threshold=7 15 32 80 64 64
is_linear=0
shrinkage=0.05


Tree=51
num_leaves=31
num_cat=6
split_feature=6 1 7 7 1 7 6 7 1 6 6 6 7 1 6 7 6 1 3 2 7 3 1 5 3 6 3 3 7 6
split_gain=1330.24 417.697 417.839 224.844 401.685 203.218 160.205 133.178 120.988 110.901 78.5826 68.4037 39.6017 58.7904 61.3266 38.0554 33.4435 32.2674 43.0308 29.0856 24.2577 21.8818 21.191 20.4707 18.1584 18.026 17.6282 16.6997 15.955 15.8965
threshold=12.413077667390478 0 0.075491315677096354 0.040583133770588982 1 0.029154964549149176 13.597834221510492 0.093177700429382962 2 11.990580988694822 11.990580988694822 12.781428899765492 0.060802840486139792 3 13.712304109497831 0.028165668868557519 11.583360624843122 4 5.5000000000000009 9.5000000000000018 0.024630190825150434 3.5000000000000004 5 5.5000000000000009 3.5000000000000004 11.583360624843122 5.5000000000000009 2.5000000000000004 0.10297475800934078 11.583360624843122
decision_type=2 1 2 2 1 2 2 2 1 2 2 2 2 1 2 2 2 1 2 2 2 2 1 2 2 2 2 2 2 2
left_child=1 29 5 4 -2 -3 15 8 11 16 25 21 13 14 -10 -6 -4 18 -11 -12 -8 -5 26 28 -13 -7 -21 -19 -9 -1
right_child=3 2 9 7 6 10 20 23 12 17 19 24 -14 -15 -16 -17 -18 27 -20 22 -22 -23 -24 -25 -26 -27 -28 -29 -30 -31
leaf_value=-0.001664833045822959 -3.0110226999834736e-05 -0.00010395721604340329 -0.00010395721604340329 -0.00010395721604340329 -0.00010683494101084275 -0.00010395721604340329 1.3697932981932345e-06 0.00017596384459652576 -0.00010395721604340329 -0.00010395721604340329 -0.00010395721604340329 -0.00010688665288420009 6.8992127732555238e-05 6.5289777563454377e-06 -1.5252529090949152e-05 -0.00010395721604340329 -0.00010395721604340329 -0.00010395721604340329 -0.00010395721604340329 -0.00010395721604340329 -0.00018533287522213806 -0.00010395721604340329 -0.00010395721604340329 0.000111882440280223 0.00061256605115570645 -0.00010395721604340329 -0.00010395721604340329 -0.00010395721604340329 0.00037818181710377787 2.9714411840698138e-05
leaf_weight=763 103462 3116 2735 9428 5847 1546 1207 111787 18119 23212 3385 12040 372311 329447 19991 5607 9037 6471 4062 9282 8469 7326 10032 94421 9402 5012 1605 9349 92194 25126
leaf_count=763 103462 3116 2735 9428 5847 1546 1207 111787 18119 23212 3385 12040 372311 329447 19991 5607 9037 6471 4062 9282 8469 7326 10032 94421 9402 5012 1605 9349 92194 25126
internal_value=-0.000263032 -0.00540677 -0.00703491 0.000228332 -0.00178254 -0.011393 -0.00806291 0.000461074 0.000116662 -0.00433729 -0.0101643 -0.00262707 0.00025834 -0.00010982 -0.00196878 -0.0120683 -0.00863829 -0.00316239 -0.00211772 -0.00885369 -0.00332989 -0.00502149 -0.00815789 0.00135911 -0.000757392 -0.0150213 -0.00660411 -0.00495894 0.00164086 0.000183212
internal_weight=1.31579e+06 114733 88844 1.20106e+06 124592 33978 21130 1.07647e+06 778064 54866 30862 38196 739868 367557 38110 11454 11772 43094 27274 24304 9676 16754 20919 298402 21442 6558 10887 15820 203981 25889
internal_count=1315791 114733 88844 1201058 124592 33978 21130 1076466 778064 54866 30862 38196 739868 367557 38110 11454 11772 43094 27274 24304 9676 16754 20919 298402 21442 6558 10887 15820 203981 25889
cat_boundaries=0 1 2 3 4 5 6
cat_threshold=7 15 32 80 64 64
is_linear=0
shrinkage=0.05


Tree=52
num_leaves=31
num_cat=6
split_feature=6 1 7 7 1 7 6 7 1 6 6 6 7 6 1 3 7 1 6 2 7 3 1 5 6 3 3 3 7 6
split_gain=1322.88 417.027 417.839 214.646 413.205 203.218 162.523 118.931 122.243 110.901 78.5826 68.1795 45.3838 33.4435 32.2674 43.0308 31.42 44.1865 47.9921 29.0856 23.1402 21.8818 21.191 19.1614 18.026 17.8448 17.6282 16.6997 16.6027 16.1187
threshold=12.413077667390478 0 0.075491315677096354 0.041583106592019921 1 0.029154964549149176 13.597834221510492 0.093177700429382962 2 11.990580988694822 11.990580988694822 12.781428899765492 0.028165668868557519 11.583360624843122 3 5.5000000000000009 0.060802840486139792 4 13.721531691394475 9.5000000000000018 0.024630190825150434 3.5000000000000004 5 5.5000000000000009 11.583360624843122 3.5000000000000004 5.5000000000000009 2.5000000000000004 0.051322440910878987 14.124527348414963
decision_type=2 1 2 2 1 2 2 2 1 2 2 2 2 2 1 2 2 1 2 2 2 2 1 2 2 2 2 2 2 2
left_child=1 -1 5 4 -2 -3 12 8 11 13 24 21 -6 -4 15 -11 17 18 28 -12 -8 -5 26 -9 -7 -13 -21 -16 -10 -22
right_child=3 2 9 7 6 10 20 23 16 14 19 25 -14 -15 27 -17 -18 -19 -20 22 29 -23 -24 -25 -26 -27 -28 -29 -30 -31
leaf_value=1.4188183845247408e-05 -2.6970732309167127e-05 -9.8759355241233139e-05 -9.8759355241233139e-05 -9.8759355241233139e-05 -0.00010149319396030061 -9.8759355241233139e-05 1.3013036332835727e-06 0.00023777152141061755 -0.00015217302618030084 -9.8759355241233139e-05 -9.8759355241233139e-05 -0.00010154232023999008 -9.8759355241233139e-05 -9.8759355241233139e-05 -9.8759355241233139e-05 -9.8759355241233139e-05 6.554252134592737e-05 7.8615129506927838e-06 8.318627384765183e-06 -9.8759355241233139e-05 -0.00019557549232662058 -9.8759355241233139e-05 -9.8759355241233139e-05 0.00010628831826621187 -9.8759355241233139e-05 0.0005819377485979211 -9.8759355241233139e-05 -9.8759355241233139e-05 -9.8759355241233139e-05 -0.0001521699163107461
leaf_weight=25889 120767 3116 2735 9428 5847 1546 1207 203981 8094 23212 3385 12040 6400 9037 6471 4062 372311 312142 19013 9282 6905 7326 10032 94421 5012 9402 1605 9349 9481 2293
leaf_count=25889 120767 3116 2735 9428 5847 1546 1207 203981 8094 23212 3385 12040 6400 9037 6471 4062 372311 312142 19013 9282 6905 7326 10032 94421 5012 9402 1605 9349 9481 2293
internal_value=-0.000278574 -0.00540808 -0.00703491 0.00021143 -0.00160373 -0.011393 -0.00779896 0.000457571 0.000125172 -0.00433729 -0.0101643 -0.002631 -0.0117061 -0.00863829 -0.00316239 -0.00211772 0.000271208 -6.98246e-05 -0.00171348 -0.00885369 -0.00320759 -0.00502149 -0.00815789 0.00130331 -0.0150213 -0.000764387 -0.00660411 -0.00495894 -0.00359744 -0.00406175
internal_weight=1.31579e+06 114733 88844 1.20106e+06 143419 33978 22652 1.05764e+06 759237 54866 30862 38196 12247 11772 43094 27274 721041 348730 36588 24304 10405 16754 20919 298402 6558 21442 10887 15820 17575 9198
internal_count=1315791 114733 88844 1201058 143419 33978 22652 1057639 759237 54866 30862 38196 12247 11772 43094 27274 721041 348730 36588 24304 10405 16754 20919 298402 6558 21442 10887 15820 17575 9198
cat_boundaries=0 1 2 3 4 5 6
cat_threshold=7 15 32 64 80 64
is_linear=0
shrinkage=0.05


Tree=53
num_leaves=31
num_cat=7
split_feature=6 1 7 7 1 7 6 7 1 6 6 6 1 7 6 7 1 3 2 5 7 7 1 3 6 1 6 3 7 3
split_gain=1314.49 416.58 417.839 206.48 409.036 203.218 153.649 116.875 121.969 110.901 78.5826 59.0019 39.4338 39.7743 33.4435 32.5112 32.2674 43.0308 29.0856 28.9863 26.0335 22.0037 21.191 20.0981 19.3702 24.8274 18.026 17.6282 17.4994 16.6997
threshold=12.413077667390478 0 0.075491315677096354 0.039807080262756707 1 0.029154964549149176 13.597834221510492 0.088766613791931293 2 11.990580988694822 11.990580988694822 12.781428899765492 3 0.060802840486139792 11.583360624843122 0.028165668868557519 4 5.5000000000000009 9.5000000000000018 5.5000000000000009 0.024630190825150434 0.10626256099500953 5 3.5000000000000004 13.424338071421515 6 11.583360624843122 5.5000000000000009 0.051322440910878987 2.5000000000000004
decision_type=2 1 2 2 1 2 2 2 1 2 2 2 1 2 2 2 1 2 2 2 2 2 1 2 2 1 2 2 2 2
left_child=1 -1 5 4 -2 -3 15 8 11 14 26 12 13 -5 -4 -6 17 -11 -12 28 -8 -9 27 -14 25 -21 -7 -20 -10 -18
right_child=3 2 9 7 6 10 20 21 19 16 18 -13 23 -15 -16 -17 29 -19 22 24 -22 -23 -24 -25 -26 -27 -28 -29 -30 -31
leaf_value=1.3478774652984915e-05 -2.8114561324277992e-05 -9.3821387479171479e-05 -9.3821387479171479e-05 -9.1150703932218091e-05 -9.6418534262285587e-05 -9.3821387479171479e-05 1.2362384516193941e-06 0.00012313100475182289 4.3312373755142378e-06 -9.3821387479171479e-05 -9.3821387479171479e-05 -8.5554461244066393e-05 -9.3821387479171479e-05 -0.00012006480833790976 -9.3821387479171479e-05 -9.3821387479171479e-05 -9.3821387479171479e-05 -9.3821387479171479e-05 -9.3821387479171479e-05 -0.00030791987213500574 -0.00015846098210702518 0.00033252964214361912 -9.3821387479171479e-05 -9.3821387479171479e-05 2.7097663461587252e-05 -3.9600165852182005e-05 -9.3821387479171479e-05 -9.3821387479171479e-05 6.3434391055602345e-05 -9.3821387479171479e-05
leaf_weight=25889 95152 3116 2735 5735 5847 1546 1207 255067 163139 23212 3385 33637 8721 14565 9037 4994 6471 4062 9282 3331 7839 99124 10032 6781 93560 113753 5012 1605 288606 9349
leaf_count=25889 95152 3116 2735 5735 5847 1546 1207 255067 163139 23212 3385 33637 8721 14565 9037 4994 6471 4062 9282 3331 7839 99124 10032 6781 93560 113753 5012 1605 288606 9349
internal_value=-0.00029575 -0.00540895 -0.00703491 0.000192697 -0.0018216 -0.011393 -0.00834121 0.000406066 4.52157e-05 -0.00433729 -0.0101643 -0.00194826 -0.00336126 -0.00190793 -0.00863829 -0.01236 -0.00316239 -0.00211772 -0.00885369 0.00025422 -0.00353416 0.00115165 -0.00815789 -0.0052598 -0.000230151 -0.000658758 -0.0150213 -0.00660411 0.000480083 -0.00495894
internal_weight=1.31579e+06 114733 88844 1.20106e+06 115039 33978 19887 1.08602e+06 731828 54866 30862 69439 35802 20300 11772 10841 43094 27274 24304 662389 9046 354191 20919 15502 210644 117084 6558 10887 451745 15820
internal_count=1315791 114733 88844 1201058 115039 33978 19887 1086019 731828 54866 30862 69439 35802 20300 11772 10841 43094 27274 24304 662389 9046 354191 20919 15502 210644 117084 6558 10887 451745 15820
cat_boundaries=0 1 2 3 4 5 6 7
cat_threshold=7 15 96 64 64 64 16
is_linear=0
shrinkage=0.05


Tree=54
num_leaves=31
num_cat=8
split_feature=6 1 7 7 7 1 6 6 7 1 6 6 6 7 1 6 7 1 3 2 7 3 7 1 3 1 3 1 6 3
split_gain=1305.6 415.91 417.839 203.218 199.707 410.674 153.649 110.901 110.17 117.373 78.5826 68.1795 33.4435 32.8456 52.0161 53.7802 32.5112 32.2674 43.0308 29.0856 26.0335 21.8818 21.6805 21.191 19.0238 31.3433 41.2786 28.8537 18.026 17.6282
threshold=12.413077667390478 0 0.075491315677096354 0.029154964549149176 0.039807080262756707 1 13.597834221510492 11.990580988694822 0.093177700429382962 2 11.990580988694822 12.781428899765492 11.583360624843122 0.060802840486139792 3 13.721531691394475 0.028165668868557519 4 5.5000000000000009 9.5000000000000018 0.024630190825150434 3.5000000000000004 0.051322440910878987 5 2.5000000000000004 6 5.5000000000000009 7 11.583360624843122 5.5000000000000009
decision_type=2 1 2 2 2 1 2 2 2 1 2 2 2 2 1 2 2 1 2 2 2 2 2 1 2 1 2 1 2 2
left_child=1 -1 3 -3 5 -2 16 12 9 11 28 21 -4 14 15 22 -7 18 -9 -12 -8 -6 -11 29 27 -26 -27 -10 -5 -21
right_child=4 2 7 10 8 6 20 17 24 13 19 -13 -14 -15 -16 -17 -18 -19 -20 23 -22 -23 -24 -25 25 26 -28 -29 -30 -31
leaf_value=1.280483592033567e-05 -2.6708833258064096e-05 -8.9130318105212902e-05 -8.9130318105212902e-05 -8.9130318105212902e-05 -8.9130318105212902e-05 -9.1597607549171302e-05 1.1744265290384243e-06 -8.9130318105212902e-05 0.00029143194770541928 -0.00013457247037110511 -8.9130318105212902e-05 -8.9929771561993643e-05 -8.9130318105212902e-05 5.980543000597387e-05 5.1165281591110844e-06 -1.2933792981564256e-05 -8.9130318105212902e-05 -8.9130318105212902e-05 -8.9130318105212902e-05 -8.9130318105212902e-05 -0.00015053793300167392 -8.9130318105212902e-05 -8.9263852282560582e-05 -8.9130318105212902e-05 0.00034042168663128301 0.00019630588007448895 -0.00020968464697635684 2.1541112154563867e-05 -8.9130318105212902e-05 -8.9130318105212902e-05
leaf_weight=25889 95152 3116 2735 1546 9428 5847 1207 23212 44489 9621 3385 21442 9037 372311 337757 20251 4994 15820 4062 9282 7839 7326 9481 10032 112497 44596 14930 81890 5012 1605
leaf_count=25889 95152 3116 2735 1546 9428 5847 1207 23212 44489 9621 3385 21442 9037 372311 337757 20251 4994 15820 4062 9282 7839 7326 9481 10032 112497 44596 14930 81890 5012 1605
internal_value=-0.00031437 -0.00541026 -0.00703491 -0.011393 0.000172423 -0.00180856 -0.00834121 -0.00433729 0.000382263 7.22879e-05 -0.0101643 -0.002631 -0.00863829 0.0002101 -0.000118798 -0.00183891 -0.01236 -0.00316239 -0.00211772 -0.00885369 -0.00353416 -0.00502149 -0.00374254 -0.00815789 0.00120043 0.00154261 0.000614418 0.000734655 -0.0150213 -0.00660411
internal_weight=1.31579e+06 114733 88844 33978 1.20106e+06 115039 19887 54866 1.08602e+06 787617 30862 38196 11772 749421 377110 39353 10841 43094 27274 24304 9046 16754 19102 20919 298402 172023 59526 126379 6558 10887
internal_count=1315791 114733 88844 33978 1201058 115039 19887 54866 1086019 787617 30862 38196 11772 749421 377110 39353 10841 43094 27274 24304 9046 16754 19102 20919 298402 172023 59526 126379 6558 10887
cat_boundaries=0 1 2 3 4 5 6 7 8
cat_threshold=7 15 32 80 64 64 54 81
is_linear=0
shrinkage=0.05


Tree=55
num_leaves=31
num_cat=5
split_feature=6 1 7 7 1 7 7 1 6 6 6 6 7 7 7 6 1 3 2 3 6 7 7 1 5 3 5 7 6 3
split_gain=1298.57 414.795 417.839 203.218 194.053 329.231 150.104 156.903 110.901 94.7281 81.8238 78.5826 69.9528 49.5377 39.752 33.4435 32.2674 43.0308 29.0856 28.6398 23.9164 22.0124 25.5146 21.191 20.0837 19.8843 19.8605 19.6707 18.026 17.6282
threshold=12.413077667390478 0 0.075491315677096354 0.029154964549149176 1 0.049684397321221409 0.060802840486139792 2 11.990580988694822 13.712304109497831 12.781428899765492 11.990580988694822 0.04193713626836687 0.087953586857695942 0.10297475800934078 11.583360624843122 3 5.5000000000000009 9.5000000000000018 2.5000000000000004 12.937343182529457 0.039807080262756707 0.024630190825150434 4 5.5000000000000009 3.5000000000000004 5.5000000000000009 0.051322440910878987 11.583360624843122 5.5000000000000009
decision_type=2 1 2 2 1 2 2 1 2 2 2 2 2 2 2 2 1 2 2 2 2 2 2 1 2 2 2 2 2 2
left_child=1 -1 3 -3 5 20 7 9 15 12 13 28 -6 25 24 -4 17 -10 -13 -12 -2 22 -11 29 -8 -7 -9 -14 -5 -20
right_child=4 2 8 11 6 10 14 26 16 21 19 18 27 -15 -16 -17 -18 -19 23 -21 -22 -23 -24 -25 -26 -27 -28 -29 -30 -31
leaf_value=1.2164594124318765e-05 -7.7654913876732087e-05 -8.4673802199952252e-05 -8.4673802199952252e-05 -8.4673802199952252e-05 -0.00012055272077650336 -8.4673802199952252e-05 9.7126372721385336e-05 1.2381475282345716e-05 -8.4673802199952252e-05 1.1157052025865032e-06 -8.5433282983893961e-05 -8.4673802199952252e-05 -0.00014056732412135649 -0.00030700746350247423 0.00024949489083809086 -8.4673802199952252e-05 -8.4673802199952252e-05 -8.4673802199952252e-05 -8.4673802199952252e-05 0.00066998077092348047 -7.8367671498356381e-05 -1.974394343896916e-05 -0.00015083751108926519 -8.4673802199952252e-05 2.0985768999070995e-05 -8.4673802199952252e-05 -3.4262726958189485e-05 -8.4800659668432565e-05 -8.4673802199952252e-05 -8.4673802199952252e-05
leaf_weight=25889 3714 3116 2735 1546 7999 8590 359707 294705 23212 857 15098 3385 7679 13309 117158 9037 15820 4062 9282 21546 2217 20562 6915 10032 166817 6681 138204 9300 5012 1605
leaf_count=25889 3714 3116 2735 1546 7999 8590 359707 294705 23212 857 15098 3385 7679 13309 117158 9037 15820 4062 9282 21546 2217 20562 6915 10032 166817 6681 138204 9300 5012 1605
internal_value=-0.000330292 -0.00541244 -0.00703491 -0.011393 0.000155188 -0.00237722 0.000314684 -0.000348391 -0.00433729 -0.00290762 -0.00135196 -0.0101643 -0.00515293 -0.00335724 0.000815558 -0.00863829 -0.00316239 -0.00211772 -0.00885369 0.00021204 -0.0136562 -0.000929272 -0.00319609 -0.00815789 0.000630209 -0.00530057 -3.31584e-05 -0.00333677 -0.0150213 -0.00660411
internal_weight=1.31579e+06 114733 88844 33978 1.20106e+06 71155 1.1299e+06 486221 54866 53312 65224 30862 24978 28580 643682 11772 43094 27274 24304 36644 5931 28334 7772 20919 526524 15271 432909 16979 6558 10887
internal_count=1315791 114733 88844 33978 1201058 71155 1129903 486221 54866 53312 65224 30862 24978 28580 643682 11772 43094 27274 24304 36644 5931 28334 7772 20919 526524 15271 432909 16979 6558 10887
cat_boundaries=0 1 2 3 4 5
cat_threshold=7 32 80 64 64
is_linear=0
shrinkage=0.05


Tree=56
num_leaves=31
num_cat=5
split_feature=6 1 7 7 1 7 7 1 6 6 6 6 7 7 7 6 1 3 2 3 6 7 7 1 3 5 7 6 5 3
split_gain=1289.92 413.459 417.839 203.218 191.781 328.862 139.31 156.938 110.901 94.8865 81.2617 78.5826 69.9528 49.5377 36.4952 33.4435 32.2674 43.0308 29.0856 27.995 23.9164 22.081 25.5146 21.191 19.8843 19.7628 19.6707 18.026 17.9631 17.6282
threshold=12.413077667390478 0 0.075491315677096354 0.029154964549149176 1 0.049684397321221409 0.060802840486139792 2 11.990580988694822 13.712304109497831 12.781428899765492 11.990580988694822 0.04193713626836687 0.087953586857695942 0.10454569582555139 11.583360624843122 3 5.5000000000000009 9.5000000000000018 2.5000000000000004 12.937343182529457 0.039807080262756707 0.024630190825150434 4 3.5000000000000004 5.5000000000000009 0.051322440910878987 11.583360624843122 5.5000000000000009 5.5000000000000009
decision_type=2 1 2 2 1 2 2 1 2 2 2 2 2 2 2 2 1 2 2 2 2 2 2 1 2 2 2 2 2 2
left_child=1 -1 3 -3 5 20 7 9 15 12 13 27 -6 24 25 -4 17 -10 -13 -12 -2 22 -11 29 -7 -8 -14 -5 -9 -20
right_child=4 2 8 11 6 10 14 28 16 21 19 18 26 -15 -16 -17 -18 -19 23 -21 -22 -23 -24 -25 -26 -27 -28 -29 -30 -31
leaf_value=1.1556364418102705e-05 -7.3772168182895492e-05 -8.044011208995465e-05 -8.044011208995465e-05 -8.044011208995465e-05 -0.00011452508473767818 -8.044011208995465e-05 9.5548158419390427e-05 1.1762401518228364e-05 -8.044011208995465e-05 1.0599199424571779e-06 -8.1161618834699268e-05 -8.044011208995465e-05 -0.00013353895791528867 -0.00029165709032735054 0.00025451187391590586 -8.044011208995465e-05 -8.044011208995465e-05 -8.044011208995465e-05 -8.044011208995465e-05 0.00063648173237730653 -7.4449287923438555e-05 -1.8756746267020735e-05 -0.00014329563553480194 -8.044011208995465e-05 -8.044011208995465e-05 2.0347347031621254e-05 -8.0560626685010934e-05 -8.044011208995465e-05 -3.2549590610280073e-05 -8.044011208995465e-05
leaf_weight=25889 3714 3116 2735 1546 7999 8590 371299 294705 23212 857 15098 3385 7679 13309 100115 9037 15820 4062 9282 21546 2217 20562 6915 10032 6681 172268 9300 5012 138204 1605
leaf_count=25889 3714 3116 2735 1546 7999 8590 371299 294705 23212 857 15098 3385 7679 13309 100115 9037 15820 4062 9282 21546 2217 20562 6915 10032 6681 172268 9300 5012 138204 1605
internal_value=-0.000349862 -0.00541505 -0.00703491 -0.011393 0.000133999 -0.00238355 0.000292558 -0.000346231 -0.00433729 -0.00290574 -0.00135886 -0.0101643 -0.00515293 -0.00335724 0.000775088 -0.00863829 -0.00316239 -0.00211772 -0.00885369 0.00019976 -0.0136562 -0.000925743 -0.00319609 -0.00815789 -0.00530057 0.000613512 -0.00333677 -0.0150213 -3.0964e-05 -0.00660411
internal_weight=1.31579e+06 114733 88844 33978 1.20106e+06 71155 1.1299e+06 486221 54866 53312 65224 30862 24978 28580 643682 11772 43094 27274 24304 36644 5931 28334 7772 20919 15271 543567 16979 6558 432909 10887
internal_count=1315791 114733 88844 33978 1201058 71155 1129903 486221 54866 53312 65224 30862 24978 28580 643682 11772 43094 27274 24304 36644 5931 28334 7772 20919 15271 543567 16979 6558 432909 10887
cat_boundaries=0 1 2 3 4 5
cat_threshold=7 32 80 64 64
is_linear=0
shrinkage=0.05


Tree=57
num_leaves=31
num_cat=6
split_feature=6 1 7 7 1 7 7 1 6 6 6 6 7 7 6 7 1 3 2 3 6 7 7 1 7 3 6 3 1 3
split_gain=1283.18 411.904 417.839 203.218 190.818 328.206 129.673 155.541 110.901 93.5327 80.2673 78.5826 71.1199 49.5377 33.4435 32.7964 32.2674 43.0308 29.0856 26.5986 23.9164 22.1154 25.5146 21.191 20.6729 19.8843 18.026 17.7179 22.8645 17.6282
threshold=12.413077667390478 0 0.075491315677096354 0.029154964549149176 1 0.049684397321221409 0.060802840486139792 2 11.990580988694822 13.712304109497831 12.781428899765492 11.990580988694822 0.04193713626836687 0.087953586857695942 11.583360624843122 0.09920915220449486 3 5.5000000000000009 9.5000000000000018 2.5000000000000004 12.937343182529457 0.039807080262756707 0.024630190825150434 4 0.051322440910878987 3.5000000000000004 11.583360624843122 3.5000000000000004 5 5.5000000000000009
decision_type=2 1 2 2 1 2 2 1 2 2 2 2 2 2 2 2 1 2 2 2 2 2 2 1 2 2 2 2 1 2
left_child=1 -1 3 -3 5 20 7 9 14 12 13 26 -6 25 -4 -8 17 -10 -13 -12 -2 22 -11 29 -14 -7 -5 -17 -29 -20
right_child=4 2 8 11 6 10 15 -9 16 21 19 18 24 -15 -16 27 -18 -19 23 -21 -22 -23 -24 -25 -26 -27 -28 28 -30 -31
leaf_value=1.097854619719757e-05 -7.0083559773750708e-05 -7.6418106485456912e-05 -7.6418106485456912e-05 -7.6418106485456912e-05 -0.00010879883050079429 -7.6418106485456912e-05 5.8887316734222848e-05 -1.7294021593144261e-06 -7.6418106485456912e-05 1.006923945334319e-06 -7.7103537892964297e-05 -7.6418106485456912e-05 -0.00012686201001952424 -0.00027707423581098303 -7.6418106485456912e-05 0.00012380773176558289 -7.6418106485456912e-05 -7.6418106485456912e-05 -7.6418106485456912e-05 0.00060465764575844128 -7.0726823527266617e-05 -1.781890895366963e-05 -0.00013613085375806185 -7.6418106485456912e-05 -7.6532595350760381e-05 -7.6418106485456912e-05 -7.6418106485456912e-05 0.00040161646097105607 9.3349129659577214e-05 -7.6418106485456912e-05
leaf_weight=25889 3714 3116 2735 1546 7999 8590 473645 432909 23212 857 15098 3385 7679 13309 9037 96433 15820 4062 9282 21546 2217 20562 6915 10032 9300 6681 5012 50625 22979 1605
leaf_count=25889 3714 3116 2735 1546 7999 8590 473645 432909 23212 857 15098 3385 7679 13309 9037 96433 15820 4062 9282 21546 2217 20562 6915 10032 9300 6681 5012 50625 22979 1605
internal_value=-0.000366164 -0.0054181 -0.00703491 -0.011393 0.000116431 -0.00239479 0.000274592 -0.000341707 -0.00433729 -0.0028898 -0.00137112 -0.0101643 -0.00512091 -0.00335724 -0.00863829 0.000740133 -0.00316239 -0.00211772 -0.00885369 0.000177928 -0.0136562 -0.000923978 -0.00319609 -0.00815789 -0.00328965 -0.00530057 -0.0150213 0.0013358 0.00192 -0.00660411
internal_weight=1.31579e+06 114733 88844 33978 1.20106e+06 71155 1.1299e+06 486221 54866 53312 65224 30862 24978 28580 11772 643682 43094 27274 24304 36644 5931 28334 7772 20919 16979 15271 6558 170037 73604 10887
internal_count=1315791 114733 88844 33978 1201058 71155 1129903 486221 54866 53312 65224 30862 24978 28580 11772 643682 43094 27274 24304 36644 5931 28334 7772 20919 16979 15271 6558 170037 73604 10887
cat_boundaries=0 1 2 3 4 5 6
cat_threshold=7 32 80 64 64 6
is_linear=0
shrinkage=0.05


Tree=58
num_leaves=31
num_cat=7
split_feature=6 1 7 7 1 7 7 1 6 6 6 6 7 7 7 6 1 3 2 3 6 6 1 1 3 7 7 3 1 5
split_gain=1276.15 410.794 417.839 203.218 190.636 327.265 121.919 193.266 110.901 109.153 78.8485 78.5826 49.5377 40.0796 39.3298 33.4435 32.2674 43.0308 29.0856 25.5713 23.9164 22.0329 39.5686 21.191 19.8843 19.7753 29.8901 19.4724 30.0307 19.1148
threshold=12.413077667390478 0 0.075491315677096354 0.029154964549149176 1 0.049684397321221409 0.051060678640826133 2 11.990580988694822 13.668571974866669 12.781428899765492 11.990580988694822 0.087953586857695942 0.09920915220449486 0.031580842558335064 11.583360624843122 3 5.5000000000000009 9.5000000000000018 2.5000000000000004 12.937343182529457 13.376660574879262 4 5 3.5000000000000004 0.024630190825150434 0.039807080262756707 5.5000000000000009 6 5.5000000000000009
decision_type=2 1 2 2 1 2 2 1 2 2 2 2 2 2 2 2 1 2 2 2 2 2 1 1 2 2 2 2 1 2
left_child=1 -1 3 -3 5 20 7 9 15 14 12 -5 24 29 -6 -4 17 -10 -13 -12 -2 22 27 -20 -7 -11 -27 -9 -29 -8
right_child=4 2 8 11 6 10 13 21 16 25 19 18 -14 -15 -16 -17 -18 -19 23 -21 -22 -23 -24 -25 -26 26 -28 28 -30 -31
leaf_value=1.0429618887337553e-05 -6.6579381785063173e-05 -7.2597201161184061e-05 -7.2597201161184061e-05 -7.2597201161184061e-05 -0.00018737377708411403 -7.2597201161184061e-05 5.9524824379236731e-05 1.0945528329030903e-05 -7.2597201161184061e-05 9.5657774806760323e-07 -7.324836099831608e-05 -7.2597201161184061e-05 -0.00026322052402043386 0.00018419225241725841 -8.7665856069990065e-05 -7.2597201161184061e-05 -7.2597201161184061e-05 -7.2597201161184061e-05 -7.2597201161184061e-05 0.00057442476347051915 -6.7190482350903291e-05 3.086746034783845e-05 -0.00026566002180701255 -7.2597201161184061e-05 -7.2597201161184061e-05 -0.00012932431107015875 -0.00055252135296429456 0.00012171717072943886 -8.7892183309071621e-05 3.7406096918921585e-07
leaf_weight=25889 3714 3116 2735 6558 2020 8590 417779 136443 23212 1065 15098 3385 13309 170037 11981 9037 15820 4062 10887 21546 2217 97319 59021 10032 6681 7437 9680 6451 16828 193842
leaf_count=25889 3714 3116 2735 6558 2020 8590 417779 136443 23212 1065 15098 3385 13309 170037 11981 9037 15820 4062 10887 21546 2217 97319 59021 10032 6681 7437 9680 6451 16828 193842
internal_value=-0.0003822 -0.00542028 -0.00703491 -0.011393 9.90712e-05 -0.00241095 0.000257157 -0.000520969 -0.00433729 -0.00421163 -0.00138875 -0.0101643 -0.00335724 0.000603832 -0.00753125 -0.00863829 -0.00316239 -0.00211772 -0.00885369 0.000146545 -0.0136562 -0.00014503 -0.000423488 -0.00815789 -0.00530057 -0.00165768 -0.002069 -1.46494e-05 -0.00135122 0.000415053
internal_weight=1.31579e+06 114733 88844 33978 1.20106e+06 71155 1.1299e+06 348245 54866 32183 65224 30862 28580 781658 14001 11772 43094 27274 24304 36644 5931 316062 218743 20919 15271 18182 17117 159722 23279 611621
internal_count=1315791 114733 88844 33978 1201058 71155 1129903 348245 54866 32183 65224 30862 28580 781658 14001 11772 43094 27274 24304 36644 5931 316062 218743 20919 15271 18182 17117 159722 23279 611621
cat_boundaries=0 1 2 3 4 5 6 7
cat_threshold=7 32 80 64 3 64 2
is_linear=0
shrinkage=0.05


Tree=59
num_leaves=31
num_cat=5
split_feature=6 1 7 7 1 7 7 1 6 6 7 6 6 7 6 1 3 7 7 2 3 7 7 6 5 1 3 6 3 3
split_gain=1270.9 410.351 417.839 203.218 190.485 326.611 113.856 149.446 110.901 97.7687 82.173 78.5826 77.8689 49.5377 33.4435 32.2674 43.0308 31.417 29.5215 29.0856 24.552 24.0232 32.9668 23.9164 22.8868 21.191 19.8843 18.026 17.6282 16.6997
threshold=12.413077667390478 0 0.075491315677096354 0.029154964549149176 1 0.049684397321221409 0.062923896024368639 2 11.990580988694822 13.668571974866669 0.038579431872486268 11.990580988694822 12.781428899765492 0.087953586857695942 11.583360624843122 3 5.5000000000000009 0.051322440910878987 0.11437927845860141 9.5000000000000018 2.5000000000000004 0.039807080262756707 0.024630190825150434 12.937343182529457 5.5000000000000009 4 3.5000000000000004 11.583360624843122 5.5000000000000009 2.5000000000000004
decision_type=2 1 2 2 1 2 2 1 2 2 2 2 2 2 2 1 2 2 2 2 2 2 2 2 2 1 2 2 2 2
left_child=1 -1 3 -3 5 23 7 9 14 10 -6 27 13 26 -4 16 -10 -12 24 -13 -14 22 -11 -2 -8 28 -7 -5 -21 -17
right_child=4 2 8 11 6 12 18 -9 15 21 17 19 20 -15 -16 29 -18 -19 -20 25 -22 -23 -24 -25 -26 -27 -28 -29 -30 -31
leaf_value=9.9081379429707267e-06 -6.3250412695810013e-05 -6.8967341103124864e-05 -6.8967341103124864e-05 -6.8967341103124864e-05 -0.00017520218127237356 -6.8967341103124864e-05 9.5701839404542548e-05 2.1075175078032415e-08 -6.8967341103124864e-05 9.0874886066422299e-07 -5.7468751647194125e-05 -6.8967341103124864e-05 -6.9585942948400276e-05 -0.00025005949781941217 -6.8967341103124864e-05 -6.8967341103124864e-05 -6.8967341103124864e-05 -7.3140017556275899e-05 0.00036231296802307738 -6.8967341103124864e-05 0.00054570352529699311 -6.1849016535001501e-05 -0.00012285809551665079 -6.3830958233358117e-05 1.8214670542465691e-05 -6.8967341103124864e-05 -6.8967341103124864e-05 -6.8967341103124864e-05 -6.8967341103124864e-05 -6.8967341103124864e-05
leaf_weight=25889 3714 3116 2735 1546 4573 8590 399108 448998 23212 1065 9690 3385 15098 13309 9037 6471 4062 10190 37430 9282 21546 26146 7437 2217 185266 10032 6681 5012 1605 9349
leaf_count=25889 3714 3116 2735 1546 4573 8590 399108 448998 23212 1065 9690 3385 15098 13309 9037 6471 4062 10190 37430 9282 21546 26146 7437 2217 185266 10032 6681 5012 1605 9349
internal_value=-0.000393448 -0.00542115 -0.00703491 -0.011393 8.6832e-05 -0.00242219 0.000244855 -0.000310382 -0.00433729 -0.0026737 -0.00509488 -0.0101643 -0.00140102 -0.00335724 -0.00863829 -0.00316239 -0.00211772 -0.00370473 0.000698564 -0.00885369 0.000124714 -0.000965712 -0.00327452 -0.0136562 0.000611372 -0.00815789 -0.00530057 -0.0150213 -0.00660411 -0.00495894
internal_weight=1.31579e+06 114733 88844 33978 1.20106e+06 71155 1.1299e+06 508099 54866 59101 24453 30862 65224 28580 11772 43094 27274 19880 621804 24304 36644 34648 8502 5931 584374 20919 15271 6558 10887 15820
internal_count=1315791 114733 88844 33978 1201058 71155 1129903 508099 54866 59101 24453 30862 65224 28580 11772 43094 27274 19880 621804 24304 36644 34648 8502 5931 584374 20919 15271 6558 10887 15820
cat_boundaries=0 1 2 3 4 5
cat_threshold=7 32 80 64 64
is_linear=0
shrinkage=0.05


Tree=60
num_leaves=31
num_cat=5
split_feature=6 1 7 7 1 7 6 7 1 6 7 6 6 7 6 1 3 7 7 7 2 7 6 3 1 3 6 5 3 3
split_gain=1268.71 409.908 417.839 203.218 190.592 326.243 110.901 99.823 121.21 118.305 81.0323 78.5826 77.3206 49.5377 33.4435 32.2674 43.0308 31.8354 29.1275 30.8566 29.0856 27.314 23.9164 23.8515 21.191 19.8843 18.026 17.9898 17.6282 16.6997
threshold=12.413077667390478 0 0.075491315677096354 0.029154964549149176 1 0.049684397321221409 11.990580988694822 0.063296034266724199 2 13.668571974866669 0.038579431872486268 11.990580988694822 12.781428899765492 0.087953586857695942 11.583360624843122 3 5.5000000000000009 0.051322440910878987 0.026788622941679611 0.039807080262756707 9.5000000000000018 0.10824896163657158 12.937343182529457 2.5000000000000004 4 3.5000000000000004 11.583360624843122 5.5000000000000009 5.5000000000000009 2.5000000000000004
decision_type=2 1 2 2 1 2 2 2 1 2 2 2 2 2 2 1 2 2 2 2 2 2 2 2 1 2 2 2 2 2
left_child=1 -1 3 -3 5 22 14 8 9 10 -6 26 13 25 -4 16 -8 -12 -11 -20 -13 27 -2 -14 28 -7 -5 -9 -22 -17
right_child=4 2 6 11 7 12 15 21 -10 18 17 20 23 -15 -16 29 -18 -19 19 -21 24 -23 -24 -25 -26 -27 -28 -29 -30 -31
leaf_value=9.4127310458221043e-06 -6.0087892061019518e-05 -6.5518974047968617e-05 -6.5518974047968617e-05 -6.5518974047968617e-05 -0.00016644207220875486 -6.5518974047968617e-05 -6.5518974047968617e-05 8.6030508127207263e-05 2.5891377973367758e-07 9.7779640438470549e-07 -5.4595314064834416e-05 -6.5518974047968617e-05 -6.6106645800980272e-05 -0.00023755652292844158 -6.5518974047968617e-05 -6.5518974047968617e-05 -6.5518974047968617e-05 -7.0057367901719774e-05 -0.00014886893518498888 -5.187544996813758e-05 -6.5518974047968617e-05 0.00026584033327521254 -6.063941032169022e-05 0.00051841834903214345 -6.5518974047968617e-05 -6.5518974047968617e-05 -6.5518974047968617e-05 1.5734064129436128e-05 -6.5518974047968617e-05 -6.5518974047968617e-05
leaf_weight=25889 3714 3116 2735 1546 4573 8590 23212 376461 451710 2464 9690 3385 15098 13309 9037 6471 4062 10594 6038 26936 9282 67003 2217 21546 10032 6681 5012 174434 1605 9349
leaf_count=25889 3714 3116 2735 1546 4573 8590 23212 376461 451710 2464 9690 3385 15098 13309 9037 6471 4062 10594 6038 26936 9282 67003 2217 21546 10032 6681 5012 174434 1605 9349
internal_value=-0.000398654 -0.00542202 -0.00703491 -0.011393 8.12119e-05 -0.00242851 -0.00433729 0.00023928 -0.000276999 -0.00238247 -0.00502736 -0.0101643 -0.00140792 -0.00335724 -0.00863829 -0.00316239 -0.00211772 -0.00367186 -0.000527964 -0.000919815 -0.00885369 0.000667084 -0.0136562 0.000112433 -0.00815789 -0.00530057 -0.0150213 0.000551149 -0.00660411 -0.00495894
internal_weight=1.31579e+06 114733 88844 33978 1.20106e+06 71155 54866 1.1299e+06 512005 60295 24857 30862 65224 28580 11772 43094 27274 20284 35438 32974 24304 617898 5931 36644 20919 15271 6558 550895 10887 15820
internal_count=1315791 114733 88844 33978 1201058 71155 54866 1129903 512005 60295 24857 30862 65224 28580 11772 43094 27274 20284 35438 32974 24304 617898 5931 36644 20919 15271 6558 550895 10887 15820
cat_boundaries=0 1 2 3 4 5
cat_threshold=7 32 80 64 64
is_linear=0
shrinkage=0.05


Tree=61
num_leaves=31
num_cat=6
split_feature=6 1 7 7 1 7 6 7 1 6 6 6 7 7 7 6 7 1 3 2 6 3 7 1 3 6 1 6 6 3
split_gain=1261.9 409.022 417.839 203.218 189.896 325.549 110.901 92.669 149.097 138.037 78.5826 76.2903 49.5377 37.8921 34.0658 33.4435 32.8823 32.2674 43.0308 29.0856 23.9164 23.2032 22.1077 21.191 19.8843 19.5884 32.9928 18.6744 18.026 17.6315
threshold=12.413077667390478 0 0.075491315677096354 0.029154964549149176 1 0.049684397321221409 11.990580988694822 0.051060678640826133 2 13.605791493620417 11.990580988694822 12.781428899765492 0.087953586857695942 0.031580842558335064 0.095475847947334505 11.583360624843122 0.026788622941679611 3 5.5000000000000009 9.5000000000000018 12.937343182529457 3.5000000000000004 0.039807080262756707 4 3.5000000000000004 13.376660574879262 5 12.889404311148082 11.583360624843122 5.5000000000000009
decision_type=2 1 2 2 1 2 2 2 1 2 2 2 2 2 2 2 2 1 2 2 2 2 2 1 2 2 1 2 2 2
left_child=1 -1 3 -3 5 20 15 8 9 13 28 12 24 -6 -9 -4 -11 18 -8 -12 -2 -13 -18 -21 -7 26 29 -28 -5 -10
right_child=4 2 6 10 7 11 17 14 25 16 19 21 -14 -15 -16 -17 22 -19 -20 23 -22 -23 -24 -25 -26 -27 27 -29 -30 -31
leaf_value=8.9420944935310335e-06 -5.7083497457968544e-05 -6.2243025345570186e-05 -6.2243025345570186e-05 -6.2243025345570186e-05 -0.00016092287555585192 -6.2243025345570186e-05 -6.2243025345570186e-05 2.8903156402662818e-05 1.0384252464838771e-05 9.2890658416547029e-07 -6.2243025345570186e-05 -6.2801313510931256e-05 -0.0002256786967820195 -5.1602692533100756e-05 0.0001428549582192906 -6.2243025345570186e-05 -0.00014142548842573942 -6.2243025345570186e-05 -6.2243025345570186e-05 -6.2243025345570186e-05 -5.7607439805605711e-05 0.00068659207956960652 -0.00036287054703862707 -6.2243025345570186e-05 -6.2243025345570186e-05 2.9310087882705984e-05 -0.00074459505589656908 -0.00011129216100630988 -6.2243025345570186e-05 -5.5404513874751914e-05
leaf_weight=25889 3714 3116 2735 1546 1724 8590 23212 546124 136443 2701 3385 20435 13309 11159 235534 9037 6274 15820 4062 10887 2217 16209 10325 10032 6681 97319 13582 45439 5012 23279
leaf_count=25889 3714 3116 2735 1546 1724 8590 23212 546124 136443 2701 3385 20435 13309 11159 235534 9037 6274 15820 4062 10887 2217 16209 10325 10032 6681 97319 13582 45439 5012 23279
internal_value=-0.000413892 -0.00542377 -0.00703491 -0.011393 6.46848e-05 -0.00244046 -0.00433729 0.000222464 -0.000455929 -0.00369754 -0.0101643 -0.00142095 -0.00335724 -0.00770667 0.000524705 -0.00863829 -0.00102332 -0.00316239 -0.00211772 -0.00885369 -0.0136562 8.92372e-05 -0.00185583 -0.00815789 -0.00530057 -0.000125731 -0.000388287 -0.00139833 -0.0150213 -1.49624e-05
internal_weight=1.31579e+06 114733 88844 33978 1.20106e+06 71155 54866 1.1299e+06 348245 32183 30862 65224 28580 12883 781658 11772 19300 43094 27274 24304 5931 36644 16599 20919 15271 316062 218743 59021 6558 159722
internal_count=1315791 114733 88844 33978 1201058 71155 54866 1129903 348245 32183 30862 65224 28580 12883 781658 11772 19300 43094 27274 24304 5931 36644 16599 20919 15271 316062 218743 59021 6558 159722
cat_boundaries=0 1 2 3 4 5 6
cat_threshold=7 32 80 64 64 3
is_linear=0
shrinkage=0.05


Tree=62
num_leaves=31
num_cat=5
split_feature=6 1 7 7 1 7 6 7 1 6 6 6 7 7 6 1 3 7 2 7 7 7 6 3 1 3 6 3 3 5
split_gain=1256.26 409.022 417.839 203.218 189.952 324.815 110.901 87.4545 123.832 108.903 78.5826 75.2068 69.7612 49.5377 33.4435 32.2674 43.0308 31.687 29.0856 28.8015 30.1051 25.5405 23.9164 22.1796 21.191 19.8843 18.026 17.6282 16.6997 16.1574
threshold=12.413077667390478 0 0.075491315677096354 0.029154964549149176 1 0.049684397321221409 11.990580988694822 0.060317631810185908 2 13.652693937087976 11.990580988694822 12.781428899765492 0.051060678640826133 0.087953586857695942 11.583360624843122 3 5.5000000000000009 0.031580842558335064 9.5000000000000018 0.026788622941679611 0.039807080262756707 0.10824896163657158 12.937343182529457 2.5000000000000004 4 3.5000000000000004 11.583360624843122 5.5000000000000009 2.5000000000000004 5.5000000000000009
decision_type=2 1 2 2 1 2 2 2 1 2 2 2 2 2 2 1 2 2 2 2 2 2 2 2 1 2 2 2 2 2
left_child=1 -1 3 -3 5 22 14 8 9 12 26 13 17 25 -4 16 -8 -6 -12 -11 -21 29 -2 -13 27 -7 -5 -20 -17 -9
right_child=4 2 6 10 7 11 15 21 -10 19 18 23 -14 -15 -16 28 -18 -19 24 20 -22 -23 -24 -25 -26 -27 -28 -29 -30 -31
leaf_value=8.4949897688545852e-06 -5.4229322585070112e-05 -5.9130874078291671e-05 -5.9130874078291671e-05 -5.9130874078291671e-05 -0.00015287673177805932 -5.9130874078291671e-05 -5.9130874078291671e-05 7.6245164138672475e-05 -1.2842707477590432e-06 8.8246125495719675e-07 -5.9130874078291671e-05 -5.9661247835384698e-05 -6.7009957178915171e-05 -0.00021439476194291853 -5.9130874078291671e-05 -5.9130874078291671e-05 -5.9130874078291671e-05 -7.4962703803578302e-05 -5.9130874078291671e-05 -0.00013435421400445247 -0.00011470635380811678 0.00024540556870048707 -5.4727067815325424e-05 0.0004716729576206151 -5.9130874078291671e-05 -5.9130874078291671e-05 -5.9130874078291671e-05 -5.9130874078291671e-05 -5.9130874078291671e-05 1.0583546935687549e-05
leaf_weight=25889 3714 3116 2735 1546 1891 8590 23212 397056 429067 2562 3385 15098 8096 13309 9037 6471 4062 11668 9282 6151 21947 67003 2217 21546 10032 6681 5012 1605 9349 184462
leaf_count=25889 3714 3116 2735 1546 1891 8590 23212 397056 429067 2562 3385 15098 8096 13309 9037 6471 4062 11668 9282 6151 21947 67003 2217 21546 10032 6681 5012 1605 9349 184462
internal_value=-0.000425102 -0.00542377 -0.00703491 -0.011393 5.2404e-05 -0.0024531 -0.00433729 0.000210207 -0.000300364 -0.00259675 -0.0101643 -0.00143475 -0.00531171 -0.00335724 -0.00863829 -0.00316239 -0.00211772 -0.00750461 -0.00885369 -0.000680039 -0.00114279 0.000589195 -0.0136562 6.46765e-05 -0.00815789 -0.00530057 -0.0150213 -0.00660411 -0.00495894 0.000482685
internal_weight=1.31579e+06 114733 88844 33978 1.20106e+06 71155 54866 1.1299e+06 481382 52315 30862 65224 21655 28580 11772 43094 27274 13559 24304 30660 28098 648521 5931 36644 20919 15271 6558 10887 15820 581518
internal_count=1315791 114733 88844 33978 1201058 71155 54866 1129903 481382 52315 30862 65224 21655 28580 11772 43094 27274 13559 24304 30660 28098 648521 5931 36644 20919 15271 6558 10887 15820 581518
cat_boundaries=0 1 2 3 4 5
cat_threshold=7 32 80 64 64
is_linear=0
shrinkage=0.05


Tree=63
num_leaves=31
num_cat=6
split_feature=6 1 7 7 1 7 6 7 1 6 6 6 7 7 6 7 1 3 7 2 6 7 3 1 3 7 6 3 6 1
split_gain=1249.34 408.801 417.839 203.218 188.028 324.652 110.901 82.0076 150.169 138.037 78.5826 74.8305 49.6269 37.8921 33.4435 32.8823 32.2674 43.0308 30.2171 29.0856 23.9164 22.1077 22.0838 21.191 19.8843 18.3065 18.026 17.6282 17.4361 28.3365
threshold=12.413077667390478 0 0.075491315677096354 0.029154964549149176 1 0.049684397321221409 11.990580988694822 0.051060678640826133 2 13.605791493620417 11.990580988694822 12.781428899765492 0.087953586857695942 0.031580842558335064 11.583360624843122 0.026788622941679611 3 5.5000000000000009 0.093177700429382962 9.5000000000000018 12.937343182529457 0.039807080262756707 4.5000000000000009 4 3.5000000000000004 0.1037406997740149 11.583360624843122 5.5000000000000009 13.376660574879262 5
decision_type=2 1 2 2 1 2 2 2 1 2 2 2 2 2 2 2 1 2 2 2 2 2 2 1 2 2 2 2 2 1
left_child=1 -1 3 -3 5 20 14 8 9 13 26 12 24 -6 -4 -11 17 -8 -9 -12 -2 -17 25 27 -7 -13 -5 -21 29 -10
right_child=4 2 6 10 7 11 16 18 28 15 19 22 -14 -15 -16 21 -18 -19 -20 23 -22 -23 -24 -25 -26 -27 -28 -29 -30 -31
leaf_value=8.07024028041184e-06 -5.1517856455816615e-05 -5.6174330374377088e-05 -5.6174330374377088e-05 -5.6174330374377088e-05 -0.00014523289518915636 -5.6174330374377088e-05 -5.6174330374377088e-05 2.4049793038418093e-05 -6.5936560382687509e-07 8.3833819220933703e-07 -5.6174330374377088e-05 -0.00011873749695492811 -0.00020367502384577264 -4.5274422716266803e-05 -5.6174330374377088e-05 -0.00012763650330422985 -5.6174330374377088e-05 -5.6174330374377088e-05 0.00012331260473341099 -5.6174330374377088e-05 -5.1990714424559153e-05 -0.00033899170199628984 0.00094054990586365053 -5.6174330374377088e-05 -5.6174330374377088e-05 0.00041976800546704869 -5.6174330374377088e-05 -5.6174330374377088e-05 2.790879702595861e-05 -0.00023804978458271216
leaf_weight=25889 3714 3116 2735 1546 1724 8590 23212 510287 159722 2701 3385 19152 13309 11159 9037 6274 15820 4062 271371 9282 2217 10325 10716 10032 6681 6776 5012 1605 97319 59021
leaf_count=25889 3714 3116 2735 1546 1724 8590 23212 510287 159722 2701 3385 19152 13309 11159 9037 6274 15820 4062 271371 9282 2217 10325 10716 10032 6681 6776 5012 1605 97319 59021
internal_value=-0.000439313 -0.0054242 -0.00703491 -0.011393 3.6876e-05 -0.00245591 -0.00433729 0.000193878 -0.000444299 -0.00369754 -0.0101643 -0.00143781 -0.00335549 -0.00770667 -0.00863829 -0.00102332 -0.00316239 -0.00211772 0.000478202 -0.00885369 -0.0136562 -0.00185583 5.78541e-05 -0.00815789 -0.00530057 -0.000731256 -0.0150213 -0.00660411 -0.000112917 -0.000360628
internal_weight=1.31579e+06 114733 88844 33978 1.20106e+06 71155 54866 1.1299e+06 348245 32183 30862 65224 28580 12883 11772 19300 43094 27274 781658 24304 5931 16599 36644 20919 15271 25928 6558 10887 316062 218743
internal_count=1315791 114733 88844 33978 1201058 71155 54866 1129903 348245 32183 30862 65224 28580 12883 11772 19300 43094 27274 781658 24304 5931 16599 36644 20919 15271 25928 6558 10887 316062 218743
cat_boundaries=0 1 2 3 4 5 6
cat_threshold=7 32 80 64 64 3
is_linear=0
shrinkage=0.05


Tree=64
num_leaves=31
num_cat=5
split_feature=6 1 7 7 1 7 6 6 7 1 6 6 7 7 6 1 3 7 2 7 7 6 7 7 1 3 6 3 3 5
split_gain=1244.85 408.359 417.839 203.218 188.004 324.042 110.901 78.5826 76.2846 118.712 115.823 73.9358 72.5085 49.6269 33.4435 32.2674 43.0308 29.7948 29.0856 27.2023 32.5701 23.9164 23.2761 21.6484 21.191 19.8843 18.026 17.6282 17.5434 17.295
threshold=12.413077667390478 0 0.075491315677096354 0.029154964549149176 1 0.049684397321221409 11.990580988694822 11.990580988694822 0.062923896024368639 2 13.652693937087976 12.781428899765492 0.051060678640826133 0.087953586857695942 11.583360624843122 3 5.5000000000000009 0.031580842558335064 9.5000000000000018 0.026788622941679611 0.039807080262756707 12.937343182529457 0.11437927845860141 0.10155983211953989 4 3.5000000000000004 11.583360624843122 5.5000000000000009 3.5000000000000004 5.5000000000000009
decision_type=2 1 2 2 1 2 2 2 2 1 2 2 2 2 2 1 2 2 2 2 2 2 2 2 1 2 2 2 2 2
left_child=1 -1 3 -3 5 21 14 26 9 10 12 13 17 25 -4 16 -8 -6 -9 -12 -21 -2 29 28 27 -7 -5 -20 -13 -10
right_child=4 2 6 7 8 11 15 18 22 -11 19 23 -14 -15 -16 -17 -18 -19 24 20 -22 -23 -24 -25 -26 -27 -28 -29 -30 -31
leaf_value=7.666728266391212e-06 -4.8941963633025776e-05 -5.3365613855658235e-05 -5.3365613855658235e-05 -5.3365613855658235e-05 -0.00013797125042969854 -5.3365613855658235e-05 -5.3365613855658235e-05 -5.3365613855658235e-05 7.6918066612528181e-05 3.4784020618086687e-07 7.9642128259887021e-07 -0.00010755215754595519 -6.5851649119742065e-05 -0.000193491272653484 -5.3365613855658235e-05 -5.3365613855658235e-05 -5.3365613855658235e-05 -6.8950847477586042e-05 -5.3365613855658235e-05 -0.00012125467813901836 -6.0344186334315745e-05 -4.9391178703331188e-05 0.00030532664637550235 0.00057422971710126963 -5.3365613855658235e-05 -5.3365613855658235e-05 -5.3365613855658235e-05 -5.3365613855658235e-05 0.0003292358115286624 8.956960911112343e-06
leaf_weight=25889 3714 3116 2735 1546 1891 8590 23212 3385 399108 448998 2562 14709 10138 13309 9037 15820 4062 11668 9282 6151 26691 2217 37430 10438 10032 6681 5012 1605 11497 185266
leaf_count=25889 3714 3116 2735 1546 1891 8590 23212 3385 399108 448998 2562 14709 10138 13309 9037 15820 4062 11668 9282 6151 26691 2217 37430 10438 10032 6681 5012 1605 11497 185266
internal_value=-0.000449155 -0.00542507 -0.00703491 -0.011393 2.61771e-05 -0.00246645 -0.00433729 -0.0101643 0.000183169 -0.000271315 -0.00237765 -0.00144931 -0.00508355 -0.00335549 -0.00863829 -0.00316239 -0.00211772 -0.00747511 -0.00885369 -0.000567167 -0.000954266 -0.0136562 0.000554548 3.73869e-05 -0.00815789 -0.00530057 -0.0150213 -0.00660411 -0.000729604 0.000477126
internal_weight=1.31579e+06 114733 88844 33978 1.20106e+06 71155 54866 30862 1.1299e+06 508099 59101 65224 23697 28580 11772 43094 27274 13559 24304 35404 32842 5931 621804 36644 20919 15271 6558 10887 26206 584374
internal_count=1315791 114733 88844 33978 1201058 71155 54866 30862 1129903 508099 59101 65224 23697 28580 11772 43094 27274 13559 24304 35404 32842 5931 621804 36644 20919 15271 6558 10887 26206 584374
cat_boundaries=0 1 2 3 4 5
cat_threshold=7 32 80 64 64
is_linear=0
shrinkage=0.05


Tree=65
num_leaves=31
num_cat=5
split_feature=6 1 7 7 1 7 6 6 6 7 1 6 7 7 7 6 1 3 2 7 6 7 3 1 3 6 3 3 7 6
split_gain=1238.95 408.138 417.839 203.218 188.214 323.187 110.901 78.5826 72.6922 72.623 150.281 137.234 49.6269 39.179 33.7327 33.4435 32.2674 43.0308 29.0856 27.2777 23.9164 21.394 21.2303 21.191 19.8843 18.026 17.6282 16.6997 15.4213 15.0892
threshold=12.413077667390478 0 0.075491315677096354 0.029154964549149176 1 0.049684397321221409 11.990580988694822 11.990580988694822 12.781428899765492 0.051060678640826133 2 13.597834221510492 0.087953586857695942 0.031580842558335064 0.026788622941679611 11.583360624843122 3 5.5000000000000009 9.5000000000000018 0.095475847947334505 12.937343182529457 0.039807080262756707 3.5000000000000004 4 3.5000000000000004 11.583360624843122 5.5000000000000009 2.5000000000000004 0.080649833531499404 13.466306565260149
decision_type=2 1 2 2 1 2 2 2 2 2 1 2 2 2 2 2 1 2 2 2 2 2 2 1 2 2 2 2 2 2
left_child=1 28 3 -3 5 20 15 25 12 10 11 13 24 -6 -13 -4 17 -8 -9 -11 -2 -16 -10 26 -7 -5 -20 -18 -1 -12
right_child=4 2 6 7 9 8 16 18 22 19 29 14 -14 -15 21 -17 27 -19 23 -21 -22 -23 -24 -25 -26 -27 -28 -29 -30 -31
leaf_value=-5.6102283669771937e-05 -4.6494865451374491e-05 -5.0697333162875319e-05 -5.0697333162875319e-05 -5.0697333162875319e-05 -0.00013107268790821364 -5.0697333162875319e-05 -5.0697333162875319e-05 -5.0697333162875319e-05 -4.53637027185713e-05 2.3853631884356739e-05 -1.6990878815352512e-05 7.5660021846892669e-07 -0.00018381670902080979 -3.956315920657416e-05 -0.00011519194423206744 -5.0697333162875319e-05 -5.0697333162875319e-05 -5.0697333162875319e-05 -5.0697333162875319e-05 0.00012035861716688308 -4.6921619768164632e-05 -0.00026518111974330286 0.00058488836199105008 -5.0697333162875319e-05 -5.0697333162875319e-05 -5.0697333162875319e-05 -5.0697333162875319e-05 -5.0697333162875319e-05 0.00024330043733966357 3.3140978468997555e-05
leaf_weight=15914 3714 3116 2735 1546 1685 8590 23212 3385 20435 546124 240496 2735 13309 11055 6311 9037 6471 4062 9282 235534 2217 10397 16209 10032 6681 5012 1605 9349 9975 75566
leaf_count=15914 3714 3116 2735 1546 1685 8590 23212 3385 20435 546124 240496 2735 13309 11055 6311 9037 6471 4062 9282 235534 2217 10397 16209 10032 6681 5012 1605 9349 9975 75566
internal_value=-0.000461391 -0.00542551 -0.00703491 -0.011393 1.28139e-05 -0.00248121 -0.00433729 -0.0101643 -0.00146541 0.000169894 -0.000430659 -0.00368512 -0.00335549 -0.00771978 -0.00104331 -0.00863829 -0.00316239 -0.00211772 -0.00885369 0.000437455 -0.0136562 -0.00188592 8.73286e-06 -0.00815789 -0.00530057 -0.0150213 -0.00660411 -0.00495894 0.000100197 -9.91544e-05
internal_weight=1.31579e+06 114733 88844 33978 1.20106e+06 71155 54866 30862 65224 1.1299e+06 348245 32183 28580 12740 19443 11772 43094 27274 24304 781658 5931 16708 36644 20919 15271 6558 10887 15820 25889 316062
internal_count=1315791 114733 88844 33978 1201058 71155 54866 30862 65224 1129903 348245 32183 28580 12740 19443 11772 43094 27274 24304 781658 5931 16708 36644 20919 15271 6558 10887 15820 25889 316062
cat_boundaries=0 1 2 3 4 5
cat_threshold=7 32 80 64 64
is_linear=0
shrinkage=0.05


Tree=66
num_leaves=31
num_cat=7
split_feature=6 1 7 7 1 7 6 6 6 7 1 6 7 2 7 6 1 3 2 7 6 7 1 3 3 1 3 1 6 3
split_gain=1237.12 404.829 417.839 203.218 183.781 324.286 110.901 78.5826 70.0034 68.0577 150.044 136.8 52.5248 39.2888 33.6653 33.4435 32.2674 43.0308 29.0856 25.2361 23.9164 21.5056 21.191 21.122 20.0625 20.6706 19.8843 18.7929 18.026 17.6282
threshold=12.413077667390478 0 0.075491315677096354 0.029154964549149176 1 0.049684397321221409 11.990580988694822 11.990580988694822 12.781428899765492 0.051060678640826133 2 13.597834221510492 0.087953586857695942 8.5000000000000018 0.026788622941679611 11.583360624843122 3 5.5000000000000009 9.5000000000000018 0.09920915220449486 12.937343182529457 0.039807080262756707 4 4.5000000000000009 3.5000000000000004 5 3.5000000000000004 6 11.583360624843122 5.5000000000000009
decision_type=2 1 2 2 1 2 2 2 2 2 1 2 2 2 2 2 1 2 2 2 2 2 1 2 2 1 2 1 2 2
left_child=1 -1 3 -3 5 20 15 28 12 10 11 13 26 -6 -13 -4 17 -8 -9 -11 -2 -16 29 -10 27 -26 -7 -21 -5 -20
right_child=4 2 6 7 9 8 16 18 23 19 -12 14 -14 -15 21 -17 -18 -19 22 24 -22 -23 -24 -25 25 -27 -28 -29 -30 -31
leaf_value=7.056432146100815e-06 -4.4170122178805761e-05 -4.8162466504731557e-05 -4.8162466504731557e-05 -4.8162466504731557e-05 -0.00012451905351280293 -4.8162466504731557e-05 -4.8162466504731557e-05 -4.8162466504731557e-05 -4.3095517582642733e-05 2.619828813059204e-05 -5.6781824836946045e-06 7.1877020754548036e-07 -0.00017462587356976931 -6.1688926902087306e-05 -0.00010943234702046409 -4.8162466504731557e-05 -4.8162466504731557e-05 -4.8162466504731557e-05 -4.8162466504731557e-05 0.00026249116716869057 -4.4575538779756398e-05 -0.0002519220637561377 -4.8162466504731557e-05 0.00084424130086879507 0.00032702631201697688 4.4754969335972165e-05 -4.8162466504731557e-05 8.0568333045142288e-07 -4.8162466504731557e-05 -4.8162466504731557e-05
leaf_weight=25889 3714 3116 2735 1546 1459 8590 23212 3385 25928 611621 316062 2735 13309 11281 6311 9037 15820 4062 9282 29821 2217 10397 10032 10716 50625 22979 6681 66612 5012 1605
leaf_count=25889 3714 3116 2735 1546 1459 8590 23212 3385 25928 611621 316062 2735 13309 11281 6311 9037 15820 4062 9282 29821 2217 10397 10032 10716 50625 22979 6681 66612 5012 1605
internal_value=-0.000471613 -0.00543205 -0.00703491 -0.011393 2.23988e-06 -0.00246224 -0.00433729 -0.0101643 -0.00144471 0.000157459 -0.000423911 -0.0036758 -0.00329951 -0.00770408 -0.00103816 -0.00863829 -0.00316239 -0.00211772 -0.00885369 0.000416474 -0.0136562 -0.00187994 -0.00815789 1.91046e-06 0.000955292 0.00157695 -0.00530057 0.0004808 -0.0150213 -0.00660411
internal_weight=1.31579e+06 114733 88844 33978 1.20106e+06 71155 54866 30862 65224 1.1299e+06 348245 32183 28580 12740 19443 11772 43094 27274 24304 781658 5931 16708 20919 36644 170037 73604 15271 96433 6558 10887
internal_count=1315791 114733 88844 33978 1201058 71155 54866 30862 65224 1129903 348245 32183 28580 12740 19443 11772 43094 27274 24304 781658 5931 16708 20919 36644 170037 73604 15271 96433 6558 10887
cat_boundaries=0 1 2 3 4 5 6 7
cat_threshold=7 32 80 64 64 6 81
is_linear=0
shrinkage=0.05


Tree=67
num_leaves=31
num_cat=7
split_feature=6 1 7 7 1 7 6 6 6 7 1 6 7 7 6 1 3 2 7 2 7 6 3 1 3 1 3 1 7 3
split_gain=1232.09 404.609 417.839 203.218 182.176 324.245 110.901 78.5826 69.9456 64.7939 122.593 105.691 66.2063 52.5248 33.4435 32.2674 43.0308 29.5697 29.5549 29.0856 28.9503 23.9164 23.3526 44.948 96.603 42.3976 39.8657 21.191 20.7628 19.8843
threshold=12.413077667390478 0 0.075491315677096354 0.029154964549149176 1 0.049684397321221409 11.990580988694822 11.990580988694822 12.781428899765492 0.058434729769309891 2 13.652693937087976 0.051322440910878987 0.087953586857695942 11.583360624843122 3 5.5000000000000009 8.5000000000000018 0.026788622941679611 9.5000000000000018 0.039807080262756707 12.937343182529457 2.5000000000000004 4 5.5000000000000009 5 4.5000000000000009 6 0.10155983211953989 3.5000000000000004
decision_type=2 1 2 2 1 2 2 2 2 2 1 2 2 2 2 1 2 2 2 2 2 2 2 1 2 1 2 1 2 2
left_child=1 -1 3 -3 5 21 14 -5 13 10 11 12 17 29 -4 16 -8 -6 -13 -9 -20 -2 25 26 -25 -11 -24 -21 -10 -7
right_child=4 2 6 7 9 8 15 19 28 22 -12 18 -14 -15 -16 -17 -18 -19 20 27 -22 -23 23 24 -26 -27 -28 -29 -30 -31
leaf_value=6.7036105387957862e-06 -4.1961616069865478e-05 -4.5754343179494976e-05 -4.5754343179494976e-05 -4.5754343179494976e-05 -0.00011549019387962802 -4.5754343179494976e-05 -4.5754343179494976e-05 -4.5754343179494976e-05 -4.0940741703510598e-05 0.00015450306190099432 -1.6721952117075592e-06 6.8283169716820639e-07 -6.4071962516650655e-05 -0.00016589457989128084 -4.5754343179494976e-05 -4.5754343179494976e-05 -4.5754343179494976e-05 -7.555123601479394e-05 -0.00010396072966944088 -4.5754343179494976e-05 -0.00014372502517003382 -4.2346761840768575e-05 4.7118975726190537e-05 0.00011514467005603355 -0.00022662107143631843 -3.0787686639759789e-05 0.00021107382370463241 -4.5754343179494976e-05 0.00053924155137455071 -4.5754343179494976e-05
leaf_weight=25889 3714 3116 2735 6558 1656 8590 23212 3385 26206 98525 414111 2562 6426 13309 9037 15820 4062 12156 6151 10887 20288 2217 125696 99433 33579 184159 125161 10032 10438 6681
leaf_count=25889 3714 3116 2735 6558 1656 8590 23212 3385 26206 98525 414111 2562 6426 13309 9037 15820 4062 12156 6151 10887 20288 2217 125696 99433 33579 184159 125161 10032 10438 6681
internal_value=-0.000482139 -0.00543248 -0.00703491 -0.011393 -9.24999e-06 -0.00246294 -0.00433729 -0.0101643 -0.00144548 0.00014529 -0.000308838 -0.00266716 -0.00544075 -0.00329951 -0.00863829 -0.00316239 -0.00211772 -0.0073914 -0.000732561 -0.00885369 -0.00122943 -0.0136562 0.000460976 0.000714945 -2.81155e-05 0.000116102 0.00110889 -0.00815789 5.45978e-07 -0.00530057
internal_weight=1.31579e+06 114733 88844 33978 1.20106e+06 71155 54866 30862 65224 1.1299e+06 463350 49239 20238 28580 11772 43094 27274 13812 29001 24304 26439 5931 666553 383869 133012 282684 250857 20919 36644 15271
internal_count=1315791 114733 88844 33978 1201058 71155 54866 30862 65224 1129903 463350 49239 20238 28580 11772 43094 27274 13812 29001 24304 26439 5931 666553 383869 133012 282684 250857 20919 36644 15271
cat_boundaries=0 1 2 3 4 5 6 7
cat_threshold=7 32 80 64 14 81 64
is_linear=0
shrinkage=0.05


Tree=68
num_leaves=31
num_cat=5
split_feature=6 1 7 7 1 7 6 6 6 7 1 6 7 7 6 1 3 2 2 7 7 6 1 3 7 3 6 3 3 6
split_gain=1228.25 404.169 417.839 203.218 181.418 324.001 110.901 78.5826 69.599 61.7871 116.299 113.884 70.6079 52.5248 33.4435 32.2674 43.0308 29.0856 28.9834 27.1559 32.6609 23.9164 21.191 20.8179 20.7451 19.8843 18.026 17.6282 16.6997 16.3557
threshold=12.413077667390478 0 0.075491315677096354 0.029154964549149176 1 0.049684397321221409 11.990580988694822 11.990580988694822 12.781428899765492 0.062923896024368639 2 13.652693937087976 0.051060678640826133 0.087953586857695942 11.583360624843122 3 5.5000000000000009 9.5000000000000018 8.5000000000000018 0.026788622941679611 0.039807080262756707 12.937343182529457 4 2.5000000000000004 0.11437927845860141 3.5000000000000004 11.583360624843122 5.5000000000000009 2.5000000000000004 13.597834221510492
decision_type=2 1 2 2 1 2 2 2 2 2 1 2 2 2 2 1 2 2 2 2 2 2 1 2 2 2 2 2 2 2
left_child=1 -1 3 -3 5 21 14 26 13 10 11 12 18 25 -4 16 -8 -9 29 -13 -21 -2 27 -10 -11 -7 -5 -19 -17 -6
right_child=4 2 6 7 9 8 15 17 23 24 -12 19 -14 -15 -16 28 -18 22 -20 20 -22 -23 -24 -25 -26 -27 -28 -29 -30 -31
leaf_value=6.3684300118560119e-06 -3.9863535266372202e-05 -4.3466626020520233e-05 -4.3466626020520233e-05 -4.3466626020520233e-05 -0.00011251859114318141 -4.3466626020520233e-05 -4.3466626020520233e-05 -4.3466626020520233e-05 -3.8893704618335069e-05 4.5208033171913951e-05 1.2144787388654352e-07 6.48690112309796e-07 -6.1858064538669862e-05 -0.00015759985089671679 -4.3466626020520233e-05 -4.3466626020520233e-05 -4.3466626020520233e-05 -4.3466626020520233e-05 -6.6886286044093911e-05 -9.8762693185968831e-05 -5.6332800879277151e-05 -4.0229423748730147e-05 -4.3466626020520233e-05 0.00038060228712962049 0.00027795520609740079 -4.3466626020520233e-05 -4.3466626020520233e-05 -4.3466626020520233e-05 -4.3466626020520233e-05 -2.4630398273473424e-07
leaf_weight=25889 3714 3116 2735 1546 1459 8590 23212 3385 15098 584374 448998 2562 10138 13309 9037 6471 4062 9282 11903 6151 26691 2217 10032 21546 37430 6681 5012 1605 9349 197
leaf_count=25889 3714 3116 2735 1546 1459 8590 23212 3385 15098 584374 448998 2562 10138 13309 9037 6471 4062 9282 11903 6151 26691 2217 10032 21546 37430 6681 5012 1605 9349 197
internal_value=-0.000490727 -0.00543335 -0.00703491 -0.011393 -1.85751e-05 -0.00246715 -0.00433729 -0.0101643 -0.00145008 0.000135643 -0.000273382 -0.00235819 -0.00504136 -0.00329951 -0.00863829 -0.00316239 -0.00211772 -0.00885369 -0.00740136 -0.000562931 -0.000949698 -0.0136562 -0.00815789 -7.6409e-06 0.000469875 -0.00530057 -0.0150213 -0.00660411 -0.00495894 -0.013599
internal_weight=1.31579e+06 114733 88844 33978 1.20106e+06 71155 54866 30862 65224 1.1299e+06 508099 59101 23697 28580 11772 43094 27274 24304 13559 35404 32842 5931 20919 36644 621804 15271 6558 10887 15820 1656
internal_count=1315791 114733 88844 33978 1201058 71155 54866 30862 65224 1129903 508099 59101 23697 28580 11772 43094 27274 24304 13559 35404 32842 5931 20919 36644 621804 15271 6558 10887 15820 1656
cat_boundaries=0 1 2 3 4 5
cat_threshold=7 32 80 64 64
is_linear=0
shrinkage=0.05


Tree=69
num_leaves=31
num_cat=6
split_feature=6 1 7 1 7 7 6 7 6 7 1 6 7 6 6 2 7 1 6 5 7 3 3 1 3 7 3 5 3 0
split_gain=1224.11 379.702 402.889 198.212 335.828 148.993 127.779 78.2386 75.4415 58.8546 150.703 132.729 54.5682 45.0924 40.6439 39.115 34.5995 30.4497 25.755 24.3336 26.569 21.0711 20.5513 19.6622 32.1117 17.9668 17.7213 16.9887 19.4504 16.8487
threshold=12.395871386706281 0 0.065131907865817476 1 0.049684397321221409 0.029154964549149176 11.990580988694822 0.086387359317017867 12.781428899765492 0.050523761022795821 2 13.597834221510492 0.087953586857695942 12.031923105590947 11.583360624843122 8.5000000000000018 0.026788622941679611 3 12.937343182529457 5.5000000000000009 0.10189595550363319 3.5000000000000004 4.5000000000000009 4 5.5000000000000009 0.037634030996358557 5.5000000000000009 6.5000000000000009 2.5000000000000004 5
decision_type=2 1 2 1 2 2 2 2 2 2 1 2 2 2 2 2 2 1 2 2 2 2 2 1 2 2 2 2 2 1
left_child=1 -1 5 4 18 -3 14 17 12 10 11 15 21 -7 -4 -5 -13 26 -2 20 -11 -6 -10 24 -9 -18 -8 29 -29 -21
right_child=3 2 6 9 8 13 7 23 22 19 -12 16 -14 -15 -16 -17 25 -19 -20 27 -22 -23 -24 -25 -26 -27 -28 28 -30 -31
leaf_value=1.1475817106162073e-06 -3.7870358503053593e-05 -4.1293294719494217e-05 -4.1293294719494217e-05 -0.00010689266158602233 -4.1293294719494217e-05 -4.1293294719494217e-05 -4.1293294719494217e-05 -4.1293294719494217e-05 -3.6949019387418315e-05 3.8137222359579484e-05 -5.8312930213651885e-06 6.1625560669430617e-07 -0.00012359031786546729 -4.1293294719494217e-05 -4.1293294719494217e-05 -4.1293294719494217e-05 -9.382455852667039e-05 -4.1293294719494217e-05 -3.8217952561293641e-05 -0.00013067082327648924 0.00019411188656775873 -4.1293294719494217e-05 0.00077976654580365454 -4.1293294719494217e-05 -4.1293294719494217e-05 -0.0002214302362021057 -4.1293294719494217e-05 -4.1839765266108976e-05 0.00011793678193104158 -1.0467895969383904e-05
leaf_weight=23884 3845 2985 3288 1459 9040 5135 8637 17787 25928 453677 308213 2735 14049 11954 10870 11075 4689 8557 2217 36372 89094 6983 10716 11668 3083 10778 1514 44491 61958 109110
leaf_count=23884 3845 2985 3288 1459 9040 5135 8637 17787 25928 453677 308213 2735 14049 11954 10870 11075 4689 8557 2217 36372 89094 6983 10716 11668 3083 10778 1514 44491 61958 109110
internal_value=-0.000500531 -0.00556583 -0.00712275 -4.13657e-05 -0.00257062 -0.0133197 -0.00522185 -0.00406022 -0.00154715 0.000121028 -0.00043061 -0.00376862 -0.00340317 -0.0115194 -0.00942647 -0.00772938 -0.00104329 -0.00663673 -0.0138387 0.00035631 0.000544806 -0.00539755 -2.40147e-05 -0.00257883 -0.00165709 -0.00195998 -0.00476774 -4.97952e-05 0.000430206 -0.000401012
internal_weight=1.31579e+06 109362 85478 1.20643e+06 72778 20074 65404 51246 66716 1.13365e+06 338949 30736 30072 17089 14158 12534 18202 18708 6062 794702 542771 16023 36644 32538 20870 15467 10151 251931 106449 145482
internal_count=1315791 109362 85478 1206429 72778 20074 65404 51246 66716 1133651 338949 30736 30072 17089 14158 12534 18202 18708 6062 794702 542771 16023 36644 32538 20870 15467 10151 251931 106449 145482
cat_boundaries=0 1 2 3 4 5 6
cat_threshold=7 32 80 64 64 90194
is_linear=0
shrinkage=0.05


Tree=70
num_leaves=31
num_cat=5
split_feature=6 1 7 1 7 7 6 7 6 7 1 6 7 7 6 6 1 2 6 7 7 3 5 7 1 3 3 3 3 6
split_gain=1220.15 379.479 402.889 197.169 335.664 148.993 127.779 78.2386 74.7937 56.1907 98.2422 93.5674 123.16 54.8415 45.0924 40.6439 30.4497 28.8412 25.755 24.1134 33.2949 21.0711 20.3229 20.0603 19.6622 32.1117 18.5929 17.7213 16.3735 16.3557
threshold=12.395871386706281 0 0.065131907865817476 1 0.049684397321221409 0.029154964549149176 11.990580988694822 0.086387359317017867 12.781428899765492 0.07292149525771785 2 13.652693937087976 0.051060678640826133 0.087953586857695942 12.031923105590947 11.583360624843122 3 8.5000000000000018 12.937343182529457 0.026788622941679611 0.039807080262756707 3.5000000000000004 5.5000000000000009 0.1037406997740149 4 5.5000000000000009 1.0000000180025095e-35 5.5000000000000009 5.5000000000000009 13.597834221510492
decision_type=2 1 2 1 2 2 2 2 2 2 1 2 2 2 2 2 1 2 2 2 2 2 2 2 1 2 2 2 2 2
left_child=1 -1 5 4 18 -3 15 16 13 10 11 12 17 21 -7 -4 27 29 -2 -13 -21 -6 -12 -10 25 -9 -24 -8 -14 -5
right_child=3 2 6 9 8 14 7 24 23 -11 22 19 28 -15 -16 -17 -18 -19 -20 20 -22 -23 26 -25 -26 -27 -28 -29 -30 -31
leaf_value=1.0902026250853509e-06 -3.5976840577900907e-05 -3.9228629983519505e-05 -3.9228629983519505e-05 -0.00010154802850672121 -3.9228629983519505e-05 -3.9228629983519505e-05 -3.9228629983519505e-05 -3.9228629983519505e-05 -3.5101568418047401e-05 6.2579627603692931e-05 1.6605585966871776e-05 5.8544282635959096e-07 -6.2639860452365969e-05 -0.00011741080197219392 -3.9228629983519505e-05 -3.9228629983519505e-05 -3.9228629983519505e-05 -5.1254159959354553e-05 -3.6307054933228955e-05 -8.9133330600336876e-05 -1.3175218031080151e-05 -3.9228629983519505e-05 -0.00010967094261500287 0.00052775848625011247 -3.9228629983519505e-05 -3.9228629983519505e-05 -1.2819865945643683e-05 -3.9228629983519505e-05 -9.6356072284905638e-05 -2.6480156393271297e-07
leaf_weight=23884 3845 2985 3288 1459 9040 5135 8637 17787 27015 496386 375208 2562 20394 14049 11954 10870 8557 12086 2217 6151 40528 6983 25473 9629 11668 3083 149720 1514 3487 197
leaf_count=23884 3845 2985 3288 1459 9040 5135 8637 17787 27015 496386 375208 2562 20394 14049 11954 10870 8557 12086 2217 6151 40528 6983 25473 9629 11668 3083 149720 1514 3487 197
internal_value=-0.000509195 -0.00556628 -0.00712275 -5.07736e-05 -0.00257336 -0.0133197 -0.00522185 -0.00406022 -0.00155015 0.000111193 -0.000199485 -0.00176209 -0.00363966 -0.00339818 -0.0115194 -0.00942647 -0.00663673 -0.00741086 -0.0138387 -0.000327877 -0.000587095 -0.00539755 4.71559e-05 -3.3566e-05 -0.00257883 -0.00165709 -0.000397476 -0.00476774 -0.00146958 -0.013599
internal_weight=1.31579e+06 109362 85478 1.20643e+06 72778 20074 65404 51246 66716 1.13365e+06 637265 86864 37623 30072 17089 14158 18708 13742 6062 49241 46679 16023 550401 36644 32538 20870 175193 10151 23881 1656
internal_count=1315791 109362 85478 1206429 72778 20074 65404 51246 66716 1133651 637265 86864 37623 30072 17089 14158 18708 13742 6062 49241 46679 16023 550401 36644 32538 20870 175193 10151 23881 1656
cat_boundaries=0 1 2 3 4 5
cat_threshold=7 32 80 64 64
is_linear=0
shrinkage=0.05


Tree=71
num_leaves=31
num_cat=7
split_feature=6 1 7 1 7 7 6 7 6 7 7 1 6 6 6 2 7 1 6 5 7 3 3 1 3 3 3 2 0 1
split_gain=1215.88 379.479 402.889 196.626 335.295 148.993 127.779 78.2386 74.2487 54.8415 53.881 152.461 120.436 45.0924 40.6439 38.2002 37.2282 30.4497 25.755 22.4158 24.6434 21.0711 20.1038 19.6622 32.1117 17.7213 16.4326 16.3388 16.2824 18.3119
threshold=12.395871386706281 0 0.065131907865817476 1 0.049684397321221409 0.029154964549149176 11.990580988694822 0.086387359317017867 12.781428899765492 0.087953586857695942 0.049373452292769696 2 13.597834221510492 12.031923105590947 11.583360624843122 8.5000000000000018 0.026788622941679611 3 12.937343182529457 5.5000000000000009 0.10189595550363319 3.5000000000000004 4.5000000000000009 4 5.5000000000000009 5.5000000000000009 1.0000000180025095e-35 9.5000000000000018 5 6
decision_type=2 1 2 1 2 2 2 2 2 2 2 1 2 2 2 2 2 1 2 2 2 2 2 1 2 2 2 2 1 1
left_child=1 -1 5 4 18 -3 14 17 9 21 11 12 15 -7 -4 -5 -14 25 -2 20 -12 -6 -10 24 -9 -8 28 -15 -21 -30
right_child=3 2 6 10 8 13 7 23 22 -11 19 -13 16 27 -16 -17 -18 -19 -20 26 -22 -23 -24 -25 -26 -27 -28 -29 29 -31
leaf_value=1.035692493831072e-06 -3.4177998549005867e-05 -3.7267198484343525e-05 -3.7267198484343525e-05 -9.6470627081385153e-05 -3.7267198484343525e-05 -3.7267198484343525e-05 -3.7267198484343525e-05 -3.7267198484343525e-05 -3.3346489997145027e-05 -0.00011154026187358422 3.4775715438894852e-05 -6.5212033525542194e-06 5.5617068504161137e-07 -3.7267198484343525e-05 -3.7267198484343525e-05 -2.2751306064254249e-05 -8.4676664070320028e-05 -3.7267198484343525e-05 -3.449170218656751e-05 5.5939311652495166e-05 0.00018127731085918581 -3.7267198484343525e-05 0.00073112098522581861 -3.7267198484343525e-05 -3.7267198484343525e-05 -3.7267198484343525e-05 1.0044917711979984e-05 -3.7267198484343525e-05 -0.0003105642347403097 -6.8568270289182378e-05
leaf_weight=23884 3845 2985 3288 1459 9040 5135 8637 17787 25928 14049 468038 290671 2735 3007 10870 10236 13089 8557 2217 10794 89094 6983 10716 11668 3083 1514 220802 8947 9388 17345
leaf_count=23884 3845 2985 3288 1459 9040 5135 8637 17787 25928 14049 468038 290671 2735 3007 10870 10236 13089 8557 2217 10794 89094 6983 10716 11668 3083 1514 220802 8947 9388 17345
internal_value=-0.000518049 -0.00556628 -0.00712275 -6.04302e-05 -0.00257955 -0.0133197 -0.00522185 -0.00406022 -0.0015569 -0.00339818 0.000101314 -0.000450517 -0.00400687 -0.0115194 -0.00942647 -0.00785592 -0.00116469 -0.00663673 -0.0138387 0.000316637 0.000495143 -0.00539755 -4.58463e-05 -0.00257883 -0.00165709 -0.00476774 -6.83429e-05 -0.00983604 -0.00103565 -0.00169708
internal_weight=1.31579e+06 109362 85478 1.20643e+06 72778 20074 65404 51246 66716 30072 1.13365e+06 318190 27519 17089 14158 11695 15824 18708 6062 815461 557132 16023 36644 32538 20870 10151 258329 11954 37527 26733
internal_count=1315791 109362 85478 1206429 72778 20074 65404 51246 66716 30072 1133651 318190 27519 17089 14158 11695 15824 18708 6062 815461 557132 16023 36644 32538 20870 10151 258329 11954 37527 26733
cat_boundaries=0 1 2 3 4 5 6 7
cat_threshold=7 32 80 64 64 13403161 6
is_linear=0
shrinkage=0.05


Tree=72
num_leaves=31
num_cat=8
split_feature=6 1 7 7 1 7 6 6 6 7 7 1 6 7 6 1 3 2 7 2 6 1 1 3 3 1 3 1 6 7
split_gain=1211.55 402.85 417.839 203.218 178.692 322.781 110.901 78.5826 67.4892 52.8007 50.8856 112.933 110.595 44.946 33.4435 32.2674 43.0308 29.0856 28.6292 25.5385 23.9164 21.191 19.9379 34.0963 25.6285 58.2493 51.6951 45.981 24.7207 36.3343
threshold=12.413077667390478 0 0.075491315677096354 0.029154964549149176 1 0.049684397321221409 11.990580988694822 11.990580988694822 12.781428899765492 0.087953586857695942 0.042103882772743233 2 13.597834221510492 0.026788622941679611 11.583360624843122 3 5.5000000000000009 9.5000000000000018 0.092845830888495504 8.5000000000000018 12.937343182529457 4 5 5.5000000000000009 3.5000000000000004 6 5.5000000000000009 7 13.939243853480404 0.051060678640826133
decision_type=2 1 2 2 1 2 2 2 2 2 2 1 2 2 2 1 2 2 2 2 2 1 1 2 2 1 2 1 2 2
left_child=1 -1 3 -3 5 20 14 -5 9 -7 11 12 19 -14 -4 16 -8 -9 22 -6 -2 -19 23 28 27 26 -26 -24 29 -12
right_child=4 2 6 7 10 8 15 17 -10 -11 18 -13 13 -15 -16 -17 -18 21 -20 -21 -22 -23 24 -25 25 -27 -28 -29 -30 -31
leaf_value=5.7850723795889562e-06 -3.2469098621555574e-05 -3.5403838560126346e-05 -3.5403838560126346e-05 -3.5403838560126346e-05 -9.1647095727315897e-05 -3.5403838560126346e-05 -3.5403838560126346e-05 -3.5403838560126346e-05 -2.4726176743622355e-05 -0.00013209278926631866 -9.2076843669967103e-05 -1.553749302641563e-05 5.2836215078953076e-07 -8.0442830866804028e-05 -3.5403838560126346e-05 -3.5403838560126346e-05 -3.5403838560126346e-05 -3.5403838560126346e-05 8.6676848579210949e-05 -2.1613740761041538e-05 -3.2767117077239132e-05 -3.5403838560126346e-05 5.9631334308705134e-05 -0.00015070932289339698 1.620580261561541e-05 9.3264176163191802e-05 -0.00013802443627690224 -3.514043271041291e-05 0.00013409381308252853 -5.3053725763559875e-05
leaf_weight=25889 3714 3116 2735 6558 1459 15271 23212 3385 36644 13309 8955 134043 2735 7990 9037 15820 4062 10887 276114 5263 2217 10032 84422 17288 42439 188680 21351 246960 30271 61933
leaf_count=25889 3714 3116 2735 6558 1459 15271 23212 3385 36644 13309 8955 134043 2735 7990 9037 15820 4062 10887 276114 5263 2217 10032 84422 17288 42439 188680 21351 246960 30271 61933
internal_value=-0.000527055 -0.00543597 -0.00703491 -0.011393 -5.81236e-05 -0.00248823 -0.00433729 -0.0101643 -0.00147308 -0.00329426 9.49323e-05 -0.000757806 -0.00454059 -0.00139161 -0.00863829 -0.00316239 -0.00211772 -0.00885369 0.000226965 -0.00957156 -0.0136562 -0.00815789 5.7376e-05 -0.000534075 0.000177371 0.000556898 -0.000749216 -0.000111774 -0.000183424 -0.000694193
internal_weight=1.31579e+06 114733 88844 33978 1.20106e+06 71155 54866 30862 65224 28580 1.1299e+06 151490 17447 10725 11772 43094 27274 24304 978413 6722 5931 20919 702299 118447 583852 252470 63790 331382 101159 70888
internal_count=1315791 114733 88844 33978 1201058 71155 54866 30862 65224 28580 1129903 151490 17447 10725 11772 43094 27274 24304 978413 6722 5931 20919 702299 118447 583852 252470 63790 331382 101159 70888
cat_boundaries=0 1 2 3 4 5 6 7 8
cat_threshold=7 32 80 64 64 80 1 1
is_linear=0
shrinkage=0.05


Tree=73
num_leaves=31
num_cat=5
split_feature=6 1 7 1 7 7 6 7 6 7 7 1 6 7 6 6 1 2 6 7 3 1 3 3 7 3 5 6 6 2
split_gain=1211.64 379.256 402.889 194.737 335.418 148.993 127.779 78.2386 73.8941 55.207 45.1261 83.1681 103.161 125.508 45.0924 40.6439 30.4497 29.3467 25.755 24.2935 21.0711 19.6622 32.1117 19.419 19.0889 17.7213 17.3936 17.4019 16.3557 16.3388
threshold=12.395871386706281 0 0.065131907865817476 1 0.049684397321221409 0.029154964549149176 11.990580988694822 0.086387359317017867 12.781428899765492 0.087953586857695942 0.07292149525771785 2 13.652693937087976 0.051322440910878987 12.031923105590947 11.583360624843122 3 8.5000000000000018 12.937343182529457 0.028165668868557519 3.5000000000000004 4 5.5000000000000009 4.5000000000000009 0.039807080262756707 5.5000000000000009 5.5000000000000009 13.668571974866669 13.597834221510492 9.5000000000000018
decision_type=2 1 2 1 2 2 2 2 2 2 2 1 2 2 2 2 1 2 2 2 2 1 2 2 2 2 2 2 2 2
left_child=1 -1 5 4 18 -3 15 16 9 20 11 12 13 17 -7 -4 25 28 -2 -14 -6 22 -9 -10 -21 -8 -13 -28 -5 -16
right_child=3 2 6 10 8 14 7 21 23 -11 -12 26 19 -15 29 -17 -18 -19 -20 24 -22 -23 -24 -25 -26 -27 27 -29 -30 -31
leaf_value=6.9465425016011162e-07 -3.0845643690477792e-05 -3.363364663212003e-05 -3.363364663212003e-05 -8.7064740940950107e-05 -3.363364663212003e-05 -3.363364663212003e-05 -3.363364663212003e-05 -3.363364663212003e-05 -3.0442856660106663e-05 -9.9358609316589066e-05 5.4851690418120347e-05 1.5238440730671555e-05 3.9366017914107932e-06 -5.8593966913514417e-05 -3.363364663212003e-05 -3.363364663212003e-05 -3.363364663212003e-05 -4.5826395549833222e-05 -3.1128761223377177e-05 -9.7443748140155101e-05 -3.363364663212003e-05 -3.363364663212003e-05 -3.363364663212003e-05 0.00069580124480170876 -1.4662895271562571e-05 -3.363364663212003e-05 -4.0640891276163303e-05 4.8055876081078125e-05 8.312476256088e-08 -3.363364663212003e-05
leaf_weight=23884 3845 2985 3288 1459 9040 5135 8637 17787 25928 14049 496386 375208 3722 23626 3007 10870 8557 12341 2217 4991 6983 11668 3083 10716 40528 1514 144552 30641 197 8947
leaf_count=23884 3845 2985 3288 1459 9040 5135 8637 17787 25928 14049 496386 375208 3722 23626 3007 10870 8557 12341 2217 4991 6983 11668 3083 10716 40528 1514 144552 30641 197 8947
internal_value=-0.000527321 -0.00556674 -0.00712275 -7.05013e-05 -0.00257749 -0.0133197 -0.00522185 -0.00406022 -0.00155465 -0.00339153 9.04637e-05 -0.000187951 -0.00162569 -0.00359713 -0.0115194 -0.00942647 -0.00663673 -0.00734907 -0.0138387 -0.000119717 -0.00539755 -0.00257883 -0.00165709 -4.72108e-05 -0.00043729 -0.00476774 3.89801e-05 -0.000372361 -0.013599 -0.00983604
internal_weight=1.31579e+06 109362 85478 1.20643e+06 72778 20074 65404 51246 66716 30072 1.13365e+06 637265 86864 37623 17089 14158 18708 13997 6062 49241 16023 32538 20870 36644 45519 10151 550401 175193 1656 11954
internal_count=1315791 109362 85478 1206429 72778 20074 65404 51246 66716 30072 1133651 637265 86864 37623 17089 14158 18708 13997 6062 49241 16023 32538 20870 36644 45519 10151 550401 175193 1656 11954
cat_boundaries=0 1 2 3 4 5
cat_threshold=7 32 80 64 64
is_linear=0
shrinkage=0.05


Tree=74
num_leaves=31
num_cat=6
split_feature=6 1 7 7 1 7 6 6 6 7 7 1 6 7 7 6 1 3 2 6 7 1 3 7 7 3 6 3 3 1
split_gain=1217.1 402.631 417.839 203.218 180.441 322.781 110.901 78.5826 66.8425 53.2621 37.8657 40.8083 54.9599 99.4581 56.4025 33.4435 32.2674 43.0308 29.0856 23.9164 22.1792 21.191 19.8843 19.436 18.5627 18.2554 18.026 17.6282 17.3964 51.7571
threshold=12.413077667390478 0 0.075491315677096354 0.029154964549149176 1 0.049684397321221409 11.990580988694822 11.990580988694822 12.781428899765492 0.087953586857695942 0.086387359317017867 2 13.652693937087976 0.051322440910878987 0.024630190825150434 11.583360624843122 3 5.5000000000000009 9.5000000000000018 12.937343182529457 0.028165668868557519 4 3.5000000000000004 0.10261254377763239 0.039807080262756707 5.5000000000000009 11.583360624843122 5.5000000000000009 2.5000000000000004 5
decision_type=2 1 2 2 1 2 2 2 2 2 2 1 2 2 2 2 1 2 2 2 2 1 2 2 2 2 2 2 2 1
left_child=1 -1 3 -3 5 19 15 26 9 22 11 12 13 14 -6 -4 17 -8 -9 -2 -14 27 -7 -10 -22 -15 -5 -20 29 -13
right_child=4 2 6 7 10 8 16 18 23 -11 -12 28 20 25 -16 -17 -18 -19 21 -21 24 -23 -24 -25 -26 -27 -28 -29 -30 -31
leaf_value=5.384882287800262e-06 -2.9303361505953902e-05 -3.1951964300514032e-05 -3.1951964300514032e-05 -3.1951964300514032e-05 1.3033842144569199e-06 -3.1951964300514032e-05 -3.1951964300514032e-05 -3.1951964300514032e-05 -2.8920713827101328e-05 -0.00012052021933717325 6.917585583742697e-05 4.6564954117851549e-05 3.7397717018402532e-06 -5.5664268567838705e-05 -7.3648299696397877e-05 -3.1951964300514032e-05 -3.1951964300514032e-05 -3.1951964300514032e-05 -3.1951964300514032e-05 -2.9572323162208318e-05 -9.2571560733147352e-05 -3.1951964300514032e-05 -3.1951964300514032e-05 0.0004732371300132996 6.6457998667359565e-06 -0.00013379322229308642 -3.1951964300514032e-05 -3.1951964300514032e-05 2.0588695833330886e-05 -5.222289364616514e-05
leaf_weight=25889 3714 3116 2735 1546 1116 8590 23212 3385 26599 13309 351208 79219 3722 34377 12696 9037 15820 4062 9282 2217 4991 10032 6681 10045 60912 5881 5012 1605 377228 198553
leaf_count=25889 3714 3116 2735 1546 1116 8590 23212 3385 26599 13309 351208 79219 3722 34377 12696 9037 15820 4062 9282 2217 4991 10032 6681 10045 60912 5881 5012 1605 377228 198553
internal_value=-0.000516263 -0.0054364 -0.00703491 -0.011393 -4.6259e-05 -0.00248823 -0.00433729 -0.0101643 -0.00147308 -0.00328551 0.000107544 -8.68438e-05 -0.000919728 -0.00211578 -0.00577686 -0.00863829 -0.00316239 -0.00211772 -0.00885369 -0.0136562 8.97685e-06 -0.00815789 -0.00530057 -5.94911e-05 -0.000203101 -0.000859705 -0.0150213 -0.00660411 7.04571e-05 -0.000229829
internal_weight=1.31579e+06 114733 88844 33978 1.20106e+06 71155 54866 30862 65224 28580 1.1299e+06 778695 123695 54070 13812 11772 43094 27274 24304 5931 69625 20919 15271 36644 65903 40258 6558 10887 655000 277772
internal_count=1315791 114733 88844 33978 1201058 71155 54866 30862 65224 28580 1129903 778695 123695 54070 13812 11772 43094 27274 24304 5931 69625 20919 15271 36644 65903 40258 6558 10887 655000 277772
cat_boundaries=0 1 2 3 4 5 6
cat_threshold=7 32 80 64 64 1
is_linear=0
shrinkage=0.05


Tree=75
num_leaves=31
num_cat=5
split_feature=6 1 7 7 1 7 6 6 6 7 7 1 6 7 7 6 1 3 2 7 6 1 3 3 3 6 7 3 3 3
split_gain=1213.48 402.411 417.839 203.218 179.297 322.74 110.901 78.5826 65.8861 53.9114 34.9663 39.7328 53.6671 100.87 53.6267 33.4435 32.2674 43.0308 29.0856 24.1112 23.9164 21.191 19.8843 18.838 18.3015 18.026 17.7001 17.6282 16.6997 16.1109
threshold=12.413077667390478 0 0.075491315677096354 0.029154964549149176 1 0.049684397321221409 11.990580988694822 11.990580988694822 12.781428899765492 0.087953586857695942 0.086387359317017867 2 13.605791493620417 0.051322440910878987 0.024630190825150434 11.583360624843122 3 5.5000000000000009 9.5000000000000018 0.028165668868557519 12.937343182529457 4 3.5000000000000004 2.5000000000000004 5.5000000000000009 11.583360624843122 0.036427205497572696 5.5000000000000009 2.5000000000000004 3.5000000000000004
decision_type=2 1 2 2 1 2 2 2 2 2 2 1 2 2 2 2 1 2 2 2 2 1 2 2 2 2 2 2 2 2
left_child=1 -1 3 -3 5 20 15 25 9 22 11 12 13 14 -6 -4 17 -8 -9 -14 -2 27 -7 -10 -15 -5 -21 -20 -18 -13
right_child=4 2 6 7 10 8 16 18 23 -11 -12 29 19 24 -16 -17 28 -19 21 26 -22 -23 -24 -25 -26 -27 -28 -29 -30 -31
leaf_value=5.1156381734102249e-06 -2.7838193430656204e-05 -3.0354366085488327e-05 -3.0354366085488327e-05 -3.0354366085488327e-05 1.2382150037340739e-06 -3.0354366085488327e-05 -3.0354366085488327e-05 -3.0354366085488327e-05 -2.9732387739539863e-05 -0.00011449420837031459 6.5717063045555302e-05 -1.0150659555514673e-05 3.5527831167482404e-06 -5.2881055139446764e-05 -6.9965884711577976e-05 -3.0354366085488327e-05 -3.0354366085488327e-05 -3.0354366085488327e-05 -3.0354366085488327e-05 -9.3397434201011246e-05 -2.8093707004097902e-05 -3.0354366085488327e-05 -3.0354366085488327e-05 0.00031741065183523174 -0.00012710356117843209 -3.0354366085488327e-05 -1.3015684474844384e-05 -3.0354366085488327e-05 -3.0354366085488327e-05 2.493351831303282e-05
leaf_weight=25889 3714 3116 2735 1546 1035 8590 23212 3385 15098 13309 351208 371617 3877 33331 12084 9037 6471 4062 9282 2832 2217 10032 6681 21546 5679 5012 64857 1605 9349 283383
leaf_count=25889 3714 3116 2735 1546 1035 8590 23212 3385 15098 13309 351208 371617 3877 33331 12084 9037 6471 4062 9282 2832 2217 10032 6681 21546 5679 5012 64857 1605 9349 283383
internal_value=-0.000524015 -0.00543684 -0.00703491 -0.011393 -5.47099e-05 -0.00248893 -0.00433729 -0.0101643 -0.00147384 -0.00327327 9.86051e-05 -8.81922e-05 -0.000910028 -0.00213039 -0.00592309 -0.00863829 -0.00316239 -0.00211772 -0.00885369 -2.12389e-05 -0.0136562 -0.00815789 -0.00530057 -7.0407e-05 -0.000854909 -0.0150213 -0.000240881 -0.00660411 -0.00495894 6.70221e-05
internal_weight=1.31579e+06 114733 88844 33978 1.20106e+06 71155 54866 30862 65224 28580 1.1299e+06 778695 123695 52129 13119 11772 43094 27274 24304 71566 5931 20919 15271 36644 39010 6558 67689 10887 15820 655000
internal_count=1315791 114733 88844 33978 1201058 71155 54866 30862 65224 28580 1129903 778695 123695 52129 13119 11772 43094 27274 24304 71566 5931 20919 15271 36644 39010 6558 67689 10887 15820 655000
cat_boundaries=0 1 2 3 4 5
cat_threshold=7 32 80 64 64
is_linear=0
shrinkage=0.05


Tree=76
num_leaves=31
num_cat=6
split_feature=6 1 7 7 1 7 6 6 6 7 6 1 3 7 2 1 6 2 6 6 1 3 7 6 3 3 0 3 3 7
split_gain=1218.17 402.192 417.839 203.218 181.598 322.416 110.901 78.5826 65.4378 53.9114 33.4435 32.2674 43.0308 29.3959 29.0856 26.7627 31.006 31.2684 23.9164 22.9245 21.191 19.8843 18.759 18.026 17.6282 16.6997 16.1528 15.8776 14.2175 13.7537
threshold=12.413077667390478 0 0.075491315677096354 0.029154964549149176 1 0.049684397321221409 11.990580988694822 11.990580988694822 12.781428899765492 0.087953586857695942 11.583360624843122 2 5.5000000000000009 0.086387359317017867 9.5000000000000018 3 13.939243853480404 21.500000000000004 12.937343182529457 13.597834221510492 4 3.5000000000000004 0.10261254377763239 11.583360624843122 5.5000000000000009 2.5000000000000004 5 5.5000000000000009 2.5000000000000004 0.094067919496270538
decision_type=2 1 2 2 1 2 2 2 2 2 2 1 2 2 2 1 2 2 2 2 1 2 2 2 2 2 1 2 2 2
left_child=1 29 3 -3 5 18 10 23 9 21 -4 12 -8 15 -9 16 17 27 -2 -19 24 -7 28 -5 -16 -13 -17 -6 -10 -1
right_child=4 2 6 7 13 8 11 14 22 -11 -12 25 -14 -15 20 26 -18 19 -20 -21 -22 -23 -24 -25 -26 -27 -28 -29 -30 -31
leaf_value=-4.090529795222431e-05 -2.6446283759123394e-05 -2.8836647781213913e-05 -2.8836647781213913e-05 -2.8836647781213913e-05 -3.6354366551942768e-05 -2.8836647781213913e-05 -2.8836647781213913e-05 -2.8836647781213913e-05 -2.8245768352562871e-05 -0.00010876949795179887 -2.8836647781213913e-05 -2.8836647781213913e-05 -2.8836647781213913e-05 6.2431209893277223e-05 -2.8836647781213913e-05 -2.2505352205428859e-05 3.0668061460429396e-05 -0.0002786028857047124 -2.6689021653893008e-05 -8.3273110986439427e-05 -2.8836647781213913e-05 -2.8836647781213913e-05 0.00044501155959855314 -2.8836647781213913e-05 -2.8836647781213913e-05 -2.8836647781213913e-05 1.5335906256585795e-05 -9.8906895497518848e-05 6.6183667116174368e-05 0.00034707699795709233
leaf_weight=19261 3714 3116 2735 1546 68826 8590 23212 3385 11011 13309 9037 6471 4062 351208 9282 182790 39015 1464 2217 2686 10032 6681 10045 5012 1605 9349 472210 11704 15588 6628
leaf_count=19261 3714 3116 2735 1546 68826 8590 23212 3385 11011 13309 9037 6471 4062 351208 9282 182790 39015 1464 2217 2686 10032 6681 10045 5012 1605 9349 472210 11704 15588 6628
internal_value=-0.000514971 -0.00543728 -0.00703491 -0.011393 -4.47603e-05 -0.00249455 -0.00433729 -0.0101643 -0.00147998 -0.00327327 -0.00863829 -0.00316239 -0.00211772 0.000109535 -0.00885369 -6.17377e-05 -0.000736227 -0.00127362 -0.0136562 -0.00550602 -0.00815789 -0.00530057 -8.13228e-05 -0.0150213 -0.00660411 -0.00495894 6.5648e-05 -0.00105551 -0.000776533 4.80715e-05
internal_weight=1.31579e+06 114733 88844 33978 1.20106e+06 71155 54866 30862 65224 28580 11772 43094 27274 1.1299e+06 24304 778695 123695 84680 5931 4150 20919 15271 36644 6558 10887 15820 655000 80530 26599 25889
internal_count=1315791 114733 88844 33978 1201058 71155 54866 30862 65224 28580 11772 43094 27274 1129903 24304 778695 123695 84680 5931 4150 20919 15271 36644 6558 10887 15820 655000 80530 26599 25889
cat_boundaries=0 1 2 3 4 5 6
cat_threshold=7 32 64 80 64 5070914
is_linear=0
shrinkage=0.05


Tree=77
num_leaves=31
num_cat=7
split_feature=6 1 7 7 1 7 6 6 6 7 6 1 3 2 5 7 6 3 1 1 3 0 3 6 3 3 0 7 6 7
split_gain=1222.66 401.095 417.839 203.218 183.795 322.01 110.901 78.5826 64.8795 53.9114 33.4435 32.2674 43.0308 29.0856 28.8337 26.3008 23.9164 21.6988 21.6545 21.191 19.8843 19.6093 18.542 18.026 17.6282 16.6997 15.1008 13.8679 13.5816 13.7742
threshold=12.413077667390478 0 0.075491315677096354 0.029154964549149176 1 0.049684397321221409 11.990580988694822 11.990580988694822 12.781428899765492 0.087953586857695942 11.583360624843122 2 5.5000000000000009 9.5000000000000018 5.5000000000000009 0.10189595550363319 12.937343182529457 1.0000000180025095e-35 3 4 3.5000000000000004 5 4.5000000000000009 11.583360624843122 5.5000000000000009 2.5000000000000004 6 0.1037406997740149 11.583360624843122 0.050787607986193001
decision_type=2 1 2 2 1 2 2 2 2 2 2 1 2 2 2 2 2 2 1 1 2 1 2 2 2 2 1 2 2 2
left_child=1 28 3 -3 5 16 10 23 9 20 -4 12 -8 -9 15 -6 -2 18 26 24 -7 -19 27 -5 -15 -13 -16 -10 -1 -30
right_child=4 2 6 7 14 8 11 13 22 -11 -12 25 -14 19 17 -17 -18 21 -20 -21 -22 -23 -24 -25 -26 -27 -28 -29 29 -31
leaf_value=-0.0015856649162737494 -2.5123969571167226e-05 -2.7394815392153214e-05 -2.7394815392153214e-05 -2.7394815392153214e-05 7.9187179170297061e-06 -2.7394815392153214e-05 -2.7394815392153214e-05 -2.7394815392153214e-05 -0.00010372712789637726 -0.00010333102305420891 -2.7394815392153214e-05 -2.7394815392153214e-05 -2.7394815392153214e-05 -2.7394815392153214e-05 -0.00039303285290775221 0.00015497533594267267 -2.5354570571198359e-05 -4.6414322774483729e-05 -3.1328845572679898e-05 -2.7394815392153214e-05 -2.7394815392153214e-05 1.3389553278610185e-05 0.00063544025430459369 -2.7394815392153214e-05 -2.7394815392153214e-05 -2.7394815392153214e-05 -0.00014947614486361926 0.00025854980755224817 -6.8902001884967035e-05 0.00013761554710330103
leaf_weight=763 3714 3116 2735 1546 681720 8590 23212 3385 19152 13309 9037 6471 4062 9282 5739 88729 2217 121494 33358 10032 6681 185792 10716 5012 1605 9349 13071 6776 10579 14547
leaf_count=763 3714 3116 2735 1546 681720 8590 23212 3385 19152 13309 9037 6471 4062 9282 5739 88729 2217 121494 33358 10032 6681 185792 10716 5012 1605 9349 13071 6776 10579 14547
internal_value=-0.000508093 -0.00543945 -0.00703491 -0.011393 -3.70172e-05 -0.00250158 -0.00433729 -0.0101643 -0.00148764 -0.00327327 -0.00863829 -0.00316239 -0.00211772 -0.00885369 0.000118208 0.000290733 -0.0136562 -0.000251576 -0.00119441 -0.00815789 -0.00530057 -9.15107e-05 -9.49676e-05 -0.0150213 -0.00660411 -0.00495894 -0.00255048 -0.000818034 3.84187e-05 0.000238001
internal_weight=1.31579e+06 114733 88844 33978 1.20106e+06 71155 54866 30862 65224 28580 11772 43094 27274 24304 1.1299e+06 770449 5931 359454 52168 20919 15271 307286 36644 6558 10887 15820 18810 25928 25889 25126
internal_count=1315791 114733 88844 33978 1201058 71155 54866 30862 65224 28580 11772 43094 27274 24304 1129903 770449 5931 359454 52168 20919 15271 307286 36644 6558 10887 15820 18810 25928 25889 25126
cat_boundaries=0 1 2 3 4 5 6 7
cat_threshold=7 32 64 6 64 5070934 4268196
is_linear=0
shrinkage=0.05


Tree=78
num_leaves=31
num_cat=7
split_feature=6 1 7 7 1 7 6 6 6 7 6 1 3 2 5 6 7 1 3 3 1 3 6 0 3 3 0 6 3 7
split_gain=1222.58 399.782 417.839 203.218 184.952 321.401 110.901 78.5826 64.0466 53.9114 33.4435 32.2674 43.0308 29.0856 26.2988 23.9164 23.5225 21.191 19.8843 19.7568 19.6373 18.3259 18.026 17.93 17.6282 16.6997 14.4066 13.5338 12.8404 12.3529
threshold=12.413077667390478 0 0.075491315677096354 0.029154964549149176 1 0.049684397321221409 11.990580988694822 11.990580988694822 12.781428899765492 0.087953586857695942 11.583360624843122 2 5.5000000000000009 9.5000000000000018 5.5000000000000009 12.937343182529457 0.10454569582555139 3 3.5000000000000004 1.0000000180025095e-35 4 2.5000000000000004 11.583360624843122 5 5.5000000000000009 2.5000000000000004 6 11.583360624843122 2.5000000000000004 0.094067919496270538
decision_type=2 1 2 2 1 2 2 2 2 2 2 1 2 2 2 2 2 1 2 2 1 2 2 1 2 2 1 2 2 2
left_child=1 27 3 -3 5 15 10 22 9 18 -4 12 -8 -9 16 -2 -6 24 -7 20 26 -10 -5 -21 -15 -13 -16 -1 -19 -29
right_child=4 2 6 7 14 8 11 13 21 -11 -12 25 -14 17 19 -17 -18 28 -20 23 -22 -23 -24 -25 -26 -27 -28 29 -30 -31
leaf_value=-0.001506381670460062 -2.3867771092608866e-05 -2.6025074622545552e-05 -2.6025074622545552e-05 -2.6025074622545552e-05 8.5286200901066074e-06 -2.6025074622545552e-05 -2.6025074622545552e-05 -2.6025074622545552e-05 -2.1647123540115862e-05 -9.8164471901498486e-05 -2.6025074622545552e-05 -2.6025074622545552e-05 -2.6025074622545552e-05 -2.6025074622545552e-05 -0.00032827853815522339 -2.4086842042638442e-05 0.00017548420132903366 -2.6025074622545552e-05 -2.6025074622545552e-05 -6.8078540578800115e-05 -2.9762403294045976e-05 0.00028480660363804832 -2.6025074622545552e-05 4.9554058377313349e-06 -2.6025074622545552e-05 -2.6025074622545552e-05 -9.2596134157390891e-05 -2.4825415076789041e-05 -2.6025074622545552e-05 0.00035419770764266311
leaf_weight=763 3714 3116 2735 1546 702364 8590 23212 3385 15098 13309 9037 6471 4062 9282 9578 2217 68085 4159 6681 62905 33358 21546 5012 244381 1605 9349 9232 18742 5873 6384
leaf_count=763 3714 3116 2735 1546 702364 8590 23212 3385 15098 13309 9037 6471 4062 9282 9578 2217 68085 4159 6681 62905 33358 21546 5012 244381 1605 9349 9232 18742 5873 6384
internal_value=-0.000510867 -0.00544207 -0.00703491 -0.011393 -3.98064e-05 -0.00251212 -0.00433729 -0.0101643 -0.00149914 -0.00327327 -0.00863829 -0.00316239 -0.00211772 -0.00885369 0.000115907 -0.0136562 0.000280674 -0.00815789 -0.00530057 -0.000237249 -0.0011369 -0.000115435 -0.0150213 -8.45139e-05 -0.00660411 -0.00495894 -0.00242827 2.68352e-05 -0.00982772 0.000226061
internal_weight=1.31579e+06 114733 88844 33978 1.20106e+06 71155 54866 30862 65224 28580 11772 43094 27274 24304 1.1299e+06 5931 770449 20919 15271 359454 52168 36644 6558 307286 10887 15820 18810 25889 10032 25126
internal_count=1315791 114733 88844 33978 1201058 71155 54866 30862 65224 28580 11772 43094 27274 24304 1129903 5931 770449 20919 15271 359454 52168 36644 6558 307286 10887 15820 18810 25889 10032 25126
cat_boundaries=0 1 2 3 4 5 6 7
cat_threshold=7 32 64 64 6 614480 4406180
is_linear=0
shrinkage=0.05


Tree=79
num_leaves=31
num_cat=6
split_feature=6 1 7 1 7 7 6 7 6 7 6 6 1 6 5 7 3 1 3 0 7 3 3 2 1 3 3 3 6 3
split_gain=1222.21 376.142 402.889 201.249 333.987 148.993 127.779 78.2386 68.6689 57.4252 45.0924 40.6439 30.4497 25.755 24.0724 21.7135 21.0711 19.6622 32.1117 18.0969 17.903 17.7213 16.7198 16.3388 15.4353 17.3782 13.8522 13.7802 13.0901 12.8181
threshold=12.395871386706281 0 0.065131907865817476 1 0.049684397321221409 0.029154964549149176 11.990580988694822 0.086387359317017867 12.781428899765492 0.087953586857695942 12.031923105590947 11.583360624843122 2 12.937343182529457 5.5000000000000009 0.11621054548671803 3.5000000000000004 3 5.5000000000000009 4 0.1037406997740149 5.5000000000000009 2.5000000000000004 9.5000000000000018 5 5.5000000000000009 1.5000000000000002 2.5000000000000004 11.583360624843122 1.0000000180025095e-35
decision_type=2 1 2 1 2 2 2 2 2 2 2 2 1 2 2 2 2 1 2 1 2 2 2 2 1 2 2 2 2 2
left_child=1 28 5 4 13 -3 11 12 9 16 -7 -4 21 -2 15 -5 -6 18 -9 22 27 -8 -16 -12 25 -13 -14 -10 -1 -21
right_child=3 2 6 14 8 10 7 17 20 -11 23 24 26 -15 19 -17 -18 -19 -20 29 -22 -23 -24 -25 -26 -27 -28 -29 -30 -31
leaf_value=-0.0014310625869370589 -2.2674382537978419e-05 -2.4723820891418273e-05 -2.4723820891418273e-05 1.1142225057824605e-05 -2.4723820891418273e-05 -2.4723820891418273e-05 -2.4723820891418273e-05 -2.4723820891418273e-05 -2.0564767363110068e-05 -6.7126707820009914e-05 -2.4723820891418273e-05 -2.4723820891418273e-05 -2.4723820891418273e-05 -2.2882499940506516e-05 -0.00020598938011037206 0.00030130795275832499 -2.4723820891418273e-05 -2.4723820891418273e-05 -2.4723820891418273e-05 -7.0403984332455914e-05 0.0004227306733870279 -2.4723820891418273e-05 -2.4238701567745336e-05 -2.4723820891418273e-05 -2.4723820891418273e-05 -2.4723820891418273e-05 -2.4723820891418273e-05 5.0169898040508263e-05 1.7776832910732376e-05 1.6590144284712198e-06
leaf_weight=763 3845 2985 3288 749172 9040 5135 8637 17787 11175 14049 3007 6326 2184 2217 18800 23978 6983 11668 3083 45555 9629 1514 25060 8947 3405 1139 6373 15840 23121 271086
leaf_count=763 3845 2985 3288 749172 9040 5135 8637 17787 11175 14049 3007 6326 2184 2217 18800 23978 6983 11668 3083 45555 9629 1514 25060 8947 3405 1139 6373 15840 23121 271086
internal_value=-0.000511779 -0.00557314 -0.00712275 -5.29702e-05 -0.00260153 -0.0133197 -0.00522185 -0.00406022 -0.00158088 -0.00335162 -0.0115194 -0.00942647 -0.00663673 -0.0138387 0.000110664 0.000267995 -0.00539755 -0.00257883 -0.00165709 -0.000226754 -0.000127715 -0.00476774 -0.00117848 -0.00983604 -0.00795308 -0.00664548 -0.00883798 -0.000787525 -2.42737e-05 -9.48835e-05
internal_weight=1.31579e+06 109362 85478 1.20643e+06 72778 20074 65404 51246 66716 30072 17089 14158 18708 6062 1.13365e+06 773150 16023 32538 20870 360501 36644 10151 43860 11954 10870 7465 8557 27015 23884 316641
internal_count=1315791 109362 85478 1206429 72778 20074 65404 51246 66716 30072 17089 14158 18708 6062 1133651 773150 16023 32538 20870 360501 36644 10151 43860 11954 10870 7465 8557 27015 23884 316641
cat_boundaries=0 1 2 3 4 5 6
cat_threshold=7 32 64 64 24640 64
is_linear=0
shrinkage=0.05


Tree=80
num_leaves=31
num_cat=6
split_feature=6 1 7 1 7 7 6 7 6 7 6 6 1 6 7 3 1 6 2 7 1 3 3 6 3 7 2 1 3 3
split_gain=1219.55 376.364 402.889 201.783 333.457 148.993 127.779 78.2386 67.9154 57.4252 45.0924 40.6439 30.4497 25.755 22.9439 21.0711 20.7319 26.9162 34.6975 23.8839 19.6622 32.1117 18.0485 17.8874 17.7213 16.6317 16.3388 15.4353 17.3782 13.8522
threshold=12.395871386706281 0 0.065131907865817476 1 0.049684397321221409 0.029154964549149176 11.990580988694822 0.086387359317017867 12.781428899765492 0.087953586857695942 12.031923105590947 11.583360624843122 2 12.937343182529457 0.086387359317017867 3.5000000000000004 3 13.814302828840335 21.500000000000004 0.024630190825150434 4 5.5000000000000009 2.5000000000000004 13.597834221510492 5.5000000000000009 0.066162824367806392 9.5000000000000018 5 5.5000000000000009 1.5000000000000002
decision_type=2 1 2 1 2 2 2 2 2 2 2 2 1 2 2 2 1 2 2 2 1 2 2 2 2 2 2 1 2 2
left_child=1 -1 5 4 13 -3 11 12 9 15 -7 -4 24 -2 16 -6 17 18 19 -5 21 -9 -10 -20 -8 -21 -12 28 -13 -14
right_child=3 2 6 14 8 10 7 20 22 -11 26 27 29 -15 -16 -17 -18 -19 23 25 -22 -23 -24 -25 -26 -27 -28 -29 -30 -31
leaf_value=-1.7472682786456251e-06 -2.15406634110795e-05 -2.348762984684736e-05 -2.348762984684736e-05 1.6145444278964627e-06 -2.348762984684736e-05 -2.348762984684736e-05 -2.348762984684736e-05 -2.348762984684736e-05 -1.9536528994954568e-05 -6.377037242900942e-05 -2.348762984684736e-05 -2.348762984684736e-05 -2.348762984684736e-05 -2.1738374943481191e-05 5.5758993131358527e-05 -2.348762984684736e-05 4.563452545123808e-06 1.3469732048382337e-06 -0.00026567294009671743 -4.2795148758821646e-05 -2.348762984684736e-05 -2.348762984684736e-05 0.00026081300718131727 -0.0001737741604277961 -2.348762984684736e-05 -0.00011539166191327467 -2.348762984684736e-05 -2.348762984684736e-05 -2.348762984684736e-05 -2.348762984684736e-05
leaf_weight=23884 3845 2985 3288 1590 9040 5135 8637 17787 15098 14049 3007 6326 2184 2217 352763 6983 656371 54360 1464 32421 11668 3083 21546 1396 1514 33286 8947 3405 1139 6373
leaf_count=23884 3845 2985 3288 1590 9040 5135 8637 17787 15098 14049 3007 6326 2184 2217 352763 6983 656371 54360 1464 32421 11668 3083 21546 1396 1514 33286 8947 3405 1139 6373
internal_value=-0.000516833 -0.00557268 -0.00712275 -5.85238e-05 -0.00261046 -0.0133197 -0.00522185 -0.00406022 -0.00159062 -0.00335162 -0.0115194 -0.00942647 -0.00663673 -0.0138387 0.000105327 -0.00539755 -4.58579e-05 -0.000637331 -0.00128448 -0.00105525 -0.00257883 -0.00165709 -0.000145453 -0.00667832 -0.00476774 -0.00120177 -0.00983604 -0.00795308 -0.00664548 -0.00883798
internal_weight=1.31579e+06 109362 85478 1.20643e+06 72778 20074 65404 51246 66716 30072 17089 14158 18708 6062 1.13365e+06 16023 780888 124517 70157 67297 32538 20870 36644 2860 10151 65707 11954 10870 7465 8557
internal_count=1315791 109362 85478 1206429 72778 20074 65404 51246 66716 30072 17089 14158 18708 6062 1133651 16023 780888 124517 70157 67297 32538 20870 36644 2860 10151 65707 11954 10870 7465 8557
cat_boundaries=0 1 2 3 4 5 6
cat_threshold=7 32 64 80 64 64
is_linear=0
shrinkage=0.05


Tree=81
num_leaves=31
num_cat=7
split_feature=6 1 7 1 7 7 6 7 6 7 6 6 1 6 5 3 7 1 3 3 3 6 0 2 1 3 3 3 1 7
split_gain=1218.91 376.586 402.889 203.258 332.845 148.993 127.779 78.2386 66.4154 57.8928 45.0924 40.6439 30.4497 25.755 21.2077 21.0711 20.1094 19.6622 32.1117 17.7213 17.4382 17.1731 17.1365 16.3388 15.4353 17.3782 14.0411 13.8522 12.8197 16.3366
threshold=12.395871386706281 0 0.065131907865817476 1 0.049684397321221409 0.029154964549149176 11.990580988694822 0.086387359317017867 12.781428899765492 0.087953586857695942 12.031923105590947 11.583360624843122 2 12.937343182529457 5.5000000000000009 3.5000000000000004 0.09920915220449486 3 5.5000000000000009 5.5000000000000009 4.5000000000000009 13.703726398863079 4 9.5000000000000018 5 5.5000000000000009 2.5000000000000004 1.5000000000000002 6 0.05205096817670142
decision_type=2 1 2 1 2 2 2 2 2 2 2 2 1 2 2 2 2 1 2 2 2 2 1 2 1 2 2 2 1 2
left_child=1 -1 5 4 13 -3 11 12 9 15 -7 -4 19 -2 16 -6 -5 18 -9 -8 -10 22 26 -12 25 -13 -16 -14 29 -24
right_child=3 2 6 14 8 10 7 17 20 -11 23 24 27 -15 21 -17 -18 -19 -20 -21 -22 -23 28 -25 -26 -27 -28 -29 -30 -31
leaf_value=-1.6599048647133409e-06 -2.0463630240525523e-05 -2.2313248354504993e-05 -2.2313248354504993e-05 5.1738552114227829e-06 -2.2313248354504993e-05 -2.2313248354504993e-05 -2.2313248354504993e-05 -2.2313248354504993e-05 -1.8559702545206838e-05 -6.058185380755895e-05 -2.2313248354504993e-05 -2.2313248354504993e-05 -2.2313248354504993e-05 -2.0651456196307133e-05 -0.0002342660161899342 -2.2313248354504993e-05 0.00011470664387326904 -2.2313248354504993e-05 -2.2313248354504993e-05 -2.2313248354504993e-05 0.00057240321005458644 3.3521671964870763e-05 -0.00018351267953086332 -2.2313248354504993e-05 -2.2313248354504993e-05 -2.2313248354504993e-05 -3.8918756709940215e-05 -2.2313248354504993e-05 -1.2205241692987153e-05 -9.060677648197211e-05
leaf_weight=23884 3845 2985 3288 656804 9040 5135 8637 17787 25928 14049 3007 6326 2184 2217 15264 6983 116346 11668 3083 1514 10716 69694 2546 8947 3405 1139 20577 6373 246084 6336
leaf_count=23884 3845 2985 3288 656804 9040 5135 8637 17787 25928 14049 3007 6326 2184 2217 15264 6983 116346 11668 3083 1514 10716 69694 2546 8947 3405 1139 20577 6373 246084 6336
internal_value=-0.000517707 -0.00557223 -0.00712275 -5.95184e-05 -0.00262076 -0.0133197 -0.00522185 -0.00406022 -0.00160186 -0.00334331 -0.0115194 -0.00942647 -0.00663673 -0.0138387 0.00010493 -0.00539755 0.000252603 -0.00257883 -0.00165709 -0.00476774 -0.000172743 -0.000211775 -0.000380716 -0.00983604 -0.00795308 -0.00664548 -0.00140428 -0.00883798 -0.000236767 -0.00210189
internal_weight=1.31579e+06 109362 85478 1.20643e+06 72778 20074 65404 51246 66716 30072 17089 14158 18708 6062 1.13365e+06 16023 773150 32538 20870 10151 36644 360501 290807 11954 10870 7465 35841 8557 254966 8882
internal_count=1315791 109362 85478 1206429 72778 20074 65404 51246 66716 30072 17089 14158 18708 6062 1133651 16023 773150 32538 20870 10151 36644 360501 290807 11954 10870 7465 35841 8557 254966 8882
cat_boundaries=0 1 2 3 4 5 6 7
cat_threshold=7 32 64 64 24640 64 16
is_linear=0
shrinkage=0.05


Tree=82
num_leaves=31
num_cat=8
split_feature=6 1 7 1 7 7 6 7 6 7 6 6 1 6 3 7 1 2 1 3 3 3 1 1 3 3 7 2 1 3
split_gain=1215.65 376.808 402.889 203.359 332.396 148.993 127.779 78.2386 65.7881 57.8928 45.0924 40.6439 30.4497 25.755 21.0711 20.7439 23.5542 22.038 19.6622 32.1117 17.7213 17.4194 43.2706 34.3912 82.5781 38.6801 17.3611 16.3388 15.4353 17.3782
threshold=12.395871386706281 0 0.065131907865817476 1 0.049684397321221409 0.029154964549149176 11.990580988694822 0.086387359317017867 12.781428899765492 0.087953586857695942 12.031923105590947 11.583360624843122 2 12.937343182529457 3.5000000000000004 0.062923896024368639 3 19.500000000000004 4 5.5000000000000009 5.5000000000000009 2.5000000000000004 5 6 5.5000000000000009 4.5000000000000009 0.10155983211953989 9.5000000000000018 7 5.5000000000000009
decision_type=2 1 2 1 2 2 2 2 2 2 2 2 1 2 2 2 1 2 1 2 2 2 1 1 2 2 2 2 1 2
left_child=1 -1 5 4 13 -3 11 12 9 14 -7 -4 20 -2 -6 16 17 -5 19 -9 -8 22 -17 25 -25 -23 -10 -12 29 -13
right_child=3 2 6 15 8 10 7 18 26 -11 27 28 -14 -15 -16 21 -18 -19 -20 -21 -22 23 -24 24 -26 -27 -28 -29 -30 -31
leaf_value=-1.5769096214777403e-06 -1.9440448728499247e-05 -2.1197585936779745e-05 -2.1197585936779745e-05 -6.8406089352022419e-06 -2.1197585936779745e-05 -2.1197585936779745e-05 -2.1197585936779745e-05 -2.1197585936779745e-05 -1.7631717417946496e-05 -5.7552761117180993e-05 -2.1197585936779745e-05 -2.1197585936779745e-05 -2.1197585936779745e-05 -1.9618883386491775e-05 -2.1197585936779745e-05 0.0001303769477382272 -9.853060612715039e-07 -4.7917697530755394e-05 -2.1197585936779745e-05 -2.1197585936779745e-05 -2.1197585936779745e-05 2.2809758885430941e-05 -4.8766356991478534e-05 8.923188894465389e-05 -0.00024310331257407894 0.00018589973057016906 0.00035557502410597276 -2.1197585936779745e-05 -2.1197585936779745e-05 -2.1197585936779745e-05
leaf_weight=23884 3845 2985 3288 46056 9040 5135 8637 17787 26206 14049 3007 6326 8557 2217 6983 95138 450201 13384 11668 3083 1514 115868 169593 95910 32359 115142 10438 8947 3405 1139
leaf_count=23884 3845 2985 3288 46056 9040 5135 8637 17787 26206 14049 3007 6326 8557 2217 6983 95138 450201 13384 11668 3083 1514 115868 169593 95910 32359 115142 10438 8947 3405 1139
internal_value=-0.000524015 -0.00557177 -0.00712275 -6.64397e-05 -0.00262832 -0.0133197 -0.00522185 -0.00406022 -0.00161011 -0.00334331 -0.0115194 -0.00942647 -0.00663673 -0.0138387 -0.00539755 9.80498e-05 -0.000138617 -0.00107401 -0.00257883 -0.00165709 -0.00476774 0.000291342 -1.64127e-05 0.000518107 -0.000138409 0.000882608 -0.000187752 -0.00983604 -0.00795308 -0.00664548
internal_weight=1.31579e+06 109362 85478 1.20643e+06 72778 20074 65404 51246 66716 30072 17089 14158 18708 6062 16023 1.13365e+06 509641 59440 32538 20870 10151 624010 264731 359279 128269 231010 36644 11954 10870 7465
internal_count=1315791 109362 85478 1206429 72778 20074 65404 51246 66716 30072 17089 14158 18708 6062 16023 1133651 509641 59440 32538 20870 10151 624010 264731 359279 128269 231010 36644 11954 10870 7465
cat_boundaries=0 1 2 3 4 5 6 7 8
cat_threshold=7 32 64 80 64 81 14 64
is_linear=0
shrinkage=0.05


Tree=83
num_leaves=31
num_cat=7
split_feature=6 1 7 1 7 7 6 7 7 6 6 6 1 6 3 5 1 3 7 3 2 1 3 6 0 6 3 3 6 1
split_gain=1216.66 377.031 402.889 191.749 336.975 148.993 127.779 78.2386 67.0304 66.8022 45.0924 40.6439 30.4497 25.755 21.7071 19.7435 19.6622 32.1117 18.7027 17.7213 16.3388 15.4353 17.3782 15.0713 14.7182 14.2869 13.8522 13.7441 12.7604 11.9401
threshold=12.395871386706281 0 0.065131907865817476 1 0.049684397321221409 0.029154964549149176 11.990580988694822 0.086387359317017867 0.087953586857695942 12.787964887779809 12.031923105590947 11.583360624843122 2 12.937343182529457 3.5000000000000004 5.5000000000000009 3 5.5000000000000009 0.10879013868478844 5.5000000000000009 9.5000000000000018 4 5.5000000000000009 13.703726398863079 5 13.090468603901829 1.5000000000000002 4.5000000000000009 11.583360624843122 6
decision_type=2 1 2 1 2 2 2 2 2 2 2 2 1 2 2 2 1 2 2 2 2 1 2 2 1 2 2 2 2 1
left_child=1 -1 5 4 13 -3 11 12 9 14 28 -4 19 -2 -6 18 17 -9 -5 -8 -12 22 -13 24 -17 -11 -14 -10 -7 -26
right_child=3 2 6 15 8 10 7 16 27 25 20 21 26 -15 -16 23 -18 -19 -20 -21 -22 -23 -24 -25 29 -27 -28 -29 -30 -31
leaf_value=-1.4980641404038154e-06 -1.8468426292074286e-05 -2.0137706639940756e-05 -2.0137706639940756e-05 7.9637895575847805e-06 -2.0137706639940756e-05 -2.0137706639940756e-05 -2.0137706639940756e-05 -2.0137706639940756e-05 -6.2524790721570943e-05 -0.00015082412569547495 -2.0137706639940756e-05 -2.0137706639940756e-05 -2.0137706639940756e-05 -1.8637939217167186e-05 -2.0137706639940756e-05 -0.00010518420373313914 -2.0137706639940756e-05 -2.0137706639940756e-05 0.00020670543911623519 -2.0137706639940756e-05 -2.0137706639940756e-05 -2.0137706639940756e-05 -2.0137706639940756e-05 3.1149528548242787e-05 -0.00011067831137301202 0.00019562946750642662 -2.0137706639940756e-05 0.00069407228361181795 -2.0137706639940756e-05 -1.2356962260821116e-05
leaf_weight=23884 3845 2985 3288 730213 9144 993 8637 17787 21833 11494 3007 6326 2184 2217 7084 35841 11668 3083 42937 1514 8947 3405 1139 69694 8882 8076 6373 9085 4142 246084
leaf_count=23884 3845 2985 3288 730213 9144 993 8637 17787 21833 11494 3007 6326 2184 2217 7084 35841 11668 3083 42937 1514 8947 3405 1139 69694 8882 8076 6373 9085 4142 246084
internal_value=-0.000521469 -0.00557131 -0.00712275 -6.37043e-05 -0.00255138 -0.0133197 -0.00522185 -0.00406022 -0.00152617 -0.00299905 -0.0115194 -0.00942647 -0.00663673 -0.0138387 -0.00537096 9.6021e-05 -0.00257883 -0.00165709 0.000238505 -0.00476774 -0.00983604 -0.00795308 -0.00664548 -0.000209555 -0.000367821 -0.00103219 -0.00883798 0.000179184 -0.0154382 -0.000234414
internal_weight=1.31579e+06 109362 85478 1.20643e+06 72778 20074 65404 51246 66716 35798 17089 14158 18708 6062 16228 1.13365e+06 32538 20870 773150 10151 11954 10870 7465 360501 290807 19570 8557 30918 5135 254966
internal_count=1315791 109362 85478 1206429 72778 20074 65404 51246 66716 35798 17089 14158 18708 6062 16228 1133651 32538 20870 773150 10151 11954 10870 7465 360501 290807 19570 8557 30918 5135 254966
cat_boundaries=0 1 2 3 4 5 6 7
cat_threshold=7 32 64 64 64 24640 16
is_linear=0
shrinkage=0.05


Tree=84
num_leaves=31
num_cat=8
split_feature=6 1 7 1 7 7 6 7 7 6 6 6 1 6 3 1 3 7 2 6 3 3 1 3 3 1 2 1 3 0
split_gain=1212.98 377.031 402.889 195.033 335.214 148.993 127.779 78.2386 64.1293 66.8022 45.0924 40.6439 30.4497 25.755 21.7071 19.6622 32.1117 19.6455 29.118 33.0292 17.7213 17.3468 58.39 115.936 54.1948 53.7808 16.3388 15.4353 17.3782 14.9119
threshold=12.395871386706281 0 0.065131907865817476 1 0.049684397321221409 0.029154964549149176 11.990580988694822 0.086387359317017867 0.087953586857695942 12.787964887779809 12.031923105590947 11.583360624843122 2 12.937343182529457 3.5000000000000004 3 5.5000000000000009 0.042103882772743233 21.500000000000004 13.597834221510492 5.5000000000000009 2.5000000000000004 4 5.5000000000000009 4.5000000000000009 5 9.5000000000000018 6 5.5000000000000009 7
decision_type=2 1 2 1 2 2 2 2 2 2 2 2 1 2 2 1 2 2 2 2 2 2 1 2 2 1 2 1 2 1
left_child=1 -1 5 4 13 -3 11 12 9 14 -7 -4 20 -2 -6 16 -9 18 -5 -20 -8 25 24 -24 -23 -19 -12 28 -13 -27
right_child=3 2 6 17 8 10 7 15 -10 -11 26 27 -14 -15 -16 -17 -18 21 19 -21 -22 22 23 -25 -26 29 -28 -29 -30 -31
leaf_value=-1.4231609333836217e-06 -1.7545004977470569e-05 -1.9130821307943718e-05 -1.9130821307943718e-05 -7.2574047172982168e-06 -1.9130821307943718e-05 -1.9130821307943718e-05 -1.9130821307943718e-05 -1.9130821307943718e-05 5.8778644637660875e-06 -2.4273895318576899e-05 -1.9130821307943718e-05 -1.9130821307943718e-05 -1.9130821307943718e-05 -1.7706042256308823e-05 -1.9130821307943718e-05 -1.9130821307943718e-05 -1.9130821307943718e-05 6.1643866159685783e-05 -0.00028098729187748346 -5.5453848897750772e-05 -1.9130821307943718e-05 1.1728793346302293e-05 3.2550202949452821e-05 -0.00015132906571687017 0.00014575845296467194 -0.00011168888489808956 -1.9130821307943718e-05 -1.9130821307943718e-05 -1.9130821307943718e-05 -3.0960212443415624e-05
leaf_weight=23884 3845 2985 3288 145784 9144 5135 8637 17787 30918 19570 3007 6326 8557 2217 7084 11668 3083 160336 1421 4831 1514 174765 161555 54520 174134 40721 8947 3405 1139 215584
leaf_count=23884 3845 2985 3288 145784 9144 5135 8637 17787 30918 19570 3007 6326 8557 2217 7084 11668 3083 160336 1421 4831 1514 174765 161555 54520 174134 40721 8947 3405 1139 215584
internal_value=-0.000529107 -0.00557131 -0.00712275 -7.20347e-05 -0.00258092 -0.0133197 -0.00522185 -0.00406022 -0.0015584 -0.00299905 -0.0115194 -0.00942647 -0.00663673 -0.0138387 -0.00537096 -0.00257883 -0.00165709 8.90524e-05 -0.00043983 -0.00378119 -0.00476774 0.000170968 0.000351468 -0.000294444 0.000751471 -7.37924e-05 -0.00983604 -0.00795308 -0.00664548 -0.000523087
internal_weight=1.31579e+06 109362 85478 1.20643e+06 72778 20074 65404 51246 66716 35798 17089 14158 18708 6062 16228 32538 20870 1.13365e+06 152036 6252 10151 981615 564974 216075 348899 416641 11954 10870 7465 256305
internal_count=1315791 109362 85478 1206429 72778 20074 65404 51246 66716 35798 17089 14158 18708 6062 16228 32538 20870 1133651 152036 6252 10151 981615 564974 216075 348899 416641 11954 10870 7465 256305
cat_boundaries=0 1 2 3 4 5 6 7 8
cat_threshold=7 32 64 64 14 81 64 24608
is_linear=0
shrinkage=0.05


Tree=85
num_leaves=31
num_cat=7
split_feature=6 1 7 1 7 7 6 7 6 7 6 6 1 6 3 1 3 7 3 2 2 1 3 7 6 1 7 7 7 1
split_gain=1212.41 377.031 402.889 189.427 337.304 148.993 127.779 78.2386 61.3335 66.6344 45.0924 40.6439 30.4497 25.755 21.0711 19.6622 32.1117 18.6465 17.7213 16.3388 16.2797 15.4353 17.3782 15.264 14.2783 33.3112 21.5868 41.4269 34.1132 14.7899
threshold=12.395871386706281 0 0.065131907865817476 1 0.049684397321221409 0.029154964549149176 11.990580988694822 0.086387359317017867 12.781428899765492 0.087953586857695942 12.031923105590947 11.583360624843122 2 12.937343182529457 3.5000000000000004 3 5.5000000000000009 0.092845830888495504 5.5000000000000009 9.5000000000000018 20.500000000000004 4 5.5000000000000009 0.1037406997740149 13.515879041089152 5 0.024630190825150434 0.051322440910878987 0.057924780312054024 6
decision_type=2 1 2 1 2 2 2 2 2 2 2 2 1 2 2 1 2 2 2 2 2 1 2 2 2 1 2 2 2 1
left_child=1 -1 5 4 13 -3 11 12 9 14 -7 -4 18 -2 -6 16 -9 20 -8 -12 24 22 -13 -10 25 26 -5 -28 -29 -27
right_child=3 2 6 17 8 10 7 15 23 -11 19 21 -14 -15 -16 -17 -18 -19 -20 -21 -22 -23 -24 -25 -26 29 27 28 -30 -31
leaf_value=-1.3520028867143681e-06 -1.666775472859704e-05 -1.8174280242546531e-05 -1.8174280242546531e-05 1.5818356506762842e-06 -1.8174280242546531e-05 -1.8174280242546531e-05 -1.8174280242546531e-05 -1.8174280242546531e-05 -2.3648411262455295e-05 -5.9692444408680703e-05 -1.8174280242546531e-05 -1.8174280242546531e-05 -1.8174280242546531e-05 -1.6820740143493384e-05 -1.8174280242546531e-05 -1.8174280242546531e-05 -1.8174280242546531e-05 5.7164431600223162e-05 -1.8174280242546531e-05 -1.8174280242546531e-05 -4.3518257270060601e-05 -1.8174280242546531e-05 -1.8174280242546531e-05 0.00036706560252313444 1.861762182689502e-05 1.1563288203304853e-05 -0.00010976796201270749 4.4533223820797706e-05 -0.00016094125265300291 -2.1078056049316989e-05
leaf_weight=23884 3845 2985 3288 832 9040 5135 8637 17787 27015 14049 3007 6326 8557 2217 6983 11668 3083 277406 1514 8947 66508 3405 1139 9629 268678 279087 2577 1583 6681 230299
leaf_count=23884 3845 2985 3288 832 9040 5135 8637 17787 27015 14049 3007 6326 8557 2217 6983 11668 3083 277406 1514 8947 66508 3405 1139 9629 268678 279087 2577 1583 6681 230299
internal_value=-0.000530285 -0.00557131 -0.00712275 -7.33195e-05 -0.00254589 -0.0133197 -0.00522185 -0.00406022 -0.00152017 -0.00319367 -0.0115194 -0.00942647 -0.00663673 -0.0138387 -0.00539755 -0.00257883 -0.00165709 8.54358e-05 -0.00476774 -0.00983604 -2.99854e-05 -0.00795308 -0.00664548 -0.000146818 3.32834e-05 -0.000119382 -0.00275914 -0.00335716 -0.00163117 -5.88342e-05
internal_weight=1.31579e+06 109362 85478 1.20643e+06 72778 20074 65404 51246 66716 30072 17089 14158 18708 6062 16023 32538 20870 1.13365e+06 10151 11954 856245 10870 7465 36644 789737 521059 11673 10841 8264 509386
internal_count=1315791 109362 85478 1206429 72778 20074 65404 51246 66716 30072 17089 14158 18708 6062 16023 32538 20870 1133651 10151 11954 856245 10870 7465 36644 789737 521059 11673 10841 8264 509386
cat_boundaries=0 1 2 3 4 5 6 7
cat_threshold=7 32 64 64 64 16 3
is_linear=0
shrinkage=0.05


Tree=86
num_leaves=31
num_cat=7
split_feature=6 1 7 1 7 7 6 7 6 7 6 6 1 6 3 1 3 7 1 3 1 6 2 6 3 2 2 3 1 3
split_gain=1208.59 377.031 402.889 189.573 336.729 148.993 127.779 78.2386 60.5668 66.6344 45.0924 40.6439 30.4497 25.755 21.0711 19.6622 32.1117 18.2534 28.0488 21.1605 45.995 20.4925 21.3035 35.3301 17.7213 17.564 16.3388 16.0656 34.4483 76.5799
threshold=12.395871386706281 0 0.065131907865817476 1 0.049684397321221409 0.029154964549149176 11.990580988694822 0.086387359317017867 12.781428899765492 0.087953586857695942 12.031923105590947 11.583360624843122 2 12.937343182529457 3.5000000000000004 3 5.5000000000000009 0.055735845590990436 4 5.5000000000000009 5 12.937343182529457 21.500000000000004 13.597834221510492 5.5000000000000009 12.500000000000002 9.5000000000000018 2.5000000000000004 6 5.5000000000000009
decision_type=2 1 2 1 2 2 2 2 2 2 2 2 1 2 2 1 2 2 1 2 1 2 2 2 2 2 2 2 1 2
left_child=1 -1 5 4 13 -3 11 12 9 14 -7 -4 24 -2 -6 16 -9 18 19 -5 -21 25 -23 -24 -8 -20 -12 -19 -29 -30
right_child=3 2 6 17 8 10 7 15 -10 -11 26 -13 -14 -15 -16 -17 -18 27 21 20 -22 22 23 -25 -26 -27 -28 28 29 -31
leaf_value=-1.2844027423786294e-06 -1.5834366992167187e-05 -1.7265566230419203e-05 -1.7265566230419203e-05 1.9898008903837599e-05 -1.7265566230419203e-05 -1.7265566230419203e-05 -1.7265566230419203e-05 -1.7265566230419203e-05 -4.5551003294302102e-06 -5.6707822188246669e-05 -1.7265566230419203e-05 -1.7265566230419203e-05 -1.7265566230419203e-05 -1.5979703136318715e-05 -1.7265566230419203e-05 -1.7265566230419203e-05 -1.7265566230419203e-05 -4.8443958200619886e-06 -2.5718488832680284e-06 0.00013051767466265357 -8.2625210919022525e-05 -1.7427028625559667e-05 -0.00026752615136755095 -5.0505243589360202e-05 -1.7265566230419203e-05 -0.00036481534901042223 -1.7265566230419203e-05 8.3939563256550597e-05 6.9314623569240888e-05 -0.00020475054771883864
leaf_weight=23884 3845 2985 3288 199138 9040 5135 8637 17787 36644 14049 3007 10870 8557 2217 6983 11668 3083 295607 12690 10506 23388 167719 1352 5868 1514 16123 8947 260880 104965 35415
leaf_count=23884 3845 2985 3288 199138 9040 5135 8637 17787 36644 14049 3007 10870 8557 2217 6983 11668 3083 295607 12690 10506 23388 167719 1352 5868 1514 16123 8947 260880 104965 35415
internal_value=-0.000538227 -0.00557131 -0.00712275 -8.19814e-05 -0.0025555 -0.0133197 -0.00522185 -0.00406022 -0.00153067 -0.00319367 -0.0115194 -0.00942647 -0.00663673 -0.0138387 -0.00539755 -0.00257883 -0.00165709 7.68353e-05 -0.000176586 0.000198076 -0.000956806 -0.000605068 -0.000401597 -0.00306094 -0.00476774 -0.00184066 -0.00983604 0.000235676 0.000441734 -0.000189828
internal_weight=1.31579e+06 109362 85478 1.20643e+06 72778 20074 65404 51246 66716 30072 17089 14158 18708 6062 16023 32538 20870 1.13365e+06 436784 233032 33894 203752 174939 7220 10151 28813 11954 696867 401260 140380
internal_count=1315791 109362 85478 1206429 72778 20074 65404 51246 66716 30072 17089 14158 18708 6062 16023 32538 20870 1133651 436784 233032 33894 203752 174939 7220 10151 28813 11954 696867 401260 140380
cat_boundaries=0 1 2 3 4 5 6 7
cat_threshold=7 32 64 64 3 2 14
is_linear=0
shrinkage=0.05


Tree=87
num_leaves=31
num_cat=8
split_feature=6 1 7 1 7 7 6 7 7 6 6 6 1 6 3 1 3 5 3 7 2 1 3 3 1 0 5 3 6 0
split_gain=1212.72 377.031 402.889 190.062 337.098 148.993 127.779 78.2386 60.8985 70.8748 45.0924 40.6439 30.4497 25.755 21.7071 19.6622 32.1117 17.9351 17.7213 16.3974 16.3388 15.4353 17.3782 14.5472 16.7919 14.9199 16.7468 13.8522 12.7604 12.295
threshold=12.395871386706281 0 0.065131907865817476 1 0.049684397321221409 0.029154964549149176 11.990580988694822 0.086387359317017867 0.087953586857695942 12.787964887779809 12.031923105590947 11.583360624843122 2 12.937343182529457 3.5000000000000004 3 5.5000000000000009 5.5000000000000009 5.5000000000000009 0.11621054548671803 9.5000000000000018 4 5.5000000000000009 1.0000000180025095e-35 5 6 6.5000000000000009 1.5000000000000002 11.583360624843122 7
decision_type=2 1 2 1 2 2 2 2 2 2 2 2 1 2 2 1 2 2 2 2 2 1 2 2 1 1 2 2 2 1
left_child=1 -1 5 4 13 -3 11 12 9 14 28 -4 18 -2 -6 16 -9 19 -8 -5 -12 22 -13 24 29 26 -25 -14 -7 -19
right_child=3 2 6 17 8 10 7 15 -10 -11 20 21 27 -15 -16 -17 -18 23 -20 -21 -22 -23 -24 25 -26 -27 -28 -29 -30 -31
leaf_value=-1.2201826052597123e-06 -1.504264864255883e-05 -1.6402287918898243e-05 -1.6402287918898243e-05 8.2484032283370352e-06 -1.6402287918898243e-05 -1.6402287918898243e-05 -1.6402287918898243e-05 -1.6402287918898243e-05 1.1403984570424153e-05 -2.1650024973053781e-05 -1.6402287918898243e-05 -1.6402287918898243e-05 -1.6402287918898243e-05 -1.5180717979502778e-05 -1.6402287918898243e-05 -1.6402287918898243e-05 -1.6402287918898243e-05 -0.00029914858824288724 -1.6402287918898243e-05 0.00026191161802791339 -1.6402287918898243e-05 -1.6402287918898243e-05 -1.6402287918898243e-05 -0.0001827331477843269 -2.3180839410752856e-05 2.2509984604588433e-06 1.732186404128057e-05 -1.6402287918898243e-05 -1.6402287918898243e-05 -7.9653418966293426e-05
leaf_weight=23884 3845 2985 3288 749172 9144 993 8637 17787 30918 19570 3007 6326 2184 2217 7084 11668 3083 9580 1514 23978 8947 3405 1139 16998 33442 278624 12604 6373 4142 9253
leaf_count=23884 3845 2985 3288 749172 9144 993 8637 17787 30918 19570 3007 6326 2184 2217 7084 11668 3083 9580 1514 23978 8947 3405 1139 16998 33442 278624 12604 6373 4142 9253
internal_value=-0.000529639 -0.00557131 -0.00712275 -7.26149e-05 -0.00254932 -0.0133197 -0.00522185 -0.00406022 -0.00152392 -0.00292782 -0.0115194 -0.00942647 -0.00663673 -0.0138387 -0.00537096 -0.00257883 -0.00165709 8.64061e-05 -0.00476774 0.000222208 -0.00983604 -0.00795308 -0.00664548 -0.00020484 -0.000976088 -7.40364e-05 -0.00114109 -0.00883798 -0.0154382 -0.00216977
internal_weight=1.31579e+06 109362 85478 1.20643e+06 72778 20074 65404 51246 66716 35798 17089 14158 18708 6062 16228 32538 20870 1.13365e+06 10151 773150 11954 10870 7465 360501 52275 308226 29602 8557 5135 18833
internal_count=1315791 109362 85478 1206429 72778 20074 65404 51246 66716 35798 17089 14158 18708 6062 16228 32538 20870 1133651 10151 773150 11954 10870 7465 360501 52275 308226 29602 8557 5135 18833
cat_boundaries=0 1 2 3 4 5 6 7 8
cat_threshold=7 32 64 64 64 6 16464 4406180
is_linear=0
shrinkage=0.05


Tree=88
num_leaves=31
num_cat=7
split_feature=6 1 7 1 7 7 6 7 7 6 6 6 1 6 3 1 3 3 7 2 6 2 2 1 3 3 1 1 3 6
split_gain=1210.05 377.031 402.889 189.345 337.016 148.993 127.779 78.2386 60.6475 70.9559 45.0924 40.6439 30.4497 25.755 21.7071 19.6622 32.1117 17.7213 17.4078 24.2851 27.0379 16.6953 16.3388 15.4353 17.3782 13.9916 24.4711 18.0807 13.8522 12.7604
threshold=12.395871386706281 0 0.065131907865817476 1 0.049684397321221409 0.029154964549149176 11.990580988694822 0.086387359317017867 0.087953586857695942 12.787964887779809 12.031923105590947 11.583360624843122 2 12.937343182529457 3.5000000000000004 3 5.5000000000000009 5.5000000000000009 0.042103882772743233 21.500000000000004 13.597834221510492 17.500000000000004 9.5000000000000018 4 5.5000000000000009 3.5000000000000004 5 6 1.5000000000000002 11.583360624843122
decision_type=2 1 2 1 2 2 2 2 2 2 2 2 1 2 2 1 2 2 2 2 2 2 2 1 2 2 1 1 2 2
left_child=1 -1 5 4 13 -3 11 12 9 14 29 -4 17 -2 -6 16 -9 -8 19 -5 -21 -20 -12 24 -13 27 -27 -23 -14 -7
right_child=3 2 6 18 8 10 7 15 -10 -11 22 23 28 -15 -16 -17 -18 -19 21 20 -22 25 -24 -25 -26 26 -28 -29 -30 -31
leaf_value=-1.1591734749966888e-06 -1.4290516210430887e-05 -1.5582173522953331e-05 -1.5582173522953331e-05 -6.1007113707325279e-06 -1.5582173522953331e-05 -1.5582173522953331e-05 -1.5582173522953331e-05 -1.5582173522953331e-05 1.0833785341902945e-05 -2.0567523724401091e-05 -1.5582173522953331e-05 -1.5582173522953331e-05 -1.5582173522953331e-05 -1.4421682080527639e-05 -1.5582173522953331e-05 -1.5582173522953331e-05 -1.5582173522953331e-05 -1.5582173522953331e-05 1.9470298882410238e-06 -0.00025000489562743079 -4.8392401571309043e-05 0.0001171047132501606 -1.5582173522953331e-05 -1.5582173522953331e-05 -1.5582173522953331e-05 0.00025709342076869448 3.6675034293334696e-05 -1.9053996519227548e-05 -1.5582173522953331e-05 -1.5582173522953331e-05
leaf_weight=23884 3845 2985 3288 145784 9144 993 8637 17787 30918 19570 3007 6326 2184 2217 7084 11668 3083 1514 719306 1421 4831 46760 8947 3405 1139 36550 77119 101880 6373 4142
leaf_count=23884 3845 2985 3288 145784 9144 993 8637 17787 30918 19570 3007 6326 2184 2217 7084 11668 3083 1514 719306 1421 4831 46760 8947 3405 1139 36550 77119 101880 6373 4142
internal_value=-0.000535187 -0.00557131 -0.00712275 -7.86659e-05 -0.00255069 -0.0133197 -0.00522185 -0.00406022 -0.00152542 -0.00292642 -0.0115194 -0.00942647 -0.00663673 -0.0138387 -0.00537096 -0.00257883 -0.00165709 -0.00476774 8.0055e-05 -0.000417796 -0.00346929 0.000157165 -0.00983604 -0.00795308 -0.00664548 0.00049863 0.000916213 0.000179292 -0.00883798 -0.0154382
internal_weight=1.31579e+06 109362 85478 1.20643e+06 72778 20074 65404 51246 66716 35798 17089 14158 18708 6062 16228 32538 20870 10151 1.13365e+06 152036 6252 981615 11954 10870 7465 262309 113669 148640 8557 5135
internal_count=1315791 109362 85478 1206429 72778 20074 65404 51246 66716 35798 17089 14158 18708 6062 16228 32538 20870 10151 1133651 152036 6252 981615 11954 10870 7465 262309 113669 148640 8557 5135
cat_boundaries=0 1 2 3 4 5 6 7
cat_threshold=7 32 64 64 64 2 81
is_linear=0
shrinkage=0.05


Tree=89
num_leaves=31
num_cat=7
split_feature=6 1 7 1 7 7 6 7 6 7 6 6 1 6 3 1 3 3 2 5 1 3 7 3 3 5 3 0 0 3
split_gain=1210.38 377.475 402.889 188.652 337.386 148.993 127.779 78.2386 60.5925 67.3401 45.0924 40.6439 30.4497 25.755 21.0711 19.6622 32.1117 17.7213 16.3388 16.1064 15.4353 17.3782 14.7422 14.5834 13.8522 12.8774 18.153 19.1153 17.6236 16.2533
threshold=12.395871386706281 0 0.065131907865817476 1 0.049684397321221409 0.029154964549149176 11.990580988694822 0.086387359317017867 12.781428899765492 0.087953586857695942 12.031923105590947 11.583360624843122 2 12.937343182529457 3.5000000000000004 3 5.5000000000000009 5.5000000000000009 9.5000000000000018 5.5000000000000009 4 5.5000000000000009 0.10189595550363319 4.5000000000000009 1.5000000000000002 6.5000000000000009 2.5000000000000004 5 6 1.5000000000000002
decision_type=2 1 2 1 2 2 2 2 2 2 2 2 1 2 2 1 2 2 2 2 1 2 2 2 2 2 2 1 1 2
left_child=1 -1 5 4 13 -3 11 12 9 14 -7 -4 17 -2 -6 16 -9 -8 -12 22 21 -13 -5 -10 -14 28 27 29 -21 -27
right_child=3 2 6 19 8 10 7 15 23 -11 18 20 24 -15 -16 -17 -18 -19 -20 25 -22 -23 -24 -25 -26 26 -28 -29 -30 -31
leaf_value=-1.1012148012468685e-06 -1.3575990399909345e-05 -1.4803064846805667e-05 -1.4803064846805667e-05 4.5344602981639205e-06 -1.4803064846805667e-05 -1.4803064846805667e-05 -1.4803064846805667e-05 -1.4803064846805667e-05 -2.1796857141974642e-05 -5.4984319574450684e-05 -1.4803064846805667e-05 -1.4803064846805667e-05 -1.4803064846805667e-05 -1.3700597976501258e-05 -1.4803064846805667e-05 -1.4803064846805667e-05 -1.4803064846805667e-05 -1.4803064846805667e-05 -1.4803064846805667e-05 -8.5931247305042114e-05 -1.4803064846805667e-05 -1.4803064846805667e-05 0.00011367125706192221 0.00050980361659105965 -1.4803064846805667e-05 -6.1307260081019764e-05 5.1455411270662465e-05 4.2825980951259943e-06 -8.1412670757880536e-06 -0.00029830220923199232
leaf_weight=23884 3845 2985 3288 684056 9040 5135 8637 17787 25928 14049 3007 6326 2184 2217 6983 11668 3083 1514 8947 73514 3405 1139 89094 10716 6373 12228 88788 44866 134555 6550
leaf_count=23884 3845 2985 3288 684056 9040 5135 8637 17787 25928 14049 3007 6326 2184 2217 6983 11668 3083 1514 8947 73514 3405 1139 89094 10716 6373 12228 88788 44866 134555 6550
internal_value=-0.000533591 -0.0055704 -0.00712275 -7.70081e-05 -0.00254451 -0.0133197 -0.00522185 -0.00406022 -0.00151868 -0.00318203 -0.0115194 -0.00942647 -0.00663673 -0.0138387 -0.00539755 -0.00257883 -0.00165709 -0.00476774 -0.00983604 8.14222e-05 -0.00795308 -0.00664548 0.000210115 -0.00015364 -0.00883798 -0.000194576 0.000154561 -0.000489912 -0.000450355 -0.00182883
internal_weight=1.31579e+06 109362 85478 1.20643e+06 72778 20074 65404 51246 66716 30072 17089 14158 18708 6062 16023 32538 20870 10151 11954 1.13365e+06 10870 7465 773150 36644 8557 360501 152432 63644 208069 18778
internal_count=1315791 109362 85478 1206429 72778 20074 65404 51246 66716 30072 17089 14158 18708 6062 16023 32538 20870 10151 11954 1133651 10870 7465 773150 36644 8557 360501 152432 63644 208069 18778
cat_boundaries=0 1 2 3 4 5 6 7
cat_threshold=7 32 64 64 64 5636196 123475
is_linear=0
shrinkage=0.05


Tree=90
num_leaves=31
num_cat=8
split_feature=6 1 7 1 7 7 6 7 6 7 6 6 1 6 3 1 3 3 2 1 3 7 2 6 3 1 3 1 1 3
split_gain=1208.48 377.698 402.889 180.794 340.265 148.993 127.779 78.2386 64.4748 67.3401 45.0924 40.6439 30.4497 25.755 21.0711 19.6622 32.1117 17.7213 16.3388 15.4353 17.3782 14.9976 22.138 27.9152 15.3101 87.6444 76.3196 57.1609 27.6458 22.6483
threshold=12.395871386706281 0 0.065131907865817476 1 0.049684397321221409 0.029154964549149176 11.990580988694822 0.086387359317017867 12.781428899765492 0.087953586857695942 12.031923105590947 11.583360624843122 2 12.937343182529457 3.5000000000000004 3 5.5000000000000009 5.5000000000000009 9.5000000000000018 4 5.5000000000000009 0.042103882772743233 21.500000000000004 13.597834221510492 3.5000000000000004 5 5.5000000000000009 6 7 4.5000000000000009
decision_type=2 1 2 1 2 2 2 2 2 2 2 2 1 2 2 1 2 2 2 1 2 2 2 2 2 1 2 1 1 2
left_child=1 -1 5 4 13 -3 11 12 9 14 -7 -4 17 -2 -6 16 -9 -8 -12 20 -13 22 -5 -24 27 28 -27 -23 -26 -30
right_child=3 2 6 21 8 10 7 15 -10 -11 18 19 -14 -15 -16 -17 -18 -19 -20 -21 -22 24 23 -25 25 26 -28 -29 29 -31
leaf_value=-1.0461540611845108e-06 -1.2897190879913879e-05 -1.4062911604465382e-05 -1.4062911604465382e-05 -6.0223988171040974e-06 -1.4062911604465382e-05 -1.4062911604465382e-05 -1.4062911604465382e-05 -1.4062911604465382e-05 -1.1266250209872229e-06 -5.2235103595728144e-05 -1.4062911604465382e-05 -1.4062911604465382e-05 -1.4062911604465382e-05 -1.3015568077676195e-05 -1.4062911604465382e-05 -1.4062911604465382e-05 -1.4062911604465382e-05 -1.4062911604465382e-05 -1.4062911604465382e-05 -1.4062911604465382e-05 -1.4062911604465382e-05 6.4336911690170395e-05 -0.00023731935943667394 -4.6199504507651783e-05 0.00016638935269683568 1.5246390726691564e-05 -0.00013794212698993821 -3.1691841122951778e-05 -2.0285776275239747e-05 0.00010371431803091428
leaf_weight=23884 3845 2985 3288 145784 9040 5135 8637 17787 36644 14049 3007 6326 8557 2217 6983 11668 3083 1514 8947 3405 1139 159758 1421 4831 87094 108066 54520 397114 59061 116002
leaf_count=23884 3845 2985 3288 145784 9040 5135 8637 17787 36644 14049 3007 6326 8557 2217 6983 11668 3083 1514 8947 3405 1139 159758 1421 4831 87094 108066 54520 397114 59061 116002
internal_value=-0.000537087 -0.00556994 -0.00712275 -8.08624e-05 -0.00249643 -0.0133197 -0.00522185 -0.00406022 -0.00146621 -0.00318203 -0.0115194 -0.00942647 -0.00663673 -0.0138387 -0.00539755 -0.00257883 -0.00165709 -0.00476774 -0.00983604 -0.00795308 -0.00664548 7.42331e-05 -0.000387868 -0.00330134 0.000145806 0.000371907 -0.000540111 -2.66487e-05 0.000937513 0.000575274
internal_weight=1.31579e+06 109362 85478 1.20643e+06 72778 20074 65404 51246 66716 30072 17089 14158 18708 6062 16023 32538 20870 10151 11954 10870 7465 1.13365e+06 152036 6252 981615 424743 162586 556872 262157 175063
internal_count=1315791 109362 85478 1206429 72778 20074 65404 51246 66716 30072 17089 14158 18708 6062 16023 32538 20870 10151 11954 10870 7465 1133651 152036 6252 981615 424743 162586 556872 262157 175063
cat_boundaries=0 1 2 3 4 5 6 7 8
cat_threshold=7 32 64 64 64 14 65 2
is_linear=0
shrinkage=0.05


Tree=91
num_leaves=31
num_cat=8
split_feature=6 1 7 1 7 7 6 7 6 7 6 6 1 6 3 1 3 3 2 1 3 7 1 7 6 6 1 3 1 6
split_gain=1208.54 377.698 402.889 180.812 340.265 148.993 127.779 78.2386 64.4748 67.3401 45.0924 40.6439 30.4497 25.755 21.0711 19.6622 32.1117 17.7213 16.3388 15.4353 17.3782 14.932 20.651 43.1867 43.8812 14.0233 21.318 15.8683 20.5551 14.8965
threshold=12.395871386706281 0 0.065131907865817476 1 0.049684397321221409 0.029154964549149176 11.990580988694822 0.086387359317017867 12.781428899765492 0.087953586857695942 12.031923105590947 11.583360624843122 2 12.937343182529457 3.5000000000000004 3 5.5000000000000009 5.5000000000000009 9.5000000000000018 4 5.5000000000000009 0.048395305166077367 5 0.028165668868557519 13.597834221510492 13.238405342681794 6 4.5000000000000009 7 12.83963501503476
decision_type=2 1 2 1 2 2 2 2 2 2 2 2 1 2 2 1 2 2 2 1 2 2 1 2 2 2 1 2 1 2
left_child=1 -1 5 4 13 -3 11 12 9 14 -7 -4 17 -2 -6 16 -9 -8 -12 20 -13 22 23 -5 -25 26 27 -24 -29 -28
right_child=3 2 6 21 8 10 7 15 -10 -11 18 19 -14 -15 -16 -17 -18 -19 -20 -21 -22 -23 25 24 -26 -27 29 28 -30 -31
leaf_value=-9.938463581252596e-07 -1.2252331335918186e-05 -1.3359766024242112e-05 -1.3359766024242112e-05 1.2351256617709828e-06 -1.3359766024242112e-05 -1.3359766024242112e-05 -1.3359766024242112e-05 -1.3359766024242112e-05 -1.0702937699378619e-06 -4.9623348415941737e-05 -1.3359766024242112e-05 -1.3359766024242112e-05 -1.3359766024242112e-05 -1.2364789673792384e-05 -1.3359766024242112e-05 -1.3359766024242112e-05 -1.3359766024242112e-05 -1.3359766024242112e-05 -1.3359766024242112e-05 -1.3359766024242112e-05 -1.3359766024242112e-05 1.7815600411542754e-05 5.9527543903818788e-06 -0.00016332313046565748 -9.1752291260297454e-05 2.147567660952216e-05 -0.00067256901287089351 1.0944772075961616e-05 -5.7020717721986802e-05 -0.0001441421584449491
leaf_weight=23884 3845 2985 3288 5337 9040 5135 8637 17787 36644 14049 3007 6326 8557 2217 6983 11668 3083 1514 8947 3405 1139 830861 103115 3188 10378 98880 9875 10491 31087 30439
leaf_count=23884 3845 2985 3288 5337 9040 5135 8637 17787 36644 14049 3007 6326 8557 2217 6983 11668 3083 1514 8947 3405 1139 830861 103115 3188 10378 98880 9875 10491 31087 30439
internal_value=-0.000536973 -0.00556994 -0.00712275 -8.07381e-05 -0.00249643 -0.0133197 -0.00522185 -0.00406022 -0.00146621 -0.00318203 -0.0115194 -0.00942647 -0.00663673 -0.0138387 -0.00539755 -0.00257883 -0.00165709 -0.00476774 -0.00983604 -0.00795308 -0.00664548 7.43654e-05 -0.000226229 -0.00182599 -0.00332596 -0.000119638 -0.000376553 -9.31907e-05 -0.000917793 -0.00139321
internal_weight=1.31579e+06 109362 85478 1.20643e+06 72778 20074 65404 51246 66716 30072 17089 14158 18708 6062 16023 32538 20870 10151 11954 10870 7465 1.13365e+06 302790 18903 13566 283887 185007 144693 41578 40314
internal_count=1315791 109362 85478 1206429 72778 20074 65404 51246 66716 30072 17089 14158 18708 6062 16023 32538 20870 10151 11954 10870 7465 1133651 302790 18903 13566 283887 185007 144693 41578 40314
cat_boundaries=0 1 2 3 4 5 6 7 8
cat_threshold=7 32 64 64 64 16 67 66
is_linear=0
shrinkage=0.05


Tree=92
num_leaves=31
num_cat=5
split_feature=6 1 7 1 7 7 6 7 6 7 6 6 1 6 3 1 3 3 2 1 3 5 3 7 6 6 7 5 3 3
split_gain=1207.84 377.698 402.889 180.577 340.265 148.993 127.779 78.2386 64.4748 67.3401 45.0924 40.6439 30.4497 25.755 21.0711 19.6622 32.1117 17.7213 16.3388 15.4353 17.3782 14.5904 13.8522 13.7979 12.7979 12.7604 12.267 12.2439 15.888 14.4805
threshold=12.395871386706281 0 0.065131907865817476 1 0.049684397321221409 0.029154964549149176 11.990580988694822 0.086387359317017867 12.781428899765492 0.087953586857695942 12.031923105590947 11.583360624843122 2 12.937343182529457 3.5000000000000004 3 5.5000000000000009 5.5000000000000009 9.5000000000000018 4 5.5000000000000009 5.5000000000000009 1.5000000000000002 0.11621054548671803 13.703726398863079 11.583360624843122 0.1037406997740149 6.5000000000000009 2.5000000000000004 1.5000000000000002
decision_type=2 1 2 1 2 2 2 2 2 2 2 2 1 2 2 1 2 2 2 1 2 2 2 2 2 2 2 2 2 2
left_child=1 -1 5 4 13 -3 11 12 9 14 25 -4 17 -2 -6 16 -9 -8 -12 20 -13 23 -14 -5 27 -7 -10 -23 29 -29
right_child=3 2 6 21 8 10 7 15 26 -11 18 19 22 -15 -16 -17 -18 -19 -20 -21 -22 24 -24 -25 -26 -27 -28 28 -30 -31
leaf_value=-9.4415404021902317e-07 -1.1639714769122275e-05 -1.2691777723030009e-05 -1.2691777723030009e-05 7.1060983092797031e-06 -1.2691777723030009e-05 -1.2691777723030009e-05 -1.2691777723030009e-05 -1.2691777723030009e-05 -2.0597168345329653e-05 -4.7142180995144643e-05 -1.2691777723030009e-05 -1.2691777723030009e-05 -1.2691777723030009e-05 -1.1746550190102766e-05 -1.2691777723030009e-05 -1.2691777723030009e-05 -1.2691777723030009e-05 -1.2691777723030009e-05 -1.2691777723030009e-05 -1.2691777723030009e-05 -1.2691777723030009e-05 -4.8244446009306494e-05 -1.2691777723030009e-05 0.00023672384239278589 2.98383967783143e-05 -1.2691777723030009e-05 0.00034259746545632278 -1.1848231899663896e-06 4.2930916884469333e-05 -0.00013777008011606895
leaf_weight=23884 3845 2985 3288 749172 9040 993 8637 17787 27015 14049 3007 6326 2184 2217 6983 11668 3083 1514 8947 3405 1139 167135 6373 23978 69694 4142 9629 33771 72038 17863
leaf_count=23884 3845 2985 3288 749172 9040 993 8637 17787 27015 14049 3007 6326 2184 2217 6983 11668 3083 1514 8947 3405 1139 167135 6373 23978 69694 4142 9629 33771 72038 17863
internal_value=-0.000538417 -0.00556994 -0.00712275 -8.2313e-05 -0.00249643 -0.0133197 -0.00522185 -0.00406022 -0.00146621 -0.00318203 -0.0115194 -0.00942647 -0.00663673 -0.0138387 -0.00539755 -0.00257883 -0.00165709 -0.00476774 -0.00983604 -0.00795308 -0.00664548 7.26895e-05 -0.00883798 0.000195176 -0.000189999 -0.0154382 -5.81267e-05 -0.000335841 4.13192e-05 -0.000628074
internal_weight=1.31579e+06 109362 85478 1.20643e+06 72778 20074 65404 51246 66716 30072 17089 14158 18708 6062 16023 32538 20870 10151 11954 10870 7465 1.13365e+06 8557 773150 360501 5135 36644 290807 123672 51634
internal_count=1315791 109362 85478 1206429 72778 20074 65404 51246 66716 30072 17089 14158 18708 6062 16023 32538 20870 10151 11954 10870 7465 1133651 8557 773150 360501 5135 36644 290807 123672 51634
cat_boundaries=0 1 2 3 4 5
cat_threshold=7 32 64 64 64
is_linear=0
shrinkage=0.05


Tree=93
num_leaves=31
num_cat=8
split_feature=6 1 7 1 7 7 6 7 6 7 6 6 1 6 3 1 3 3 2 1 3 7 1 6 7 3 2 3 1 1
split_gain=1207.97 377.698 402.889 161.135 348.351 148.993 127.779 78.2386 76.0223 67.8017 45.0924 40.6439 30.4497 25.755 21.7071 19.6622 32.1117 17.7213 16.3388 15.4353 17.3782 14.9753 29.8227 30.5496 60.0261 13.8522 13.2083 13.4491 18.5062 15.0739
threshold=12.395871386706281 0 0.065131907865817476 1 0.049684397321221409 0.029154964549149176 11.990580988694822 0.086387359317017867 12.787964887779809 0.087953586857695942 12.031923105590947 11.583360624843122 2 12.937343182529457 3.5000000000000004 3 5.5000000000000009 5.5000000000000009 9.5000000000000018 4 5.5000000000000009 0.048395305166077367 5 13.597834221510492 0.024630190825150434 1.5000000000000002 17.500000000000004 3.5000000000000004 6 7
decision_type=2 1 2 1 2 2 2 2 2 2 2 2 1 2 2 1 2 2 2 1 2 2 1 2 2 2 2 2 1 1
left_child=1 -1 5 4 13 -3 11 12 9 14 -7 -4 17 -2 -6 16 -9 -8 -12 20 -13 22 23 24 -5 -14 -23 29 -29 -28
right_child=3 2 6 21 8 10 7 15 -10 -11 18 19 25 -15 -16 -17 -18 -19 -20 -21 -22 26 -24 -25 -26 -27 27 28 -30 -31
leaf_value=-8.9694633820810456e-07 -1.1057729030666162e-05 -1.2057188836878509e-05 -1.2057188836878509e-05 1.924046433934702e-06 -1.2057188836878509e-05 -1.2057188836878509e-05 -1.2057188836878509e-05 -1.2057188836878509e-05 1.3079335825513938e-08 -4.4785071945387411e-05 -1.2057188836878509e-05 -1.2057188836878509e-05 -1.2057188836878509e-05 -1.1159222680597627e-05 -1.2057188836878509e-05 -1.2057188836878509e-05 -1.2057188836878509e-05 -1.2057188836878509e-05 -1.2057188836878509e-05 -1.2057188836878509e-05 -1.2057188836878509e-05 3.7318386700306061e-06 -3.8580712834844779e-06 -1.3179709313505652e-05 -0.00011708295525620784 -1.2057188836878509e-05 0.0001105107081325187 0.00023149391319693673 3.5923550680942505e-05 -1.897500489122712e-05
leaf_weight=23884 3845 2985 3288 1021 9144 5135 8637 17787 36279 14209 3007 6326 2184 2217 7084 11668 3083 1514 8947 3405 1139 570783 283887 14290 3592 6373 45895 36550 76171 101462
leaf_count=23884 3845 2985 3288 1021 9144 5135 8637 17787 36279 14209 3007 6326 2184 2217 7084 11668 3083 1514 8947 3405 1139 570783 283887 14290 3592 6373 45895 36550 76171 101462
internal_value=-0.000538151 -0.00556994 -0.00712275 -8.20229e-05 -0.00236248 -0.0133197 -0.00522185 -0.00406022 -0.00132007 -0.00316276 -0.0115194 -0.00942647 -0.00663673 -0.0138387 -0.00537096 -0.00257883 -0.00165709 -0.00476774 -0.00983604 -0.00795308 -0.00664548 6.43977e-05 -0.000236632 -0.0021591 -0.00569803 -0.00883798 0.000174103 0.000469436 0.000880537 0.000154964
internal_weight=1.31579e+06 109362 85478 1.20643e+06 72778 20074 65404 51246 66716 30437 17089 14158 18708 6062 16228 32538 20870 10151 11954 10870 7465 1.13365e+06 302790 18903 4613 8557 830861 260078 112721 147357
internal_count=1315791 109362 85478 1206429 72778 20074 65404 51246 66716 30437 17089 14158 18708 6062 16228 32538 20870 10151 11954 10870 7465 1133651 302790 18903 4613 8557 830861 260078 112721 147357
cat_boundaries=0 1 2 3 4 5 6 7 8
cat_threshold=7 32 64 64 64 16 2 81
is_linear=0
shrinkage=0.05


Tree=94
num_leaves=31
num_cat=7
split_feature=6 1 7 1 7 7 6 7 6 7 6 6 1 6 3 1 3 3 2 1 3 0 3 6 3 6 7 6 7 1
split_gain=1207.92 377.92 402.889 161.181 348.351 148.993 127.779 78.2386 76.0223 67.8017 45.0924 40.6439 30.4497 25.755 21.7071 19.6622 32.1117 17.7213 16.3388 15.4353 17.3782 13.8561 13.8522 12.7604 11.8729 11.1093 11.7895 10.9561 9.59543 14.9688
threshold=12.395871386706281 0 0.065131907865817476 1 0.049684397321221409 0.029154964549149176 11.990580988694822 0.086387359317017867 12.787964887779809 0.087953586857695942 12.031923105590947 11.583360624843122 2 12.937343182529457 3.5000000000000004 3 5.5000000000000009 5.5000000000000009 9.5000000000000018 4 5.5000000000000009 5 1.5000000000000002 11.583360624843122 2.5000000000000004 11.583360624843122 0.050787607986193001 12.493456861052696 0.064430754603633414 6
decision_type=2 1 2 1 2 2 2 2 2 2 2 2 1 2 2 1 2 2 2 1 2 1 2 2 2 2 2 2 2 1
left_child=1 25 5 4 13 -3 11 12 9 14 23 -4 17 -2 27 16 -9 -8 -12 20 -13 -5 -14 -7 -17 -1 -27 -6 29 -23
right_child=3 2 6 21 8 10 7 15 -10 -11 18 19 22 -15 -16 24 -18 -19 -20 -21 -22 28 -24 -25 -26 26 -28 -29 -30 -31
leaf_value=-0.0013586142883328582 -1.0504842579132855e-05 -1.1454329395034583e-05 -1.1454329395034583e-05 -1.0533407618726428e-05 -1.1454329395034583e-05 -1.1454329395034583e-05 -1.1454329395034583e-05 -1.1454329395034583e-05 1.242536903423824e-08 -4.2545818348118037e-05 -1.1454329395034583e-05 -1.1454329395034583e-05 -1.1454329395034583e-05 -1.0601261546567745e-05 -1.1454329395034583e-05 -1.1454329395034583e-05 -1.1454329395034583e-05 -1.1454329395034583e-05 -1.1454329395034583e-05 -1.1454329395034583e-05 -1.1454329395034583e-05 -1.8633000426449152e-05 -1.1454329395034583e-05 -1.1454329395034583e-05 -1.1454329395034583e-05 -6.7723135605362865e-05 0.00013330187085358494 -1.1454329395034583e-05 4.3590215135067185e-05 8.1574507833248068e-06
leaf_weight=763 3845 2985 3288 431675 2206 993 8637 17787 36279 14209 3007 6326 2184 2217 7084 4806 3083 1514 8947 3405 1139 39453 6373 4142 6862 9739 13382 6938 375118 287405
leaf_count=763 3845 2985 3288 431675 2206 993 8637 17787 36279 14209 3007 6326 2184 2217 7084 4806 3083 1514 8947 3405 1139 39453 6373 4142 6862 9739 13382 6938 375118 287405
internal_value=-0.000537809 -0.00556948 -0.00712275 -8.16913e-05 -0.00236248 -0.0133197 -0.00522185 -0.00406022 -0.00132007 -0.00316276 -0.0115194 -0.00942647 -0.00663673 -0.0138387 -0.00537096 -0.00257883 -0.00165709 -0.00476774 -0.00983604 -0.00795308 -0.00664548 6.47506e-05 -0.00883798 -0.0154382 -0.00422247 -7.53309e-06 0.000188357 -0.00698053 0.000201828 3.79388e-06
internal_weight=1.31579e+06 109362 85478 1.20643e+06 72778 20074 65404 51246 66716 30437 17089 14158 18708 6062 16228 32538 20870 10151 11954 10870 7465 1.13365e+06 8557 5135 11668 23884 23121 9144 701976 326858
internal_count=1315791 109362 85478 1206429 72778 20074 65404 51246 66716 30437 17089 14158 18708 6062 16228 32538 20870 10151 11954 10870 7465 1133651 8557 5135 11668 23884 23121 9144 701976 326858
cat_boundaries=0 1 2 3 4 5 6 7
cat_threshold=7 32 64 64 64 5070962 80
is_linear=0
shrinkage=0.05


Tree=95
num_leaves=31
num_cat=8
split_feature=6 1 7 1 7 7 6 7 6 7 6 6 1 6 3 1 3 3 2 1 3 3 5 7 6 3 0 1 0 3
split_gain=1206.93 379.033 402.889 159.734 348.977 148.993 127.779 78.2386 74.9207 69.3233 45.0924 40.6439 30.4497 25.755 21.7071 19.6622 32.1117 17.7213 16.3388 15.4353 17.3782 13.8522 13.1387 12.8479 12.7604 12.1506 15.6279 13.1608 12.2209 11.8729
threshold=12.395871386706281 0 0.065131907865817476 1 0.049684397321221409 0.029154964549149176 11.990580988694822 0.086387359317017867 12.787964887779809 0.087953586857695942 12.031923105590947 11.583360624843122 2 12.937343182529457 3.5000000000000004 3 5.5000000000000009 5.5000000000000009 9.5000000000000018 4 5.5000000000000009 1.5000000000000002 5.5000000000000009 0.10879013868478844 11.583360624843122 1.0000000180025095e-35 5 6 7 2.5000000000000004
decision_type=2 1 2 1 2 2 2 2 2 2 2 2 1 2 2 1 2 2 2 1 2 2 2 2 2 2 1 1 1 2
left_child=1 -1 5 4 13 -3 11 12 9 14 24 -4 17 -2 -6 16 -9 -8 -12 20 -13 -14 23 -5 -7 26 -24 -28 -27 -17
right_child=3 2 6 22 8 10 7 15 -10 -11 18 19 21 -15 -16 29 -18 -19 -20 -21 -22 -23 25 -25 -26 28 27 -29 -30 -31
leaf_value=2.0309888662014691e-07 -9.9796004501762124e-06 -1.0881612925282854e-05 -1.0881612925282854e-05 5.3317055971120032e-06 -1.0881612925282854e-05 -1.0881612925282854e-05 -1.0881612925282854e-05 -1.0881612925282854e-05 1.1804100582526329e-08 -4.0418527430712134e-05 -1.0881612925282854e-05 -1.0881612925282854e-05 -1.0881612925282854e-05 -1.0071198469239358e-05 -1.0881612925282854e-05 -1.0881612925282854e-05 -1.0881612925282854e-05 -1.0881612925282854e-05 -1.0881612925282854e-05 -1.0881612925282854e-05 -1.0881612925282854e-05 -1.0881612925282854e-05 2.9332753308545977e-05 0.00016483914791418113 -1.0881612925282854e-05 -3.4426473291186704e-05 -0.00024019910521244281 -5.5119418469013936e-05 1.4667787154221484e-05 -1.0881612925282854e-05
leaf_weight=23884 3845 2985 3288 730213 9144 993 8637 17787 36279 14209 3007 6326 2184 2217 7084 4806 3083 1514 8947 3405 1139 6373 16270 42937 4142 138057 12892 23113 170169 6862
leaf_count=23884 3845 2985 3288 730213 9144 993 8637 17787 36279 14209 3007 6326 2184 2217 7084 4806 3083 1514 8947 3405 1139 6373 16270 42937 4142 138057 12892 23113 170169 6862
internal_value=-0.000537581 -0.0055672 -0.00712275 -8.16499e-05 -0.00235217 -0.0133197 -0.00522185 -0.00406022 -0.00130883 -0.00313812 -0.0115194 -0.00942647 -0.00663673 -0.0138387 -0.00537096 -0.00257883 -0.00165709 -0.00476774 -0.00983604 -0.00795308 -0.00664548 -0.00883798 6.41331e-05 0.000180366 -0.0154382 -0.000185145 -0.000890005 -0.00147091 -6.5601e-05 -0.00422247
internal_weight=1.31579e+06 109362 85478 1.20643e+06 72778 20074 65404 51246 66716 30437 17089 14158 18708 6062 16228 32538 20870 10151 11954 10870 7465 8557 1.13365e+06 773150 5135 360501 52275 36005 308226 11668
internal_count=1315791 109362 85478 1206429 72778 20074 65404 51246 66716 30437 17089 14158 18708 6062 16228 32538 20870 10151 11954 10870 7465 8557 1133651 773150 5135 360501 52275 36005 308226 11668
cat_boundaries=0 1 2 3 4 5 6 7 8
cat_threshold=7 32 64 64 64 9209113 6 6119510
is_linear=0
shrinkage=0.05


Tree=96
num_leaves=31
num_cat=6
split_feature=6 1 7 1 7 7 6 7 6 7 6 6 1 6 3 1 3 3 2 1 3 3 6 7 3 3 0 6 6 7
split_gain=1206.14 379.033 402.889 159.29 349.06 148.993 127.779 78.2386 74.934 68.8647 45.0924 40.6439 30.4497 25.755 21.0711 19.6622 32.1117 17.7213 16.3388 15.4353 17.3782 13.8522 12.7604 12.2225 11.9437 11.8729 11.8208 11.1486 10.9204 10.8141
threshold=12.395871386706281 0 0.065131907865817476 1 0.049684397321221409 0.029154964549149176 11.990580988694822 0.086387359317017867 12.781428899765492 0.087953586857695942 12.031923105590947 11.583360624843122 2 12.937343182529457 3.5000000000000004 3 5.5000000000000009 5.5000000000000009 9.5000000000000018 4 5.5000000000000009 1.5000000000000002 11.583360624843122 0.11621054548671803 3.5000000000000004 2.5000000000000004 5 11.583360624843122 12.493456861052696 0.094067919496270538
decision_type=2 1 2 1 2 2 2 2 2 2 2 2 1 2 2 1 2 2 2 1 2 2 2 2 2 2 1 2 2 2
left_child=1 27 5 4 13 -3 11 12 9 14 22 -4 17 -2 28 16 -9 -8 -12 20 -13 -14 -7 26 -25 -17 -5 -1 -6 -29
right_child=3 2 6 23 8 10 7 15 -10 -11 18 19 21 -15 -16 25 -18 -19 -20 -21 -22 -23 -24 24 -26 -27 -28 29 -30 -31
leaf_value=-0.0012906937288605464 -9.4806204276674027e-06 -1.0337532279018712e-05 -1.0337532279018712e-05 -1.1857120666022411e-05 -1.0337532279018712e-05 -1.0337532279018712e-05 -1.0337532279018712e-05 -1.0337532279018712e-05 1.1213895553400013e-08 -3.839760105917653e-05 -1.0337532279018712e-05 -1.0337532279018712e-05 -1.0337532279018712e-05 -9.5676385457773891e-06 -1.0337532279018712e-05 -1.0337532279018712e-05 -1.0337532279018712e-05 -1.0337532279018712e-05 -1.0337532279018712e-05 -1.0337532279018712e-05 -1.0337532279018712e-05 -1.0337532279018712e-05 -1.0337532279018712e-05 3.2674637751835146e-05 0.00037294121149599352 -1.0337532279018712e-05 8.4097997272267294e-06 -2.6591980087716808e-05 -1.0337532279018712e-05 0.00033040384670513548
leaf_weight=763 3845 2985 3288 417391 2206 993 8637 17787 36644 14049 3007 6326 2184 2217 6983 4806 3083 1514 8947 3405 1139 6373 4142 19705 15277 6862 681278 17227 6834 5894
leaf_count=763 3845 2985 3288 417391 2206 993 8637 17787 36644 14049 3007 6326 2184 2217 6983 4806 3083 1514 8947 3405 1139 6373 4142 19705 15277 6862 681278 17227 6834 5894
internal_value=-0.000539215 -0.0055672 -0.00712275 -8.3432e-05 -0.0023508 -0.0133197 -0.00522185 -0.00406022 -0.00130733 -0.00315709 -0.0115194 -0.00942647 -0.00663673 -0.0138387 -0.00539755 -0.00257883 -0.00165709 -0.00476774 -0.00983604 -0.00795308 -0.00664548 -0.00883798 -0.0154382 6.21484e-05 0.00098222 -0.00422247 3.28536e-05 2.92979e-06 -0.00699115 0.00019917
internal_weight=1.31579e+06 109362 85478 1.20643e+06 72778 20074 65404 51246 66716 30072 17089 14158 18708 6062 16023 32538 20870 10151 11954 10870 7465 8557 5135 1.13365e+06 34982 11668 1.09867e+06 23884 9040 23121
internal_count=1315791 109362 85478 1206429 72778 20074 65404 51246 66716 30072 17089 14158 18708 6062 16023 32538 20870 10151 11954 10870 7465 8557 5135 1133651 34982 11668 1098669 23884 9040 23121
cat_boundaries=0 1 2 3 4 5 6
cat_threshold=7 32 64 64 64 5070962
is_linear=0
shrinkage=0.05


Tree=97
num_leaves=31
num_cat=5
split_feature=6 1 7 1 7 7 6 7 6 7 6 6 1 6 3 1 3 3 2 1 3 3 6 3 2 2 6 6 7 7
split_gain=1205.03 379.256 402.889 158.999 349.06 148.993 127.779 78.2386 74.934 68.8647 45.0924 40.6439 30.4497 25.755 21.0711 19.6622 32.1117 17.7213 16.3388 15.4353 17.3782 13.8522 12.7604 11.8729 11.6448 21.7363 10.9204 10.4312 10.1632 9.87292
threshold=12.395871386706281 0 0.065131907865817476 1 0.049684397321221409 0.029154964549149176 11.990580988694822 0.086387359317017867 12.781428899765492 0.087953586857695942 12.031923105590947 11.583360624843122 2 12.937343182529457 3.5000000000000004 3 5.5000000000000009 5.5000000000000009 9.5000000000000018 4 5.5000000000000009 1.5000000000000002 11.583360624843122 2.5000000000000004 20.500000000000004 17.500000000000004 12.493456861052696 11.583360624843122 0.095201956953013631 0.0441431289198276
decision_type=2 1 2 1 2 2 2 2 2 2 2 2 1 2 2 1 2 2 2 1 2 2 2 2 2 2 2 2 2 2
left_child=1 27 5 4 13 -3 11 12 9 14 22 -4 17 -2 26 16 -9 -8 -12 20 -13 -14 -7 -17 25 -5 -6 -1 -29 -26
right_child=3 2 6 24 8 10 7 15 -10 -11 18 19 21 -15 -16 23 -18 -19 -20 -21 -22 -23 -24 -25 29 -27 -28 28 -30 -31
leaf_value=-0.001226159042417519 -9.0065894062840315e-06 -9.8206556650677756e-06 -9.8206556650677756e-06 -1.246048869055653e-06 -9.8206556650677756e-06 -9.8206556650677756e-06 -9.8206556650677756e-06 -9.8206556650677756e-06 1.0653200775730012e-08 -3.6477721006217705e-05 -9.8206556650677756e-06 -9.8206556650677756e-06 -9.8206556650677756e-06 -9.0892566184885207e-06 -9.8206556650677756e-06 -9.8206556650677756e-06 -9.8206556650677756e-06 -9.8206556650677756e-06 -9.8206556650677756e-06 -9.8206556650677756e-06 -9.8206556650677756e-06 -9.8206556650677756e-06 -9.8206556650677756e-06 -9.8206556650677756e-06 -4.4909069055503408e-05 5.1557780058586208e-05 -9.8206556650677756e-06 -2.445942009622692e-05 0.00033865720906244294 4.1091953833826262e-06
leaf_weight=763 3845 2985 3288 814111 2206 993 8637 17787 36644 14049 3007 6326 2184 2217 6983 4806 3083 1514 8947 3405 1139 6373 4142 6862 42045 236203 6834 17539 5582 41292
leaf_count=763 3845 2985 3288 814111 2206 993 8637 17787 36644 14049 3007 6326 2184 2217 6983 4806 3083 1514 8947 3405 1139 6373 4142 6862 42045 236203 6834 17539 5582 41292
internal_value=-0.000541077 -0.00556674 -0.00712275 -8.55042e-05 -0.0023508 -0.0133197 -0.00522185 -0.00406022 -0.00130733 -0.00315709 -0.0115194 -0.00942647 -0.00663673 -0.0138387 -0.00539755 -0.00257883 -0.00165709 -0.00476774 -0.00983604 -0.00795308 -0.00664548 -0.00883798 -0.0154382 -0.00422247 5.99431e-05 0.000105083 -0.00699115 5.02237e-06 0.000194845 -0.000508957
internal_weight=1.31579e+06 109362 85478 1.20643e+06 72778 20074 65404 51246 66716 30072 17089 14158 18708 6062 16023 32538 20870 10151 11954 10870 7465 8557 5135 11668 1.13365e+06 1.05031e+06 9040 23884 23121 83337
internal_count=1315791 109362 85478 1206429 72778 20074 65404 51246 66716 30072 17089 14158 18708 6062 16023 32538 20870 10151 11954 10870 7465 8557 5135 11668 1133651 1050314 9040 23884 23121 83337
cat_boundaries=0 1 2 3 4 5
cat_threshold=7 32 64 64 64
is_linear=0
shrinkage=0.05


Tree=98
num_leaves=31
num_cat=7
split_feature=6 1 7 1 7 7 6 7 6 7 6 6 1 6 3 1 3 3 2 1 3 3 6 3 5 6 1 6 7 0
split_gain=1198.47 385.073 402.889 157.992 349.311 148.993 127.779 78.2386 74.4907 69.4793 45.0924 40.6439 30.4497 25.755 21.0711 19.6622 32.1117 17.7213 16.3388 15.4353 17.3782 13.8522 12.7604 11.8729 11.6808 11.7679 11.4624 30.1747 14.4233 11.0201
threshold=12.395871386706281 0 0.065131907865817476 1 0.049684397321221409 0.029154964549149176 11.990580988694822 0.086387359317017867 12.781428899765492 0.087953586857695942 12.031923105590947 11.583360624843122 2 12.937343182529457 3.5000000000000004 3 5.5000000000000009 5.5000000000000009 9.5000000000000018 4 5.5000000000000009 1.5000000000000002 11.583360624843122 2.5000000000000004 5.5000000000000009 13.703726398863079 5 13.352168292231307 0.051569334445929753 6
decision_type=2 1 2 1 2 2 2 2 2 2 2 2 1 2 2 1 2 2 2 1 2 2 2 2 2 2 1 2 2 1
left_child=1 -1 5 4 13 -3 11 12 9 14 22 -4 17 -2 -6 16 -9 -8 -12 20 -13 -14 -7 -17 26 29 27 28 -5 -26
right_child=3 2 6 24 8 10 7 15 -10 -11 18 19 21 -15 -16 23 -18 -19 -20 -21 -22 -23 -24 -25 25 -27 -28 -29 -30 -31
leaf_value=4.5200680675988282e-06 -8.5562599359698305e-06 -9.3296228818143882e-06 -9.3296228818143882e-06 -0.00090735244278791522 -9.3296228818143882e-06 -9.3296228818143882e-06 -9.3296228818143882e-06 -9.3296228818143882e-06 1.0120540736943513e-08 -3.4653834955906818e-05 -9.3296228818143882e-06 -9.3296228818143882e-06 -9.3296228818143882e-06 -8.6347937875640938e-06 -9.3296228818143882e-06 -9.3296228818143882e-06 -9.3296228818143882e-06 -9.3296228818143882e-06 -9.3296228818143882e-06 -9.3296228818143882e-06 -9.3296228818143882e-06 -9.3296228818143882e-06 -9.3296228818143882e-06 -9.3296228818143882e-06 -9.2662566158058533e-05 2.8141599384887071e-05 2.1024425382796245e-05 3.0227864078959775e-06 -0.00010574201642031398 -1.5674658270032348e-05
leaf_weight=23884 3845 2985 3288 11161 9040 993 8637 17787 36644 14049 3007 6326 2184 2217 6983 4806 3083 1514 8947 3405 1139 6373 4142 6862 35841 69694 511448 224794 25747 254966
leaf_count=23884 3845 2985 3288 11161 9040 993 8637 17787 36644 14049 3007 6326 2184 2217 6983 4806 3083 1514 8947 3405 1139 6373 4142 6862 35841 69694 511448 224794 25747 254966
internal_value=-0.000542901 -0.00555485 -0.00712275 -8.85711e-05 -0.00234668 -0.0133197 -0.00522185 -0.00406022 -0.00130284 -0.00314711 -0.0115194 -0.00942647 -0.00663673 -0.0138387 -0.00539755 -0.00257883 -0.00165709 -0.00476774 -0.00983604 -0.00795308 -0.00664548 -0.00883798 -0.0154382 -0.00422247 5.64148e-05 -0.000178626 0.000166009 -0.000103128 -0.00142815 -0.000318476
internal_weight=1.31579e+06 109362 85478 1.20643e+06 72778 20074 65404 51246 66716 30072 17089 14158 18708 6062 16023 32538 20870 10151 11954 10870 7465 8557 5135 11668 1.13365e+06 360501 773150 261702 36908 290807
internal_count=1315791 109362 85478 1206429 72778 20074 65404 51246 66716 30072 17089 14158 18708 6062 16023 32538 20870 10151 11954 10870 7465 8557 5135 11668 1133651 360501 773150 261702 36908 290807
cat_boundaries=0 1 2 3 4 5 6 7
cat_threshold=7 32 64 64 64 24 24640
is_linear=0
shrinkage=0.05


Tree=99
num_leaves=31
num_cat=6
split_feature=6 1 7 1 7 7 6 7 6 7 6 6 1 6 3 1 3 3 2 1 3 3 6 3 7 6 1 7 7 7
split_gain=1199.05 384.399 402.889 157.698 349.436 148.993 127.779 78.2386 74.2695 69.7877 45.0924 40.6439 30.4497 25.755 21.0711 19.6622 32.1117 17.7213 16.3388 15.4353 17.3782 13.8522 12.7604 11.8729 11.0864 12.1145 36.4344 23.4634 48.8735 30.0313
threshold=12.395871386706281 0 0.065131907865817476 1 0.049684397321221409 0.029154964549149176 11.990580988694822 0.086387359317017867 12.781428899765492 0.087953586857695942 12.031923105590947 11.583360624843122 2 12.937343182529457 3.5000000000000004 3 5.5000000000000009 5.5000000000000009 9.5000000000000018 4 5.5000000000000009 1.5000000000000002 11.583360624843122 2.5000000000000004 0.093177700429382962 13.597834221510492 5 0.051322440910878987 0.024630190825150434 0.057924780312054024
decision_type=2 1 2 1 2 2 2 2 2 2 2 2 1 2 2 1 2 2 2 1 2 2 2 2 2 2 1 2 2 2
left_child=1 -1 5 4 13 -3 11 12 9 14 22 -4 17 -2 -6 16 -9 -8 -12 20 -13 -14 -7 -17 25 26 27 28 -5 -29
right_child=3 2 6 24 8 10 7 15 -10 -11 18 19 21 -15 -16 23 -18 -19 -20 -21 -22 -23 -24 -25 -26 -27 -28 29 -30 -31
leaf_value=4.2940646642189477e-06 -8.1284469391713388e-06 -8.8631417377236677e-06 -8.8631417377236677e-06 2.5919483696777929e-06 -8.8631417377236677e-06 -8.8631417377236677e-06 -8.8631417377236677e-06 -8.8631417377236677e-06 9.6145137000963377e-09 -3.2921143208111479e-05 -8.8631417377236677e-06 -8.8631417377236677e-06 -8.8631417377236677e-06 -8.2030540981858894e-06 -8.8631417377236677e-06 -8.8631417377236677e-06 -8.8631417377236677e-06 -8.8631417377236677e-06 -8.8631417377236677e-06 -8.8631417377236677e-06 -8.8631417377236677e-06 -8.8631417377236677e-06 -8.8631417377236677e-06 -8.8631417377236677e-06 4.4271833487366978e-05 1.3196720365334787e-05 -4.3364230627342595e-06 4.4653218934038603e-05 -8.8881306815104158e-05 -0.00015631249592476063
leaf_weight=23884 3845 2985 3288 1021 9040 993 8637 17787 36644 14049 3007 6326 2184 2217 6983 4806 3083 1514 8947 3405 1139 6373 4142 6862 272638 257502 585000 2076 4866 10548
leaf_count=23884 3845 2985 3288 1021 9040 993 8637 17787 36644 14049 3007 6326 2184 2217 6983 4806 3083 1514 8947 3405 1139 6373 4142 6862 272638 257502 585000 2076 4866 10548
internal_value=-0.000543053 -0.00555623 -0.00712275 -8.86126e-05 -0.00234462 -0.0133197 -0.00522185 -0.00406022 -0.00130059 -0.00314213 -0.0115194 -0.00942647 -0.00663673 -0.0138387 -0.00539755 -0.00257883 -0.00165709 -0.00476774 -0.00983604 -0.00795308 -0.00664548 -0.00883798 -0.0154382 -0.00422247 5.62383e-05 -3.17473e-05 -0.000154255 -0.00233762 -0.00494564 -0.00112326
internal_weight=1.31579e+06 109362 85478 1.20643e+06 72778 20074 65404 51246 66716 30072 17089 14158 18708 6062 16023 32538 20870 10151 11954 10870 7465 8557 5135 11668 1.13365e+06 861013 603511 18511 5887 12624
internal_count=1315791 109362 85478 1206429 72778 20074 65404 51246 66716 30072 17089 14158 18708 6062 16023 32538 20870 10151 11954 10870 7465 8557 5135 11668 1133651 861013 603511 18511 5887 12624
cat_boundaries=0 1 2 3 4 5 6
cat_threshold=7 32 64 64 64 16
is_linear=0
shrinkage=0.05


Tree=100
num_leaves=31
num_cat=7
split_feature=6 1 7 1 7 7 6 7 6 7 6 6 1 6 3 1 3 3 2 1 3 3 6 3 6 3 1 1 3 6
split_gain=1197.21 384.175 402.889 157.05 349.436 148.993 127.779 78.2386 74.2695 69.7877 45.0924 40.6439 30.4497 25.755 21.0711 19.6622 32.1117 17.7213 16.3388 15.4353 17.3782 13.8522 12.7604 11.8729 10.9204 10.8346 55.266 43.4843 28.2459 22.2039
threshold=12.395871386706281 0 0.065131907865817476 1 0.049684397321221409 0.029154964549149176 11.990580988694822 0.086387359317017867 12.781428899765492 0.087953586857695942 12.031923105590947 11.583360624843122 2 12.937343182529457 3.5000000000000004 3 5.5000000000000009 5.5000000000000009 9.5000000000000018 4 5.5000000000000009 1.5000000000000002 11.583360624843122 2.5000000000000004 12.493456861052696 2.5000000000000004 5 6 3.5000000000000004 13.515879041089152
decision_type=2 1 2 1 2 2 2 2 2 2 2 2 1 2 2 1 2 2 2 1 2 2 2 2 2 2 1 1 2 2
left_child=1 -1 5 4 13 -3 11 12 9 14 22 -4 17 -2 24 16 -9 -8 -12 20 -13 -14 -7 -17 -6 26 -5 28 -27 -28
right_child=3 2 6 25 8 10 7 15 -10 -11 18 19 21 -15 -16 23 -18 -19 -20 -21 -22 -23 -24 -25 -26 27 29 -29 -30 -31
leaf_value=4.0793614310079306e-06 -7.7220245922127706e-06 -8.4199846508374842e-06 -8.4199846508374842e-06 4.6144504199172807e-05 -8.4199846508374842e-06 -8.4199846508374842e-06 -8.4199846508374842e-06 -8.4199846508374842e-06 9.1337880150915194e-09 -3.1275086047705902e-05 -8.4199846508374842e-06 -8.4199846508374842e-06 -8.4199846508374842e-06 -7.792901393276595e-06 -8.4199846508374842e-06 -8.4199846508374842e-06 -8.4199846508374842e-06 -8.4199846508374842e-06 -8.4199846508374842e-06 -8.4199846508374842e-06 -8.4199846508374842e-06 -8.4199846508374842e-06 -8.4199846508374842e-06 -8.4199846508374842e-06 -8.4199846508374842e-06 -2.4138313036194268e-05 -7.5874185185481857e-05 -7.546756416552758e-07 0.00013506066741625789 -1.2315857685516051e-07
leaf_weight=23884 3845 2985 3288 145610 2206 993 8637 17787 36644 14049 3007 6326 2184 2217 6983 4806 3083 1514 8947 3405 1139 6373 4142 6862 6834 31044 193241 526314 95239 142203
leaf_count=23884 3845 2985 3288 145610 2206 993 8637 17787 36644 14049 3007 6326 2184 2217 6983 4806 3083 1514 8947 3405 1139 6373 4142 6862 6834 31044 193241 526314 95239 142203
internal_value=-0.000547347 -0.00555668 -0.00712275 -9.32544e-05 -0.00234462 -0.0133197 -0.00522185 -0.00406022 -0.00130059 -0.00314213 -0.0115194 -0.00942647 -0.00663673 -0.0138387 -0.00539755 -0.00257883 -0.00165709 -0.00476774 -0.00983604 -0.00795308 -0.00664548 -0.00883798 -0.0154382 -0.00422247 -0.00699115 5.12986e-05 -0.000128738 0.000184011 0.0010172 -0.000481824
internal_weight=1.31579e+06 109362 85478 1.20643e+06 72778 20074 65404 51246 66716 30072 17089 14158 18708 6062 16023 32538 20870 10151 11954 10870 7465 8557 5135 11668 9040 1.13365e+06 481054 652597 126283 335444
internal_count=1315791 109362 85478 1206429 72778 20074 65404 51246 66716 30072 17089 14158 18708 6062 16023 32538 20870 10151 11954 10870 7465 8557 5135 11668 9040 1133651 481054 652597 126283 335444
cat_boundaries=0 1 2 3 4 5 6 7
cat_threshold=7 32 64 64 64 65 2
is_linear=0
shrinkage=0.05


Tree=101
num_leaves=31
num_cat=7
split_feature=6 1 7 1 7 7 6 7 6 7 6 6 1 6 3 1 3 3 2 1 3 3 6 3 7 1 6 3 1 3
split_gain=1196.56 383.951 402.889 156.778 349.436 148.993 127.779 78.2386 74.2695 69.7877 45.0924 40.6439 30.4497 25.755 21.0711 19.6622 32.1117 17.7213 16.3388 15.4353 17.3782 13.8522 12.7604 11.8729 11.0293 18.7569 21.7165 16.6427 49.437 12.8038
threshold=12.395871386706281 0 0.065131907865817476 1 0.049684397321221409 0.029154964549149176 11.990580988694822 0.086387359317017867 12.781428899765492 0.087953586857695942 12.031923105590947 11.583360624843122 2 12.937343182529457 3.5000000000000004 3 5.5000000000000009 5.5000000000000009 9.5000000000000018 4 5.5000000000000009 1.5000000000000002 11.583360624843122 2.5000000000000004 0.056101570916515055 5 12.88378189705198 4.5000000000000009 6 4.5000000000000009
decision_type=2 1 2 1 2 2 2 2 2 2 2 2 1 2 2 1 2 2 2 1 2 2 2 2 2 1 2 2 1 2
left_child=1 -1 5 4 13 -3 11 12 9 14 22 -4 17 -2 -6 16 -9 -8 -12 20 -13 -14 -7 -17 25 27 -27 -5 -29 -28
right_child=3 2 6 24 8 10 7 15 -10 -11 18 19 21 -15 -16 23 -18 -19 -20 -21 -22 -23 -24 -25 -26 26 29 28 -30 -31
leaf_value=3.8753933594575692e-06 -7.3359233626021322e-06 -7.9989854182956097e-06 -7.9989854182956097e-06 2.2447231347678875e-05 -7.9989854182956097e-06 -7.9989854182956097e-06 -7.9989854182956097e-06 -7.9989854182956097e-06 8.6770986143369447e-09 -2.9711331745320604e-05 -7.9989854182956097e-06 -7.9989854182956097e-06 -7.9989854182956097e-06 -7.4032563236127648e-06 -7.9989854182956097e-06 -7.9989854182956097e-06 -7.9989854182956097e-06 -7.9989854182956097e-06 -7.9989854182956097e-06 -7.9989854182956097e-06 -7.9989854182956097e-06 -7.9989854182956097e-06 -7.9989854182956097e-06 -7.9989854182956097e-06 1.9010864917302105e-05 -4.786566737433533e-05 -3.6709440495408741e-05 0.00010426299826119591 -5.5335476066990982e-05 1.2343967064045835e-05
leaf_weight=23884 3845 2985 3288 168244 9040 993 8637 17787 36644 14049 3007 6326 2184 2217 6983 4806 3083 1514 8947 3405 1139 6373 4142 6862 692197 23433 129407 21160 46760 52450
leaf_count=23884 3845 2985 3288 168244 9040 993 8637 17787 36644 14049 3007 6326 2184 2217 6983 4806 3083 1514 8947 3405 1139 6373 4142 6862 692197 23433 129407 21160 46760 52450
internal_value=-0.000549171 -0.00555714 -0.00712275 -9.52023e-05 -0.00234462 -0.0133197 -0.00522185 -0.00406022 -0.00130059 -0.00314213 -0.0115194 -0.00942647 -0.00663673 -0.0138387 -0.00539755 -0.00257883 -0.00165709 -0.00476774 -0.00983604 -0.00795308 -0.00664548 -0.00883798 -0.0154382 -0.00422247 4.92257e-05 -0.000146063 -0.000495616 0.000157808 -0.000502797 -0.000311041
internal_weight=1.31579e+06 109362 85478 1.20643e+06 72778 20074 65404 51246 66716 30072 17089 14158 18708 6062 16023 32538 20870 10151 11954 10870 7465 8557 5135 11668 1.13365e+06 441454 205290 236164 67920 181857
internal_count=1315791 109362 85478 1206429 72778 20074 65404 51246 66716 30072 17089 14158 18708 6062 16023 32538 20870 10151 11954 10870 7465 8557 5135 11668 1133651 441454 205290 236164 67920 181857
cat_boundaries=0 1 2 3 4 5 6 7
cat_threshold=7 32 64 64 64 3 2
is_linear=0
shrinkage=0.05


Tree=102
num_leaves=31
num_cat=8
split_feature=6 1 7 1 7 7 6 7 6 7 6 6 1 6 3 1 3 3 2 1 3 3 6 3 5 6 3 0 1 0
split_gain=1197.32 383.727 402.889 156.957 349.436 148.993 127.779 78.2386 74.2695 69.7877 45.0924 40.6439 30.4497 25.755 21.0711 19.6622 32.1117 17.7213 16.3388 15.4353 17.3782 13.8522 12.7604 11.8729 10.9619 10.9204 10.4476 14.4213 11.9491 10.526
threshold=12.395871386706281 0 0.065131907865817476 1 0.049684397321221409 0.029154964549149176 11.990580988694822 0.086387359317017867 12.781428899765492 0.087953586857695942 12.031923105590947 11.583360624843122 2 12.937343182529457 3.5000000000000004 3 5.5000000000000009 5.5000000000000009 9.5000000000000018 4 5.5000000000000009 1.5000000000000002 11.583360624843122 2.5000000000000004 5.5000000000000009 12.493456861052696 1.0000000180025095e-35 5 6 7
decision_type=2 1 2 1 2 2 2 2 2 2 2 2 1 2 2 1 2 2 2 1 2 2 2 2 2 2 2 1 1 1
left_child=1 -1 5 4 13 -3 11 12 9 14 22 -4 17 -2 25 16 -9 -8 -12 20 -13 -14 -7 -17 -5 -6 27 -26 -29 -28
right_child=3 2 6 24 8 10 7 15 -10 -11 18 19 21 -15 -16 23 -18 -19 -20 -21 -22 -23 -24 -25 26 -27 29 28 -30 -31
leaf_value=3.6816236914847431e-06 -6.9691271944720253e-06 -7.5990361473808298e-06 -7.5990361473808298e-06 8.6899873084749449e-06 -7.5990361473808298e-06 -7.5990361473808298e-06 -7.5990361473808298e-06 -7.5990361473808298e-06 8.2432436836200981e-09 -2.8225765158054574e-05 -7.5990361473808298e-06 -7.5990361473808298e-06 -7.5990361473808298e-06 -7.0330935074321265e-06 -7.5990361473808298e-06 -7.5990361473808298e-06 -7.5990361473808298e-06 -7.5990361473808298e-06 -7.5990361473808298e-06 -7.5990361473808298e-06 -7.5990361473808298e-06 -7.5990361473808298e-06 -7.5990361473808298e-06 -7.5990361473808298e-06 8.6372552150543202e-05 -7.5990361473808298e-06 -7.5756580516992791e-05 -0.00019939660660571145 -4.3704001057395288e-05 2.8244615204038077e-06
leaf_weight=23884 3845 2985 3288 773150 2206 993 8637 17787 36644 14049 3007 6326 2184 2217 6983 4806 3083 1514 8947 3405 1139 6373 4142 6862 7719 6834 34973 16282 28274 273253
leaf_count=23884 3845 2985 3288 773150 2206 993 8637 17787 36644 14049 3007 6326 2184 2217 6983 4806 3083 1514 8947 3405 1139 6373 4142 6862 7719 6834 34973 16282 28274 273253
internal_value=-0.000548031 -0.0055576 -0.00712275 -9.39175e-05 -0.00234462 -0.0133197 -0.00522185 -0.00406022 -0.00130059 -0.00314213 -0.0115194 -0.00942647 -0.00663673 -0.0138387 -0.00539755 -0.00257883 -0.00165709 -0.00476774 -0.00983604 -0.00795308 -0.00664548 -0.00883798 -0.0154382 -0.00422247 5.05929e-05 -0.00699115 -0.000177101 -0.000830703 -0.00117623 -6.62499e-05
internal_weight=1.31579e+06 109362 85478 1.20643e+06 72778 20074 65404 51246 66716 30072 17089 14158 18708 6062 16023 32538 20870 10151 11954 10870 7465 8557 5135 11668 1.13365e+06 9040 360501 52275 44556 308226
internal_count=1315791 109362 85478 1206429 72778 20074 65404 51246 66716 30072 17089 14158 18708 6062 16023 32538 20870 10151 11954 10870 7465 8557 5135 11668 1133651 9040 360501 52275 44556 308226
cat_boundaries=0 1 2 3 4 5 6 7 8
cat_threshold=7 32 64 64 64 8945688 6 540752
is_linear=0
shrinkage=0.05


Tree=103
num_leaves=31
num_cat=6
split_feature=6 1 7 1 7 7 6 7 6 7 6 6 1 6 3 1 3 3 2 1 3 3 6 3 6 7 0 3 6 3
split_gain=1197.23 383.727 402.889 153.878 350.774 148.993 127.779 78.2386 71.9311 73.1191 45.0924 40.6439 30.4497 25.755 21.0711 19.6622 32.1117 17.7213 16.3388 15.4353 17.3782 13.8522 12.7604 11.8729 10.9204 10.7544 10.0281 10.016 9.3009 8.61806
threshold=12.395871386706281 0 0.065131907865817476 1 0.049684397321221409 0.029154964549149176 11.990580988694822 0.086387359317017867 12.781428899765492 0.087953586857695942 12.031923105590947 11.583360624843122 2 12.937343182529457 3.5000000000000004 3 5.5000000000000009 5.5000000000000009 9.5000000000000018 4 5.5000000000000009 1.5000000000000002 11.583360624843122 2.5000000000000004 12.493456861052696 0.11437927845860141 5 3.5000000000000004 12.413077667390478 5.5000000000000009
decision_type=2 1 2 1 2 2 2 2 2 2 2 2 1 2 2 1 2 2 2 1 2 2 2 2 2 2 1 2 2 2
left_child=1 29 5 4 13 -3 11 12 9 14 22 -4 17 -2 24 16 -9 -8 -12 20 -13 -14 -7 -17 -6 26 -5 -27 -11 -1
right_child=3 2 6 25 8 10 7 15 -10 28 18 19 21 -15 -16 23 -18 -19 -20 -21 -22 -23 -24 -25 -26 27 -28 -29 -30 -31
leaf_value=3.2762155673096107e-05 -6.6206708347484238e-06 -7.2190843400117877e-06 -7.2190843400117877e-06 -1.1631318619199212e-05 -7.2190843400117877e-06 -7.2190843400117877e-06 -7.2190843400117877e-06 -7.2190843400117877e-06 7.8310814994390924e-09 3.8461938749106624e-05 -7.2190843400117877e-06 -7.2190843400117877e-06 -7.2190843400117877e-06 -6.6814388320605209e-06 -7.2190843400117877e-06 -7.2190843400117877e-06 -7.2190843400117877e-06 -7.2190843400117877e-06 -7.2190843400117877e-06 -7.2190843400117877e-06 -7.2190843400117877e-06 -7.2190843400117877e-06 -7.2190843400117877e-06 -7.2190843400117877e-06 -7.2190843400117877e-06 3.0321954426255564e-05 7.8623218498582206e-06 0.00032897881006606138 -5.5320977617480755e-05 -0.00013590336028377896
leaf_weight=20343 3845 2985 3288 416394 2206 993 8637 17787 36644 740 3007 6326 2184 2217 6983 4806 3083 1514 8947 3405 1139 6373 4142 6862 6834 21140 679777 16340 13309 3541
leaf_count=20343 3845 2985 3288 416394 2206 993 8637 17787 36644 740 3007 6326 2184 2217 6983 4806 3083 1514 8947 3405 1139 6373 4142 6862 6834 21140 679777 16340 13309 3541
internal_value=-0.000548221 -0.0055576 -0.00712275 -9.41247e-05 -0.00232264 -0.0133197 -0.00522185 -0.00406022 -0.00127661 -0.00308892 -0.0115194 -0.00942647 -0.00663673 -0.0138387 -0.00539755 -0.00257883 -0.00165709 -0.00476774 -0.00983604 -0.00795308 -0.00664548 -0.00883798 -0.0154382 -0.00422247 -0.00699115 4.8961e-05 2.04851e-05 0.000881804 -0.000455904 4.68739e-05
internal_weight=1.31579e+06 109362 85478 1.20643e+06 72778 20074 65404 51246 66716 30072 17089 14158 18708 6062 16023 32538 20870 10151 11954 10870 7465 8557 5135 11668 9040 1.13365e+06 1.09617e+06 37480 14049 23884
internal_count=1315791 109362 85478 1206429 72778 20074 65404 51246 66716 30072 17089 14158 18708 6062 16023 32538 20870 10151 11954 10870 7465 8557 5135 11668 9040 1133651 1096171 37480 14049 23884
cat_boundaries=0 1 2 3 4 5 6
cat_threshold=7 32 64 64 64 5070962
is_linear=0
shrinkage=0.05


Tree=104
num_leaves=31
num_cat=5
split_feature=6 1 7 1 7 7 6 7 6 7 6 6 1 6 3 1 3 3 2 1 3 3 6 3 6 2 2 7 7 5
split_gain=1196.11 383.951 402.889 156.634 349.436 148.993 127.779 78.2386 74.2695 69.7877 45.0924 40.6439 30.4497 25.755 21.0711 19.6622 32.1117 17.7213 16.3388 15.4353 17.3782 13.8522 12.7604 11.8729 10.9204 10.3863 18.564 8.31949 7.9779 7.81716
threshold=12.395871386706281 0 0.065131907865817476 1 0.049684397321221409 0.029154964549149176 11.990580988694822 0.086387359317017867 12.781428899765492 0.087953586857695942 12.031923105590947 11.583360624843122 2 12.937343182529457 3.5000000000000004 3 5.5000000000000009 5.5000000000000009 9.5000000000000018 4 5.5000000000000009 1.5000000000000002 11.583360624843122 2.5000000000000004 12.493456861052696 20.500000000000004 17.500000000000004 0.094067919496270538 0.042552736117973319 5.5000000000000009
decision_type=2 1 2 1 2 2 2 2 2 2 2 2 1 2 2 1 2 2 2 1 2 2 2 2 2 2 2 2 2 2
left_child=1 27 5 4 13 -3 11 12 9 14 22 -4 17 -2 24 16 -9 -8 -12 20 -13 -14 -7 -17 -6 26 29 -1 -24 -5
right_child=3 2 6 25 8 10 7 15 -10 -11 18 19 21 -15 -16 23 -18 -19 -20 -21 -22 -23 28 -25 -26 -27 -28 -29 -30 -31
leaf_value=-3.0919285769404058e-05 -6.2896372930110033e-06 -6.8581301230111983e-06 -6.8581301230111983e-06 3.6015905404562318e-06 -6.8581301230111983e-06 -6.8581301230111983e-06 -6.8581301230111983e-06 -6.8581301230111983e-06 7.4395274244671371e-09 -2.4048428019277807e-05 -6.8581301230111983e-06 -6.8581301230111983e-06 -6.8581301230111983e-06 -6.3473668904574939e-06 -6.8581301230111983e-06 -6.8581301230111983e-06 -6.8581301230111983e-06 -6.8581301230111983e-06 -6.8581301230111983e-06 -6.8581301230111983e-06 -6.8581301230111983e-06 -6.8581301230111983e-06 -6.8581301230111983e-06 -6.8581301230111983e-06 -6.8581301230111983e-06 -2.9072430782549293e-05 4.6525804492731607e-05 0.0002675616859497989 -6.8581301230111983e-06 -1.9642833903653462e-05
leaf_weight=17746 3845 2985 3288 554849 2206 993 8637 17787 36644 14049 3007 6326 2184 2217 6983 4806 3083 1514 8947 3405 1139 6373 1024 6862 6834 83337 236203 6138 3118 259262
leaf_count=17746 3845 2985 3288 554849 2206 993 8637 17787 36644 14049 3007 6326 2184 2217 6983 4806 3083 1514 8947 3405 1139 6373 1024 6862 6834 83337 236203 6138 3118 259262
internal_value=-0.000550121 -0.00555714 -0.00712275 -9.62384e-05 -0.00234462 -0.0133197 -0.00522185 -0.00406022 -0.00130059 -0.00314213 -0.0115194 -0.00942647 -0.00663673 -0.0138387 -0.00539755 -0.00257883 -0.00165709 -0.00476774 -0.00983604 -0.00795308 -0.00664548 -0.00883798 -0.0154382 -0.00422247 -0.00699115 4.8123e-05 9.0754e-05 4.89665e-05 -0.0142178 -2.24722e-05
internal_weight=1.31579e+06 109362 85478 1.20643e+06 72778 20074 65404 51246 66716 30072 17089 14158 18708 6062 16023 32538 20870 10151 11954 10870 7465 8557 5135 11668 9040 1.13365e+06 1.05031e+06 23884 4142 814111
internal_count=1315791 109362 85478 1206429 72778 20074 65404 51246 66716 30072 17089 14158 18708 6062 16023 32538 20870 10151 11954 10870 7465 8557 5135 11668 9040 1133651 1050314 23884 4142 814111
cat_boundaries=0 1 2 3 4 5
cat_threshold=7 32 64 64 64
is_linear=0
shrinkage=0.05


Tree=105
num_leaves=31
num_cat=7
split_feature=6 1 7 7 1 7 6 7 6 7 6 6 1 6 1 3 3 2 3 1 3 3 6 3 0 7 6 6 3 1
split_gain=1201.56 383.278 402.889 148.993 130.553 362.125 127.779 78.2386 53.8022 73.7132 45.0924 40.6439 30.4497 25.6951 19.6622 32.1117 17.7213 16.3388 16.2539 15.4353 17.3782 13.8522 12.7604 11.8729 9.75727 7.9779 7.89036 7.86723 7.70938 31.8135
threshold=12.395871386706281 0 0.065131907865817476 0.029154964549149176 1 0.050253005740114598 11.990580988694822 0.086387359317017867 12.787964887779809 0.07367656427701233 12.031923105590947 11.583360624843122 2 12.937343182529457 3 5.5000000000000009 5.5000000000000009 9.5000000000000018 3.5000000000000004 4 5.5000000000000009 1.5000000000000002 11.583360624843122 2.5000000000000004 5 0.042552736117973319 14.312297397065899 12.493456861052696 3.5000000000000004 6
decision_type=2 1 2 2 1 2 2 2 2 2 2 2 1 2 1 2 2 2 2 1 2 2 2 2 1 2 2 2 2 1
left_child=1 -1 3 -3 5 13 11 12 9 18 22 -4 16 -2 15 -9 -8 -12 27 20 -13 -14 -5 -16 26 -24 28 -7 -6 -30
right_child=4 2 6 10 24 8 7 14 -10 -11 17 19 21 -15 23 -17 -18 -19 -20 -21 -22 -23 25 -25 -26 -27 -28 -29 29 -31
leaf_value=3.072419209195176e-06 -5.9751554283604528e-06 -6.515223616860638e-06 -6.515223616860638e-06 -6.515223616860638e-06 -2.3208236071903767e-05 -6.515223616860638e-06 -6.515223616860638e-06 -6.515223616860638e-06 7.0675510532437805e-09 -6.9019778944779949e-06 -6.515223616860638e-06 -6.515223616860638e-06 -6.515223616860638e-06 -6.0299985459346195e-06 -6.515223616860638e-06 -6.515223616860638e-06 -6.515223616860638e-06 -6.515223616860638e-06 -6.515223616860638e-06 -6.515223616860638e-06 -6.515223616860638e-06 -6.515223616860638e-06 -6.515223616860638e-06 -6.515223616860638e-06 1.0600861844861125e-05 -6.515223616860638e-06 0.00014471796575986557 -6.515223616860638e-06 5.6999917295278324e-05 -4.0621846692870353e-05
leaf_weight=23884 3849 2985 3288 993 273500 1502 8637 17787 36279 19881 3007 6326 2184 2217 4806 3083 1514 8947 4554 3405 1139 6373 1024 6862 641255 3118 8468 4496 131124 79304
leaf_count=23884 3849 2985 3288 993 273500 1502 8637 17787 36279 19881 3007 6326 2184 2217 4806 3083 1514 8947 4554 3405 1139 6373 1024 6862 641255 3118 8468 4496 131124 79304
internal_value=-0.000540089 -0.00555851 -0.00712275 -0.0133197 -8.51727e-05 -0.00213785 -0.00522185 -0.00406022 -0.00107462 -0.00262495 -0.0115194 -0.00942647 -0.00663673 -0.0138345 -0.00257883 -0.00165709 -0.00476774 -0.00983604 -0.00600265 -0.00795308 -0.00664548 -0.00883798 -0.0154382 -0.00422247 4.66235e-05 -0.0142178 -0.000120774 -0.00771257 -0.000147253 8.02652e-05
internal_weight=1.31579e+06 109362 85478 20074 1.20643e+06 72778 65404 51246 66712 30433 17089 14158 18708 6066 32538 20870 10151 11954 10552 10870 7465 8557 5135 11668 1.13365e+06 4142 492396 5998 483928 210428
internal_count=1315791 109362 85478 20074 1206429 72778 65404 51246 66712 30433 17089 14158 18708 6066 32538 20870 10151 11954 10552 10870 7465 8557 5135 11668 1133651 4142 492396 5998 483928 210428
cat_boundaries=0 1 2 3 4 5 6 7
cat_threshold=7 32 64 64 64 6119538 14
is_linear=0
shrinkage=0.05


Tree=106
num_leaves=31
num_cat=6
split_feature=6 1 7 7 1 7 6 7 6 7 6 6 1 6 1 3 3 2 3 1 3 3 6 3 7 6 1 7 7 6
split_gain=1202.58 383.278 402.889 148.993 128.064 363.488 127.779 78.2386 51.8361 76.0258 45.0924 40.6439 30.4497 25.6951 19.6622 32.1117 17.7213 16.3388 16.2539 15.4353 17.3782 13.8522 12.7604 11.8729 9.51609 10.0471 15.8511 19.4551 34.369 40.1489
threshold=12.395871386706281 0 0.065131907865817476 0.029154964549149176 1 0.050253005740114598 11.990580988694822 0.086387359317017867 12.787964887779809 0.07367656427701233 12.031923105590947 11.583360624843122 2 12.937343182529457 3 5.5000000000000009 5.5000000000000009 9.5000000000000018 3.5000000000000004 4 5.5000000000000009 1.5000000000000002 11.583360624843122 2.5000000000000004 0.11437927845860141 13.97142931599088 5 0.024630190825150434 0.051322440910878987 13.605791493620417
decision_type=2 1 2 2 1 2 2 2 2 2 2 2 1 2 1 2 2 2 2 1 2 2 2 2 2 2 1 2 2 2
left_child=1 -1 3 -3 5 13 11 12 9 18 22 -4 16 -2 15 -9 -8 -12 -7 20 -13 -14 -5 -16 25 26 27 -6 29 -29
right_child=4 2 6 10 24 8 7 14 -10 -11 17 19 21 -15 23 -17 -18 -19 -20 -21 -22 -23 -24 -25 -26 -27 -28 28 -30 -31
leaf_value=2.9187982487354295e-06 -5.6763976569424304e-06 -6.1894624360176059e-06 -6.1894624360176059e-06 -6.1894624360176059e-06 4.6111662913447591e-06 -6.1894624360176059e-06 -6.1894624360176059e-06 -6.1894624360176059e-06 6.7141735005815912e-09 -6.5568789997540944e-06 -6.1894624360176059e-06 -6.1894624360176059e-06 -6.1894624360176059e-06 -5.728498618637888e-06 -6.1894624360176059e-06 -6.1894624360176059e-06 -6.1894624360176059e-06 -6.1894624360176059e-06 -6.1894624360176059e-06 -6.1894624360176059e-06 -6.1894624360176059e-06 -6.1894624360176059e-06 -6.1894624360176059e-06 -6.1894624360176059e-06 0.00013902292477097959 4.1028722567608639e-05 1.9199776157781938e-06 -8.0738457551518821e-05 -4.7032224751881595e-05 -5.9653665213645405e-05
leaf_weight=23884 3849 2985 3288 993 2009 5998 8637 17787 36279 19881 3007 6326 2184 2217 4806 3083 1514 8947 4554 3405 1139 6373 4142 6862 37480 92922 936066 4997 50196 9981
leaf_count=23884 3849 2985 3288 993 2009 5998 8637 17787 36279 19881 3007 6326 2184 2217 4806 3083 1514 8947 4554 3405 1139 6373 4142 6862 37480 92922 936066 4997 50196 9981
internal_value=-0.000537961 -0.00555851 -0.00712275 -0.0133197 -8.28518e-05 -0.00211587 -0.00522185 -0.00406022 -0.00105064 -0.00257237 -0.0115194 -0.00942647 -0.00663673 -0.0138345 -0.00257883 -0.00165709 -0.00476774 -0.00983604 -0.00600265 -0.00795308 -0.00664548 -0.00883798 -0.0154382 -0.00422247 4.7682e-05 2.08956e-05 -2.5173e-05 -0.00076697 -0.00091647 -0.00301843
internal_weight=1.31579e+06 109362 85478 20074 1.20643e+06 72778 65404 51246 66712 30433 17089 14158 18708 6066 32538 20870 10151 11954 10552 10870 7465 8557 5135 11668 1.13365e+06 1.09617e+06 1.00325e+06 67183 65174 14978
internal_count=1315791 109362 85478 20074 1206429 72778 65404 51246 66712 30433 17089 14158 18708 6066 32538 20870 10151 11954 10552 10870 7465 8557 5135 11668 1133651 1096171 1003249 67183 65174 14978
cat_boundaries=0 1 2 3 4 5 6
cat_threshold=7 32 64 64 64 16
is_linear=0
shrinkage=0.05


Tree=107
num_leaves=31
num_cat=8
split_feature=6 1 7 7 6 1 7 7 6 7 6 6 1 6 1 3 3 2 3 1 3 3 6 3 3 1 1 3 6 1
split_gain=1200.27 383.278 402.889 148.993 127.779 127.402 363.488 78.2386 51.8361 76.0258 45.0924 40.6439 30.4497 25.6951 19.6622 32.1117 17.7213 16.3388 16.2539 15.4353 17.3782 13.8522 12.7604 11.8729 9.7535 49.7644 36.5701 24.7586 19.6798 15.2018
threshold=12.395871386706281 0 0.065131907865817476 0.029154964549149176 11.990580988694822 1 0.050253005740114598 0.086387359317017867 12.787964887779809 0.07367656427701233 12.031923105590947 11.583360624843122 2 12.937343182529457 3 5.5000000000000009 5.5000000000000009 9.5000000000000018 3.5000000000000004 4 5.5000000000000009 1.5000000000000002 11.583360624843122 2.5000000000000004 2.5000000000000004 5 6 3.5000000000000004 13.63147563377021 7
decision_type=2 1 2 2 2 1 2 2 2 2 2 2 1 2 1 2 2 2 2 1 2 2 2 2 2 1 1 2 2 1
left_child=1 -1 3 -3 11 6 13 12 9 18 22 -4 16 -2 15 -9 -6 -12 -8 20 -13 -14 -5 -16 25 -7 27 -26 -27 -28
right_child=5 2 4 10 7 24 8 14 -10 -11 17 19 21 -15 23 -17 -18 -19 -20 -21 -22 -23 -24 -25 26 28 29 -29 -30 -31
leaf_value=2.772858336298653e-06 -5.3925777740953089e-06 -5.8799893142167257e-06 -5.8799893142167257e-06 -5.8799893142167257e-06 -5.8799893142167257e-06 4.2689798420322773e-05 -5.8799893142167257e-06 -5.8799893142167257e-06 6.3784648255525126e-09 -6.2290350497663899e-06 -5.8799893142167257e-06 -5.8799893142167257e-06 -5.8799893142167257e-06 -5.4420736877059942e-06 -5.8799893142167257e-06 -5.8799893142167257e-06 -5.8799893142167257e-06 -5.8799893142167257e-06 -5.8799893142167257e-06 -5.8799893142167257e-06 -5.8799893142167257e-06 -5.8799893142167257e-06 -5.8799893142167257e-06 -5.8799893142167257e-06 -2.4559250999986976e-05 -6.5003753837233942e-05 2.3924615756633951e-05 0.00012260982218541933 4.2766709585862323e-06 -1.3571650495479479e-05
leaf_weight=23884 3849 2985 3288 993 8637 145610 5998 17787 36279 19881 3007 6326 2184 2217 4806 3083 1514 8947 4554 3405 1139 6373 4142 6862 31044 222705 267231 95239 112739 259083
leaf_count=23884 3849 2985 3288 993 8637 145610 5998 17787 36279 19881 3007 6326 2184 2217 4806 3083 1514 8947 4554 3405 1139 6373 4142 6862 31044 222705 267231 95239 112739 259083
internal_value=-0.000542787 -0.00555851 -0.00712275 -0.0133197 -0.00522185 -8.81152e-05 -0.00211587 -0.00406022 -0.00105064 -0.00257237 -0.0115194 -0.00942647 -0.00663673 -0.0138345 -0.00257883 -0.00165709 -0.00476774 -0.00983604 -0.00600265 -0.00795308 -0.00664548 -0.00883798 -0.0154382 -0.00422247 4.20807e-05 -0.000128738 0.000167998 0.000932079 -0.000463789 -1.53516e-05
internal_weight=1.31579e+06 109362 85478 20074 65404 1.20643e+06 72778 51246 66712 30433 17089 14158 18708 6066 32538 20870 10151 11954 10552 10870 7465 8557 5135 11668 1.13365e+06 481054 652597 126283 335444 526314
internal_count=1315791 109362 85478 20074 65404 1206429 72778 51246 66712 30433 17089 14158 18708 6066 32538 20870 10151 11954 10552 10870 7465 8557 5135 11668 1133651 481054 652597 126283 335444 526314
cat_boundaries=0 1 2 3 4 5 6 7 8
cat_threshold=7 32 64 64 64 65 2 12
is_linear=0
shrinkage=0.05


Tree=108
num_leaves=31
num_cat=7
split_feature=6 1 7 7 6 1 7 7 6 7 6 6 1 6 1 3 3 2 3 1 3 3 6 3 7 1 7 6 6 1
split_gain=1199.54 383.278 402.889 148.993 127.779 127.194 363.488 78.2386 51.8361 76.0258 45.0924 40.6439 30.4497 25.6951 19.6622 32.1117 17.7213 16.3388 16.2539 15.4353 17.3782 13.8522 12.7604 11.8729 9.60736 18.1145 24.6322 24.3371 12.2283 19.107
threshold=12.395871386706281 0 0.065131907865817476 0.029154964549149176 11.990580988694822 1 0.050253005740114598 0.086387359317017867 12.787964887779809 0.07367656427701233 12.031923105590947 11.583360624843122 2 12.937343182529457 3 5.5000000000000009 5.5000000000000009 9.5000000000000018 3.5000000000000004 4 5.5000000000000009 1.5000000000000002 11.583360624843122 2.5000000000000004 0.048395305166077367 5 0.028165668868557519 13.597834221510492 13.238405342681794 6
decision_type=2 1 2 2 2 1 2 2 2 2 2 2 1 2 1 2 2 2 2 1 2 2 2 2 2 1 2 2 2 1
left_child=1 -1 3 -3 11 6 13 12 9 18 22 -4 16 -2 15 -9 -6 -12 -8 20 -13 -14 -5 -16 25 26 -7 -28 29 -27
right_child=5 2 4 10 7 24 8 14 -10 -11 17 19 21 -15 23 -17 -18 -19 -20 -21 -22 -23 -24 -25 -26 28 27 -29 -30 -31
leaf_value=2.6342154194836806e-06 -5.1229488853905431e-06 -5.5859898485058896e-06 -5.5859898485058896e-06 -5.5859898485058896e-06 -5.5859898485058896e-06 2.6374765117949927e-06 -5.5859898485058896e-06 -5.5859898485058896e-06 6.0595415842748876e-09 -5.9175832972780705e-06 -5.5859898485058896e-06 -5.5859898485058896e-06 -5.5859898485058896e-06 -5.1699700033206945e-06 -5.5859898485058896e-06 -5.5859898485058896e-06 -5.5859898485058896e-06 -5.5859898485058896e-06 -5.5859898485058896e-06 -5.5859898485058896e-06 -5.5859898485058896e-06 -5.5859898485058896e-06 -5.5859898485058896e-06 -5.5859898485058896e-06 1.2553234844081929e-05 -0.0010836151755611249 -0.00011961775779156401 -8.8409675695848191e-05 2.0670278039025482e-05 -7.7108545410419971e-06
leaf_weight=23884 3849 2985 3288 993 8637 5337 5998 17787 36279 19881 3007 6326 2184 2217 4806 3083 1514 8947 4554 3405 1139 6373 4142 6862 830861 5811 3188 10378 98880 179196
leaf_count=23884 3849 2985 3288 993 8637 5337 5998 17787 36279 19881 3007 6326 2184 2217 4806 3083 1514 8947 4554 3405 1139 6373 4142 6862 830861 5811 3188 10378 98880 179196
internal_value=-0.000544307 -0.00555851 -0.00712275 -0.0133197 -0.00522185 -8.9773e-05 -0.00211587 -0.00406022 -0.00105064 -0.00257237 -0.0115194 -0.00942647 -0.00663673 -0.0138345 -0.00257883 -0.00165709 -0.00476774 -0.00983604 -0.00600265 -0.00795308 -0.00664548 -0.00883798 -0.0154382 -0.00422247 4.03165e-05 -0.000200799 -0.0016991 -0.00283208 -0.00010097 -0.000340879
internal_weight=1.31579e+06 109362 85478 20074 65404 1.20643e+06 72778 51246 66712 30433 17089 14158 18708 6066 32538 20870 10151 11954 10552 10870 7465 8557 5135 11668 1.13365e+06 302790 18903 13566 283887 185007
internal_count=1315791 109362 85478 20074 65404 1206429 72778 51246 66712 30433 17089 14158 18708 6066 32538 20870 10151 11954 10552 10870 7465 8557 5135 11668 1133651 302790 18903 13566 283887 185007
cat_boundaries=0 1 2 3 4 5 6 7
cat_threshold=7 32 64 64 64 16 8
is_linear=0
shrinkage=0.05


Tree=109
num_leaves=31
num_cat=6
split_feature=6 1 7 7 6 1 7 7 6 6 7 6 1 6 1 3 3 2 3 1 3 3 7 6 3 2 5 5 0 3
split_gain=1203.29 383.054 402.889 148.993 127.779 112.854 371.329 78.2386 45.0924 41.2954 89.937 40.6439 30.4497 25.6951 19.6622 32.1117 17.7213 16.3388 16.2539 15.4353 17.3782 13.8522 12.7644 12.7604 11.8729 9.75133 9.05898 10.469 13.7592 13.2867
threshold=12.395871386706281 0 0.065131907865817476 0.029154964549149176 11.990580988694822 1 0.050253005740114598 0.086387359317017867 12.031923105590947 12.787964887779809 0.07367656427701233 11.583360624843122 2 12.937343182529457 3 5.5000000000000009 5.5000000000000009 9.5000000000000018 3.5000000000000004 4 5.5000000000000009 1.5000000000000002 0.082509590970718125 11.583360624843122 2.5000000000000004 19.500000000000004 5.5000000000000009 6.5000000000000009 5 2.5000000000000004
decision_type=2 1 2 2 2 1 2 2 2 2 2 2 1 2 1 2 2 2 2 1 2 2 2 2 2 2 2 2 1 2
left_child=1 -1 3 -3 11 6 13 12 23 10 18 -4 16 -2 15 -9 -6 -10 -8 20 -13 -14 25 -5 -16 -12 -7 28 -28 -29
right_child=5 2 4 8 7 26 9 14 17 -11 22 19 21 -15 24 -17 -18 -19 -20 -21 -22 -23 -24 -25 -26 -27 27 29 -30 -31
leaf_value=2.5025046485095434e-06 -4.8668014411210158e-06 -5.3066903560805949e-06 -5.3066903560805949e-06 -5.3066903560805949e-06 -5.3066903560805949e-06 7.9750750124413953e-06 -5.3066903560805949e-06 -5.3066903560805949e-06 -5.3066903560805949e-06 5.7565645050611426e-09 1.2994468368831314e-06 -5.3066903560805949e-06 -5.3066903560805949e-06 -4.9114715031546597e-06 -5.3066903560805949e-06 -5.3066903560805949e-06 -5.3066903560805949e-06 -5.3066903560805949e-06 -5.3066903560805949e-06 -5.3066903560805949e-06 -5.3066903560805949e-06 -5.3066903560805949e-06 -5.0072233573579001e-05 -5.3066903560805949e-06 -5.3066903560805949e-06 -3.8012226729780005e-05 -7.6345180623537057e-05 -3.180954567352225e-05 -6.3398670850379098e-06 4.3729175030514314e-05
leaf_weight=23884 3849 2985 3288 993 8637 773150 5998 17787 3007 36279 3402 6326 2184 2217 4806 3083 1514 8947 4554 3405 1139 6373 16281 4142 6862 198 77172 63644 130897 88788
leaf_count=23884 3849 2985 3288 993 8637 773150 5998 17787 3007 36279 3402 6326 2184 2217 4806 3083 1514 8947 4554 3405 1139 6373 16281 4142 6862 198 77172 63644 130897 88788
internal_value=-0.000536935 -0.00555897 -0.00712275 -0.0133197 -0.00522185 -8.16913e-05 -0.00199016 -0.00406022 -0.0115194 -0.000913479 -0.00227171 -0.00942647 -0.00663673 -0.0138345 -0.00257883 -0.00165709 -0.00476774 -0.00983604 -0.00600265 -0.00795308 -0.00664548 -0.00883798 -0.000291484 -0.0154382 -0.00422247 0.00240278 4.08457e-05 -0.000166144 -0.000396767 0.000148657
internal_weight=1.31579e+06 109362 85478 20074 65404 1.20643e+06 72778 51246 17089 66712 30433 14158 18708 6066 32538 20870 10151 11954 10552 10870 7465 8557 19881 5135 11668 3600 1.13365e+06 360501 208069 152432
internal_count=1315791 109362 85478 20074 65404 1206429 72778 51246 17089 66712 30433 14158 18708 6066 32538 20870 10151 11954 10552 10870 7465 8557 19881 5135 11668 3600 1133651 360501 208069 152432
cat_boundaries=0 1 2 3 4 5 6
cat_threshold=7 32 64 64 64 4317779
is_linear=0
shrinkage=0.05


Tree=110
num_leaves=31
num_cat=6
split_feature=6 1 7 7 6 1 7 7 6 6 6 7 1 6 1 3 3 2 1 3 3 3 6 3 7 2 7 1 6 7
split_gain=1203.16 382.83 402.889 148.993 127.779 105.969 375 78.2386 45.0924 40.6439 36.8065 88.1691 30.4497 25.6951 19.6622 32.1117 17.7213 16.3388 15.4353 17.3782 14.9845 13.8522 12.7604 11.8729 10.8427 12.1147 9.29171 11.5811 16.1406 11.5341
threshold=12.395871386706281 0 0.065131907865817476 0.029154964549149176 11.990580988694822 1 0.050253005740114598 0.086387359317017867 12.031923105590947 11.583360624843122 12.787964887779809 0.072555205978640111 2 12.937343182529457 3 5.5000000000000009 5.5000000000000009 9.5000000000000018 4 5.5000000000000009 3.5000000000000004 1.5000000000000002 11.583360624843122 2.5000000000000004 0.082509590970718125 19.500000000000004 0.07292149525771785 5 14.124527348414963 0.024630190825150434
decision_type=2 1 2 2 2 1 2 2 2 2 2 2 1 2 1 2 2 2 1 2 2 2 2 2 2 2 2 1 2 2
left_child=1 -1 3 -3 9 6 13 12 22 -4 11 20 16 -2 15 -9 -6 -10 19 -11 -8 -14 -5 -16 25 -13 27 28 29 -7
right_child=5 2 4 8 7 26 10 14 17 18 -12 24 21 -15 23 -17 -18 -19 -20 -21 -22 -23 -24 -25 -26 -27 -28 -29 -30 -31
leaf_value=2.3773794160840945e-06 -4.6234613690649647e-06 -5.0413558382765654e-06 -5.0413558382765654e-06 -5.0413558382765654e-06 -5.0413558382765654e-06 4.2924900945798125e-06 -5.0413558382765654e-06 -5.0413558382765654e-06 -5.0413558382765654e-06 -5.0413558382765654e-06 5.4687362798080857e-09 2.2016154577164048e-07 -5.0413558382765654e-06 -4.6658979279969267e-06 -5.0413558382765654e-06 -5.0413558382765654e-06 -5.0413558382765654e-06 -5.0413558382765654e-06 -5.0413558382765654e-06 -5.0413558382765654e-06 -5.0413558382765654e-06 -5.0413558382765654e-06 -5.0413558382765654e-06 -5.0413558382765654e-06 -4.7568621894900054e-05 -3.6130983543814062e-05 2.4657008889038649e-05 -3.6758759078073331e-07 0.0001395004550636083 -2.9652122343720881e-05
leaf_weight=23884 3849 2985 3288 993 8637 2196 5675 17787 3007 6326 36279 3863 2184 2217 4806 3083 1514 8947 3405 1139 4320 6373 4142 6862 16281 294 496386 550401 13146 71522
leaf_count=23884 3849 2985 3288 993 8637 2196 5675 17787 3007 6326 36279 3863 2184 2217 4806 3083 1514 8947 3405 1139 4320 6373 4142 6862 16281 294 496386 550401 13146 71522
internal_value=-0.000537657 -0.00555943 -0.00712275 -0.0133197 -0.00522185 -8.24373e-05 -0.00193177 -0.00406022 -0.0115194 -0.00942647 -0.000849772 -0.00213206 -0.00663673 -0.0138345 -0.00257883 -0.00165709 -0.00476774 -0.00983604 -0.00795308 -0.00664548 -0.00598049 -0.00883798 -0.0154382 -0.00422247 -0.000250024 0.00202911 3.63029e-05 -9.0033e-05 -0.000626539 -0.00091443
internal_weight=1.31579e+06 109362 85478 20074 65404 1.20643e+06 72778 51246 17089 14158 66712 30433 18708 6066 32538 20870 10151 11954 10870 7465 9995 8557 5135 11668 20438 4157 1.13365e+06 637265 86864 73718
internal_count=1315791 109362 85478 20074 65404 1206429 72778 51246 17089 14158 66712 30433 18708 6066 32538 20870 10151 11954 10870 7465 9995 8557 5135 11668 20438 4157 1133651 637265 86864 73718
cat_boundaries=0 1 2 3 4 5 6
cat_threshold=7 32 64 64 64 80
is_linear=0
shrinkage=0.05


Tree=111
num_leaves=31
num_cat=6
split_feature=6 1 7 7 6 1 7 7 6 6 6 7 1 6 1 3 3 2 1 3 3 3 6 3 7 2 7 6 3 1
split_gain=1204.9 382.606 402.889 148.993 127.779 106.053 375.173 78.2386 45.0924 40.6439 36.6016 88.4705 30.4497 25.6951 19.6622 32.1117 17.7213 16.3388 15.4353 17.3782 14.9845 13.8522 12.7604 11.8729 10.7498 12.1147 9.17872 8.99234 8.76347 45.5042
threshold=12.395871386706281 0 0.065131907865817476 0.029154964549149176 11.990580988694822 1 0.050253005740114598 0.086387359317017867 12.031923105590947 11.583360624843122 12.787964887779809 0.072555205978640111 2 12.937343182529457 3 5.5000000000000009 5.5000000000000009 9.5000000000000018 4 5.5000000000000009 3.5000000000000004 1.5000000000000002 11.583360624843122 2.5000000000000004 0.082509590970718125 19.500000000000004 0.087953586857695942 12.413077667390478 2.5000000000000004 5
decision_type=2 1 2 2 2 1 2 2 2 2 2 2 1 2 1 2 2 2 1 2 2 2 2 2 2 2 2 2 2 1
left_child=1 -1 3 -3 9 6 13 12 22 -4 11 20 16 -2 15 -9 -6 -10 19 -11 -8 -14 -5 -16 25 -13 -26 -28 29 -7
right_child=5 2 4 8 7 28 10 14 17 18 -12 24 21 -15 23 -17 -18 -19 -20 -21 -22 -23 -24 -25 26 -27 27 -29 -30 -31
leaf_value=2.2585104452799077e-06 -4.3922883006117168e-06 -4.7892880463627369e-06 -4.7892880463627369e-06 -4.7892880463627369e-06 -4.7892880463627369e-06 4.0493725955825354e-05 -4.7892880463627369e-06 -4.7892880463627369e-06 -4.7892880463627369e-06 -4.7892880463627369e-06 5.1952994658176817e-09 2.0915346848305844e-07 -4.7892880463627369e-06 -4.4326030315970797e-06 -4.7892880463627369e-06 -4.7892880463627369e-06 -4.7892880463627369e-06 -4.7892880463627369e-06 -4.7892880463627369e-06 -4.7892880463627369e-06 -4.7892880463627369e-06 -4.7892880463627369e-06 -4.7892880463627369e-06 -4.7892880463627369e-06 -5.6570138860583658e-05 -3.4324434366623357e-05 4.3903579748102962e-05 -4.5190190800155046e-05 9.2936487490264325e-06 -3.7463397896159181e-05
leaf_weight=23884 3849 2985 3288 993 8637 145610 5675 17787 3007 6326 36279 3863 2184 2217 4806 3083 1514 8947 3405 1139 4320 6373 4142 6862 2072 294 740 13469 652597 335444
leaf_count=23884 3849 2985 3288 993 8637 145610 5675 17787 3007 6326 36279 3863 2184 2217 4806 3083 1514 8947 3405 1139 4320 6373 4142 6862 2072 294 740 13469 652597 335444
internal_value=-0.000534503 -0.00555988 -0.00712275 -0.0133197 -0.00522185 -7.8956e-05 -0.00192903 -0.00406022 -0.0115194 -0.00942647 -0.000846774 -0.00212549 -0.00663673 -0.0138345 -0.00257883 -0.00165709 -0.00476774 -0.00983604 -0.00795308 -0.00664548 -0.00598049 -0.00883798 -0.0154382 -0.00422247 -0.000240239 0.00202911 -0.000819667 -0.000366317 3.98313e-05 -0.000122086
internal_weight=1.31579e+06 109362 85478 20074 65404 1.20643e+06 72778 51246 17089 14158 66712 30433 18708 6066 32538 20870 10151 11954 10870 7465 9995 8557 5135 11668 20438 4157 16281 14209 1.13365e+06 481054
internal_count=1315791 109362 85478 20074 65404 1206429 72778 51246 17089 14158 66712 30433 18708 6066 32538 20870 10151 11954 10870 7465 9995 8557 5135 11668 20438 4157 16281 14209 1133651 481054
cat_boundaries=0 1 2 3 4 5 6
cat_threshold=7 32 64 64 64 65
is_linear=0
shrinkage=0.05


Tree=112
num_leaves=31
num_cat=5
split_feature=6 1 7 7 6 1 7 7 6 6 6 7 1 6 1 3 3 2 1 3 3 3 6 3 7 2 6 7 3 6
split_gain=1205.28 382.606 402.889 148.993 127.779 99.8665 378.689 78.2386 45.0924 40.6439 32.5759 94.6841 30.4497 25.6951 19.6622 32.1117 17.7213 16.3388 15.4353 17.3782 14.9845 13.8522 12.7604 11.8729 9.2691 10.9691 10.8654 8.62623 8.92456 8.8193
threshold=12.395871386706281 0 0.065131907865817476 0.029154964549149176 11.990580988694822 1 0.050253005740114598 0.086387359317017867 12.031923105590947 11.583360624843122 12.787964887779809 0.072555205978640111 2 12.937343182529457 3 5.5000000000000009 5.5000000000000009 9.5000000000000018 4 5.5000000000000009 3.5000000000000004 1.5000000000000002 11.583360624843122 2.5000000000000004 0.082509590970718125 19.500000000000004 12.413077667390478 0.11437927845860141 2.5000000000000004 13.721531691394475
decision_type=2 1 2 2 2 1 2 2 2 2 2 2 1 2 1 2 2 2 1 2 2 2 2 2 2 2 2 2 2 2
left_child=1 -1 3 -3 9 6 13 12 22 -4 11 20 16 -2 15 -9 -6 -10 19 -11 -8 -14 -5 -16 25 -13 -26 29 -29 -7
right_child=5 2 4 8 7 27 10 14 17 18 -12 24 21 -15 23 -17 -18 -19 -20 -21 -22 -23 -24 -25 26 -27 -28 28 -30 -31
leaf_value=2.1455849230158686e-06 -4.1726738855811306e-06 -4.5498236440446004e-06 -4.5498236440446004e-06 -4.5498236440446004e-06 -4.5498236440446004e-06 -3.4880982928673146e-06 -4.5498236440446004e-06 -4.5498236440446004e-06 -4.5498236440446004e-06 -4.5498236440446004e-06 4.9355344925267979e-09 1.9869579505890552e-07 -4.5498236440446004e-06 -4.210972880017226e-06 -4.5498236440446004e-06 -4.5498236440446004e-06 -4.5498236440446004e-06 -4.5498236440446004e-06 -4.5498236440446004e-06 -4.5498236440446004e-06 -4.5498236440446004e-06 -4.5498236440446004e-06 -4.5498236440446004e-06 -4.5498236440446004e-06 4.1708400760697808e-05 -3.2608212648292194e-05 -5.374163191755447e-05 -1.8066282026522063e-05 0.00025206691294465185 1.7894504061298189e-05
leaf_weight=23884 3849 2985 3288 993 8637 886123 5675 17787 3007 6326 36279 3863 2184 2217 4806 3083 1514 8947 3405 1139 4320 6373 4142 6862 828 294 15453 15856 21624 210048
leaf_count=23884 3849 2985 3288 993 8637 886123 5675 17787 3007 6326 36279 3863 2184 2217 4806 3083 1514 8947 3405 1139 4320 6373 4142 6862 828 294 15453 15856 21624 210048
internal_value=-0.000533705 -0.00555988 -0.00712275 -0.0133197 -0.00522185 -7.80856e-05 -0.00187339 -0.00406022 -0.0115194 -0.00942647 -0.000786065 -0.00199241 -0.00663673 -0.0138345 -0.00257883 -0.00165709 -0.00476774 -0.00983604 -0.00795308 -0.00664548 -0.00598049 -0.00883798 -0.0154382 -0.00422247 -4.20783e-05 0.00206519 -0.000580124 3.7185e-05 0.000783084 1.16818e-05
internal_weight=1.31579e+06 109362 85478 20074 65404 1.20643e+06 72778 51246 17089 14158 66712 30433 18708 6066 32538 20870 10151 11954 10870 7465 9995 8557 5135 11668 20438 4157 16281 1.13365e+06 37480 1.09617e+06
internal_count=1315791 109362 85478 20074 65404 1206429 72778 51246 17089 14158 66712 30433 18708 6066 32538 20870 10151 11954 10870 7465 9995 8557 5135 11668 20438 4157 16281 1133651 37480 1096171
cat_boundaries=0 1 2 3 4 5
cat_threshold=7 32 64 64 64
is_linear=0
shrinkage=0.05


Tree=113
num_leaves=31
num_cat=6
split_feature=6 1 7 7 6 1 7 7 6 6 6 7 1 6 1 3 3 2 1 3 3 3 6 3 7 2 6 7 6 1
split_gain=1204.53 382.383 402.889 148.993 127.779 99.4743 378.776 78.2386 45.0924 40.6439 32.4794 94.8402 30.4497 25.6951 19.6622 32.1117 17.7213 16.3388 15.4353 17.3782 14.9845 13.8522 12.7604 11.8729 9.22611 10.9691 10.8415 8.3292 16.0375 23.1411
threshold=12.395871386706281 0 0.065131907865817476 0.029154964549149176 11.990580988694822 1 0.050253005740114598 0.086387359317017867 12.031923105590947 11.583360624843122 12.787964887779809 0.072555205978640111 2 12.937343182529457 3 5.5000000000000009 5.5000000000000009 9.5000000000000018 4 5.5000000000000009 3.5000000000000004 1.5000000000000002 11.583360624843122 2.5000000000000004 0.082509590970718125 19.500000000000004 12.413077667390478 0.03111032678968928 12.926805201823123 5
decision_type=2 1 2 2 2 1 2 2 2 2 2 2 1 2 1 2 2 2 1 2 2 2 2 2 2 2 2 2 2 1
left_child=1 -1 3 -3 9 6 13 12 22 -4 11 20 16 -2 15 -9 -6 -10 19 -11 -8 -14 -5 -16 25 -13 -26 28 29 -7
right_child=5 2 4 8 7 27 10 14 17 18 -12 24 21 -15 23 -17 -18 -19 -20 -21 -22 -23 -24 -25 26 -27 -28 -29 -30 -31
leaf_value=2.0383056768651021e-06 -3.9640401913020743e-06 -4.3223324618423709e-06 -4.3223324618423709e-06 -4.3223324618423709e-06 -4.3223324618423709e-06 -5.3440753665930577e-06 -4.3223324618423709e-06 -4.3223324618423709e-06 -4.3223324618423709e-06 -4.3223324618423709e-06 4.6887577679004577e-09 1.8876100530596024e-07 -4.3223324618423709e-06 -4.0004242360163639e-06 -4.3223324618423709e-06 -4.3223324618423709e-06 -4.3223324618423709e-06 -4.3223324618423709e-06 -4.3223324618423709e-06 -4.3223324618423709e-06 -4.3223324618423709e-06 -4.3223324618423709e-06 -4.3223324618423709e-06 -4.3223324618423709e-06 3.9622980722662919e-05 -3.0977802015877584e-05 -5.1054550321676748e-05 4.8255397306589414e-06 2.4718786113336619e-07 -0.00052863113297662938
leaf_weight=23884 3849 2985 3288 993 8637 10839 5675 17787 3007 6326 36279 3863 2184 2217 4806 3083 1514 8947 3405 1139 4320 6373 4142 6862 828 294 15453 1072134 41831 8847
leaf_count=23884 3849 2985 3288 993 8637 10839 5675 17787 3007 6326 36279 3863 2184 2217 4806 3083 1514 8947 3405 1139 4320 6373 4142 6862 828 294 15453 1072134 41831 8847
internal_value=-0.000535719 -0.00556034 -0.00712275 -0.0133197 -0.00522185 -8.02408e-05 -0.00187201 -0.00406022 -0.0115194 -0.00942647 -0.000784566 -0.00198912 -0.00663673 -0.0138345 -0.00257883 -0.00165709 -0.00476774 -0.00983604 -0.00795308 -0.00664548 -0.00598049 -0.00883798 -0.0154382 -0.00422247 -3.71854e-05 0.00206519 -0.000573982 3.48034e-05 -0.000530991 -0.00170781
internal_weight=1.31579e+06 109362 85478 20074 65404 1.20643e+06 72778 51246 17089 14158 66712 30433 18708 6066 32538 20870 10151 11954 10870 7465 9995 8557 5135 11668 20438 4157 16281 1.13365e+06 61517 19686
internal_count=1315791 109362 85478 20074 65404 1206429 72778 51246 17089 14158 66712 30433 18708 6066 32538 20870 10151 11954 10870 7465 9995 8557 5135 11668 20438 4157 16281 1133651 61517 19686
cat_boundaries=0 1 2 3 4 5 6
cat_threshold=7 32 64 64 64 81
is_linear=0
shrinkage=0.05


Tree=114
num_leaves=31
num_cat=6
split_feature=6 1 7 7 6 1 7 7 6 6 6 7 1 6 1 3 3 2 1 3 3 3 6 3 7 2 7 7 1 7
split_gain=1202.46 382.159 402.889 148.993 127.779 102.662 376.647 78.2386 45.0924 40.6439 34.8833 91.053 30.4497 25.6951 19.6622 32.1117 17.7213 16.3388 15.4353 17.3782 14.9845 13.8522 12.7604 11.8729 10.3082 10.9691 9.74948 8.42638 15.7928 23.9484
threshold=12.395871386706281 0 0.065131907865817476 0.029154964549149176 11.990580988694822 1 0.050253005740114598 0.086387359317017867 12.031923105590947 11.583360624843122 12.787964887779809 0.072555205978640111 2 12.937343182529457 3 5.5000000000000009 5.5000000000000009 9.5000000000000018 4 5.5000000000000009 3.5000000000000004 1.5000000000000002 11.583360624843122 2.5000000000000004 0.082509590970718125 19.500000000000004 0.087953586857695942 0.048395305166077367 5 0.028165668868557519
decision_type=2 1 2 2 2 1 2 2 2 2 2 2 1 2 1 2 2 2 1 2 2 2 2 2 2 2 2 2 1 2
left_child=1 -1 3 -3 9 6 13 12 22 -4 11 20 16 -2 15 -9 -6 -10 19 -11 -8 -14 -5 -16 25 -13 -26 28 29 -7
right_child=5 2 4 8 7 27 10 14 17 18 -12 24 21 -15 23 -17 -18 -19 -20 -21 -22 -23 -24 -25 26 -27 -28 -29 -30 -31
leaf_value=1.9363903930218467e-06 -3.7658381817369707e-06 -4.1062158387502516e-06 -4.1062158387502516e-06 -4.1062158387502516e-06 -4.1062158387502516e-06 2.7892807208234753e-06 -4.1062158387502516e-06 -4.1062158387502516e-06 -4.1062158387502516e-06 -4.1062158387502516e-06 4.4543198795054348e-09 1.7932295504066221e-07 -4.1062158387502516e-06 -3.8004030242155458e-06 -4.1062158387502516e-06 -4.1062158387502516e-06 -4.1062158387502516e-06 -4.1062158387502516e-06 -4.1062158387502516e-06 -4.1062158387502516e-06 -4.1062158387502516e-06 -4.1062158387502516e-06 -4.1062158387502516e-06 -4.1062158387502516e-06 -4.8501822805592915e-05 -2.9428911915083705e-05 -9.1843714308568242e-06 1.1129357787556482e-05 -3.7031068799286275e-06 -9.5180210291665978e-05
leaf_weight=23884 3849 2985 3288 993 8637 5337 5675 17787 3007 6326 36279 3863 2184 2217 4806 3083 1514 8947 3405 1139 4320 6373 4142 6862 2072 294 14209 830861 283887 13566
leaf_count=23884 3849 2985 3288 993 8637 5337 5675 17787 3007 6326 36279 3863 2184 2217 4806 3083 1514 8947 3405 1139 4320 6373 4142 6862 2072 294 14209 830861 283887 13566
internal_value=-0.000540507 -0.0055608 -0.00712275 -0.0133197 -0.00522185 -8.54213e-05 -0.00190567 -0.00406022 -0.0115194 -0.00942647 -0.000821291 -0.00206963 -0.00663673 -0.0138345 -0.00257883 -0.00165709 -0.00476774 -0.00983604 -0.00795308 -0.00664548 -0.00598049 -0.00883798 -0.0154382 -0.00422247 -0.00015706 0.00206519 -0.000724464 3.14514e-05 -0.000194359 -0.00159335
internal_weight=1.31579e+06 109362 85478 20074 65404 1.20643e+06 72778 51246 17089 14158 66712 30433 18708 6066 32538 20870 10151 11954 10870 7465 9995 8557 5135 11668 20438 4157 16281 1.13365e+06 302790 18903
internal_count=1315791 109362 85478 20074 65404 1206429 72778 51246 17089 14158 66712 30433 18708 6066 32538 20870 10151 11954 10870 7465 9995 8557 5135 11668 20438 4157 16281 1133651 302790 18903
cat_boundaries=0 1 2 3 4 5 6
cat_threshold=7 32 64 64 64 16
is_linear=0
shrinkage=0.05


Tree=115
num_leaves=31
num_cat=6
split_feature=6 1 7 7 6 1 7 7 6 6 6 7 1 6 1 3 3 2 1 3 3 3 6 3 7 2 6 7 0 7
split_gain=1203.06 381.935 402.889 148.993 127.779 99.0009 378.776 78.2386 45.0924 40.6439 32.4794 94.8402 30.4497 25.6951 19.6622 32.1117 17.7213 16.3388 15.4353 17.3782 14.9845 13.8522 12.7604 11.8729 9.22611 10.9691 10.8415 8.32349 8.291 8.62459
threshold=12.395871386706281 0 0.065131907865817476 0.029154964549149176 11.990580988694822 1 0.050253005740114598 0.086387359317017867 12.031923105590947 11.583360624843122 12.787964887779809 0.072555205978640111 2 12.937343182529457 3 5.5000000000000009 5.5000000000000009 9.5000000000000018 4 5.5000000000000009 3.5000000000000004 1.5000000000000002 11.583360624843122 2.5000000000000004 0.082509590970718125 19.500000000000004 12.413077667390478 0.087953586857695942 5 0.03111032678968928
decision_type=2 1 2 2 2 1 2 2 2 2 2 2 1 2 1 2 2 2 1 2 2 2 2 2 2 2 2 2 1 2
left_child=1 -1 3 -3 9 6 13 12 22 -4 11 20 16 -2 15 -9 -6 -10 19 -11 -8 -14 -5 -16 25 -13 -26 -28 -7 -30
right_child=5 2 4 8 7 28 10 14 17 18 -12 24 21 -15 23 -17 -18 -19 -20 -21 -22 -23 -24 -25 26 -27 27 -29 29 -31
leaf_value=1.8395708733707972e-06 -3.5775462726501225e-06 -3.9009050468127392e-06 -3.9009050468127392e-06 -3.9009050468127392e-06 -3.9009050468127392e-06 -1.4999905946757152e-05 -3.9009050468127392e-06 -3.9009050468127392e-06 -3.9009050468127392e-06 -3.9009050468127392e-06 4.2316038855301632e-09 1.7035680728862911e-07 -3.9009050468127392e-06 -3.6103828730047686e-06 -3.9009050468127392e-06 -3.9009050468127392e-06 -3.9009050468127392e-06 -3.9009050468127392e-06 -3.9009050468127392e-06 -3.9009050468127392e-06 -3.9009050468127392e-06 -3.9009050468127392e-06 -3.9009050468127392e-06 -3.9009050468127392e-06 3.8101050258072613e-05 -2.7957466319329522e-05 -4.6076731665313267e-05 -3.7231653576642896e-05 -2.1346114583441665e-05 1.0364337711346715e-05
leaf_weight=23884 3849 2985 3288 993 8637 285926 5675 17787 3007 6326 36279 3863 2184 2217 4806 3083 1514 8947 3405 1139 4320 6373 4142 6862 828 294 1984 13469 46774 800951
leaf_count=23884 3849 2985 3288 993 8637 285926 5675 17787 3007 6326 36279 3863 2184 2217 4806 3083 1514 8947 3405 1139 4320 6373 4142 6862 828 294 1984 13469 46774 800951
internal_value=-0.000539709 -0.00556125 -0.00712275 -0.0133197 -0.00522185 -8.45096e-05 -0.00187201 -0.00406022 -0.0115194 -0.00942647 -0.000784566 -0.00198912 -0.00663673 -0.0138345 -0.00257883 -0.00165709 -0.00476774 -0.00983604 -0.00795308 -0.00664548 -0.00598049 -0.00883798 -0.0154382 -0.00422247 -3.71854e-05 0.00206519 -0.000573982 -0.000872646 3.02606e-05 0.00010879
internal_weight=1.31579e+06 109362 85478 20074 65404 1.20643e+06 72778 51246 17089 14158 66712 30433 18708 6066 32538 20870 10151 11954 10870 7465 9995 8557 5135 11668 20438 4157 16281 15453 1.13365e+06 847725
internal_count=1315791 109362 85478 20074 65404 1206429 72778 51246 17089 14158 66712 30433 18708 6066 32538 20870 10151 11954 10870 7465 9995 8557 5135 11668 20438 4157 16281 15453 1133651 847725
cat_boundaries=0 1 2 3 4 5 6
cat_threshold=7 32 64 64 64 5005378
is_linear=0
shrinkage=0.05


Tree=116
num_leaves=31
num_cat=5
split_feature=6 1 7 7 6 1 7 7 6 6 6 7 1 6 1 3 3 2 1 3 3 3 6 3 7 2 7 5 6 5
split_gain=1203.59 381.265 402.889 148.993 127.779 100.051 378.167 78.2386 45.0924 40.6439 33.1575 93.7502 30.4497 25.6951 19.6622 32.1117 17.7213 16.3388 15.4353 17.3782 14.9845 13.8522 12.7604 11.8729 9.52916 10.9691 10.4146 8.30867 10.2446 9.9348
threshold=12.395871386706281 0 0.065131907865817476 0.029154964549149176 11.990580988694822 1 0.050253005740114598 0.086387359317017867 12.031923105590947 11.583360624843122 12.787964887779809 0.072555205978640111 2 12.937343182529457 3 5.5000000000000009 5.5000000000000009 9.5000000000000018 4 5.5000000000000009 3.5000000000000004 1.5000000000000002 11.583360624843122 2.5000000000000004 0.082509590970718125 19.500000000000004 0.087953586857695942 5.5000000000000009 13.703726398863079 6.5000000000000009
decision_type=2 1 2 2 2 1 2 2 2 2 2 2 1 2 1 2 2 2 1 2 2 2 2 2 2 2 2 2 2 2
left_child=1 -1 3 -3 9 6 13 12 22 -4 11 20 16 -2 15 -9 -6 -10 19 -11 -8 -14 -5 -16 25 -13 -26 -7 29 -29
right_child=5 2 4 8 7 27 10 14 17 18 -12 24 21 -15 23 -17 -18 -19 -20 -21 -22 -23 -24 -25 26 -27 -28 28 -30 -31
leaf_value=1.7475923297023002e-06 -3.3986689590176165e-06 -3.7058597944721023e-06 -3.7058597944721023e-06 -3.7058597944721023e-06 -3.7058597944721023e-06 7.1719491664377006e-06 -3.7058597944721023e-06 -3.7058597944721023e-06 -3.7058597944721023e-06 -3.7058597944721023e-06 4.0200236912536543e-09 1.6183896692419763e-07 -3.7058597944721023e-06 -3.4298637293545299e-06 -3.7058597944721023e-06 -3.7058597944721023e-06 -3.7058597944721023e-06 -3.7058597944721023e-06 -3.7058597944721023e-06 -3.7058597944721023e-06 -3.7058597944721023e-06 -3.7058597944721023e-06 -3.7058597944721023e-06 -3.7058597944721023e-06 -4.3772895082047604e-05 -2.6559593003363046e-05 -6.8635701804818377e-06 -4.4351250389303695e-05 2.497262184167422e-05 3.2833199482421933e-06
leaf_weight=23884 3849 2985 3288 993 8637 773150 5675 17787 3007 6326 36279 3863 2184 2217 4806 3083 1514 8947 3405 1139 4320 6373 4142 6862 2072 294 14209 167135 69694 123672
leaf_count=23884 3849 2985 3288 993 8637 773150 5675 17787 3007 6326 36279 3863 2184 2217 4806 3083 1514 8947 3405 1139 4320 6373 4142 6862 2072 294 14209 167135 69694 123672
internal_value=-0.000539975 -0.00556263 -0.00712275 -0.0133197 -0.00522185 -8.46753e-05 -0.00188163 -0.00406022 -0.0115194 -0.00942647 -0.000795059 -0.00201212 -0.00663673 -0.0138345 -0.00257883 -0.00165709 -0.00476774 -0.00983604 -0.00795308 -0.00664548 -0.00598049 -0.00883798 -0.0154382 -0.00422247 -7.14354e-05 0.00206519 -0.000616977 3.07016e-05 -0.000167531 -0.000298015
internal_weight=1.31579e+06 109362 85478 20074 65404 1.20643e+06 72778 51246 17089 14158 66712 30433 18708 6066 32538 20870 10151 11954 10870 7465 9995 8557 5135 11668 20438 4157 16281 1.13365e+06 360501 290807
internal_count=1315791 109362 85478 20074 65404 1206429 72778 51246 17089 14158 66712 30433 18708 6066 32538 20870 10151 11954 10870 7465 9995 8557 5135 11668 20438 4157 16281 1133651 360501 290807
cat_boundaries=0 1 2 3 4 5
cat_threshold=7 32 64 64 64
is_linear=0
shrinkage=0.05


Tree=117
num_leaves=31
num_cat=6
split_feature=6 1 7 7 6 1 7 7 6 6 6 7 1 6 1 3 3 2 1 3 3 3 6 3 7 2 7 1 3 3
split_gain=1203.93 380.818 402.889 148.993 127.779 98.7406 378.906 78.2386 45.0924 40.6439 32.335 95.0746 30.4497 25.6951 19.6622 32.1117 17.7213 16.3388 15.4353 17.3782 14.9845 13.8522 12.7604 11.8729 9.1618 10.9691 8.29009 10.5983 19.2449 15.7317
threshold=12.395871386706281 0 0.065131907865817476 0.029154964549149176 11.990580988694822 1 0.050253005740114598 0.086387359317017867 12.031923105590947 11.583360624843122 12.787964887779809 0.072555205978640111 2 12.937343182529457 3 5.5000000000000009 5.5000000000000009 9.5000000000000018 4 5.5000000000000009 3.5000000000000004 1.5000000000000002 11.583360624843122 2.5000000000000004 0.082509590970718125 19.500000000000004 0.093177700429382962 5 5.5000000000000009 3.5000000000000004
decision_type=2 1 2 2 2 1 2 2 2 2 2 2 1 2 1 2 2 2 1 2 2 2 2 2 2 2 2 1 2 2
left_child=1 -1 3 -3 9 6 13 12 22 -4 11 20 16 -2 15 -9 -6 -10 19 -11 -8 -14 -5 -16 25 -13 -7 28 -28 -29
right_child=5 2 4 8 7 26 10 14 17 18 -12 24 21 -15 23 -17 -18 -19 -20 -21 -22 -23 -24 -25 -26 -27 27 29 -30 -31
leaf_value=1.6602127132171749e-06 -3.2287355110667359e-06 -3.5205668047484973e-06 -3.5205668047484973e-06 -3.5205668047484973e-06 -3.5205668047484973e-06 -2.31594528309611e-06 -3.5205668047484973e-06 -3.5205668047484973e-06 -3.5205668047484973e-06 -3.5205668047484973e-06 3.819022506690972e-09 1.5374701857798775e-07 -3.5205668047484973e-06 -3.2583705428868033e-06 -3.5205668047484973e-06 -3.5205668047484973e-06 -3.5205668047484973e-06 -3.5205668047484973e-06 -3.5205668047484973e-06 -3.5205668047484973e-06 -3.5205668047484973e-06 -3.5205668047484973e-06 -3.5205668047484973e-06 -3.5205668047484973e-06 -3.5026892388786659e-05 -2.5231613353194897e-05 0.00032084429759213088 -2.6151046112175738e-05 -0.00038982843846267279 7.6292783180412145e-05
leaf_weight=23884 3849 2985 3288 993 8637 861013 5675 17787 3007 6326 36279 3863 2184 2217 4806 3083 1514 8947 3405 1139 4320 6373 4142 6862 16281 294 38083 129482 6470 98603
leaf_count=23884 3849 2985 3288 993 8637 861013 5675 17787 3007 6326 36279 3863 2184 2217 4806 3083 1514 8947 3405 1139 4320 6373 4142 6862 16281 294 38083 129482 6470 98603
internal_value=-0.000540165 -0.00556354 -0.00712275 -0.0133197 -0.00522185 -8.47997e-05 -0.00186995 -0.00406022 -0.0115194 -0.00942647 -0.000782318 -0.00198419 -0.00663673 -0.0138345 -0.00257883 -0.00165709 -0.00476774 -0.00983604 -0.00795308 -0.00664548 -0.00598049 -0.00883798 -0.0154382 -0.00422247 -2.98462e-05 0.00206519 2.98195e-05 0.000270102 0.000975361 0.000132292
internal_weight=1.31579e+06 109362 85478 20074 65404 1.20643e+06 72778 51246 17089 14158 66712 30433 18708 6066 32538 20870 10151 11954 10870 7465 9995 8557 5135 11668 20438 4157 1.13365e+06 272638 44553 228085
internal_count=1315791 109362 85478 20074 65404 1206429 72778 51246 17089 14158 66712 30433 18708 6066 32538 20870 10151 11954 10870 7465 9995 8557 5135 11668 20438 4157 1133651 272638 44553 228085
cat_boundaries=0 1 2 3 4 5 6
cat_threshold=7 32 64 64 64 80
is_linear=0
shrinkage=0.05


Tree=118
num_leaves=31
num_cat=6
split_feature=6 1 7 7 6 1 7 7 6 6 7 6 1 6 1 3 3 2 1 3 3 3 6 3 3 7 7 6 1 7
split_gain=1203.88 380.818 402.889 148.993 127.779 96.3103 380.3 78.2386 45.0924 40.6439 31.878 99.025 30.4497 25.6951 19.6622 32.1117 17.7213 16.3388 15.4353 17.3782 14.9845 13.8522 12.7604 11.9479 11.8729 7.9779 7.86259 8.11802 12.4459 15.6816
threshold=12.395871386706281 0 0.065131907865817476 0.029154964549149176 11.990580988694822 1 0.050253005740114598 0.086387359317017867 12.031923105590947 11.583360624843122 0.072555205978640111 12.787964887779809 2 12.937343182529457 3 5.5000000000000009 5.5000000000000009 9.5000000000000018 4 5.5000000000000009 3.5000000000000004 1.5000000000000002 11.583360624843122 4.5000000000000009 2.5000000000000004 0.042552736117973319 0.11437927845860141 13.97142931599088 5 0.024630190825150434
decision_type=2 1 2 2 2 1 2 2 2 2 2 2 1 2 1 2 2 2 1 2 2 2 2 2 2 2 2 2 1 2
left_child=1 -1 3 -3 9 6 13 12 22 -4 11 20 16 -2 15 -9 -6 -10 19 -11 -8 -14 -5 -12 -16 -24 27 28 29 -7
right_child=5 2 4 8 7 26 10 14 17 18 23 -13 21 -15 24 -17 -18 -19 -20 -21 -22 -23 25 -25 -26 -27 -28 -29 -30 -31
leaf_value=1.5772020775563667e-06 -3.067298735513399e-06 -3.3445384645110723e-06 -3.3445384645110723e-06 -3.3445384645110723e-06 -3.3445384645110723e-06 5.2308218806865987e-06 -3.3445384645110723e-06 -3.3445384645110723e-06 -3.3445384645110723e-06 -3.3445384645110723e-06 -3.9832905708505896e-05 3.6280713813564234e-09 -3.3445384645110723e-06 -3.0954520157424629e-06 -3.3445384645110723e-06 -3.3445384645110723e-06 -3.3445384645110723e-06 -3.3445384645110723e-06 -3.3445384645110723e-06 -3.3445384645110723e-06 -3.3445384645110723e-06 -3.3445384645110723e-06 -3.3445384645110723e-06 0.0003212380739548487 -3.3445384645110723e-06 -3.3445384645110723e-06 0.00012458906218847999 3.4693269120313756e-05 6.6002309960201095e-07 -5.698065872172212e-05
leaf_weight=23884 3849 2985 3288 993 8637 2009 5675 17787 3007 6326 32079 11330 2184 2217 4806 3083 1514 8947 3405 1139 4320 6373 1024 13308 6862 3118 37480 92922 936066 65174
leaf_count=23884 3849 2985 3288 993 8637 2009 5675 17787 3007 6326 32079 11330 2184 2217 4806 3083 1514 8947 3405 1139 4320 6373 1024 13308 6862 3118 37480 92922 936066 65174
internal_value=-0.000540279 -0.00556354 -0.00712275 -0.0133197 -0.00522185 -8.4924e-05 -0.00184797 -0.00406022 -0.0115194 -0.00942647 -0.000758334 -0.00235287 -0.00663673 -0.0138345 -0.00257883 -0.00165709 -0.00476774 -0.00983604 -0.00795308 -0.00664548 -0.00598049 -0.00883798 -0.0154382 -9.1434e-06 -0.00422247 -0.0142178 2.82758e-05 3.92749e-06 -3.7483e-05 -0.000694789
internal_weight=1.31579e+06 109362 85478 20074 65404 1.20643e+06 72778 51246 17089 14158 66712 21325 18708 6066 32538 20870 10151 11954 10870 7465 9995 8557 5135 45387 11668 4142 1.13365e+06 1.09617e+06 1.00325e+06 67183
internal_count=1315791 109362 85478 20074 65404 1206429 72778 51246 17089 14158 66712 21325 18708 6066 32538 20870 10151 11954 10870 7465 9995 8557 5135 45387 11668 4142 1133651 1096171 1003249 67183
cat_boundaries=0 1 2 3 4 5 6
cat_threshold=7 32 64 64 64 16
is_linear=0
shrinkage=0.05


Tree=119
num_leaves=31
num_cat=8
split_feature=6 1 7 7 6 1 7 7 6 6 6 7 1 6 1 3 3 2 1 3 3 3 6 3 7 3 0 3 1 1
split_gain=1200.13 380.371 402.889 148.993 127.779 106.333 374.048 78.2386 45.0924 40.6439 37.5615 86.8192 30.4497 25.6951 19.6622 32.1117 17.7213 16.3388 15.4353 17.3782 14.9845 13.8522 12.7604 11.8729 7.9779 7.86305 7.62151 8.62975 19.8836 18.1653
threshold=12.395871386706281 0 0.065131907865817476 0.029154964549149176 11.990580988694822 1 0.050253005740114598 0.086387359317017867 12.031923105590947 11.583360624843122 12.787964887779809 0.072555205978640111 2 12.937343182529457 3 5.5000000000000009 5.5000000000000009 9.5000000000000018 4 5.5000000000000009 3.5000000000000004 1.5000000000000002 11.583360624843122 2.5000000000000004 0.042552736117973319 5.5000000000000009 5 3.5000000000000004 6 7
decision_type=2 1 2 2 2 1 2 2 2 2 2 2 1 2 1 2 2 2 1 2 2 2 2 2 2 2 1 2 1 1
left_child=1 25 3 -3 9 6 13 12 22 -4 11 20 16 -2 15 -9 -6 -10 19 -11 -8 -14 -5 -16 -24 -1 27 28 -7 -29
right_child=5 2 4 8 7 26 10 14 17 18 -12 -13 21 -15 23 -17 -18 -19 -20 -21 -22 -23 24 -25 -26 -27 -28 29 -30 -31
leaf_value=2.9757827299384516e-05 -2.9139337987377286e-06 -3.1773115412855186e-06 -3.1773115412855186e-06 -3.1773115412855186e-06 -3.1773115412855186e-06 1.3952024195024827e-05 -3.1773115412855186e-06 -3.1773115412855186e-06 -3.1773115412855186e-06 -3.1773115412855186e-06 3.4466678122886024e-09 -1.6010988146524784e-05 -3.1773115412855186e-06 -2.9406794149553402e-06 -3.1773115412855186e-06 -3.1773115412855186e-06 -3.1773115412855186e-06 -3.1773115412855186e-06 -3.1773115412855186e-06 -3.1773115412855186e-06 -3.1773115412855186e-06 -3.1773115412855186e-06 -3.1773115412855186e-06 -3.1773115412855186e-06 -3.1773115412855186e-06 -0.00012960200990921455 7.6989977229500037e-06 5.3650480390750159e-05 -6.1688383445063227e-05 -3.432696716637525e-05
leaf_weight=20343 3849 2985 3288 993 8637 79380 5675 17787 3007 6326 36279 20438 2184 2217 4806 3083 1514 8947 3405 1139 4320 6373 1024 6862 3118 3541 753052 104456 136059 60704
leaf_count=20343 3849 2985 3288 993 8637 79380 5675 17787 3007 6326 36279 20438 2184 2217 4806 3083 1514 8947 3405 1139 4320 6373 1024 6862 3118 3541 753052 104456 136059 60704
internal_value=-0.000549019 -0.00556446 -0.00712275 -0.0133197 -0.00522185 -9.43734e-05 -0.00194689 -0.00406022 -0.0115194 -0.00942647 -0.000866261 -0.00216163 -0.00663673 -0.0138345 -0.00257883 -0.00165709 -0.00476774 -0.00983604 -0.00795308 -0.00664548 -0.00598049 -0.00883798 -0.0154382 -0.00422247 -0.0142178 1.54852e-05 2.4571e-05 -0.000157786 -0.000366252 0.000114132
internal_weight=1.31579e+06 109362 85478 20074 65404 1.20643e+06 72778 51246 17089 14158 66712 30433 18708 6066 32538 20870 10151 11954 10870 7465 9995 8557 5135 11668 4142 23884 1.13365e+06 380599 215439 165160
internal_count=1315791 109362 85478 20074 65404 1206429 72778 51246 17089 14158 66712 30433 18708 6066 32538 20870 10151 11954 10870 7465 9995 8557 5135 11668 4142 23884 1133651 380599 215439 165160
cat_boundaries=0 1 2 3 4 5 6 7 8
cat_threshold=7 32 64 64 64 5070946 81 14
is_linear=0
shrinkage=0.05


Tree=120
num_leaves=31
num_cat=5
split_feature=6 1 7 7 6 1 7 7 6 6 6 7 1 6 1 3 3 2 1 3 3 3 6 3 7 7 7 6 7 6
split_gain=1199.29 381.712 402.889 148.993 127.779 106.428 374.048 78.2386 45.0924 40.6439 37.5615 86.8192 30.4497 25.6951 19.6622 32.1117 17.7213 16.3388 15.4353 17.3782 14.9845 13.8522 12.7604 11.8729 7.9779 7.63964 7.5737 7.56632 7.55082 16.4791
threshold=12.395871386706281 0 0.065131907865817476 0.029154964549149176 11.990580988694822 1 0.050253005740114598 0.086387359317017867 12.031923105590947 11.583360624843122 12.787964887779809 0.072555205978640111 2 12.937343182529457 3 5.5000000000000009 5.5000000000000009 9.5000000000000018 4 5.5000000000000009 3.5000000000000004 1.5000000000000002 11.583360624843122 2.5000000000000004 0.042552736117973319 0.095201956953013631 0.093791546260364872 11.990580988694822 0.030551983978343782 12.926805201823123
decision_type=2 1 2 2 2 1 2 2 2 2 2 2 1 2 1 2 2 2 1 2 2 2 2 2 2 2 2 2 2 2
left_child=1 25 3 27 9 6 13 12 22 -4 11 20 16 -2 15 -9 -6 -10 19 26 -8 -14 -5 -16 -24 -1 -11 -3 29 -7
right_child=5 2 4 8 7 28 10 14 17 18 -12 -13 21 -15 23 -17 -18 -19 -20 -21 -22 -23 24 -25 -26 -27 -28 -29 -30 -31
leaf_value=-2.872019855553937e-05 -2.7682371088008425e-06 -3.0184459642212425e-06 -3.0184459642212425e-06 -3.0184459642212425e-06 -3.0184459642212425e-06 -0.00014002427819966983 -3.0184459642212425e-06 -3.0184459642212425e-06 -3.0184459642212425e-06 -3.0184459642212425e-06 3.2743344216741727e-09 -1.5210438739198546e-05 -3.0184459642212425e-06 -2.793645444207573e-06 -3.0184459642212425e-06 -3.0184459642212425e-06 -3.0184459642212425e-06 -3.0184459642212425e-06 -3.0184459642212425e-06 -3.0184459642212425e-06 -3.0184459642212425e-06 -3.0184459642212425e-06 -3.0184459642212425e-06 -3.0184459642212425e-06 -3.0184459642212425e-06 0.0002835353222983207 -3.0184459642212425e-06 -3.0184459642212425e-06 3.9728583811575314e-06 7.6603136922211938e-07
leaf_weight=18068 3849 779 3288 993 8637 18228 5675 17787 3007 2897 36279 20438 2184 2217 4806 3083 1514 8947 3405 1139 4320 6373 1024 6862 3118 5816 3429 2206 1076864 38559
leaf_count=18068 3849 779 3288 993 8637 18228 5675 17787 3007 2897 36279 20438 2184 2217 4806 3083 1514 8947 3405 1139 4320 6373 1024 6862 3118 5816 3429 2206 1076864 38559
internal_value=-0.000548031 -0.00556171 -0.00712275 -0.0133197 -0.00522185 -9.35445e-05 -0.00194689 -0.00406022 -0.0115194 -0.00942647 -0.000866261 -0.00216163 -0.00663673 -0.0138345 -0.00257883 -0.00165709 -0.00476774 -0.00983604 -0.00795308 -0.00664548 -0.00598049 -0.00883798 -0.0154382 -0.00422247 -0.0142178 2.80407e-05 -0.00563073 -0.0236265 2.54531e-05 -0.000536478
internal_weight=1.31579e+06 109362 85478 20074 65404 1.20643e+06 72778 51246 17089 14158 66712 30433 18708 6066 32538 20870 10151 11954 10870 7465 9995 8557 5135 11668 4142 23884 6326 2985 1.13365e+06 56787
internal_count=1315791 109362 85478 20074 65404 1206429 72778 51246 17089 14158 66712 30433 18708 6066 32538 20870 10151 11954 10870 7465 9995 8557 5135 11668 4142 23884 6326 2985 1133651 56787
cat_boundaries=0 1 2 3 4 5
cat_threshold=7 32 64 64 64
is_linear=0
shrinkage=0.05


Tree=121
num_leaves=31
num_cat=6
split_feature=6 1 7 7 6 1 7 7 6 6 6 7 1 6 1 3 3 2 1 3 3 3 6 3 7 7 6 6 7 1
split_gain=1199.22 381.041 402.889 148.993 127.779 106.252 374.048 78.2386 45.0924 40.6439 37.5615 86.8192 30.4497 25.6951 19.6622 32.1117 17.7213 16.3388 15.4353 17.3782 14.9845 13.8522 12.7604 11.8729 7.9779 7.5737 7.56632 7.55666 7.94074 16.2518
threshold=12.395871386706281 0 0.065131907865817476 0.029154964549149176 11.990580988694822 1 0.050253005740114598 0.086387359317017867 12.031923105590947 11.583360624843122 12.787964887779809 0.072555205978640111 2 12.937343182529457 3 5.5000000000000009 5.5000000000000009 9.5000000000000018 4 5.5000000000000009 3.5000000000000004 1.5000000000000002 11.583360624843122 2.5000000000000004 0.042552736117973319 0.093791546260364872 11.990580988694822 14.312297397065899 0.07367656427701233 5
decision_type=2 1 2 2 2 1 2 2 2 2 2 2 1 2 1 2 2 2 1 2 2 2 2 2 2 2 2 2 2 1
left_child=1 -1 3 26 9 6 13 12 22 -4 11 20 16 -2 15 -9 -6 -10 19 25 -8 -14 -5 -16 -24 -11 -3 28 29 -7
right_child=5 2 4 8 7 27 10 14 17 18 -12 -13 21 -15 23 -17 -18 -19 -20 -21 -22 -23 24 -25 -26 -27 -28 -29 -30 -31
leaf_value=1.4947446255893027e-06 -2.6298252533608003e-06 -2.8675236660101806e-06 -2.8675236660101806e-06 -2.8675236660101806e-06 -2.8675236660101806e-06 -4.0510178763587399e-05 -2.8675236660101806e-06 -2.8675236660101806e-06 -2.8675236660101806e-06 -2.8675236660101806e-06 3.1106177005904637e-09 -1.4449916802238619e-05 -2.8675236660101806e-06 -2.6539631719971944e-06 -2.8675236660101806e-06 -2.8675236660101806e-06 -2.8675236660101806e-06 -2.8675236660101806e-06 -2.8675236660101806e-06 -2.8675236660101806e-06 -2.8675236660101806e-06 -2.8675236660101806e-06 -2.8675236660101806e-06 -2.8675236660101806e-06 -2.8675236660101806e-06 -2.8675236660101806e-06 -2.8675236660101806e-06 0.00011479561637783526 1.9633855077858756e-05 -1.4189473841990727e-06
leaf_weight=23884 3849 779 3288 993 8637 58814 5675 17787 3007 2897 36279 20438 2184 2217 4806 3083 1514 8947 3405 1139 4320 6373 1024 6862 3118 3429 2206 15176 482377 577284
leaf_count=23884 3849 779 3288 993 8637 58814 5675 17787 3007 2897 36279 20438 2184 2217 4806 3083 1514 8947 3405 1139 4320 6373 1024 6862 3118 3429 2206 15176 482377 577284
internal_value=-0.000549551 -0.00556308 -0.00712275 -0.0133197 -0.00522185 -9.50779e-05 -0.00194689 -0.00406022 -0.0115194 -0.00942647 -0.000866261 -0.00216163 -0.00663673 -0.0138345 -0.00257883 -0.00165709 -0.00476774 -0.00983604 -0.00795308 -0.00664548 -0.00598049 -0.00883798 -0.0154382 -0.00422247 -0.0142178 -0.00563073 -0.0236265 2.38212e-05 8.78447e-06 -0.000107232
internal_weight=1.31579e+06 109362 85478 20074 65404 1.20643e+06 72778 51246 17089 14158 66712 30433 18708 6066 32538 20870 10151 11954 10870 7465 9995 8557 5135 11668 4142 6326 2985 1.13365e+06 1.11848e+06 636098
internal_count=1315791 109362 85478 20074 65404 1206429 72778 51246 17089 14158 66712 30433 18708 6066 32538 20870 10151 11954 10870 7465 9995 8557 5135 11668 4142 6326 2985 1133651 1118475 636098
cat_boundaries=0 1 2 3 4 5 6
cat_threshold=7 32 64 64 64 16
is_linear=0
shrinkage=0.05


Tree=122
num_leaves=31
num_cat=6
split_feature=6 1 7 7 6 1 7 7 6 6 6 7 1 6 1 3 3 2 1 3 3 3 6 3 7 7 6 1 6 5
split_gain=1200.84 380.818 402.889 148.993 127.779 106.624 374.048 78.2386 45.0924 40.6439 37.5615 86.8192 30.4497 25.6951 19.6622 32.1117 17.7213 16.3388 15.4353 17.3782 14.9845 13.8522 12.7604 11.8729 7.9779 7.5737 7.56632 7.51698 7.44077 7.37383
threshold=12.395871386706281 0 0.065131907865817476 0.029154964549149176 11.990580988694822 1 0.050253005740114598 0.086387359317017867 12.031923105590947 11.583360624843122 12.787964887779809 0.072555205978640111 2 12.937343182529457 3 5.5000000000000009 5.5000000000000009 9.5000000000000018 4 5.5000000000000009 3.5000000000000004 1.5000000000000002 11.583360624843122 2.5000000000000004 0.042552736117973319 0.093791546260364872 11.990580988694822 5 12.493456861052696 5.5000000000000009
decision_type=2 1 2 2 2 1 2 2 2 2 2 2 1 2 1 2 2 2 1 2 2 2 2 2 2 2 2 1 2 2
left_child=1 -1 3 26 9 6 13 12 22 -4 11 20 16 -2 15 -9 -6 -10 19 25 28 -14 -5 -16 -24 -11 -3 -19 -8 -7
right_child=5 2 4 8 7 29 10 14 17 18 -12 -13 21 -15 23 -17 -18 27 -20 -21 -22 -23 24 -25 -26 -27 -28 -29 -30 -31
leaf_value=1.4200073943098382e-06 -2.4983339906927604e-06 -2.7241474827096717e-06 -2.7241474827096717e-06 -2.7241474827096717e-06 -2.7241474827096717e-06 6.8111561008194651e-06 -2.7241474827096717e-06 -2.7241474827096717e-06 -2.7241474827096717e-06 -2.7241474827096717e-06 2.9550868155609405e-09 -1.3727420962126688e-05 -2.7241474827096717e-06 -2.5212650133973346e-06 -2.7241474827096717e-06 -2.7241474827096717e-06 -2.7241474827096717e-06 -2.7241474827096717e-06 -2.7241474827096717e-06 -2.7241474827096717e-06 -2.7241474827096717e-06 -2.7241474827096717e-06 -2.7241474827096717e-06 -2.7241474827096717e-06 -2.7241474827096717e-06 -2.7241474827096717e-06 -2.7241474827096717e-06 -2.7241474827096717e-06 -2.7241474827096717e-06 -1.2351804608510116e-05
leaf_weight=23884 3849 779 3288 993 8637 773150 1417 17787 3007 2897 36279 20438 2184 2217 4806 3083 1514 5064 3405 1139 4320 6373 1024 6862 3118 3429 2206 3883 4258 360501
leaf_count=23884 3849 779 3288 993 8637 773150 1417 17787 3007 2897 36279 20438 2184 2217 4806 3083 1514 5064 3405 1139 4320 6373 1024 6862 3118 3429 2206 3883 4258 360501
internal_value=-0.000546625 -0.00556354 -0.00712275 -0.0133197 -0.00522185 -9.18452e-05 -0.00194689 -0.00406022 -0.0115194 -0.00942647 -0.000866261 -0.00216163 -0.00663673 -0.0138345 -0.00257883 -0.00165709 -0.00476774 -0.00983604 -0.00795308 -0.00664548 -0.00598049 -0.00883798 -0.0154382 -0.00422247 -0.0142178 -0.00563073 -0.0236265 -0.00876439 -0.0076696 2.72614e-05
internal_weight=1.31579e+06 109362 85478 20074 65404 1.20643e+06 72778 51246 17089 14158 66712 30433 18708 6066 32538 20870 10151 11954 10870 7465 9995 8557 5135 11668 4142 6326 2985 8947 5675 1.13365e+06
internal_count=1315791 109362 85478 20074 65404 1206429 72778 51246 17089 14158 66712 30433 18708 6066 32538 20870 10151 11954 10870 7465 9995 8557 5135 11668 4142 6326 2985 8947 5675 1133651
cat_boundaries=0 1 2 3 4 5 6
cat_threshold=7 32 64 64 64 64
is_linear=0
shrinkage=0.05


Tree=123
num_leaves=31
num_cat=6
split_feature=6 1 7 7 6 1 7 7 6 6 6 7 1 6 1 3 3 2 1 3 3 3 6 3 7 7 6 1 6 3
split_gain=1200.79 380.818 402.889 148.993 127.779 103.552 375.736 78.2386 45.0924 40.6439 35.5679 89.7571 30.4497 25.6951 19.6622 32.1117 17.7213 16.3388 15.4353 17.3782 14.9845 13.8522 12.7604 11.8729 7.9779 7.5737 7.56632 7.51698 7.44077 7.29208
threshold=12.395871386706281 0 0.065131907865817476 0.029154964549149176 11.990580988694822 1 0.050253005740114598 0.086387359317017867 12.031923105590947 11.583360624843122 12.787964887779809 0.072555205978640111 2 12.937343182529457 3 5.5000000000000009 5.5000000000000009 9.5000000000000018 4 5.5000000000000009 3.5000000000000004 1.5000000000000002 11.583360624843122 2.5000000000000004 0.042552736117973319 0.093791546260364872 11.990580988694822 5 12.493456861052696 5.5000000000000009
decision_type=2 1 2 2 2 1 2 2 2 2 2 2 1 2 1 2 2 2 1 2 2 2 2 2 2 2 2 1 2 2
left_child=1 -1 3 26 9 6 13 12 22 -4 11 20 16 -2 15 -9 -6 29 19 25 28 -14 -5 -16 -24 -11 -3 -19 -8 -10
right_child=5 2 4 8 7 -7 10 14 17 18 -12 -13 21 -15 23 -17 -18 27 -20 -21 -22 -23 24 -25 -26 -27 -28 -29 -30 -31
leaf_value=1.34900702459437e-06 -2.3734172911581226e-06 -2.587940108574188e-06 -2.587940108574188e-06 -2.587940108574188e-06 -2.587940108574188e-06 1.447233963680135e-06 -2.587940108574188e-06 -2.587940108574188e-06 -2.587940108574188e-06 -2.587940108574188e-06 2.8073324747828937e-09 -1.3041049914020353e-05 -2.587940108574188e-06 -2.3952017627274681e-06 -2.587940108574188e-06 -2.587940108574188e-06 -2.587940108574188e-06 -2.587940108574188e-06 -2.587940108574188e-06 -2.587940108574188e-06 -2.587940108574188e-06 -2.587940108574188e-06 -2.587940108574188e-06 -2.587940108574188e-06 -2.587940108574188e-06 -2.587940108574188e-06 -2.587940108574188e-06 -2.587940108574188e-06 -2.587940108574188e-06 -2.587940108574188e-06
leaf_weight=23884 3849 779 3288 993 8637 1133651 1417 17787 2562 2897 36279 20438 2184 2217 4806 3083 1514 5064 3405 1139 4320 6373 1024 6862 3118 3429 2206 3883 4258 445
leaf_count=23884 3849 779 3288 993 8637 1133651 1417 17787 2562 2897 36279 20438 2184 2217 4806 3083 1514 5064 3405 1139 4320 6373 1024 6862 3118 3429 2206 3883 4258 445
internal_value=-0.000546739 -0.00556354 -0.00712275 -0.0133197 -0.00522185 -9.19696e-05 -0.0019201 -0.00406022 -0.0115194 -0.00942647 -0.000837031 -0.00209756 -0.00663673 -0.0138345 -0.00257883 -0.00165709 -0.00476774 -0.00983604 -0.00795308 -0.00664548 -0.00598049 -0.00883798 -0.0154382 -0.00422247 -0.0142178 -0.00563073 -0.0236265 -0.00876439 -0.0076696 -0.0130246
internal_weight=1.31579e+06 109362 85478 20074 65404 1.20643e+06 72778 51246 17089 14158 66712 30433 18708 6066 32538 20870 10151 11954 10870 7465 9995 8557 5135 11668 4142 6326 2985 8947 5675 3007
internal_count=1315791 109362 85478 20074 65404 1206429 72778 51246 17089 14158 66712 30433 18708 6066 32538 20870 10151 11954 10870 7465 9995 8557 5135 11668 4142 6326 2985 8947 5675 3007
cat_boundaries=0 1 2 3 4 5 6
cat_threshold=7 32 64 64 64 64
is_linear=0
shrinkage=0.05


Tree=124
num_leaves=31
num_cat=6
split_feature=6 1 7 7 6 1 7 7 6 6 6 7 1 6 1 3 3 2 1 3 3 3 6 3 7 7 6 1 6 3
split_gain=1200.8 380.818 402.889 148.993 127.779 101.005 377.167 78.2386 45.0924 40.6439 33.9235 92.2811 30.4497 25.6951 19.6622 32.1117 17.7213 16.3388 15.4353 17.3782 14.9845 13.8522 12.7604 11.8729 7.9779 7.5737 7.56632 7.51698 7.44077 7.29208
threshold=12.395871386706281 0 0.065131907865817476 0.029154964549149176 11.990580988694822 1 0.050253005740114598 0.086387359317017867 12.031923105590947 11.583360624843122 12.787964887779809 0.072555205978640111 2 12.937343182529457 3 5.5000000000000009 5.5000000000000009 9.5000000000000018 4 5.5000000000000009 3.5000000000000004 1.5000000000000002 11.583360624843122 2.5000000000000004 0.042552736117973319 0.093791546260364872 11.990580988694822 5 12.493456861052696 5.5000000000000009
decision_type=2 1 2 2 2 1 2 2 2 2 2 2 1 2 1 2 2 2 1 2 2 2 2 2 2 2 2 1 2 2
left_child=1 -1 3 26 9 6 13 12 22 -4 11 20 16 -2 15 -9 -6 29 19 25 28 -14 -5 -16 -24 -11 -3 -19 -8 -10
right_child=5 2 4 8 7 -7 10 14 17 18 -12 -13 21 -15 23 -17 -18 27 -20 -21 -22 -23 24 -25 -26 -27 -28 -29 -30 -31
leaf_value=1.2815566733646752e-06 -2.2547464266002167e-06 -2.4585431031454788e-06 -2.4585431031454788e-06 -2.4585431031454788e-06 -2.4585431031454788e-06 1.3748722654959647e-06 -2.4585431031454788e-06 -2.4585431031454788e-06 -2.4585431031454788e-06 -2.4585431031454788e-06 2.6669658510437492e-09 -1.2388997418319337e-05 -2.4585431031454788e-06 -2.2754416745910944e-06 -2.4585431031454788e-06 -2.4585431031454788e-06 -2.4585431031454788e-06 -2.4585431031454788e-06 -2.4585431031454788e-06 -2.4585431031454788e-06 -2.4585431031454788e-06 -2.4585431031454788e-06 -2.4585431031454788e-06 -2.4585431031454788e-06 -2.4585431031454788e-06 -2.4585431031454788e-06 -2.4585431031454788e-06 -2.4585431031454788e-06 -2.4585431031454788e-06 -2.4585431031454788e-06
leaf_weight=23884 3849 779 3288 993 8637 1133651 1417 17787 2562 2897 36279 20438 2184 2217 4806 3083 1514 5064 3405 1139 4320 6373 1024 6862 3118 3429 2206 3883 4258 445
leaf_count=23884 3849 779 3288 993 8637 1133651 1417 17787 2562 2897 36279 20438 2184 2217 4806 3083 1514 5064 3405 1139 4320 6373 1024 6862 3118 3429 2206 3883 4258 445
internal_value=-0.000546701 -0.00556354 -0.00712275 -0.0133197 -0.00522185 -9.19281e-05 -0.00189743 -0.00406022 -0.0115194 -0.00942647 -0.000812297 -0.00204334 -0.00663673 -0.0138345 -0.00257883 -0.00165709 -0.00476774 -0.00983604 -0.00795308 -0.00664548 -0.00598049 -0.00883798 -0.0154382 -0.00422247 -0.0142178 -0.00563073 -0.0236265 -0.00876439 -0.0076696 -0.0130246
internal_weight=1.31579e+06 109362 85478 20074 65404 1.20643e+06 72778 51246 17089 14158 66712 30433 18708 6066 32538 20870 10151 11954 10870 7465 9995 8557 5135 11668 4142 6326 2985 8947 5675 3007
internal_count=1315791 109362 85478 20074 65404 1206429 72778 51246 17089 14158 66712 30433 18708 6066 32538 20870 10151 11954 10870 7465 9995 8557 5135 11668 4142 6326 2985 8947 5675 3007
cat_boundaries=0 1 2 3 4 5 6
cat_threshold=7 32 64 64 64 64
is_linear=0
shrinkage=0.05


Tree=125
num_leaves=31
num_cat=7
split_feature=6 1 7 7 6 1 7 7 6 6 6 7 1 6 1 3 3 2 1 3 3 6 3 3 7 7 6 1 3 1
split_gain=1201.44 380.818 402.889 148.993 127.779 96.6044 379.777 78.2386 45.0924 40.6439 31.0333 83.0739 30.4497 25.6951 19.6622 32.1117 17.7213 16.3388 15.4353 17.3782 13.8522 12.7604 11.8729 11.4823 7.9779 7.5737 7.56632 7.51698 7.31095 41.5379
threshold=12.395871386706281 0 0.065131907865817476 0.029154964549149176 11.990580988694822 1 0.050253005740114598 0.086387359317017867 12.031923105590947 11.583360624843122 12.787964887779809 0.072555205978640111 2 12.937343182529457 3 5.5000000000000009 5.5000000000000009 9.5000000000000018 4 5.5000000000000009 1.5000000000000002 11.583360624843122 2.5000000000000004 1.5000000000000002 0.042552736117973319 0.093791546260364872 11.990580988694822 5 2.5000000000000004 6
decision_type=2 1 2 2 2 1 2 2 2 2 2 2 1 2 1 2 2 2 1 2 2 2 2 2 2 2 2 1 2 1
left_child=1 -1 3 26 9 6 13 12 21 -4 11 23 16 -2 15 -9 -6 -10 19 25 -14 -5 -16 -8 -23 -11 -3 -19 29 -7
right_child=5 2 4 8 7 28 10 14 17 18 -12 -13 20 -15 22 -17 -18 27 -20 -21 -22 24 -24 -25 -26 -27 -28 -29 -30 -31
leaf_value=1.2174788396964394e-06 -2.1420091052702055e-06 -2.335615947988205e-06 -2.335615947988205e-06 -2.335615947988205e-06 -2.335615947988205e-06 2.7076200374034622e-05 -2.335615947988205e-06 -2.335615947988205e-06 -2.335615947988205e-06 -2.335615947988205e-06 2.5336175584915618e-09 -1.176954754740337e-05 -2.335615947988205e-06 -2.1616695908615397e-06 -2.335615947988205e-06 -2.335615947988205e-06 -2.335615947988205e-06 -2.335615947988205e-06 -2.335615947988205e-06 -2.335615947988205e-06 -2.335615947988205e-06 -2.335615947988205e-06 -2.335615947988205e-06 -2.335615947988205e-06 -2.335615947988205e-06 -2.335615947988205e-06 -2.335615947988205e-06 -2.335615947988205e-06 7.7756934022801243e-06 -4.3952786296240238e-05
leaf_weight=23884 3849 779 3288 993 8637 191932 2799 17787 3007 2897 36279 20438 2184 2217 4806 3083 1514 5064 3405 1139 6373 1024 6862 7196 3118 3429 2206 3883 652597 289122
leaf_count=23884 3849 779 3288 993 8637 191932 2799 17787 3007 2897 36279 20438 2184 2217 4806 3083 1514 5064 3405 1139 6373 1024 6862 7196 3118 3429 2206 3883 652597 289122
internal_value=-0.000545371 -0.00556354 -0.00712275 -0.0133197 -0.00522185 -9.04776e-05 -0.00185621 -0.00406022 -0.0115194 -0.00942647 -0.000767328 -0.00194476 -0.00663673 -0.0138345 -0.00257883 -0.00165709 -0.00476774 -0.00983604 -0.00795308 -0.00664548 -0.00883798 -0.0154382 -0.00422247 -0.00568034 -0.0142178 -0.00563073 -0.0236265 -0.00876439 2.2895e-05 -0.000124996
internal_weight=1.31579e+06 109362 85478 20074 65404 1.20643e+06 72778 51246 17089 14158 66712 30433 18708 6066 32538 20870 10151 11954 10870 7465 8557 5135 11668 9995 4142 6326 2985 8947 1.13365e+06 481054
internal_count=1315791 109362 85478 20074 65404 1206429 72778 51246 17089 14158 66712 30433 18708 6066 32538 20870 10151 11954 10870 7465 8557 5135 11668 9995 4142 6326 2985 8947 1133651 481054
cat_boundaries=0 1 2 3 4 5 6 7
cat_threshold=7 32 64 64 64 64 81
is_linear=0
shrinkage=0.05


Tree=126
num_leaves=31
num_cat=6
split_feature=6 1 7 7 6 1 7 7 6 6 1 6 7 6 1 3 3 2 1 3 3 6 3 3 2 7 7 1 6 7
split_gain=1201.55 380.818 402.889 148.993 127.779 91.6605 382.701 78.2386 45.0924 40.6439 30.4497 27.958 81.0971 25.6951 19.6622 32.1117 17.7213 16.3388 15.4353 17.3782 13.8522 12.7604 12.4813 11.8729 10.5935 7.9779 7.62361 11.9325 22.5377 10.4262
threshold=12.395871386706281 0 0.065131907865817476 0.029154964549149176 11.990580988694822 1 0.050253005740114598 0.086387359317017867 12.031923105590947 11.583360624843122 2 12.787964887779809 0.069682998866962095 12.937343182529457 3 5.5000000000000009 5.5000000000000009 9.5000000000000018 4 5.5000000000000009 1.5000000000000002 11.583360624843122 1.5000000000000002 2.5000000000000004 19.500000000000004 0.042552736117973319 0.047327318174891456 5 12.889404311148082 0.024630190825150434
decision_type=2 1 2 2 2 1 2 2 2 2 1 2 2 2 1 2 2 2 1 2 2 2 2 2 2 2 2 1 2 2
left_child=1 -1 3 -3 9 6 13 10 21 -4 16 12 22 -2 15 -9 -6 -10 19 -11 -12 -5 -8 -16 -14 -23 27 -7 -29 -30
right_child=5 2 4 8 7 26 11 14 17 18 20 -13 24 -15 23 -17 -18 -19 -20 -21 -22 25 -24 -25 -26 -27 -28 28 29 -31
leaf_value=1.1566048977116353e-06 -2.0349086500066954e-06 -2.2188351505887947e-06 -2.2188351505887947e-06 -2.2188351505887947e-06 -2.2188351505887947e-06 1.0128306045135689e-06 -2.2188351505887947e-06 -2.2188351505887947e-06 -2.2188351505887947e-06 -2.2188351505887947e-06 -2.2188351505887947e-06 2.406936680566984e-09 -2.3286828873145912e-07 -2.0535861113184626e-06 -2.2188351505887947e-06 -2.2188351505887947e-06 -2.2188351505887947e-06 -2.2188351505887947e-06 -2.2188351505887947e-06 -2.2188351505887947e-06 -2.2188351505887947e-06 -2.2188351505887947e-06 -2.2188351505887947e-06 -2.2188351505887947e-06 -3.8132688718768499e-05 -2.2188351505887947e-06 8.9854597763370602e-06 -0.00055387507785065345 5.6401745537957368e-06 -2.5316479669647361e-05
leaf_weight=23884 3849 2985 3288 993 8637 185959 2286 17787 3007 6326 2184 36279 21535 2217 4806 3083 1514 8947 3405 1139 6373 1024 5933 6862 679 3118 846209 12796 2226 86461
leaf_count=23884 3849 2985 3288 993 8637 185959 2286 17787 3007 6326 2184 36279 21535 2217 4806 3083 1514 8947 3405 1139 6373 1024 5933 6862 679 3118 846209 12796 2226 86461
internal_value=-0.000545143 -0.00556354 -0.00712275 -0.0133197 -0.00522185 -9.02289e-05 -0.00181019 -0.00406022 -0.0115194 -0.00942647 -0.00663673 -0.000717112 -0.00183469 -0.0138345 -0.00257883 -0.00165709 -0.00476774 -0.00983604 -0.00795308 -0.00664548 -0.00883798 -0.0154382 -0.00607799 -0.00422247 -0.000264698 -0.0142178 2.02046e-05 -0.000202267 -0.00063832 -0.000355351
internal_weight=1.31579e+06 109362 85478 20074 65404 1.20643e+06 72778 51246 17089 14158 18708 66712 30433 6066 32538 20870 10151 11954 10870 7465 8557 5135 8219 11668 22214 4142 1.13365e+06 287442 101483 88687
internal_count=1315791 109362 85478 20074 65404 1206429 72778 51246 17089 14158 18708 66712 30433 6066 32538 20870 10151 11954 10870 7465 8557 5135 8219 11668 22214 4142 1133651 287442 101483 88687
cat_boundaries=0 1 2 3 4 5 6
cat_threshold=7 32 64 64 64 67
is_linear=0
shrinkage=0.05


Tree=127
num_leaves=31
num_cat=6
split_feature=6 1 7 7 6 1 7 7 6 6 1 6 7 6 1 3 3 2 1 3 3 6 3 3 2 7 7 6 1 3
split_gain=1201.44 380.818 402.889 148.993 127.779 91.634 382.701 78.2386 45.0924 40.6439 30.4497 27.958 81.0971 25.6951 19.6622 32.1117 17.7213 16.3388 15.4353 17.3782 13.8522 12.7604 12.4813 11.8729 10.5935 7.9779 7.5737 7.56632 7.51698 7.29208
threshold=12.395871386706281 0 0.065131907865817476 0.029154964549149176 11.990580988694822 1 0.050253005740114598 0.086387359317017867 12.031923105590947 11.583360624843122 2 12.787964887779809 0.069682998866962095 12.937343182529457 3 5.5000000000000009 5.5000000000000009 9.5000000000000018 4 5.5000000000000009 1.5000000000000002 11.583360624843122 1.5000000000000002 2.5000000000000004 19.500000000000004 0.042552736117973319 0.093791546260364872 11.990580988694822 5 5.5000000000000009
decision_type=2 1 2 2 2 1 2 2 2 2 1 2 2 2 1 2 2 2 1 2 2 2 2 2 2 2 2 2 1 2
left_child=1 -1 3 27 9 6 13 10 21 -4 16 12 22 -2 15 -9 -6 29 19 26 -12 -5 -8 -16 -14 -23 -11 -3 -19 -10
right_child=5 2 4 8 7 -7 11 14 17 18 20 -13 24 -15 23 -17 -18 28 -20 -21 -22 25 -24 -25 -26 -27 -28 -29 -30 -31
leaf_value=1.0987746528260512e-06 -1.9331632175063608e-06 -2.1078933930593552e-06 -2.1078933930593552e-06 -2.1078933930593552e-06 -2.1078933930593552e-06 1.1636704988711576e-06 -2.1078933930593552e-06 -2.1078933930593552e-06 -2.1078933930593552e-06 -2.1078933930593552e-06 -2.1078933930593552e-06 2.2865898465386346e-09 -2.2122487429488617e-07 -1.9509068057525395e-06 -2.1078933930593552e-06 -2.1078933930593552e-06 -2.1078933930593552e-06 -2.1078933930593552e-06 -2.1078933930593552e-06 -2.1078933930593552e-06 -2.1078933930593552e-06 -2.1078933930593552e-06 -2.1078933930593552e-06 -2.1078933930593552e-06 -3.6226054282830071e-05 -2.1078933930593552e-06 -2.1078933930593552e-06 -2.1078933930593552e-06 -2.1078933930593552e-06 -2.1078933930593552e-06
leaf_weight=23884 3849 779 3288 993 8637 1133651 2286 17787 2562 2897 2184 36279 21535 2217 4806 3083 1514 5064 3405 1139 6373 1024 5933 6862 679 3118 3429 2206 3883 445
leaf_count=23884 3849 779 3288 993 8637 1133651 2286 17787 2562 2897 2184 36279 21535 2217 4806 3083 1514 5064 3405 1139 6373 1024 5933 6862 679 3118 3429 2206 3883 445
internal_value=-0.000545371 -0.00556354 -0.00712275 -0.0133197 -0.00522185 -9.04776e-05 -0.00181019 -0.00406022 -0.0115194 -0.00942647 -0.00663673 -0.000717112 -0.00183469 -0.0138345 -0.00257883 -0.00165709 -0.00476774 -0.00983604 -0.00795308 -0.00664548 -0.00883798 -0.0154382 -0.00607799 -0.00422247 -0.000264698 -0.0142178 -0.00563073 -0.0236265 -0.00876439 -0.0130246
internal_weight=1.31579e+06 109362 85478 20074 65404 1.20643e+06 72778 51246 17089 14158 18708 66712 30433 6066 32538 20870 10151 11954 10870 7465 8557 5135 8219 11668 22214 4142 6326 2985 8947 3007
internal_count=1315791 109362 85478 20074 65404 1206429 72778 51246 17089 14158 18708 66712 30433 6066 32538 20870 10151 11954 10870 7465 8557 5135 8219 11668 22214 4142 6326 2985 8947 3007
cat_boundaries=0 1 2 3 4 5 6
cat_threshold=7 32 64 64 64 64
is_linear=0
shrinkage=0.05


Tree=128
num_leaves=31
num_cat=6
split_feature=6 1 7 7 6 1 7 7 6 6 1 6 7 6 1 3 3 2 1 3 3 6 3 3 2 7 7 6 1 3
split_gain=1200.99 380.594 402.889 148.993 127.779 91.1097 382.92 78.2386 45.0924 40.6439 30.4497 27.7349 81.4114 25.6951 19.6622 32.1117 17.7213 16.3388 15.4353 17.3782 13.8522 12.7604 12.4813 11.8729 9.39941 7.9779 7.5737 7.56632 7.51698 7.29208
threshold=12.395871386706281 0 0.065131907865817476 0.029154964549149176 11.990580988694822 1 0.050253005740114598 0.086387359317017867 12.031923105590947 11.583360624843122 2 12.787964887779809 0.069682998866962095 12.937343182529457 3 5.5000000000000009 5.5000000000000009 9.5000000000000018 4 5.5000000000000009 1.5000000000000002 11.583360624843122 1.5000000000000002 2.5000000000000004 19.500000000000004 0.042552736117973319 0.093791546260364872 11.990580988694822 5 5.5000000000000009
decision_type=2 1 2 2 2 1 2 2 2 2 1 2 2 2 1 2 2 2 1 2 2 2 2 2 2 2 2 2 1 2
left_child=1 -1 3 27 9 6 13 10 21 -4 16 12 22 -2 15 -9 -6 29 19 26 -12 -5 -8 -16 -14 -23 -11 -3 -19 -10
right_child=5 2 4 8 7 -7 11 14 17 18 20 -13 24 -15 23 -17 -18 28 -20 -21 -22 25 -24 -25 -26 -27 -28 -29 -30 -31
leaf_value=1.043835920184752e-06 -1.8365050566310428e-06 -2.0024987234063874e-06 -2.0024987234063874e-06 -2.0024987234063874e-06 -2.0024987234063874e-06 1.105486973927649e-06 -2.0024987234063874e-06 -2.0024987234063874e-06 -2.0024987234063874e-06 -2.0024987234063874e-06 -2.0024987234063874e-06 2.1722603542117028e-09 -2.1016363058014187e-07 -1.8533614654649127e-06 -2.0024987234063874e-06 -2.0024987234063874e-06 -2.0024987234063874e-06 -2.0024987234063874e-06 -2.0024987234063874e-06 -2.0024987234063874e-06 -2.0024987234063874e-06 -2.0024987234063874e-06 -2.0024987234063874e-06 -2.0024987234063874e-06 -3.441475156868857e-05 -2.0024987234063874e-06 -2.0024987234063874e-06 -2.0024987234063874e-06 -2.0024987234063874e-06 -2.0024987234063874e-06
leaf_weight=23884 3849 779 3288 993 8637 1133651 2286 17787 2562 2897 2184 36279 21535 2217 4806 3083 1514 5064 3405 1139 6373 1024 5933 6862 679 3118 3429 2206 3883 445
leaf_count=23884 3849 779 3288 993 8637 1133651 2286 17787 2562 2897 2184 36279 21535 2217 4806 3083 1514 5064 3405 1139 6373 1024 5933 6862 679 3118 3429 2206 3883 445
internal_value=-0.000546777 -0.005564 -0.00712275 -0.0133197 -0.00522185 -9.19696e-05 -0.00180675 -0.00406022 -0.0115194 -0.00942647 -0.00663673 -0.000713365 -0.00182647 -0.0138345 -0.00257883 -0.00165709 -0.00476774 -0.00983604 -0.00795308 -0.00664548 -0.00883798 -0.0154382 -0.00607799 -0.00422247 -0.000253444 -0.0142178 -0.00563073 -0.0236265 -0.00876439 -0.0130246
internal_weight=1.31579e+06 109362 85478 20074 65404 1.20643e+06 72778 51246 17089 14158 18708 66712 30433 6066 32538 20870 10151 11954 10870 7465 8557 5135 8219 11668 22214 4142 6326 2985 8947 3007
internal_count=1315791 109362 85478 20074 65404 1206429 72778 51246 17089 14158 18708 66712 30433 6066 32538 20870 10151 11954 10870 7465 8557 5135 8219 11668 22214 4142 6326 2985 8947 3007
cat_boundaries=0 1 2 3 4 5 6
cat_threshold=7 32 64 64 64 64
is_linear=0
shrinkage=0.05


Tree=129
num_leaves=31
num_cat=6
split_feature=6 1 7 7 6 1 7 7 6 6 1 6 7 6 1 3 3 2 1 3 3 3 6 3 2 7 7 6 6 1
split_gain=1200.88 380.594 402.889 148.993 127.779 90.2096 383.445 78.2386 45.0924 40.6439 30.4497 27.2032 80.7207 25.6951 19.6622 32.1117 17.7213 16.3388 15.4353 17.3782 13.8522 13.4886 12.7604 11.8729 10.2044 7.9779 7.5737 7.56632 7.55459 7.51698
threshold=12.395871386706281 0 0.065131907865817476 0.029154964549149176 11.990580988694822 1 0.050253005740114598 0.086387359317017867 12.031923105590947 11.583360624843122 2 12.787964887779809 0.069397796195364417 12.937343182529457 3 5.5000000000000009 5.5000000000000009 9.5000000000000018 4 5.5000000000000009 1.5000000000000002 3.5000000000000004 11.583360624843122 2.5000000000000004 19.500000000000004 0.042552736117973319 0.093791546260364872 11.990580988694822 12.638624246354498 5
decision_type=2 1 2 2 2 1 2 2 2 2 1 2 2 2 1 2 2 2 1 2 2 2 2 2 2 2 2 2 2 1
left_child=1 -1 3 27 9 6 13 10 22 -4 16 12 21 -2 15 -9 -6 -10 19 26 -12 28 -5 -16 -14 -24 -11 -3 -8 -19
right_child=5 2 4 8 7 -7 11 14 17 18 20 -13 24 -15 23 -17 -18 29 -20 -21 -22 -23 25 -25 -26 -27 -28 -29 -30 -31
leaf_value=9.9164412417549182e-07 -1.7446798037994908e-06 -1.902373787236068e-06 -1.902373787236068e-06 -1.902373787236068e-06 -1.902373787236068e-06 1.0502126252312636e-06 -1.902373787236068e-06 -1.902373787236068e-06 -1.902373787236068e-06 -1.902373787236068e-06 -1.902373787236068e-06 2.063647336501118e-09 -1.9965544905113478e-07 -1.7606933921916671e-06 -1.902373787236068e-06 -1.902373787236068e-06 -1.902373787236068e-06 -1.902373787236068e-06 -1.902373787236068e-06 -1.902373787236068e-06 -1.902373787236068e-06 -1.902373787236068e-06 -1.902373787236068e-06 -1.902373787236068e-06 -3.2694013990254141e-05 -1.902373787236068e-06 -1.902373787236068e-06 -1.902373787236068e-06 -2.3521308058687201e-06 -1.902373787236068e-06
leaf_weight=23884 3849 779 3288 993 8637 1133651 2958 17787 3007 2897 2184 36279 21702 2217 4806 3083 1514 5064 3405 1139 6373 3467 1024 6862 725 3118 3429 2206 1581 3883
leaf_count=23884 3849 779 3288 993 8637 1133651 2958 17787 3007 2897 2184 36279 21702 2217 4806 3083 1514 5064 3405 1139 6373 3467 1024 6862 725 3118 3429 2206 1581 3883
internal_value=-0.000547005 -0.005564 -0.00712275 -0.0133197 -0.00522185 -9.22183e-05 -0.00179851 -0.00406022 -0.0115194 -0.00942647 -0.00663673 -0.000704371 -0.00180676 -0.0138345 -0.00257883 -0.00165709 -0.00476774 -0.00983604 -0.00795308 -0.00664548 -0.00883798 -0.00611666 -0.0154382 -0.00422247 -0.000268203 -0.0142178 -0.00563073 -0.0236265 -0.00791033 -0.00876439
internal_weight=1.31579e+06 109362 85478 20074 65404 1.20643e+06 72778 51246 17089 14158 18708 66712 30433 6066 32538 20870 10151 11954 10870 7465 8557 8006 5135 11668 22427 4142 6326 2985 4539 8947
internal_count=1315791 109362 85478 20074 65404 1206429 72778 51246 17089 14158 18708 66712 30433 6066 32538 20870 10151 11954 10870 7465 8557 8006 5135 11668 22427 4142 6326 2985 4539 8947
cat_boundaries=0 1 2 3 4 5 6
cat_threshold=7 32 64 64 64 64
is_linear=0
shrinkage=0.05


Tree=130
num_leaves=31
num_cat=6
split_feature=6 1 7 7 6 1 7 7 6 6 1 6 7 6 1 3 3 2 1 3 3 3 6 3 2 7 7 6 6 1
split_gain=1200.55 380.594 402.889 148.993 127.779 90.1308 383.445 78.2386 45.0924 40.6439 30.4497 27.2032 80.7207 25.6951 19.6622 32.1117 17.7213 16.3388 15.4353 17.3782 13.8522 13.4886 12.7604 11.8729 10.2044 7.9779 7.5737 7.56632 7.55459 7.51698
threshold=12.395871386706281 0 0.065131907865817476 0.029154964549149176 11.990580988694822 1 0.050253005740114598 0.086387359317017867 12.031923105590947 11.583360624843122 2 12.787964887779809 0.069397796195364417 12.937343182529457 3 5.5000000000000009 5.5000000000000009 9.5000000000000018 4 5.5000000000000009 1.5000000000000002 3.5000000000000004 11.583360624843122 2.5000000000000004 19.500000000000004 0.042552736117973319 0.093791546260364872 11.990580988694822 12.638624246354498 5
decision_type=2 1 2 2 2 1 2 2 2 2 1 2 2 2 1 2 2 2 1 2 2 2 2 2 2 2 2 2 2 1
left_child=1 -1 3 27 9 6 13 10 22 -4 16 12 21 -2 15 -9 -6 -10 19 26 -12 28 -5 -16 -14 -24 -11 -3 -8 -19
right_child=5 2 4 8 7 -7 11 14 17 18 20 -13 24 -15 23 -17 -18 29 -20 -21 -22 -23 25 -25 -26 -27 -28 -29 -30 -31
leaf_value=9.4206191796673233e-07 -1.6574458136095163e-06 -1.8072550978742645e-06 -1.8072550978742645e-06 -1.8072550978742645e-06 -1.8072550978742645e-06 9.9770199396964554e-07 -1.8072550978742645e-06 -1.8072550978742645e-06 -1.8072550978742645e-06 -1.8072550978742645e-06 -1.8072550978742645e-06 1.9604649696760621e-09 -1.8967267659857804e-07 -1.6726587225820837e-06 -1.8072550978742645e-06 -1.8072550978742645e-06 -1.8072550978742645e-06 -1.8072550978742645e-06 -1.8072550978742645e-06 -1.8072550978742645e-06 -1.8072550978742645e-06 -1.8072550978742645e-06 -1.8072550978742645e-06 -1.8072550978742645e-06 -3.1059313290741435e-05 -1.8072550978742645e-06 -1.8072550978742645e-06 -1.8072550978742645e-06 -2.2345242655752838e-06 -1.8072550978742645e-06
leaf_weight=23884 3849 779 3288 993 8637 1133651 2958 17787 3007 2897 2184 36279 21702 2217 4806 3083 1514 5064 3405 1139 6373 3467 1024 6862 725 3118 3429 2206 1581 3883
leaf_count=23884 3849 779 3288 993 8637 1133651 2958 17787 3007 2897 2184 36279 21702 2217 4806 3083 1514 5064 3405 1139 6373 3467 1024 6862 725 3118 3429 2206 1581 3883
internal_value=-0.000547689 -0.005564 -0.00712275 -0.0133197 -0.00522185 -9.29643e-05 -0.00179851 -0.00406022 -0.0115194 -0.00942647 -0.00663673 -0.000704371 -0.00180676 -0.0138345 -0.00257883 -0.00165709 -0.00476774 -0.00983604 -0.00795308 -0.00664548 -0.00883798 -0.00611666 -0.0154382 -0.00422247 -0.000268203 -0.0142178 -0.00563073 -0.0236265 -0.00791033 -0.00876439
internal_weight=1.31579e+06 109362 85478 20074 65404 1.20643e+06 72778 51246 17089 14158 18708 66712 30433 6066 32538 20870 10151 11954 10870 7465 8557 8006 5135 11668 22427 4142 6326 2985 4539 8947
internal_count=1315791 109362 85478 20074 65404 1206429 72778 51246 17089 14158 18708 66712 30433 6066 32538 20870 10151 11954 10870 7465 8557 8006 5135 11668 22427 4142 6326 2985 4539 8947
cat_boundaries=0 1 2 3 4 5 6
cat_threshold=7 32 64 64 64 64
is_linear=0
shrinkage=0.05


Tree=131
num_leaves=31
num_cat=6
split_feature=6 1 7 7 6 1 7 7 6 6 1 6 7 6 1 3 3 2 1 3 3 3 6 3 2 7 7 6 6 1
split_gain=1200.04 380.594 402.889 148.993 127.779 90.0081 383.445 78.2386 45.0924 40.6439 30.4497 27.2032 80.7207 25.6951 19.6622 32.1117 17.7213 16.3388 15.4353 17.3782 13.8522 13.4886 12.7604 11.8729 10.2044 7.9779 7.5737 7.56632 7.55459 7.51698
threshold=12.395871386706281 0 0.065131907865817476 0.029154964549149176 11.990580988694822 1 0.050253005740114598 0.086387359317017867 12.031923105590947 11.583360624843122 2 12.787964887779809 0.069397796195364417 12.937343182529457 3 5.5000000000000009 5.5000000000000009 9.5000000000000018 4 5.5000000000000009 1.5000000000000002 3.5000000000000004 11.583360624843122 2.5000000000000004 19.500000000000004 0.042552736117973319 0.093791546260364872 11.990580988694822 12.638624246354498 5
decision_type=2 1 2 2 2 1 2 2 2 2 1 2 2 2 1 2 2 2 1 2 2 2 2 2 2 2 2 2 2 1
left_child=1 -1 3 27 9 6 13 10 22 -4 16 12 21 -2 15 -9 -6 -10 19 26 -12 28 -5 -16 -14 -24 -11 -3 -8 -19
right_child=5 2 4 8 7 -7 11 14 17 18 20 -13 24 -15 23 -17 -18 29 -20 -21 -22 -23 25 -25 -26 -27 -28 -29 -30 -31
leaf_value=8.9495882206835305e-07 -1.5745735229290406e-06 -1.7168923429805512e-06 -1.7168923429805512e-06 -1.7168923429805512e-06 -1.7168923429805512e-06 9.4781689427102178e-07 -1.7168923429805512e-06 -1.7168923429805512e-06 -1.7168923429805512e-06 -1.7168923429805512e-06 -1.7168923429805512e-06 1.8624417211922591e-09 -1.8018904276864915e-07 -1.5890257864529793e-06 -1.7168923429805512e-06 -1.7168923429805512e-06 -1.7168923429805512e-06 -1.7168923429805512e-06 -1.7168923429805512e-06 -1.7168923429805512e-06 -1.7168923429805512e-06 -1.7168923429805512e-06 -1.7168923429805512e-06 -1.7168923429805512e-06 -2.9506347626204364e-05 -1.7168923429805512e-06 -1.7168923429805512e-06 -1.7168923429805512e-06 -2.1227980522965199e-06 -1.7168923429805512e-06
leaf_weight=23884 3849 779 3288 993 8637 1133651 2958 17787 3007 2897 2184 36279 21702 2217 4806 3083 1514 5064 3405 1139 6373 3467 1024 6862 725 3118 3429 2206 1581 3883
leaf_count=23884 3849 779 3288 993 8637 1133651 2958 17787 3007 2897 2184 36279 21702 2217 4806 3083 1514 5064 3405 1139 6373 3467 1024 6862 725 3118 3429 2206 1581 3883
internal_value=-0.000548753 -0.005564 -0.00712275 -0.0133197 -0.00522185 -9.41247e-05 -0.00179851 -0.00406022 -0.0115194 -0.00942647 -0.00663673 -0.000704371 -0.00180676 -0.0138345 -0.00257883 -0.00165709 -0.00476774 -0.00983604 -0.00795308 -0.00664548 -0.00883798 -0.00611666 -0.0154382 -0.00422247 -0.000268203 -0.0142178 -0.00563073 -0.0236265 -0.00791033 -0.00876439
internal_weight=1.31579e+06 109362 85478 20074 65404 1.20643e+06 72778 51246 17089 14158 18708 66712 30433 6066 32538 20870 10151 11954 10870 7465 8557 8006 5135 11668 22427 4142 6326 2985 4539 8947
internal_count=1315791 109362 85478 20074 65404 1206429 72778 51246 17089 14158 18708 66712 30433 6066 32538 20870 10151 11954 10870 7465 8557 8006 5135 11668 22427 4142 6326 2985 4539 8947
cat_boundaries=0 1 2 3 4 5 6
cat_threshold=7 32 64 64 64 64
is_linear=0
shrinkage=0.05


Tree=132
num_leaves=31
num_cat=6
split_feature=6 1 7 7 6 1 7 7 6 6 1 6 7 6 1 3 3 2 1 3 3 3 6 3 2 7 7 6 6 1
split_gain=1199.62 380.594 402.889 148.993 127.779 89.9075 383.445 78.2386 45.0924 40.6439 30.4497 27.2032 80.7207 25.6951 19.6622 32.1117 17.7213 16.3388 15.4353 17.3782 13.8522 13.4886 12.7604 11.8729 10.2044 7.9779 7.5737 7.56632 7.55459 7.51698
threshold=12.395871386706281 0 0.065131907865817476 0.029154964549149176 11.990580988694822 1 0.050253005740114598 0.086387359317017867 12.031923105590947 11.583360624843122 2 12.787964887779809 0.069397796195364417 12.937343182529457 3 5.5000000000000009 5.5000000000000009 9.5000000000000018 4 5.5000000000000009 1.5000000000000002 3.5000000000000004 11.583360624843122 2.5000000000000004 19.500000000000004 0.042552736117973319 0.093791546260364872 11.990580988694822 12.638624246354498 5
decision_type=2 1 2 2 2 1 2 2 2 2 1 2 2 2 1 2 2 2 1 2 2 2 2 2 2 2 2 2 2 1
left_child=1 -1 3 27 9 6 13 10 22 -4 16 12 21 -2 15 -9 -6 -10 19 26 -12 28 -5 -16 -14 -24 -11 -3 -8 -19
right_child=5 2 4 8 7 -7 11 14 17 18 20 -13 24 -15 23 -17 -18 29 -20 -21 -22 -23 25 -25 -26 -27 -28 -29 -30 -31
leaf_value=8.5021088096494481e-07 -1.4958448467825885e-06 -1.6310477258315237e-06 -1.6310477258315237e-06 -1.6310477258315237e-06 -1.6310477258315237e-06 9.0042604955758933e-07 -1.6310477258315237e-06 -1.6310477258315237e-06 -1.6310477258315237e-06 -1.6310477258315237e-06 -1.6310477258315237e-06 1.7693196351326462e-09 -1.7117959063021668e-07 -1.5095744971303305e-06 -1.6310477258315237e-06 -1.6310477258315237e-06 -1.6310477258315237e-06 -1.6310477258315237e-06 -1.6310477258315237e-06 -1.6310477258315237e-06 -1.6310477258315237e-06 -1.6310477258315237e-06 -1.6310477258315237e-06 -1.6310477258315237e-06 -2.8031030244894144e-05 -1.6310477258315237e-06 -1.6310477258315237e-06 -1.6310477258315237e-06 -2.016658149681694e-06 -1.6310477258315237e-06
leaf_weight=23884 3849 779 3288 993 8637 1133651 2958 17787 3007 2897 2184 36279 21702 2217 4806 3083 1514 5064 3405 1139 6373 3467 1024 6862 725 3118 3429 2206 1581 3883
leaf_count=23884 3849 779 3288 993 8637 1133651 2958 17787 3007 2897 2184 36279 21702 2217 4806 3083 1514 5064 3405 1139 6373 3467 1024 6862 725 3118 3429 2206 1581 3883
internal_value=-0.000549627 -0.005564 -0.00712275 -0.0133197 -0.00522185 -9.50779e-05 -0.00179851 -0.00406022 -0.0115194 -0.00942647 -0.00663673 -0.000704371 -0.00180676 -0.0138345 -0.00257883 -0.00165709 -0.00476774 -0.00983604 -0.00795308 -0.00664548 -0.00883798 -0.00611666 -0.0154382 -0.00422247 -0.000268203 -0.0142178 -0.00563073 -0.0236265 -0.00791033 -0.00876439
internal_weight=1.31579e+06 109362 85478 20074 65404 1.20643e+06 72778 51246 17089 14158 18708 66712 30433 6066 32538 20870 10151 11954 10870 7465 8557 8006 5135 11668 22427 4142 6326 2985 4539 8947
internal_count=1315791 109362 85478 20074 65404 1206429 72778 51246 17089 14158 18708 66712 30433 6066 32538 20870 10151 11954 10870 7465 8557 8006 5135 11668 22427 4142 6326 2985 4539 8947
cat_boundaries=0 1 2 3 4 5 6
cat_threshold=7 32 64 64 64 64
is_linear=0
shrinkage=0.05


Tree=133
num_leaves=31
num_cat=6
split_feature=6 1 7 7 6 1 7 7 6 6 1 6 7 6 1 3 3 2 1 3 3 3 6 3 2 7 7 6 7 1
split_gain=1199.42 380.594 402.889 148.993 127.779 89.8594 383.445 78.2386 45.0924 40.6439 30.4497 27.2032 80.7207 25.6951 19.6622 32.1117 17.7213 16.3388 15.4353 17.3782 13.8522 13.4886 12.7604 11.8729 10.2044 7.9779 7.5737 7.56632 7.56016 15.1012
threshold=12.395871386706281 0 0.065131907865817476 0.029154964549149176 11.990580988694822 1 0.050253005740114598 0.086387359317017867 12.031923105590947 11.583360624843122 2 12.787964887779809 0.069397796195364417 12.937343182529457 3 5.5000000000000009 5.5000000000000009 9.5000000000000018 4 5.5000000000000009 1.5000000000000002 3.5000000000000004 11.583360624843122 2.5000000000000004 19.500000000000004 0.042552736117973319 0.093791546260364872 11.990580988694822 0.056101570916515055 5
decision_type=2 1 2 2 2 1 2 2 2 2 1 2 2 2 1 2 2 2 1 2 2 2 2 2 2 2 2 2 2 1
left_child=1 -1 3 27 9 6 13 10 22 -4 16 12 21 -2 15 -9 -6 -10 19 26 -12 -8 -5 -16 -14 -24 -11 -3 29 -7
right_child=5 2 4 8 7 28 11 14 17 18 20 -13 24 -15 23 -17 -18 -19 -20 -21 -22 -23 25 -25 -26 -27 -28 -29 -30 -31
leaf_value=8.0770033691666357e-07 -1.4210526044434593e-06 -1.5494953395399474e-06 -1.5494953395399474e-06 -1.5494953395399474e-06 -1.5494953395399474e-06 6.4763252131282002e-06 -1.5494953395399474e-06 -1.5494953395399474e-06 -1.5494953395399474e-06 -1.5494953395399474e-06 -1.5494953395399474e-06 1.6808536533760138e-09 -1.6262061109870586e-07 -1.4340957722738141e-06 -1.5494953395399474e-06 -1.5494953395399474e-06 -1.5494953395399474e-06 -1.5494953395399474e-06 -1.5494953395399474e-06 -1.5494953395399474e-06 -1.5494953395399474e-06 -1.5494953395399474e-06 -1.5494953395399474e-06 -1.5494953395399474e-06 -2.6629478732649435e-05 -1.5494953395399474e-06 -1.5494953395399474e-06 -1.5494953395399474e-06 1.2431503325778397e-05 -1.7423299114736207e-05
leaf_weight=23884 3849 779 3288 993 8637 236164 4539 17787 3007 2897 2184 36279 21702 2217 4806 3083 1514 8947 3405 1139 6373 3467 1024 6862 725 3118 3429 2206 692197 205290
leaf_count=23884 3849 779 3288 993 8637 236164 4539 17787 3007 2897 2184 36279 21702 2217 4806 3083 1514 8947 3405 1139 6373 3467 1024 6862 725 3118 3429 2206 692197 205290
internal_value=-0.000550045 -0.005564 -0.00712275 -0.0133197 -0.00522185 -9.55338e-05 -0.00179851 -0.00406022 -0.0115194 -0.00942647 -0.00663673 -0.000704371 -0.00180676 -0.0138345 -0.00257883 -0.00165709 -0.00476774 -0.00983604 -0.00795308 -0.00664548 -0.00883798 -0.00611666 -0.0154382 -0.00422247 -0.000268203 -0.0142178 -0.00563073 -0.0236265 1.38094e-05 -0.000147875
internal_weight=1.31579e+06 109362 85478 20074 65404 1.20643e+06 72778 51246 17089 14158 18708 66712 30433 6066 32538 20870 10151 11954 10870 7465 8557 8006 5135 11668 22427 4142 6326 2985 1.13365e+06 441454
internal_count=1315791 109362 85478 20074 65404 1206429 72778 51246 17089 14158 18708 66712 30433 6066 32538 20870 10151 11954 10870 7465 8557 8006 5135 11668 22427 4142 6326 2985 1133651 441454
cat_boundaries=0 1 2 3 4 5 6
cat_threshold=7 32 64 64 64 3
is_linear=0
shrinkage=0.05


Tree=134
num_leaves=31
num_cat=6
split_feature=6 1 7 7 6 1 7 7 6 6 1 6 7 6 1 3 3 2 1 3 3 3 6 3 2 7 7 6 6 1
split_gain=1200.82 380.594 402.889 148.993 127.779 90.1965 383.445 78.2386 45.0924 40.6439 30.4497 27.2032 80.7207 25.6951 19.6622 32.1117 17.7213 16.3388 15.4353 17.3782 13.8522 13.4886 12.7604 11.8729 10.2044 7.9779 7.5737 7.56632 7.55459 7.51698
threshold=12.395871386706281 0 0.065131907865817476 0.029154964549149176 11.990580988694822 1 0.050253005740114598 0.086387359317017867 12.031923105590947 11.583360624843122 2 12.787964887779809 0.069397796195364417 12.937343182529457 3 5.5000000000000009 5.5000000000000009 9.5000000000000018 4 5.5000000000000009 1.5000000000000002 3.5000000000000004 11.583360624843122 2.5000000000000004 19.500000000000004 0.042552736117973319 0.093791546260364872 11.990580988694822 12.638624246354498 5
decision_type=2 1 2 2 2 1 2 2 2 2 1 2 2 2 1 2 2 2 1 2 2 2 2 2 2 2 2 2 2 1
left_child=1 -1 3 27 9 6 13 10 22 -4 16 12 21 -2 15 -9 -6 -10 19 26 -12 28 -5 -16 -14 -24 -11 -3 -8 -19
right_child=5 2 4 8 7 -7 11 14 17 18 20 -13 24 -15 23 -17 -18 29 -20 -21 -22 -23 25 -25 -26 -27 -28 -29 -30 -31
leaf_value=7.6731532007083105e-07 -1.3499999742212862e-06 -1.4720205725629501e-06 -1.4720205725629501e-06 -1.4720205725629501e-06 -1.4720205725629501e-06 9.1289880222275704e-07 -1.4720205725629501e-06 -1.4720205725629501e-06 -1.4720205725629501e-06 -1.4720205725629501e-06 -1.4720205725629501e-06 1.5968109707072131e-09 -1.5448958054377055e-07 -1.3623909836601234e-06 -1.4720205725629501e-06 -1.4720205725629501e-06 -1.4720205725629501e-06 -1.4720205725629501e-06 -1.4720205725629501e-06 -1.4720205725629501e-06 -1.4720205725629501e-06 -1.4720205725629501e-06 -1.4720205725629501e-06 -1.4720205725629501e-06 -2.5298004796016964e-05 -1.4720205725629501e-06 -1.4720205725629501e-06 -1.4720205725629501e-06 -1.8383504752206117e-06 -1.4720205725629501e-06
leaf_weight=23884 3849 779 3288 993 8637 1133651 2958 17787 3007 2897 2184 36279 21702 2217 4806 3083 1514 5064 3405 1139 6373 3467 1024 6862 725 3118 3429 2206 1581 3883
leaf_count=23884 3849 779 3288 993 8637 1133651 2958 17787 3007 2897 2184 36279 21702 2217 4806 3083 1514 5064 3405 1139 6373 3467 1024 6862 725 3118 3429 2206 1581 3883
internal_value=-0.000547119 -0.005564 -0.00712275 -0.0133197 -0.00522185 -9.23426e-05 -0.00179851 -0.00406022 -0.0115194 -0.00942647 -0.00663673 -0.000704371 -0.00180676 -0.0138345 -0.00257883 -0.00165709 -0.00476774 -0.00983604 -0.00795308 -0.00664548 -0.00883798 -0.00611666 -0.0154382 -0.00422247 -0.000268203 -0.0142178 -0.00563073 -0.0236265 -0.00791033 -0.00876439
internal_weight=1.31579e+06 109362 85478 20074 65404 1.20643e+06 72778 51246 17089 14158 18708 66712 30433 6066 32538 20870 10151 11954 10870 7465 8557 8006 5135 11668 22427 4142 6326 2985 4539 8947
internal_count=1315791 109362 85478 20074 65404 1206429 72778 51246 17089 14158 18708 66712 30433 6066 32538 20870 10151 11954 10870 7465 8557 8006 5135 11668 22427 4142 6326 2985 4539 8947
cat_boundaries=0 1 2 3 4 5 6
cat_threshold=7 32 64 64 64 64
is_linear=0
shrinkage=0.05


Tree=135
num_leaves=31
num_cat=6
split_feature=6 1 7 7 6 1 7 7 6 6 1 6 7 6 1 3 3 2 1 3 3 3 6 3 2 7 7 6 6 1
split_gain=1200.55 380.594 402.889 148.993 127.779 90.1308 383.445 78.2386 45.0924 40.6439 30.4497 27.2032 80.7207 25.6951 19.6622 32.1117 17.7213 16.3388 15.4353 17.3782 13.8522 13.4886 12.7604 11.8729 10.2044 7.9779 7.5737 7.56632 7.55459 7.51698
threshold=12.395871386706281 0 0.065131907865817476 0.029154964549149176 11.990580988694822 1 0.050253005740114598 0.086387359317017867 12.031923105590947 11.583360624843122 2 12.787964887779809 0.069397796195364417 12.937343182529457 3 5.5000000000000009 5.5000000000000009 9.5000000000000018 4 5.5000000000000009 1.5000000000000002 3.5000000000000004 11.583360624843122 2.5000000000000004 19.500000000000004 0.042552736117973319 0.093791546260364872 11.990580988694822 12.638624246354498 5
decision_type=2 1 2 2 2 1 2 2 2 2 1 2 2 2 1 2 2 2 1 2 2 2 2 2 2 2 2 2 2 1
left_child=1 -1 3 27 9 6 13 10 22 -4 16 12 21 -2 15 -9 -6 -10 19 26 -12 28 -5 -16 -14 -24 -11 -3 -8 -19
right_child=5 2 4 8 7 -7 11 14 17 18 20 -13 24 -15 23 -17 -18 29 -20 -21 -22 -23 25 -25 -26 -27 -28 -29 -30 -31
leaf_value=7.2894955406728723e-07 -1.2824999755102217e-06 -1.3984195439348026e-06 -1.3984195439348026e-06 -1.3984195439348026e-06 -1.3984195439348026e-06 8.6725386211146537e-07 -1.3984195439348026e-06 -1.3984195439348026e-06 -1.3984195439348026e-06 -1.3984195439348026e-06 -1.3984195439348026e-06 1.5169704221718526e-09 -1.4676510151658205e-07 -1.2942714344771173e-06 -1.3984195439348026e-06 -1.3984195439348026e-06 -1.3984195439348026e-06 -1.3984195439348026e-06 -1.3984195439348026e-06 -1.3984195439348026e-06 -1.3984195439348026e-06 -1.3984195439348026e-06 -1.3984195439348026e-06 -1.3984195439348026e-06 -2.4033104556216114e-05 -1.3984195439348026e-06 -1.3984195439348026e-06 -1.3984195439348026e-06 -1.7464329514595811e-06 -1.3984195439348026e-06
leaf_weight=23884 3849 779 3288 993 8637 1133651 2958 17787 3007 2897 2184 36279 21702 2217 4806 3083 1514 5064 3405 1139 6373 3467 1024 6862 725 3118 3429 2206 1581 3883
leaf_count=23884 3849 779 3288 993 8637 1133651 2958 17787 3007 2897 2184 36279 21702 2217 4806 3083 1514 5064 3405 1139 6373 3467 1024 6862 725 3118 3429 2206 1581 3883
internal_value=-0.000547689 -0.005564 -0.00712275 -0.0133197 -0.00522185 -9.29643e-05 -0.00179851 -0.00406022 -0.0115194 -0.00942647 -0.00663673 -0.000704371 -0.00180676 -0.0138345 -0.00257883 -0.00165709 -0.00476774 -0.00983604 -0.00795308 -0.00664548 -0.00883798 -0.00611666 -0.0154382 -0.00422247 -0.000268203 -0.0142178 -0.00563073 -0.0236265 -0.00791033 -0.00876439
internal_weight=1.31579e+06 109362 85478 20074 65404 1.20643e+06 72778 51246 17089 14158 18708 66712 30433 6066 32538 20870 10151 11954 10870 7465 8557 8006 5135 11668 22427 4142 6326 2985 4539 8947
internal_count=1315791 109362 85478 20074 65404 1206429 72778 51246 17089 14158 18708 66712 30433 6066 32538 20870 10151 11954 10870 7465 8557 8006 5135 11668 22427 4142 6326 2985 4539 8947
cat_boundaries=0 1 2 3 4 5 6
cat_threshold=7 32 64 64 64 64
is_linear=0
shrinkage=0.05


Tree=136
num_leaves=31
num_cat=6
split_feature=6 1 7 7 6 1 7 7 6 6 1 6 7 6 1 3 3 2 1 3 3 3 6 3 2 7 7 6 6 1
split_gain=1200.55 380.371 402.889 148.993 127.779 90.0826 383.445 78.2386 45.0924 40.6439 30.4497 27.2032 80.7207 25.6951 19.6622 32.1117 17.7213 16.3388 15.4353 17.3782 13.8522 13.4886 12.7604 11.8729 10.2044 7.9779 7.5737 7.56632 7.55459 7.51698
threshold=12.395871386706281 0 0.065131907865817476 0.029154964549149176 11.990580988694822 1 0.050253005740114598 0.086387359317017867 12.031923105590947 11.583360624843122 2 12.787964887779809 0.069397796195364417 12.937343182529457 3 5.5000000000000009 5.5000000000000009 9.5000000000000018 4 5.5000000000000009 1.5000000000000002 3.5000000000000004 11.583360624843122 2.5000000000000004 19.500000000000004 0.042552736117973319 0.093791546260364872 11.990580988694822 12.638624246354498 5
decision_type=2 1 2 2 2 1 2 2 2 2 1 2 2 2 1 2 2 2 1 2 2 2 2 2 2 2 2 2 2 1
left_child=1 -1 3 27 9 6 13 10 22 -4 16 12 21 -2 15 -9 -6 -10 19 26 -12 28 -5 -16 -14 -24 -11 -3 -8 -19
right_child=5 2 4 8 7 -7 11 14 17 18 20 -13 24 -15 23 -17 -18 29 -20 -21 -22 -23 25 -25 -26 -27 -28 -29 -30 -31
leaf_value=6.9250207636393792e-07 -1.2183749767347108e-06 -1.3284985667380623e-06 -1.3284985667380623e-06 -1.3284985667380623e-06 -1.3284985667380623e-06 8.2389116900579032e-07 -1.3284985667380623e-06 -1.3284985667380623e-06 -1.3284985667380623e-06 -1.3284985667380623e-06 -1.3284985667380623e-06 1.4411219010632599e-09 -1.3942684644075292e-07 -1.2295578627532614e-06 -1.3284985667380623e-06 -1.3284985667380623e-06 -1.3284985667380623e-06 -1.3284985667380623e-06 -1.3284985667380623e-06 -1.3284985667380623e-06 -1.3284985667380623e-06 -1.3284985667380623e-06 -1.3284985667380623e-06 -1.3284985667380623e-06 -2.2831449328405306e-05 -1.3284985667380623e-06 -1.3284985667380623e-06 -1.3284985667380623e-06 -1.659111303886602e-06 -1.3284985667380623e-06
leaf_weight=23884 3849 779 3288 993 8637 1133651 2958 17787 3007 2897 2184 36279 21702 2217 4806 3083 1514 5064 3405 1139 6373 3467 1024 6862 725 3118 3429 2206 1581 3883
leaf_count=23884 3849 779 3288 993 8637 1133651 2958 17787 3007 2897 2184 36279 21702 2217 4806 3083 1514 5064 3405 1139 6373 3467 1024 6862 725 3118 3429 2206 1581 3883
internal_value=-0.000548145 -0.00556446 -0.00712275 -0.0133197 -0.00522185 -9.34201e-05 -0.00179851 -0.00406022 -0.0115194 -0.00942647 -0.00663673 -0.000704371 -0.00180676 -0.0138345 -0.00257883 -0.00165709 -0.00476774 -0.00983604 -0.00795308 -0.00664548 -0.00883798 -0.00611666 -0.0154382 -0.00422247 -0.000268203 -0.0142178 -0.00563073 -0.0236265 -0.00791033 -0.00876439
internal_weight=1.31579e+06 109362 85478 20074 65404 1.20643e+06 72778 51246 17089 14158 18708 66712 30433 6066 32538 20870 10151 11954 10870 7465 8557 8006 5135 11668 22427 4142 6326 2985 4539 8947
internal_count=1315791 109362 85478 20074 65404 1206429 72778 51246 17089 14158 18708 66712 30433 6066 32538 20870 10151 11954 10870 7465 8557 8006 5135 11668 22427 4142 6326 2985 4539 8947
cat_boundaries=0 1 2 3 4 5 6
cat_threshold=7 32 64 64 64 64
is_linear=0
shrinkage=0.05


Tree=137
num_leaves=31
num_cat=6
split_feature=6 1 7 7 6 1 7 7 6 6 1 7 6 6 1 3 3 2 1 3 3 3 6 3 7 7 6 6 1 7
split_gain=1200.75 380.371 402.889 148.993 127.779 88.0376 384.716 78.2386 45.0924 40.6439 30.4497 26.0033 87.1575 25.6951 19.6622 32.1117 17.7213 16.3388 15.4353 17.3782 13.8522 13.4886 12.7604 11.8729 7.9779 7.5737 7.56632 7.55459 7.51698 7.42684
threshold=12.395871386706281 0 0.065131907865817476 0.029154964549149176 11.990580988694822 1 0.050253005740114598 0.086387359317017867 12.031923105590947 11.583360624843122 2 0.069397796195364417 12.787964887779809 12.937343182529457 3 5.5000000000000009 5.5000000000000009 9.5000000000000018 4 5.5000000000000009 1.5000000000000002 3.5000000000000004 11.583360624843122 2.5000000000000004 0.042552736117973319 0.093791546260364872 11.990580988694822 12.638624246354498 5 0.087953586857695942
decision_type=2 1 2 2 2 1 2 2 2 2 1 2 2 2 1 2 2 2 1 2 2 2 2 2 2 2 2 2 1 2
left_child=1 -1 3 26 9 6 13 10 22 -4 16 12 21 -2 15 -9 -6 -10 19 25 -12 27 -5 -16 -24 -11 -3 -8 -19 -13
right_child=5 2 4 8 7 -7 11 14 17 18 20 29 -14 -15 23 -17 -18 28 -20 -21 -22 -23 24 -25 -26 -27 -28 -29 -30 -31
leaf_value=6.578769725457791e-07 -1.1574562278979753e-06 -1.2620736384011593e-06 -1.2620736384011593e-06 -1.2620736384011593e-06 -1.2620736384011593e-06 7.8269661055560695e-07 -1.2620736384011593e-06 -1.2620736384011593e-06 -1.2620736384011593e-06 -1.2620736384011593e-06 -1.2620736384011593e-06 -1.875920655000255e-05 2.8895938292751216e-08 -1.1680799696155985e-06 -1.2620736384011593e-06 -1.2620736384011593e-06 -1.2620736384011593e-06 -1.2620736384011593e-06 -1.2620736384011593e-06 -1.2620736384011593e-06 -1.2620736384011593e-06 -1.2620736384011593e-06 -1.2620736384011593e-06 -1.2620736384011593e-06 -1.2620736384011593e-06 -1.2620736384011593e-06 -1.2620736384011593e-06 -1.5761557386922718e-06 -1.2620736384011593e-06 4.308491840023429e-05
leaf_weight=23884 3849 779 3288 993 8637 1133651 2958 17787 3007 2897 2184 20039 7749 2217 4806 3083 1514 5064 3405 1139 6373 3467 1024 6862 3118 3429 2206 1581 3883 30918
leaf_count=23884 3849 779 3288 993 8637 1133651 2958 17787 3007 2897 2184 20039 7749 2217 4806 3083 1514 5064 3405 1139 6373 3467 1024 6862 3118 3429 2206 1581 3883 30918
internal_value=-0.000547727 -0.00556446 -0.00712275 -0.0133197 -0.00522185 -9.29643e-05 -0.00177859 -0.00406022 -0.0115194 -0.00942647 -0.00663673 -0.000682636 -0.00245795 -0.0138345 -0.00257883 -0.00165709 -0.00476774 -0.00983604 -0.00795308 -0.00664548 -0.00883798 -0.00611666 -0.0154382 -0.00422247 -0.0142178 -0.00563073 -0.0236265 -0.00791033 -0.00876439 -0.00013374
internal_weight=1.31579e+06 109362 85478 20074 65404 1.20643e+06 72778 51246 17089 14158 18708 66712 15755 6066 32538 20870 10151 11954 10870 7465 8557 8006 5135 11668 4142 6326 2985 4539 8947 50957
internal_count=1315791 109362 85478 20074 65404 1206429 72778 51246 17089 14158 18708 66712 15755 6066 32538 20870 10151 11954 10870 7465 8557 8006 5135 11668 4142 6326 2985 4539 8947 50957
cat_boundaries=0 1 2 3 4 5 6
cat_threshold=7 32 64 64 64 64
is_linear=0
shrinkage=0.05


Tree=138
num_leaves=31
num_cat=6
split_feature=6 1 7 7 6 1 7 7 7 6 6 1 6 6 1 3 3 2 1 3 3 6 3 3 7 7 7 7 6 1
split_gain=1197.64 380.371 402.889 148.993 127.779 98.2699 378.21 78.2386 47.7442 45.0924 40.6439 30.4497 25.6951 19.9764 19.6622 32.1117 17.7213 16.3388 15.4353 17.3782 13.8522 12.7604 11.8729 10.7473 8.39512 8.54061 7.9779 7.5737 7.56632 7.51698
threshold=12.395871386706281 0 0.065131907865817476 0.029154964549149176 11.990580988694822 1 0.050253005740114598 0.086387359317017867 0.066162824367806392 12.031923105590947 11.583360624843122 2 12.937343182529457 12.801065229762154 3 5.5000000000000009 5.5000000000000009 9.5000000000000018 4 5.5000000000000009 1.5000000000000002 11.583360624843122 2.5000000000000004 1.5000000000000002 0.087953586857695942 0.082509590970718125 0.042552736117973319 0.093791546260364872 11.990580988694822 5
decision_type=2 1 2 2 2 1 2 2 2 2 2 1 2 2 1 2 2 2 1 2 2 2 2 2 2 2 2 2 2 1
left_child=1 -1 3 28 10 6 12 11 13 21 -4 16 -2 23 15 -9 -6 -11 19 27 -13 -5 -16 -8 25 -10 -23 -12 -3 -19
right_child=5 2 4 9 7 -7 8 14 24 17 18 20 -14 -15 22 -17 -18 29 -20 -21 -22 26 -24 -25 -26 -27 -28 -29 -30 -31
leaf_value=6.2498312391850212e-07 -1.0995834165030764e-06 -1.1989699564811013e-06 -1.1989699564811013e-06 -1.1989699564811013e-06 -1.1989699564811013e-06 7.435617800276729e-07 -1.1989699564811013e-06 -1.1989699564811013e-06 -2.6878586668350074e-07 -1.1989699564811013e-06 -1.1989699564811013e-06 -1.1989699564811013e-06 -1.1096759711348185e-06 -7.573110862746398e-11 -1.1989699564811013e-06 -1.1989699564811013e-06 -1.1989699564811013e-06 -1.1989699564811013e-06 -1.1989699564811013e-06 -1.1989699564811013e-06 -1.1989699564811013e-06 -1.1989699564811013e-06 -1.1989699564811013e-06 -1.1989699564811013e-06 4.0930672480222701e-05 -5.6477216264172004e-05 -1.1989699564811013e-06 -1.1989699564811013e-06 -1.1989699564811013e-06 -1.1989699564811013e-06
leaf_weight=23884 3849 779 3288 993 8637 1133651 1491 17787 22225 3007 2897 2184 2217 3232 4806 3083 1514 5064 3405 1139 6373 1024 6862 3948 30918 4898 3118 3429 2206 3883
leaf_count=23884 3849 779 3288 993 8637 1133651 1491 17787 22225 3007 2897 2184 2217 3232 4806 3083 1514 5064 3405 1139 6373 1024 6862 3948 30918 4898 3118 3429 2206 3883
internal_value=-0.000554225 -0.00556446 -0.00712275 -0.0133197 -0.00522185 -0.000100051 -0.00188094 -0.00406022 -0.00079431 -0.0115194 -0.00942647 -0.00663673 -0.0138345 -0.00425499 -0.00257883 -0.00165709 -0.00476774 -0.00983604 -0.00795308 -0.00664548 -0.00883798 -0.0154382 -0.00422247 -0.00610498 -0.000277304 -0.00091933 -0.0142178 -0.00563073 -0.0236265 -0.00876439
internal_weight=1.31579e+06 109362 85478 20074 65404 1.20643e+06 72778 51246 66712 17089 14158 18708 6066 8671 32538 20870 10151 11954 10870 7465 8557 5135 11668 5439 58041 27123 4142 6326 2985 8947
internal_count=1315791 109362 85478 20074 65404 1206429 72778 51246 66712 17089 14158 18708 6066 8671 32538 20870 10151 11954 10870 7465 8557 5135 11668 5439 58041 27123 4142 6326 2985 8947
cat_boundaries=0 1 2 3 4 5 6
cat_threshold=7 32 64 64 64 64
is_linear=0
shrinkage=0.05


Tree=139
num_leaves=31
num_cat=6
split_feature=6 1 7 7 6 1 7 7 7 6 6 1 6 6 1 3 3 2 1 3 3 6 3 3 7 7 7 7 6 1
split_gain=1197.53 380.371 402.889 148.993 127.779 97.2595 378.776 78.2386 45.8056 45.0924 40.6439 30.4497 25.6951 20.9995 19.6622 32.1117 17.7213 16.3388 15.4353 17.3782 13.8522 12.7604 11.8729 10.8278 8.2288 8.4066 7.9779 7.5737 7.56632 7.51698
threshold=12.395871386706281 0 0.065131907865817476 0.029154964549149176 11.990580988694822 1 0.050253005740114598 0.086387359317017867 0.066162824367806392 12.031923105590947 11.583360624843122 2 12.937343182529457 12.787964887779809 3 5.5000000000000009 5.5000000000000009 9.5000000000000018 4 5.5000000000000009 1.5000000000000002 11.583360624843122 2.5000000000000004 1.5000000000000002 0.087953586857695942 0.082509590970718125 0.042552736117973319 0.093791546260364872 11.990580988694822 5
decision_type=2 1 2 2 2 1 2 2 2 2 2 1 2 2 1 2 2 2 1 2 2 2 2 2 2 2 2 2 2 1
left_child=1 -1 3 28 10 6 12 11 13 21 -4 16 -2 23 15 -9 -6 -11 19 27 -13 -5 -16 -8 25 -10 -23 -12 -3 -19
right_child=5 2 4 9 7 -7 8 14 24 17 18 20 -14 -15 22 -17 -18 29 -20 -21 -22 26 -24 -25 -26 -27 -28 -29 -30 -31
leaf_value=5.9373396772255129e-07 -1.0446042456779226e-06 -1.1390214586570461e-06 -1.1390214586570461e-06 -1.1390214586570461e-06 -1.1390214586570461e-06 7.0638369102618756e-07 -1.1390214586570461e-06 -1.1390214586570461e-06 -2.5534657334932573e-07 -1.1390214586570461e-06 -1.1390214586570461e-06 -1.1390214586570461e-06 -1.0541921725780775e-06 -7.1944553196090774e-11 -1.1390214586570461e-06 -1.1390214586570461e-06 -1.1390214586570461e-06 -1.1390214586570461e-06 -1.1390214586570461e-06 -1.1390214586570461e-06 -1.1390214586570461e-06 -1.1390214586570461e-06 -1.1390214586570461e-06 -1.1390214586570461e-06 3.8884138856211654e-05 -5.3653355450963384e-05 -1.1390214586570461e-06 -1.1390214586570461e-06 -1.1390214586570461e-06 -1.1390214586570461e-06
leaf_weight=23884 3849 779 3288 993 8637 1133651 1454 17787 22225 3007 2897 2184 2217 3397 4806 3083 1514 5064 3405 1139 6373 1024 6862 3820 30918 4898 3118 3429 2206 3883
leaf_count=23884 3849 779 3288 993 8637 1133651 1454 17787 22225 3007 2897 2184 2217 3397 4806 3083 1514 5064 3405 1139 6373 1024 6862 3820 30918 4898 3118 3429 2206 3883
internal_value=-0.000554453 -0.00556446 -0.00712275 -0.0133197 -0.00522185 -0.0001003 -0.00187201 -0.00406022 -0.000784566 -0.0115194 -0.00942647 -0.00663673 -0.0138345 -0.00417426 -0.00257883 -0.00165709 -0.00476774 -0.00983604 -0.00795308 -0.00664548 -0.00883798 -0.0154382 -0.00422247 -0.00614903 -0.000278165 -0.0009138 -0.0142178 -0.00563073 -0.0236265 -0.00876439
internal_weight=1.31579e+06 109362 85478 20074 65404 1.20643e+06 72778 51246 66712 17089 14158 18708 6066 8671 32538 20870 10151 11954 10870 7465 8557 5135 11668 5274 58041 27123 4142 6326 2985 8947
internal_count=1315791 109362 85478 20074 65404 1206429 72778 51246 66712 17089 14158 18708 6066 8671 32538 20870 10151 11954 10870 7465 8557 5135 11668 5274 58041 27123 4142 6326 2985 8947
cat_boundaries=0 1 2 3 4 5 6
cat_threshold=7 32 64 64 64 64
is_linear=0
shrinkage=0.05


Tree=140
num_leaves=31
num_cat=6
split_feature=6 1 7 7 6 1 7 7 7 6 6 1 6 6 1 3 3 2 1 3 3 6 3 3 7 7 6 1 3 7
split_gain=1197.99 380.371 402.889 148.993 127.779 94.8245 380.256 78.2386 45.5722 45.0924 40.6439 30.4497 27.9664 25.6951 19.6622 32.1117 17.7213 16.3388 15.4353 17.3782 13.8522 12.7604 11.8729 8.84 7.9779 7.5737 7.56632 7.51698 7.29208 7.23933
threshold=12.395871386706281 0 0.065131907865817476 0.029154964549149176 11.990580988694822 1 0.050253005740114598 0.086387359317017867 0.066817926249645027 12.031923105590947 11.583360624843122 2 12.655801817186282 12.937343182529457 3 5.5000000000000009 5.5000000000000009 9.5000000000000018 4 5.5000000000000009 1.5000000000000002 11.583360624843122 2.5000000000000004 2.5000000000000004 0.042552736117973319 0.093791546260364872 11.990580988694822 5 5.5000000000000009 0.11437927845860141
decision_type=2 1 2 2 2 1 2 2 2 2 2 1 2 2 1 2 2 2 1 2 2 2 2 2 2 2 2 1 2 2
left_child=1 -1 3 26 10 6 13 11 12 21 -4 16 23 -2 15 -9 -6 28 19 25 -13 -5 -16 -8 -23 -12 -3 -19 -11 -7
right_child=5 2 4 9 7 29 8 14 -10 17 18 20 -14 -15 22 -17 -18 27 -20 -21 -22 24 -24 -25 -26 -27 -28 -29 -30 -31
leaf_value=5.6404726933643573e-07 -9.9237403339402634e-07 -1.0820703857241939e-06 -1.0820703857241939e-06 -1.0820703857241939e-06 -1.0820703857241939e-06 -6.1037122429670963e-07 -1.0820703857241939e-06 -1.0820703857241939e-06 -3.8313338267611022e-07 -1.0820703857241939e-06 -1.0820703857241939e-06 -1.0820703857241939e-06 -6.8347325536286241e-11 -1.0014825639491737e-06 -1.0820703857241939e-06 -1.0820703857241939e-06 -1.0820703857241939e-06 -1.0820703857241939e-06 -1.0820703857241939e-06 -1.0820703857241939e-06 -1.0820703857241939e-06 -1.0820703857241939e-06 -1.0820703857241939e-06 -1.0820703857241939e-06 -1.0820703857241939e-06 -1.0820703857241939e-06 -1.0820703857241939e-06 -1.0820703857241939e-06 -1.0820703857241939e-06 0.00011572649405334054
leaf_weight=23884 3849 779 3288 993 8637 1096171 1802 17787 56735 2562 2897 2184 5768 2217 4806 3083 1514 5064 3405 1139 6373 1024 6862 2407 3118 3429 2206 3883 445 37480
leaf_count=23884 3849 779 3288 993 8637 1096171 1802 17787 56735 2562 2897 2184 5768 2217 4806 3083 1514 5064 3405 1139 6373 1024 6862 2407 3118 3429 2206 3883 445 37480
internal_value=-0.000553503 -0.00556446 -0.00712275 -0.0133197 -0.00522185 -9.92638e-05 -0.00184866 -0.00406022 -0.000759084 -0.0115194 -0.00942647 -0.00663673 -0.00387541 -0.0138345 -0.00257883 -0.00165709 -0.00476774 -0.00983604 -0.00795308 -0.00664548 -0.00883798 -0.0154382 -0.00422247 -0.00697434 -0.0142178 -0.00563073 -0.0236265 -0.00876439 -0.0130246 1.30596e-05
internal_weight=1.31579e+06 109362 85478 20074 65404 1.20643e+06 72778 51246 66712 17089 14158 18708 9977 6066 32538 20870 10151 11954 10870 7465 8557 5135 11668 4209 4142 6326 2985 8947 3007 1.13365e+06
internal_count=1315791 109362 85478 20074 65404 1206429 72778 51246 66712 17089 14158 18708 9977 6066 32538 20870 10151 11954 10870 7465 8557 5135 11668 4209 4142 6326 2985 8947 3007 1133651
cat_boundaries=0 1 2 3 4 5 6
cat_threshold=7 32 64 64 64 64
is_linear=0
shrinkage=0.05


Tree=141
num_leaves=31
num_cat=7
split_feature=6 1 7 7 6 1 7 7 7 6 6 1 6 6 1 3 3 2 1 3 3 6 3 3 7 7 6 1 3 0
split_gain=1198.13 380.148 402.889 148.993 127.779 94.5877 380.387 78.2386 45.6379 45.0924 40.6439 30.4497 27.9664 25.6951 19.6622 32.1117 17.7213 16.3388 15.4353 17.3782 13.8522 12.7604 11.8729 8.84 7.9779 7.5737 7.56632 7.51698 7.29208 7.12828
threshold=12.395871386706281 0 0.065131907865817476 0.029154964549149176 11.990580988694822 1 0.050253005740114598 0.086387359317017867 0.066817926249645027 12.031923105590947 11.583360624843122 2 12.655801817186282 12.937343182529457 3 5.5000000000000009 5.5000000000000009 9.5000000000000018 4 5.5000000000000009 1.5000000000000002 11.583360624843122 2.5000000000000004 2.5000000000000004 0.042552736117973319 0.093791546260364872 11.990580988694822 5 5.5000000000000009 6
decision_type=2 1 2 2 2 1 2 2 2 2 2 1 2 2 1 2 2 2 1 2 2 2 2 2 2 2 2 1 2 1
left_child=1 -1 3 26 10 6 13 11 12 21 -4 16 23 -2 15 -9 -6 28 19 25 -13 -5 -16 -8 -23 -12 -3 -19 -11 -7
right_child=5 2 4 9 7 29 8 14 -10 17 18 20 -14 -15 22 -17 -18 27 -20 -21 -22 24 -24 -25 -26 -27 -28 -29 -30 -31
leaf_value=5.3584490586964626e-07 -9.4275533172432504e-07 -1.0279668664379842e-06 -1.0279668664379842e-06 -1.0279668664379842e-06 -1.0279668664379842e-06 1.4052608506463485e-05 -1.0279668664379842e-06 -1.0279668664379842e-06 -3.6397671354230474e-07 -1.0279668664379842e-06 -1.0279668664379842e-06 -1.0279668664379842e-06 -6.4929959259471925e-11 -9.5140843575171496e-07 -1.0279668664379842e-06 -1.0279668664379842e-06 -1.0279668664379842e-06 -1.0279668664379842e-06 -1.0279668664379842e-06 -1.0279668664379842e-06 -1.0279668664379842e-06 -1.0279668664379842e-06 -1.0279668664379842e-06 -1.0279668664379842e-06 -1.0279668664379842e-06 -1.0279668664379842e-06 -1.0279668664379842e-06 -1.0279668664379842e-06 -1.0279668664379842e-06 -4.3907979699226799e-06
leaf_weight=23884 3849 779 3288 993 8637 332919 1802 17787 56735 2562 2897 2184 5768 2217 4806 3083 1514 5064 3405 1139 6373 1024 6862 2407 3118 3429 2206 3883 445 800732
leaf_count=23884 3849 779 3288 993 8637 332919 1802 17787 56735 2562 2897 2184 5768 2217 4806 3083 1514 5064 3405 1139 6373 1024 6862 2407 3118 3429 2206 3883 445 800732
internal_value=-0.000553655 -0.00556491 -0.00712275 -0.0133197 -0.00522185 -9.93882e-05 -0.0018466 -0.00406022 -0.000756835 -0.0115194 -0.00942647 -0.00663673 -0.00387541 -0.0138345 -0.00257883 -0.00165709 -0.00476774 -0.00983604 -0.00795308 -0.00664548 -0.00883798 -0.0154382 -0.00422247 -0.00697434 -0.0142178 -0.00563073 -0.0236265 -0.00876439 -0.0130246 1.2795e-05
internal_weight=1.31579e+06 109362 85478 20074 65404 1.20643e+06 72778 51246 66712 17089 14158 18708 9977 6066 32538 20870 10151 11954 10870 7465 8557 5135 11668 4209 4142 6326 2985 8947 3007 1.13365e+06
internal_count=1315791 109362 85478 20074 65404 1206429 72778 51246 66712 17089 14158 18708 9977 6066 32538 20870 10151 11954 10870 7465 8557 5135 11668 4209 4142 6326 2985 8947 3007 1133651
cat_boundaries=0 1 2 3 4 5 6 7
cat_threshold=7 32 64 64 64 64 8557321
is_linear=0
shrinkage=0.05


Tree=142
num_leaves=31
num_cat=6
split_feature=6 1 7 7 1 7 6 6 7 6 6 6 7 6 1 3 1 3 3 7 7 1 3 6 3 7 1 6 3 2
split_gain=1197.53 294.22 345.98 157.876 149.923 432.498 92.4279 68.9812 57.7636 35.0484 32.9302 32.9054 32.4777 29.3633 26.5073 35.685 21.9561 17.7295 14.8748 12.1329 11.5142 10.9548 12.5135 10.0028 22.0902 11.7898 28.3955 9.92535 9.44352 8.85459
threshold=12.342999049824568 0 0.075995310721284556 0.029154964549149176 1 0.049684397321221409 11.990580988694822 11.79893450632702 0.066162824367806392 12.395871386706281 12.937343182529457 11.583360624843122 0.045771777356362224 12.655801817186282 2 5.5000000000000009 3 5.5000000000000009 2.5000000000000004 0.08960462641287327 0.093791546260364872 4 5.5000000000000009 12.524089917644028 5.5000000000000009 0.081409608983975507 5 12.482153937926691 3.5000000000000004 19.500000000000004
decision_type=2 1 2 2 1 2 2 2 2 2 2 2 2 2 1 2 1 2 2 2 2 1 2 2 2 2 1 2 2 2
left_child=1 -1 3 -3 5 10 11 -5 13 20 27 -4 -9 28 15 -8 17 29 -18 -16 -10 22 -13 24 25 26 -6 -2 -7 -14
right_child=4 2 6 7 23 8 14 12 9 -11 -12 21 16 -15 19 -17 18 -19 -20 -21 -22 -23 -24 -25 -26 -27 -28 -29 -30 -31
leaf_value=-7.613951441407786e-06 -9.7656852311608497e-07 -9.7656852311608497e-07 -9.7656852311608497e-07 -9.7656852311608497e-07 2.1948167040834172e-05 -9.7656852311608497e-07 -9.7656852311608497e-07 -9.7656852311608497e-07 -9.7656852311608497e-07 -3.4577476913346338e-07 -9.0383801396412918e-07 -9.7656852311608497e-07 -9.7656852311608497e-07 -6.168346129649833e-11 -9.7656852311608497e-07 -9.7656852311608497e-07 -9.7656852311608497e-07 -9.7656852311608497e-07 -9.7656852311608497e-07 -9.7656852311608497e-07 -9.7656852311608497e-07 -9.7656852311608497e-07 -9.7656852311608497e-07 1.8614111459775565e-06 -8.7456147499079693e-05 0.00012955161693174253 -1.882136356837034e-05 -8.9561756513810886e-07 -9.7656852311608497e-07 -9.7656852311608497e-07
leaf_weight=16385 1130 2445 2708 3228 14943 2804 18471 3584 2267 58041 2217 5412 6234 4858 2923 3230 3566 1507 5054 8206 2387 2570 978 1091925 8119 22167 10472 3249 2171 2540
leaf_count=16385 1130 2445 2708 3228 14943 2804 18471 3584 2267 58041 2217 5412 6234 4858 2923 3230 3566 1507 5054 8206 2387 2570 978 1091925 8119 22167 10472 3249 2171 2540
internal_value=-0.000554947 -0.00615385 -0.00751823 -0.0118567 -0.000148563 -0.00225352 -0.0047746 -0.0107022 -0.00113901 -0.00058019 -0.0145118 -0.00859702 -0.00972092 -0.00470202 -0.00341608 -0.00239487 -0.00889344 -0.00730201 -0.0107706 -0.00540039 -0.00475505 -0.00713728 -0.00599219 -3.41553e-06 -0.00065699 -0.000245681 -0.00098072 -0.0170256 -0.00740201 -0.0064486
internal_weight=1.31579e+06 89041 72656 28158 1.22675e+06 79124 44498 25713 72528 62695 6596 11668 22485 9833 32830 21701 18901 10281 8620 11129 4654 8960 6390 1.14763e+06 55701 47582 25415 4379 4975 8774
internal_count=1315791 89041 72656 28158 1226750 79124 44498 25713 72528 62695 6596 11668 22485 9833 32830 21701 18901 10281 8620 11129 4654 8960 6390 1147626 55701 47582 25415 4379 4975 8774
cat_boundaries=0 1 2 3 4 5 6
cat_threshold=7 32 64 64 64 1
is_linear=0
shrinkage=0.05


Tree=143
num_leaves=31
num_cat=7
split_feature=6 1 7 7 1 7 6 6 7 6 6 6 7 6 1 3 1 3 3 7 7 1 3 6 3 2 7 1 3 1
split_gain=1201.05 294.705 345.98 157.876 151.343 432.498 92.4279 68.9812 57.7636 35.0484 32.9302 32.9054 32.4777 29.3633 26.5073 35.685 21.9561 17.7295 14.8748 12.1329 11.5142 10.9548 12.5135 9.92535 9.44352 8.85459 8.49224 11.3978 13.4331 24.5892
threshold=12.342999049824568 0 0.075995310721284556 0.029154964549149176 1 0.049684397321221409 11.990580988694822 11.79893450632702 0.066162824367806392 12.395871386706281 12.937343182529457 11.583360624843122 0.045771777356362224 12.655801817186282 2 5.5000000000000009 3 5.5000000000000009 2.5000000000000004 0.08960462641287327 0.093791546260364872 4 5.5000000000000009 12.482153937926691 3.5000000000000004 19.500000000000004 0.093177700429382962 5 3.5000000000000004 6
decision_type=2 1 2 2 1 2 2 2 2 2 2 2 2 2 1 2 1 2 2 2 2 1 2 2 2 2 2 1 2 1
left_child=1 -1 3 -3 5 10 11 -5 13 20 23 -4 -9 24 15 -8 17 25 -18 -16 -10 22 -13 -2 -7 -14 -6 -28 -29 -30
right_child=4 2 6 7 26 8 14 12 9 -11 -12 21 16 -15 19 -17 18 -19 -20 -21 -22 -23 -24 -25 -26 -27 27 28 29 -31
leaf_value=-7.2332538693373683e-06 -9.2774009696028062e-07 -9.2774009696028062e-07 -9.2774009696028062e-07 -9.2774009696028062e-07 -2.3955388919161109e-06 -9.2774009696028062e-07 -9.2774009696028062e-07 -9.2774009696028062e-07 -9.2774009696028062e-07 -3.2848603067679017e-07 -8.5864611326592272e-07 -9.2774009696028062e-07 -9.2774009696028062e-07 -5.8599288231673411e-11 -9.2774009696028062e-07 -9.2774009696028062e-07 -9.2774009696028062e-07 -9.2774009696028062e-07 -9.2774009696028062e-07 -9.2774009696028062e-07 -9.2774009696028062e-07 -9.2774009696028062e-07 -9.2774009696028062e-07 -8.5083668688120348e-07 -9.2774009696028062e-07 -9.2774009696028062e-07 0.00021547799717145483 -2.5916647016612705e-05 0.00014493910703697622 -6.3982879657642068e-05
leaf_weight=16385 1130 2445 2708 3228 870261 2804 18471 3584 2267 58041 2217 5412 6234 4858 2923 3230 3566 1507 5054 8206 2387 2570 978 3249 2171 2540 47351 130584 66584 32846
leaf_count=16385 1130 2445 2708 3228 870261 2804 18471 3584 2267 58041 2217 5412 6234 4858 2923 3230 3566 1507 5054 8206 2387 2570 978 3249 2171 2540 47351 130584 66584 32846
internal_value=-0.000545599 -0.00615273 -0.00751823 -0.0118567 -0.000138618 -0.00225352 -0.0047746 -0.0107022 -0.00113901 -0.00058019 -0.0145118 -0.00859702 -0.00972092 -0.00470202 -0.00341608 -0.00239487 -0.00889344 -0.00730201 -0.0107706 -0.00540039 -0.00475505 -0.00713728 -0.00599219 -0.0170256 -0.00740201 -0.0064486 7.21502e-06 0.000248139 0.000102685 0.000540581
internal_weight=1.31579e+06 89041 72656 28158 1.22675e+06 79124 44498 25713 72528 62695 6596 11668 22485 9833 32830 21701 18901 10281 8620 11129 4654 8960 6390 4379 4975 8774 1.14763e+06 277365 230014 99430
internal_count=1315791 89041 72656 28158 1226750 79124 44498 25713 72528 62695 6596 11668 22485 9833 32830 21701 18901 10281 8620 11129 4654 8960 6390 4379 4975 8774 1147626 277365 230014 99430
cat_boundaries=0 1 2 3 4 5 6 7
cat_threshold=7 32 64 64 64 80 6
is_linear=0
shrinkage=0.05


Tree=144
num_leaves=31
num_cat=5
split_feature=6 1 7 7 1 7 6 6 7 6 6 6 7 6 1 3 1 3 3 7 7 1 3 6 3 2 3 3 7 2
split_gain=1206.68 294.947 345.98 157.876 152.99 432.721 92.4279 68.9812 57.8754 35.1154 32.9302 32.9054 32.4777 29.3633 26.5073 35.685 21.9561 17.7295 14.8748 12.1329 11.5142 10.9548 12.5135 9.92535 9.44352 8.85459 8.26584 7.85397 7.51563 7.14547
threshold=12.342999049824568 0 0.075995310721284556 0.029154964549149176 1 0.049684397321221409 11.990580988694822 11.79893450632702 0.066162824367806392 12.395871386706281 12.937343182529457 11.583360624843122 0.045771777356362224 12.655801817186282 2 5.5000000000000009 3 5.5000000000000009 2.5000000000000004 0.08960462641287327 0.093791546260364872 4 5.5000000000000009 12.482153937926691 3.5000000000000004 19.500000000000004 2.5000000000000004 5.5000000000000009 0.019763022229152726 15.500000000000002
decision_type=2 1 2 2 1 2 2 2 2 2 2 2 2 2 1 2 1 2 2 2 2 1 2 2 2 2 2 2 2 2
left_child=1 -1 3 -3 5 10 11 -5 13 20 23 -4 27 24 15 29 17 25 -18 -16 -10 22 -13 -2 -7 -14 -21 -9 -6 -8
right_child=4 2 6 7 28 8 14 12 9 -11 -12 21 16 -15 19 -17 18 -19 -20 26 -22 -23 -24 -25 -26 -27 -28 -29 -30 -31
leaf_value=-6.8715911758704884e-06 -8.8135309211226673e-07 -8.8135309211226673e-07 -8.8135309211226673e-07 -8.8135309211226673e-07 -0.00040514914262322773 -8.8135309211226673e-07 -8.8135309211226673e-07 -8.8135309211226673e-07 -8.8135309211226673e-07 -3.1206172914295071e-07 -8.1571380760262666e-07 -8.8135309211226673e-07 -8.8135309211226673e-07 -5.5669323820089739e-11 -8.8135309211226673e-07 -8.8135309211226673e-07 -8.8135309211226673e-07 -8.8135309211226673e-07 -8.8135309211226673e-07 -8.8135309211226673e-07 -8.8135309211226673e-07 -8.8135309211226673e-07 -8.8135309211226673e-07 -8.0829485253714331e-07 -8.8135309211226673e-07 -8.8135309211226673e-07 -8.8135309211226673e-07 -8.8135309211226673e-07 5.9200294006329462e-07 -8.8135309211226673e-07
leaf_weight=16385 1130 2445 2708 3228 3636 2804 9059 3063 2267 58041 2217 5412 6234 4858 2923 3230 3566 1507 5054 3375 2387 2570 978 3249 2171 2540 4831 521 1143990 9412
leaf_count=16385 1130 2445 2708 3228 3636 2804 9059 3063 2267 58041 2217 5412 6234 4858 2923 3230 3566 1507 5054 3375 2387 2570 978 3249 2171 2540 4831 521 1143990 9412
internal_value=-0.000531919 -0.00615217 -0.00751823 -0.0118567 -0.000123986 -0.00225036 -0.0047746 -0.0107022 -0.00113556 -0.000576202 -0.0145118 -0.00859702 -0.00972092 -0.00470202 -0.00341608 -0.00239487 -0.00889344 -0.00730201 -0.0107706 -0.00540039 -0.00475505 -0.00713728 -0.00599219 -0.0170256 -0.00740201 -0.0064486 -0.00441994 -0.0140848 2.2638e-05 -0.0015481
internal_weight=1.31579e+06 89041 72656 28158 1.22675e+06 79124 44498 25713 72528 62695 6596 11668 22485 9833 32830 21701 18901 10281 8620 11129 4654 8960 6390 4379 4975 8774 8206 3584 1.14763e+06 18471
internal_count=1315791 89041 72656 28158 1226750 79124 44498 25713 72528 62695 6596 11668 22485 9833 32830 21701 18901 10281 8620 11129 4654 8960 6390 4379 4975 8774 8206 3584 1147626 18471
cat_boundaries=0 1 2 3 4 5
cat_threshold=7 32 64 64 64
is_linear=0
shrinkage=0.05


Tree=145
num_leaves=31
num_cat=5
split_feature=6 1 7 7 1 7 6 6 7 6 6 6 7 6 1 3 1 3 3 7 7 1 3 6 3 2 3 3 2 5
split_gain=1206.38 295.433 345.98 157.876 153.042 432.721 92.4279 68.9812 57.8754 35.1154 32.9302 32.9054 32.4777 29.3633 26.5073 35.685 21.9561 17.7295 14.8748 12.1329 11.5142 10.9548 12.5135 9.92535 9.44352 8.85459 8.26584 7.85397 7.14547 7.09926
threshold=12.342999049824568 0 0.075995310721284556 0.029154964549149176 1 0.049684397321221409 11.990580988694822 11.79893450632702 0.066162824367806392 12.395871386706281 12.937343182529457 11.583360624843122 0.045771777356362224 12.655801817186282 2 5.5000000000000009 3 5.5000000000000009 2.5000000000000004 0.08960462641287327 0.093791546260364872 4 5.5000000000000009 12.482153937926691 3.5000000000000004 19.500000000000004 2.5000000000000004 5.5000000000000009 15.500000000000002 5.5000000000000009
decision_type=2 1 2 2 1 2 2 2 2 2 2 2 2 2 1 2 1 2 2 2 2 1 2 2 2 2 2 2 2 2
left_child=1 -1 3 -3 5 10 11 -5 13 20 23 -4 27 24 15 28 17 25 -18 -16 -10 22 -13 -2 -7 -14 -21 -9 -8 -6
right_child=4 2 6 7 29 8 14 12 9 -11 -12 21 16 -15 19 -17 18 -19 -20 26 -22 -23 -24 -25 -26 -27 -28 -29 -30 -31
leaf_value=-6.5280116170769522e-06 -8.3728543750665331e-07 -8.3728543750665331e-07 -8.3728543750665331e-07 -8.3728543750665331e-07 4.6954785319361623e-06 -8.3728543750665331e-07 -8.3728543750665331e-07 -8.3728543750665331e-07 -8.3728543750665331e-07 -2.9645864268580318e-07 -7.7492811722249535e-07 -8.3728543750665331e-07 -8.3728543750665331e-07 -5.2885857629085251e-11 -8.3728543750665331e-07 -8.3728543750665331e-07 -8.3728543750665331e-07 -8.3728543750665331e-07 -8.3728543750665331e-07 -8.3728543750665331e-07 -8.3728543750665331e-07 -8.3728543750665331e-07 -8.3728543750665331e-07 -7.6788010991028613e-07 -8.3728543750665331e-07 -8.3728543750665331e-07 -8.3728543750665331e-07 -8.3728543750665331e-07 -8.3728543750665331e-07 -1.1510895053499195e-05
leaf_weight=16385 1130 2445 2708 3228 782628 2804 9059 3063 2267 58041 2217 5412 6234 4858 2923 3230 3566 1507 5054 3375 2387 2570 978 3249 2171 2540 4831 521 9412 364998
leaf_count=16385 1130 2445 2708 3228 782628 2804 9059 3063 2267 58041 2217 5412 6234 4858 2923 3230 3566 1507 5054 3375 2387 2570 978 3249 2171 2540 4831 521 9412 364998
internal_value=-0.000531501 -0.00615104 -0.00751823 -0.0118567 -0.000123619 -0.00225036 -0.0047746 -0.0107022 -0.00113556 -0.000576202 -0.0145118 -0.00859702 -0.00972092 -0.00470202 -0.00341608 -0.00239487 -0.00889344 -0.00730201 -0.0107706 -0.00540039 -0.00475505 -0.00713728 -0.00599219 -0.0170256 -0.00740201 -0.0064486 -0.00441994 -0.0140848 -0.0015481 2.30301e-05
internal_weight=1.31579e+06 89041 72656 28158 1.22675e+06 79124 44498 25713 72528 62695 6596 11668 22485 9833 32830 21701 18901 10281 8620 11129 4654 8960 6390 4379 4975 8774 8206 3584 18471 1.14763e+06
internal_count=1315791 89041 72656 28158 1226750 79124 44498 25713 72528 62695 6596 11668 22485 9833 32830 21701 18901 10281 8620 11129 4654 8960 6390 4379 4975 8774 8206 3584 18471 1147626
cat_boundaries=0 1 2 3 4 5
cat_threshold=7 32 64 64 64
is_linear=0
shrinkage=0.05


Tree=146
num_leaves=31
num_cat=5
split_feature=6 1 7 7 1 7 6 6 7 6 6 6 7 6 1 3 1 3 3 7 7 1 3 6 3 2 3 3 2 7
split_gain=1200.72 296.161 345.98 157.876 150.801 432.944 92.4279 68.9812 57.9873 35.1824 32.9302 32.9054 32.4777 29.3633 26.5073 35.685 21.9561 17.7295 14.8748 12.1329 11.5142 10.9548 12.5135 9.92535 9.44352 8.85459 8.26584 7.85397 7.14547 7.1239
threshold=12.342999049824568 0 0.075995310721284556 0.029154964549149176 1 0.049684397321221409 11.990580988694822 11.79893450632702 0.066162824367806392 12.395871386706281 12.937343182529457 11.583360624843122 0.045771777356362224 12.655801817186282 2 5.5000000000000009 3 5.5000000000000009 2.5000000000000004 0.08960462641287327 0.093791546260364872 4 5.5000000000000009 12.482153937926691 3.5000000000000004 19.500000000000004 2.5000000000000004 5.5000000000000009 15.500000000000002 0.047327318174891456
decision_type=2 1 2 2 1 2 2 2 2 2 2 2 2 2 1 2 1 2 2 2 2 1 2 2 2 2 2 2 2 2
left_child=1 -1 3 -3 5 10 11 -5 13 20 23 -4 27 24 15 28 17 25 -18 -16 -10 22 -13 -2 -7 -14 -21 -9 -8 -6
right_child=4 2 6 7 29 8 14 12 9 -11 -12 21 16 -15 19 -17 18 -19 -20 26 -22 -23 -24 -25 -26 -27 -28 -29 -30 -31
leaf_value=-6.2016110362232498e-06 -7.954211656313206e-07 -7.954211656313206e-07 -7.954211656313206e-07 -7.954211656313206e-07 -6.3347385583423902e-06 -7.954211656313206e-07 -7.954211656313206e-07 -7.954211656313206e-07 -7.954211656313206e-07 -2.8163571055151297e-07 -7.361817113613706e-07 -7.954211656313206e-07 -7.954211656313206e-07 -5.0241564747630986e-11 -7.954211656313206e-07 -7.954211656313206e-07 -7.954211656313206e-07 -7.954211656313206e-07 -7.954211656313206e-07 -7.954211656313206e-07 -7.954211656313206e-07 -7.954211656313206e-07 -7.954211656313206e-07 -7.2948610441477187e-07 -7.954211656313206e-07 -7.954211656313206e-07 -7.954211656313206e-07 -7.954211656313206e-07 -7.954211656313206e-07 6.3832979745860892e-06
leaf_weight=16385 1130 2445 2708 3228 291190 2804 9059 3063 2267 58041 2217 5412 6234 4858 2923 3230 3566 1507 5054 3375 2387 2570 978 3249 2171 2540 4831 521 9412 856436
leaf_count=16385 1130 2445 2708 3228 291190 2804 9059 3063 2267 58041 2217 5412 6234 4858 2923 3230 3566 1507 5054 3375 2387 2570 978 3249 2171 2540 4831 521 9412 856436
internal_value=-0.000543015 -0.00614936 -0.00751823 -0.0118567 -0.000136091 -0.0022472 -0.0047746 -0.0107022 -0.00113211 -0.000572214 -0.0145118 -0.00859702 -0.00972092 -0.00470202 -0.00341608 -0.00239487 -0.00889344 -0.00730201 -0.0107706 -0.00540039 -0.00475505 -0.00713728 -0.00599219 -0.0170256 -0.00740201 -0.0064486 -0.00441994 -0.0140848 -0.0015481 9.48054e-06
internal_weight=1.31579e+06 89041 72656 28158 1.22675e+06 79124 44498 25713 72528 62695 6596 11668 22485 9833 32830 21701 18901 10281 8620 11129 4654 8960 6390 4379 4975 8774 8206 3584 18471 1.14763e+06
internal_count=1315791 89041 72656 28158 1226750 79124 44498 25713 72528 62695 6596 11668 22485 9833 32830 21701 18901 10281 8620 11129 4654 8960 6390 4379 4975 8774 8206 3584 18471 1147626
cat_boundaries=0 1 2 3 4 5
cat_threshold=7 32 64 64 64
is_linear=0
shrinkage=0.05


Tree=147
num_leaves=31
num_cat=5
split_feature=6 1 7 7 1 7 6 6 6 7 7 6 6 7 6 1 3 1 3 3 7 7 1 3 6 3 2 3 3 2
split_gain=1207.67 296.891 345.98 157.876 122.174 272.824 144.783 92.4279 68.9812 57.935 42.5631 35.1824 32.9054 32.4777 29.3508 26.5073 35.685 21.9561 17.7295 14.8748 12.1329 11.5142 10.9548 12.5135 9.96498 9.40623 8.85459 8.26584 7.85397 7.14547
threshold=12.342999049824568 0 0.075995310721284556 0.029154964549149176 1 0.050253005740114598 12.937343182529457 11.990580988694822 11.79893450632702 0.066162824367806392 0.028165668868557519 12.395871386706281 11.583360624843122 0.045771777356362224 12.655801817186282 2 5.5000000000000009 3 5.5000000000000009 2.5000000000000004 0.08960462641287327 0.093791546260364872 4 5.5000000000000009 12.482153937926691 3.5000000000000004 19.500000000000004 2.5000000000000004 5.5000000000000009 15.500000000000002
decision_type=2 1 2 2 1 2 2 2 2 2 2 2 2 2 2 1 2 1 2 2 2 2 1 2 2 2 2 2 2 2
left_child=1 -1 3 -3 5 6 24 12 -5 14 -8 21 -4 28 25 16 29 18 26 -19 -17 -11 23 -14 -2 -7 -15 -22 -10 -9
right_child=4 2 7 8 -6 9 10 15 13 11 -12 -13 22 17 -16 20 -18 19 -20 -21 27 -23 -24 -25 -26 -27 -28 -29 -30 -31
leaf_value=-5.8915304844119539e-06 -7.556501073497545e-07 -7.556501073497545e-07 -7.556501073497545e-07 -7.556501073497545e-07 3.110563068407283e-07 -7.556501073497545e-07 1.3384995830976144e-08 -7.556501073497545e-07 -7.556501073497545e-07 -7.556501073497545e-07 -7.0055033273891896e-06 -2.6755392502393734e-07 -7.556501073497545e-07 -7.556501073497545e-07 -4.7729486510249437e-11 -7.556501073497545e-07 -7.556501073497545e-07 -7.556501073497545e-07 -7.556501073497545e-07 -7.556501073497545e-07 -7.556501073497545e-07 -7.556501073497545e-07 -7.556501073497545e-07 -7.556501073497545e-07 -6.9301179919403333e-07 -7.556501073497545e-07 -7.556501073497545e-07 -7.556501073497545e-07 -7.556501073497545e-07 -7.556501073497545e-07
leaf_weight=16385 1130 2445 2708 3228 1147626 2801 1207 9059 3063 2267 1010 58041 5412 6234 4858 2923 3230 3566 1507 5054 3375 2387 2570 978 3253 2170 2540 4831 521 9412
leaf_count=16385 1130 2445 2708 3228 1147626 2801 1207 9059 3063 2267 1010 58041 5412 6234 4858 2923 3230 3566 1507 5054 3375 2387 2570 978 3253 2170 2540 4831 521 9412
internal_value=-0.000525117 -0.00614767 -0.00751823 -0.0118567 -0.000117016 -0.00201721 -0.01175 -0.0047746 -0.0107022 -0.00113176 -0.00133739 -0.000572214 -0.00859702 -0.00972092 -0.00470088 -0.00341608 -0.00239487 -0.00889344 -0.00730201 -0.0107706 -0.00540039 -0.00475505 -0.00713728 -0.00599219 -0.0170169 -0.00740193 -0.0064486 -0.00441994 -0.0140848 -0.0015481
internal_weight=1.31579e+06 89041 72656 28158 1.22675e+06 79124 6600 44498 25713 72524 2217 62695 11668 22485 9829 32830 21701 18901 10281 8620 11129 4654 8960 6390 4383 4971 8774 8206 3584 18471
internal_count=1315791 89041 72656 28158 1226750 79124 6600 44498 25713 72524 2217 62695 11668 22485 9829 32830 21701 18901 10281 8620 11129 4654 8960 6390 4383 4971 8774 8206 3584 18471
cat_boundaries=0 1 2 3 4 5
cat_threshold=7 32 64 64 64
is_linear=0
shrinkage=0.05


Tree=148
num_leaves=31
num_cat=5
split_feature=6 1 7 7 1 7 6 6 6 7 7 6 6 7 6 1 3 1 3 3 7 7 1 3 6 3 2 3 3 2
split_gain=1207.35 297.134 345.98 157.876 122.061 272.859 144.783 92.4279 68.9812 57.9574 42.5631 35.1958 32.9054 32.4777 29.3508 26.5073 35.685 21.9561 17.7295 14.8748 12.1329 11.5142 10.9548 12.5135 9.96498 9.40623 8.85459 8.26584 7.85397 7.14547
threshold=12.342999049824568 0 0.075995310721284556 0.029154964549149176 1 0.050253005740114598 12.937343182529457 11.990580988694822 11.79893450632702 0.066162824367806392 0.028165668868557519 12.395871386706281 11.583360624843122 0.045771777356362224 12.655801817186282 2 5.5000000000000009 3 5.5000000000000009 2.5000000000000004 0.08960462641287327 0.093791546260364872 4 5.5000000000000009 12.482153937926691 3.5000000000000004 19.500000000000004 2.5000000000000004 5.5000000000000009 15.500000000000002
decision_type=2 1 2 2 1 2 2 2 2 2 2 2 2 2 2 1 2 1 2 2 2 2 1 2 2 2 2 2 2 2
left_child=1 -1 3 -3 5 6 24 12 -5 14 -8 21 -4 28 25 16 29 18 26 -19 -17 -11 23 -14 -2 -7 -15 -22 -10 -9
right_child=4 2 7 8 -6 9 10 15 13 11 -12 -13 22 17 -16 20 -18 19 -20 -21 27 -23 -24 -25 -26 -27 -28 -29 -30 -31
leaf_value=-5.5969539601912404e-06 -7.1786760198226688e-07 -7.1786760198226688e-07 -7.1786760198226688e-07 -7.1786760198226688e-07 2.955034914986919e-07 -7.1786760198226688e-07 1.2715746039427337e-08 -7.1786760198226688e-07 -7.1786760198226688e-07 -7.1786760198226688e-07 -6.6552281610197302e-06 -2.5417622877274047e-07 -7.1786760198226688e-07 -7.1786760198226688e-07 -4.5343012184736963e-11 -7.1786760198226688e-07 -7.1786760198226688e-07 -7.1786760198226688e-07 -7.1786760198226688e-07 -7.1786760198226688e-07 -7.1786760198226688e-07 -7.1786760198226688e-07 -7.1786760198226688e-07 -7.1786760198226688e-07 -6.5836120923433158e-07 -7.1786760198226688e-07 -7.1786760198226688e-07 -7.1786760198226688e-07 -7.1786760198226688e-07 -7.1786760198226688e-07
leaf_weight=16385 1130 2445 2708 3228 1147626 2801 1207 9059 3063 2267 1010 58041 5412 6234 4858 2923 3230 3566 1507 5054 3375 2387 2570 978 3253 2170 2540 4831 521 9412
leaf_count=16385 1130 2445 2708 3228 1147626 2801 1207 9059 3063 2267 1010 58041 5412 6234 4858 2923 3230 3566 1507 5054 3375 2387 2570 978 3253 2170 2540 4831 521 9412
internal_value=-0.000525307 -0.00614711 -0.00751823 -0.0118567 -0.000117261 -0.00201658 -0.01175 -0.0047746 -0.0107022 -0.00113107 -0.00133739 -0.000571417 -0.00859702 -0.00972092 -0.00470088 -0.00341608 -0.00239487 -0.00889344 -0.00730201 -0.0107706 -0.00540039 -0.00475505 -0.00713728 -0.00599219 -0.0170169 -0.00740193 -0.0064486 -0.00441994 -0.0140848 -0.0015481
internal_weight=1.31579e+06 89041 72656 28158 1.22675e+06 79124 6600 44498 25713 72524 2217 62695 11668 22485 9829 32830 21701 18901 10281 8620 11129 4654 8960 6390 4383 4971 8774 8206 3584 18471
internal_count=1315791 89041 72656 28158 1226750 79124 6600 44498 25713 72524 2217 62695 11668 22485 9829 32830 21701 18901 10281 8620 11129 4654 8960 6390 4383 4971 8774 8206 3584 18471
cat_boundaries=0 1 2 3 4 5
cat_threshold=7 32 64 64 64
is_linear=0
shrinkage=0.05


Tree=149
num_leaves=31
num_cat=5
split_feature=6 1 7 7 1 7 6 6 6 7 7 6 6 7 6 1 3 1 3 3 7 7 1 3 6 3 2 3 3 2
split_gain=1206.83 297.621 345.98 157.876 122.04 272.859 144.783 92.4279 68.9812 57.9574 42.5631 35.1958 32.9054 32.4777 29.3508 26.5073 35.685 21.9561 17.7295 14.8748 12.1329 11.5142 10.9548 12.5135 9.96498 9.40623 8.85459 8.26584 7.85397 7.14547
threshold=12.342999049824568 0 0.075995310721284556 0.029154964549149176 1 0.050253005740114598 12.937343182529457 11.990580988694822 11.79893450632702 0.066162824367806392 0.028165668868557519 12.395871386706281 11.583360624843122 0.045771777356362224 12.655801817186282 2 5.5000000000000009 3 5.5000000000000009 2.5000000000000004 0.08960462641287327 0.093791546260364872 4 5.5000000000000009 12.482153937926691 3.5000000000000004 19.500000000000004 2.5000000000000004 5.5000000000000009 15.500000000000002
decision_type=2 1 2 2 1 2 2 2 2 2 2 2 2 2 2 1 2 1 2 2 2 2 1 2 2 2 2 2 2 2
left_child=1 -1 3 -3 5 6 24 12 -5 14 -8 21 -4 28 25 16 29 18 26 -19 -17 -11 23 -14 -2 -7 -15 -22 -10 -9
right_child=4 2 7 8 -6 9 10 15 13 11 -12 -13 22 17 -16 20 -18 19 -20 -21 27 -23 -24 -25 -26 -27 -28 -29 -30 -31
leaf_value=-5.3171062621816322e-06 -6.8197422188315347e-07 -6.8197422188315347e-07 -6.8197422188315347e-07 -6.8197422188315347e-07 2.8072831692375728e-07 -6.8197422188315347e-07 1.207995873745597e-08 -6.8197422188315347e-07 -6.8197422188315347e-07 -6.8197422188315347e-07 -6.3224667529687445e-06 -2.4146741733410342e-07 -6.8197422188315347e-07 -6.8197422188315347e-07 -4.3075861575500116e-11 -6.8197422188315347e-07 -6.8197422188315347e-07 -6.8197422188315347e-07 -6.8197422188315347e-07 -6.8197422188315347e-07 -6.8197422188315347e-07 -6.8197422188315347e-07 -6.8197422188315347e-07 -6.8197422188315347e-07 -6.2544314877261497e-07 -6.8197422188315347e-07 -6.8197422188315347e-07 -6.8197422188315347e-07 -6.8197422188315347e-07 -6.8197422188315347e-07
leaf_weight=16385 1130 2445 2708 3228 1147626 2801 1207 9059 3063 2267 1010 58041 5412 6234 4858 2923 3230 3566 1507 5054 3375 2387 2570 978 3253 2170 2540 4831 521 9412
leaf_count=16385 1130 2445 2708 3228 1147626 2801 1207 9059 3063 2267 1010 58041 5412 6234 4858 2923 3230 3566 1507 5054 3375 2387 2570 978 3253 2170 2540 4831 521 9412
internal_value=-0.000525383 -0.00614599 -0.00751823 -0.0118567 -0.000117424 -0.00201658 -0.01175 -0.0047746 -0.0107022 -0.00113107 -0.00133739 -0.000571417 -0.00859702 -0.00972092 -0.00470088 -0.00341608 -0.00239487 -0.00889344 -0.00730201 -0.0107706 -0.00540039 -0.00475505 -0.00713728 -0.00599219 -0.0170169 -0.00740193 -0.0064486 -0.00441994 -0.0140848 -0.0015481
internal_weight=1.31579e+06 89041 72656 28158 1.22675e+06 79124 6600 44498 25713 72524 2217 62695 11668 22485 9829 32830 21701 18901 10281 8620 11129 4654 8960 6390 4383 4971 8774 8206 3584 18471
internal_count=1315791 89041 72656 28158 1226750 79124 6600 44498 25713 72524 2217 62695 11668 22485 9829 32830 21701 18901 10281 8620 11129 4654 8960 6390 4383 4971 8774 8206 3584 18471
cat_boundaries=0 1 2 3 4 5
cat_threshold=7 32 64 64 64
is_linear=0
shrinkage=0.05


Tree=150
num_leaves=31
num_cat=5
split_feature=6 1 7 7 1 7 6 6 6 7 7 6 6 6 7 1 3 1 3 3 7 7 3 1 3 6 2 3 3 2
split_gain=1208.03 297.864 345.98 157.876 115.205 261.869 145.556 92.4279 68.9812 55.0574 37.5699 36.0744 35.1958 32.9054 32.4777 26.5073 35.685 21.9561 17.7295 14.8748 12.1329 11.5142 11.355 10.9548 12.5135 10.2081 8.85459 8.26584 7.85397 7.14547
threshold=12.342999049824568 0 0.075995310721284556 0.029154964549149176 1 0.030551983978343782 12.937343182529457 11.990580988694822 11.79893450632702 0.066162824367806392 0.028165668868557519 12.781428899765492 12.395871386706281 11.583360624843122 0.045771777356362224 2 5.5000000000000009 3 5.5000000000000009 2.5000000000000004 0.08960462641287327 0.093791546260364872 1.5000000000000002 4 5.5000000000000009 12.493456861052696 19.500000000000004 2.5000000000000004 5.5000000000000009 15.500000000000002
decision_type=2 1 2 2 1 2 2 2 2 2 2 2 2 2 2 1 2 1 2 2 2 2 2 1 2 2 2 2 2 2
left_child=1 -1 3 -3 5 6 25 13 -5 11 -8 22 21 -4 28 16 29 18 26 -19 -17 -11 -7 24 -15 -2 -16 -22 -10 -9
right_child=4 2 7 8 -6 9 10 15 14 12 -12 -13 -14 23 17 20 -18 19 -20 -21 27 -23 -24 -25 -26 -27 -28 -29 -30 -31
leaf_value=-5.051250949072418e-06 -6.478755107889958e-07 -6.478755107889958e-07 -6.478755107889958e-07 -6.478755107889958e-07 2.666919010775694e-07 -6.478755107889958e-07 1.1475960800583173e-08 -6.478755107889958e-07 -6.478755107889958e-07 -6.478755107889958e-07 -6.0063434153203072e-06 -4.0922068496725115e-11 -2.2939404646739821e-07 -6.478755107889958e-07 -6.478755107889958e-07 -6.478755107889958e-07 -6.478755107889958e-07 -6.478755107889958e-07 -6.478755107889958e-07 -6.478755107889958e-07 -6.478755107889958e-07 -6.478755107889958e-07 -6.478755107889958e-07 -6.478755107889958e-07 -6.478755107889958e-07 -5.9417099133398432e-07 -6.478755107889958e-07 -6.478755107889958e-07 -6.478755107889958e-07 -6.478755107889958e-07
leaf_weight=16385 1200 2445 2708 3228 1147626 1746 1207 9059 3063 2267 631 3862 58041 5412 6234 2923 3230 3566 1507 5054 3375 2387 4735 2570 978 3048 2540 4831 521 9412
leaf_count=16385 1200 2445 2708 3228 1147626 1746 1207 9059 3063 2267 631 3862 58041 5412 6234 2923 3230 3566 1507 5054 3375 2387 4735 2570 978 3048 2540 4831 521 9412
internal_value=-0.000522039 -0.00614543 -0.00751823 -0.0118567 -0.000113878 -0.00195908 -0.0119241 -0.0047746 -0.0107022 -0.001129 -0.000168661 -0.00450885 -0.000571417 -0.00859702 -0.00972092 -0.00341608 -0.00239487 -0.00889344 -0.00730201 -0.0107706 -0.00540039 -0.00475505 -0.0067883 -0.00713728 -0.00599219 -0.0170104 -0.0064486 -0.00441994 -0.0140848 -0.0015481
internal_weight=1.31579e+06 89041 72656 28158 1.22675e+06 79124 6086 44498 25713 73038 1838 10343 62695 11668 22485 32830 21701 18901 10281 8620 11129 4654 6481 8960 6390 4248 8774 8206 3584 18471
internal_count=1315791 89041 72656 28158 1226750 79124 6086 44498 25713 73038 1838 10343 62695 11668 22485 32830 21701 18901 10281 8620 11129 4654 6481 8960 6390 4248 8774 8206 3584 18471
cat_boundaries=0 1 2 3 4 5
cat_threshold=7 32 64 64 64
is_linear=0
shrinkage=0.05


Tree=151
num_leaves=31
num_cat=5
split_feature=6 1 7 7 1 7 6 6 6 7 7 6 6 6 7 1 3 1 3 3 7 7 3 1 3 6 2 3 3 2
split_gain=1207.72 298.108 345.98 157.876 115.18 261.869 145.556 92.4279 68.9812 55.0574 37.5699 36.0744 35.1958 32.9054 32.4777 26.5073 35.685 21.9561 17.7295 14.8748 12.1329 11.5142 11.355 10.9548 12.5135 10.2081 8.85459 8.26584 7.85397 7.14547
threshold=12.342999049824568 0 0.075995310721284556 0.029154964549149176 1 0.030551983978343782 12.937343182529457 11.990580988694822 11.79893450632702 0.066162824367806392 0.028165668868557519 12.781428899765492 12.395871386706281 11.583360624843122 0.045771777356362224 2 5.5000000000000009 3 5.5000000000000009 2.5000000000000004 0.08960462641287327 0.093791546260364872 1.5000000000000002 4 5.5000000000000009 12.493456861052696 19.500000000000004 2.5000000000000004 5.5000000000000009 15.500000000000002
decision_type=2 1 2 2 1 2 2 2 2 2 2 2 2 2 2 1 2 1 2 2 2 2 2 1 2 2 2 2 2 2
left_child=1 -1 3 -3 5 6 25 13 -5 11 -8 22 21 -4 28 16 29 18 26 -19 -17 -11 -7 24 -15 -2 -16 -22 -10 -9
right_child=4 2 7 8 -6 9 10 15 14 12 -12 -13 -14 23 17 20 -18 19 -20 -21 27 -23 -24 -25 -26 -27 -28 -29 -30 -31
leaf_value=-4.7986884016187678e-06 -6.1548173524954596e-07 -6.1548173524954596e-07 -6.1548173524954596e-07 -6.1548173524954596e-07 2.5335730602369094e-07 -6.1548173524954596e-07 1.0902162760554013e-08 -6.1548173524954596e-07 -6.1548173524954596e-07 -6.1548173524954596e-07 -5.7060262445542924e-06 -3.8875965071888861e-11 -2.1792434414402828e-07 -6.1548173524954596e-07 -6.1548173524954596e-07 -6.1548173524954596e-07 -6.1548173524954596e-07 -6.1548173524954596e-07 -6.1548173524954596e-07 -6.1548173524954596e-07 -6.1548173524954596e-07 -6.1548173524954596e-07 -6.1548173524954596e-07 -6.1548173524954596e-07 -6.1548173524954596e-07 -5.6446244176728498e-07 -6.1548173524954596e-07 -6.1548173524954596e-07 -6.1548173524954596e-07 -6.1548173524954596e-07
leaf_weight=16385 1200 2445 2708 3228 1147626 1746 1207 9059 3063 2267 631 3862 58041 5412 6234 2923 3230 3566 1507 5054 3375 2387 4735 2570 978 3048 2540 4831 521 9412
leaf_count=16385 1200 2445 2708 3228 1147626 1746 1207 9059 3063 2267 631 3862 58041 5412 6234 2923 3230 3566 1507 5054 3375 2387 4735 2570 978 3048 2540 4831 521 9412
internal_value=-0.000522191 -0.00614487 -0.00751823 -0.0118567 -0.000114082 -0.00195908 -0.0119241 -0.0047746 -0.0107022 -0.001129 -0.000168661 -0.00450885 -0.000571417 -0.00859702 -0.00972092 -0.00341608 -0.00239487 -0.00889344 -0.00730201 -0.0107706 -0.00540039 -0.00475505 -0.0067883 -0.00713728 -0.00599219 -0.0170104 -0.0064486 -0.00441994 -0.0140848 -0.0015481
internal_weight=1.31579e+06 89041 72656 28158 1.22675e+06 79124 6086 44498 25713 73038 1838 10343 62695 11668 22485 32830 21701 18901 10281 8620 11129 4654 6481 8960 6390 4248 8774 8206 3584 18471
internal_count=1315791 89041 72656 28158 1226750 79124 6086 44498 25713 73038 1838 10343 62695 11668 22485 32830 21701 18901 10281 8620 11129 4654 6481 8960 6390 4248 8774 8206 3584 18471
cat_boundaries=0 1 2 3 4 5
cat_threshold=7 32 64 64 64
is_linear=0
shrinkage=0.05


Tree=152
num_leaves=31
num_cat=5
split_feature=6 1 7 7 1 7 6 6 6 7 7 6 6 6 7 1 3 1 3 3 7 7 3 1 3 6 2 3 3 2
split_gain=1208.25 298.352 345.98 157.876 111.266 263.633 145.556 92.4279 68.9812 56.2459 37.5699 36.0744 35.9106 32.9054 32.4777 26.5073 35.685 21.9561 17.7295 14.8748 12.1329 11.5142 11.355 10.9548 12.5135 10.2081 8.85459 8.26584 7.85397 7.14547
threshold=12.342999049824568 0 0.075995310721284556 0.029154964549149176 1 0.030551983978343782 12.937343182529457 11.990580988694822 11.79893450632702 0.066162824367806392 0.028165668868557519 12.781428899765492 12.395871386706281 11.583360624843122 0.045771777356362224 2 5.5000000000000009 3 5.5000000000000009 2.5000000000000004 0.08960462641287327 0.093791546260364872 1.5000000000000002 4 5.5000000000000009 12.493456861052696 19.500000000000004 2.5000000000000004 5.5000000000000009 15.500000000000002
decision_type=2 1 2 2 1 2 2 2 2 2 2 2 2 2 2 1 2 1 2 2 2 2 2 1 2 2 2 2 2 2
left_child=1 -1 3 -3 5 6 25 13 -5 11 -8 22 21 -4 28 16 29 18 26 -19 -17 -11 -7 24 -15 -2 -16 -22 -10 -9
right_child=4 2 7 8 -6 9 10 15 14 12 -12 -13 -14 23 17 20 -18 19 -20 -21 27 -23 -24 -25 -26 -27 -28 -29 -30 -31
leaf_value=-4.5587539815377314e-06 -5.8470764848706871e-07 -5.8470764848706871e-07 -5.8470764848706871e-07 -5.8470764848706871e-07 2.4068944072250645e-07 -5.8470764848706871e-07 1.0357054622526312e-08 -5.8470764848706871e-07 -5.8470764848706871e-07 -5.8470764848706871e-07 -5.4207249323265776e-06 -3.6932166818294417e-11 -2.0702812693682694e-07 -5.8470764848706871e-07 -5.8470764848706871e-07 -5.8470764848706871e-07 -5.8470764848706871e-07 -5.8470764848706871e-07 -5.8470764848706871e-07 -5.8470764848706871e-07 -5.8470764848706871e-07 -5.8470764848706871e-07 -5.8470764848706871e-07 -5.8470764848706871e-07 -5.8470764848706871e-07 -5.3623931967892079e-07 -5.8470764848706871e-07 -5.8470764848706871e-07 -5.8470764848706871e-07 -5.8470764848706871e-07
leaf_weight=16385 1200 2445 2708 3228 1147626 1746 1207 9059 3063 2267 631 3862 58041 5412 6234 2923 3230 3566 1507 5054 3375 2387 4735 2570 978 3048 2540 4831 521 9412
leaf_count=16385 1200 2445 2708 3228 1147626 1746 1207 9059 3063 2267 631 3862 58041 5412 6234 2923 3230 3566 1507 5054 3375 2387 4735 2570 978 3048 2540 4831 521 9412
internal_value=-0.000520405 -0.0061443 -0.00751823 -0.0118567 -0.000112207 -0.00192559 -0.0119241 -0.0047746 -0.0107022 -0.00109272 -0.000168661 -0.00450885 -0.000529149 -0.00859702 -0.00972092 -0.00341608 -0.00239487 -0.00889344 -0.00730201 -0.0107706 -0.00540039 -0.00475505 -0.0067883 -0.00713728 -0.00599219 -0.0170104 -0.0064486 -0.00441994 -0.0140848 -0.0015481
internal_weight=1.31579e+06 89041 72656 28158 1.22675e+06 79124 6086 44498 25713 73038 1838 10343 62695 11668 22485 32830 21701 18901 10281 8620 11129 4654 6481 8960 6390 4248 8774 8206 3584 18471
internal_count=1315791 89041 72656 28158 1226750 79124 6086 44498 25713 73038 1838 10343 62695 11668 22485 32830 21701 18901 10281 8620 11129 4654 6481 8960 6390 4248 8774 8206 3584 18471
cat_boundaries=0 1 2 3 4 5
cat_threshold=7 32 64 64 64
is_linear=0
shrinkage=0.05


Tree=153
num_leaves=31
num_cat=5
split_feature=6 1 7 7 1 7 6 6 6 7 7 6 6 6 7 1 3 1 3 3 7 7 3 1 3 6 2 3 3 2
split_gain=1207.75 298.84 345.98 157.876 111.251 263.633 145.556 92.4279 68.9812 56.2459 37.5699 36.0744 35.9106 32.9054 32.4777 26.5073 35.685 21.9561 17.7295 14.8748 12.1329 11.5142 11.355 10.9548 12.5135 10.2081 8.85459 8.26584 7.85397 7.14547
threshold=12.342999049824568 0 0.075995310721284556 0.029154964549149176 1 0.030551983978343782 12.937343182529457 11.990580988694822 11.79893450632702 0.066162824367806392 0.028165668868557519 12.781428899765492 12.395871386706281 11.583360624843122 0.045771777356362224 2 5.5000000000000009 3 5.5000000000000009 2.5000000000000004 0.08960462641287327 0.093791546260364872 1.5000000000000002 4 5.5000000000000009 12.493456861052696 19.500000000000004 2.5000000000000004 5.5000000000000009 15.500000000000002
decision_type=2 1 2 2 1 2 2 2 2 2 2 2 2 2 2 1 2 1 2 2 2 2 2 1 2 2 2 2 2 2
left_child=1 -1 3 -3 5 6 25 13 -5 11 -8 22 21 -4 28 16 29 18 26 -19 -17 -11 -7 24 -15 -2 -16 -22 -10 -9
right_child=4 2 7 8 -6 9 10 15 14 12 -12 -13 -14 23 17 20 -18 19 -20 -21 27 -23 -24 -25 -26 -27 -28 -29 -30 -31
leaf_value=-4.3308162824607983e-06 -5.5547226606271527e-07 -5.5547226606271527e-07 -5.5547226606271527e-07 -5.5547226606271527e-07 2.2865496868638113e-07 -5.5547226606271527e-07 9.8392018913999979e-09 -5.5547226606271527e-07 -5.5547226606271527e-07 -5.5547226606271527e-07 -5.1496886857102485e-06 -3.5085558477379696e-11 -1.966767205899856e-07 -5.5547226606271527e-07 -5.5547226606271527e-07 -5.5547226606271527e-07 -5.5547226606271527e-07 -5.5547226606271527e-07 -5.5547226606271527e-07 -5.5547226606271527e-07 -5.5547226606271527e-07 -5.5547226606271527e-07 -5.5547226606271527e-07 -5.5547226606271527e-07 -5.5547226606271527e-07 -5.0942735369497471e-07 -5.5547226606271527e-07 -5.5547226606271527e-07 -5.5547226606271527e-07 -5.5547226606271527e-07
leaf_weight=16385 1200 2445 2708 3228 1147626 1746 1207 9059 3063 2267 631 3862 58041 5412 6234 2923 3230 3566 1507 5054 3375 2387 4735 2570 978 3048 2540 4831 521 9412
leaf_count=16385 1200 2445 2708 3228 1147626 1746 1207 9059 3063 2267 631 3862 58041 5412 6234 2923 3230 3566 1507 5054 3375 2387 4735 2570 978 3048 2540 4831 521 9412
internal_value=-0.000520443 -0.00614318 -0.00751823 -0.0118567 -0.000112329 -0.00192559 -0.0119241 -0.0047746 -0.0107022 -0.00109272 -0.000168661 -0.00450885 -0.000529149 -0.00859702 -0.00972092 -0.00341608 -0.00239487 -0.00889344 -0.00730201 -0.0107706 -0.00540039 -0.00475505 -0.0067883 -0.00713728 -0.00599219 -0.0170104 -0.0064486 -0.00441994 -0.0140848 -0.0015481
internal_weight=1.31579e+06 89041 72656 28158 1.22675e+06 79124 6086 44498 25713 73038 1838 10343 62695 11668 22485 32830 21701 18901 10281 8620 11129 4654 6481 8960 6390 4248 8774 8206 3584 18471
internal_count=1315791 89041 72656 28158 1226750 79124 6086 44498 25713 73038 1838 10343 62695 11668 22485 32830 21701 18901 10281 8620 11129 4654 6481 8960 6390 4248 8774 8206 3584 18471
cat_boundaries=0 1 2 3 4 5
cat_threshold=7 32 64 64 64
is_linear=0
shrinkage=0.05


Tree=154
num_leaves=31
num_cat=5
split_feature=6 1 7 7 1 7 6 6 6 7 7 6 6 6 7 1 3 1 3 3 7 7 3 1 3 6 2 3 3 2
split_gain=1207.49 299.084 345.98 157.876 111.241 263.633 145.556 92.4279 68.9812 56.2459 37.5699 36.0744 35.9106 32.9054 32.4777 26.5073 35.685 21.9561 17.7295 14.8748 12.1329 11.5142 11.355 10.9548 12.5135 10.2081 8.85459 8.26584 7.85397 7.14547
threshold=12.342999049824568 0 0.075995310721284556 0.029154964549149176 1 0.030551983978343782 12.937343182529457 11.990580988694822 11.79893450632702 0.066162824367806392 0.028165668868557519 12.781428899765492 12.395871386706281 11.583360624843122 0.045771777356362224 2 5.5000000000000009 3 5.5000000000000009 2.5000000000000004 0.08960462641287327 0.093791546260364872 1.5000000000000002 4 5.5000000000000009 12.493456861052696 19.500000000000004 2.5000000000000004 5.5000000000000009 15.500000000000002
decision_type=2 1 2 2 1 2 2 2 2 2 2 2 2 2 2 1 2 1 2 2 2 2 2 1 2 2 2 2 2 2
left_child=1 -1 3 -3 5 6 25 13 -5 11 -8 22 21 -4 28 16 29 18 26 -19 -17 -11 -7 24 -15 -2 -16 -22 -10 -9
right_child=4 2 7 8 -6 9 10 15 14 12 -12 -13 -14 23 17 20 -18 19 -20 -21 27 -23 -24 -25 -26 -27 -28 -29 -30 -31
leaf_value=-4.1142754683376952e-06 -5.2769865275957947e-07 -5.2769865275957947e-07 -5.2769865275957947e-07 -5.2769865275957947e-07 2.1722222025206204e-07 -5.2769865275957947e-07 9.3472417968299976e-09 -5.2769865275957947e-07 -5.2769865275957947e-07 -5.2769865275957947e-07 -4.892204251424736e-06 -3.333128055351071e-11 -1.8684288456048634e-07 -5.2769865275957947e-07 -5.2769865275957947e-07 -5.2769865275957947e-07 -5.2769865275957947e-07 -5.2769865275957947e-07 -5.2769865275957947e-07 -5.2769865275957947e-07 -5.2769865275957947e-07 -5.2769865275957947e-07 -5.2769865275957947e-07 -5.2769865275957947e-07 -5.2769865275957947e-07 -4.8395598601022596e-07 -5.2769865275957947e-07 -5.2769865275957947e-07 -5.2769865275957947e-07 -5.2769865275957947e-07
leaf_weight=16385 1200 2445 2708 3228 1147626 1746 1207 9059 3063 2267 631 3862 58041 5412 6234 2923 3230 3566 1507 5054 3375 2387 4735 2570 978 3048 2540 4831 521 9412
leaf_count=16385 1200 2445 2708 3228 1147626 1746 1207 9059 3063 2267 631 3862 58041 5412 6234 2923 3230 3566 1507 5054 3375 2387 4735 2570 978 3048 2540 4831 521 9412
internal_value=-0.000520481 -0.00614262 -0.00751823 -0.0118567 -0.000112411 -0.00192559 -0.0119241 -0.0047746 -0.0107022 -0.00109272 -0.000168661 -0.00450885 -0.000529149 -0.00859702 -0.00972092 -0.00341608 -0.00239487 -0.00889344 -0.00730201 -0.0107706 -0.00540039 -0.00475505 -0.0067883 -0.00713728 -0.00599219 -0.0170104 -0.0064486 -0.00441994 -0.0140848 -0.0015481
internal_weight=1.31579e+06 89041 72656 28158 1.22675e+06 79124 6086 44498 25713 73038 1838 10343 62695 11668 22485 32830 21701 18901 10281 8620 11129 4654 6481 8960 6390 4248 8774 8206 3584 18471
internal_count=1315791 89041 72656 28158 1226750 79124 6086 44498 25713 73038 1838 10343 62695 11668 22485 32830 21701 18901 10281 8620 11129 4654 6481 8960 6390 4248 8774 8206 3584 18471
cat_boundaries=0 1 2 3 4 5
cat_threshold=7 32 64 64 64
is_linear=0
shrinkage=0.05


Tree=155
num_leaves=31
num_cat=5
split_feature=6 1 7 7 1 7 6 6 6 7 7 6 6 6 7 1 3 1 3 3 7 7 3 1 3 6 2 3 3 2
split_gain=1207.27 299.573 345.98 157.876 109.843 264.266 145.556 92.4279 68.9812 56.675 37.5699 36.1686 36.0744 32.9054 32.4777 26.5073 35.685 21.9561 17.7295 14.8748 12.1329 11.5142 11.355 10.9548 12.5135 10.2081 8.85459 8.26584 7.85397 7.14547
threshold=12.342999049824568 0 0.075995310721284556 0.029154964549149176 1 0.030551983978343782 12.937343182529457 11.990580988694822 11.79893450632702 0.066162824367806392 0.028165668868557519 12.395871386706281 12.781428899765492 11.583360624843122 0.045771777356362224 2 5.5000000000000009 3 5.5000000000000009 2.5000000000000004 0.08960462641287327 0.093791546260364872 1.5000000000000002 4 5.5000000000000009 12.493456861052696 19.500000000000004 2.5000000000000004 5.5000000000000009 15.500000000000002
decision_type=2 1 2 2 1 2 2 2 2 2 2 2 2 2 2 1 2 1 2 2 2 2 2 1 2 2 2 2 2 2
left_child=1 -1 3 -3 5 6 25 13 -5 12 -8 21 22 -4 28 16 29 18 26 -19 -17 -11 -7 24 -15 -2 -16 -22 -10 -9
right_child=4 2 7 8 -6 9 10 15 14 11 -12 -13 -14 23 17 20 -18 19 -20 -21 27 -23 -24 -25 -26 -27 -28 -29 -30 -31
leaf_value=-3.9085616949209377e-06 -5.0131372012160055e-07 -5.0131372012160055e-07 -5.0131372012160055e-07 -5.0131372012160055e-07 2.0636110923945897e-07 -5.0131372012160055e-07 8.8798797069884971e-09 -5.0131372012160055e-07 -5.0131372012160055e-07 -5.0131372012160055e-07 -4.6475940388534991e-06 -1.77500740332462e-07 -3.1664716525835173e-11 -5.0131372012160055e-07 -5.0131372012160055e-07 -5.0131372012160055e-07 -5.0131372012160055e-07 -5.0131372012160055e-07 -5.0131372012160055e-07 -5.0131372012160055e-07 -5.0131372012160055e-07 -5.0131372012160055e-07 -5.0131372012160055e-07 -5.0131372012160055e-07 -5.0131372012160055e-07 -4.5975818670971469e-07 -5.0131372012160055e-07 -5.0131372012160055e-07 -5.0131372012160055e-07 -5.0131372012160055e-07
leaf_weight=16385 1200 2445 2708 3228 1147626 1746 1207 9059 3063 2267 631 58041 3862 5412 6234 2923 3230 3566 1507 5054 3375 2387 4735 2570 978 3048 2540 4831 521 9412
leaf_count=16385 1200 2445 2708 3228 1147626 1746 1207 9059 3063 2267 631 58041 3862 5412 6234 2923 3230 3566 1507 5054 3375 2387 4735 2570 978 3048 2540 4831 521 9412
internal_value=-0.000519873 -0.0061415 -0.00751823 -0.0118567 -0.00011184 -0.00191359 -0.0119241 -0.0047746 -0.0107022 -0.00107971 -0.000168661 -0.000513996 -0.00450885 -0.00859702 -0.00972092 -0.00341608 -0.00239487 -0.00889344 -0.00730201 -0.0107706 -0.00540039 -0.00475505 -0.0067883 -0.00713728 -0.00599219 -0.0170104 -0.0064486 -0.00441994 -0.0140848 -0.0015481
internal_weight=1.31579e+06 89041 72656 28158 1.22675e+06 79124 6086 44498 25713 73038 1838 62695 10343 11668 22485 32830 21701 18901 10281 8620 11129 4654 6481 8960 6390 4248 8774 8206 3584 18471
internal_count=1315791 89041 72656 28158 1226750 79124 6086 44498 25713 73038 1838 62695 10343 11668 22485 32830 21701 18901 10281 8620 11129 4654 6481 8960 6390 4248 8774 8206 3584 18471
cat_boundaries=0 1 2 3 4 5
cat_threshold=7 32 64 64 64
is_linear=0
shrinkage=0.05


Tree=156
num_leaves=31
num_cat=5
split_feature=6 1 7 7 1 7 6 6 6 7 7 6 6 6 7 1 3 1 3 3 7 7 3 1 3 6 2 3 3 2
split_gain=1207.27 299.573 345.98 157.876 109.766 264.3 145.556 92.4279 68.9812 56.6976 37.5699 36.1822 36.0744 32.9054 32.4777 26.5073 35.685 21.9561 17.7295 14.8748 12.1329 11.5142 11.355 10.9548 12.5135 10.2081 8.85459 8.26584 7.85397 7.14547
threshold=12.342999049824568 0 0.075995310721284556 0.029154964549149176 1 0.030551983978343782 12.937343182529457 11.990580988694822 11.79893450632702 0.066162824367806392 0.028165668868557519 12.395871386706281 12.781428899765492 11.583360624843122 0.045771777356362224 2 5.5000000000000009 3 5.5000000000000009 2.5000000000000004 0.08960462641287327 0.093791546260364872 1.5000000000000002 4 5.5000000000000009 12.493456861052696 19.500000000000004 2.5000000000000004 5.5000000000000009 15.500000000000002
decision_type=2 1 2 2 1 2 2 2 2 2 2 2 2 2 2 1 2 1 2 2 2 2 2 1 2 2 2 2 2 2
left_child=1 -1 3 -3 5 6 25 13 -5 12 -8 21 22 -4 28 16 29 18 26 -19 -17 -11 -7 24 -15 -2 -16 -22 -10 -9
right_child=4 2 7 8 -6 9 10 15 14 11 -12 -13 -14 23 17 20 -18 19 -20 -21 27 -23 -24 -25 -26 -27 -28 -29 -30 -31
leaf_value=-3.713133610174758e-06 -4.7624803411552048e-07 -4.7624803411552048e-07 -4.7624803411552048e-07 -4.7624803411552048e-07 1.9604305377748599e-07 -4.7624803411552048e-07 8.4358857216390715e-09 -4.7624803411552048e-07 -4.7624803411552048e-07 -4.7624803411552048e-07 -4.415214336910823e-06 -1.6862570331583892e-07 -3.0081480699543422e-11 -4.7624803411552048e-07 -4.7624803411552048e-07 -4.7624803411552048e-07 -4.7624803411552048e-07 -4.7624803411552048e-07 -4.7624803411552048e-07 -4.7624803411552048e-07 -4.7624803411552048e-07 -4.7624803411552048e-07 -4.7624803411552048e-07 -4.7624803411552048e-07 -4.7624803411552048e-07 -4.3677027737422896e-07 -4.7624803411552048e-07 -4.7624803411552048e-07 -4.7624803411552048e-07 -4.7624803411552048e-07
leaf_weight=16385 1200 2445 2708 3228 1147626 1746 1207 9059 3063 2267 631 58041 3862 5412 6234 2923 3230 3566 1507 5054 3375 2387 4735 2570 978 3048 2540 4831 521 9412
leaf_count=16385 1200 2445 2708 3228 1147626 1746 1207 9059 3063 2267 631 58041 3862 5412 6234 2923 3230 3566 1507 5054 3375 2387 4735 2570 978 3048 2540 4831 521 9412
internal_value=-0.000519873 -0.0061415 -0.00751823 -0.0118567 -0.00011184 -0.00191296 -0.0119241 -0.0047746 -0.0107022 -0.00107903 -0.000168661 -0.000513199 -0.00450885 -0.00859702 -0.00972092 -0.00341608 -0.00239487 -0.00889344 -0.00730201 -0.0107706 -0.00540039 -0.00475505 -0.0067883 -0.00713728 -0.00599219 -0.0170104 -0.0064486 -0.00441994 -0.0140848 -0.0015481
internal_weight=1.31579e+06 89041 72656 28158 1.22675e+06 79124 6086 44498 25713 73038 1838 62695 10343 11668 22485 32830 21701 18901 10281 8620 11129 4654 6481 8960 6390 4248 8774 8206 3584 18471
internal_count=1315791 89041 72656 28158 1226750 79124 6086 44498 25713 73038 1838 62695 10343 11668 22485 32830 21701 18901 10281 8620 11129 4654 6481 8960 6390 4248 8774 8206 3584 18471
cat_boundaries=0 1 2 3 4 5
cat_threshold=7 32 64 64 64
is_linear=0
shrinkage=0.05


Tree=157
num_leaves=31
num_cat=5
split_feature=6 1 7 7 1 7 6 6 6 7 7 6 6 6 7 1 3 1 3 3 7 7 3 1 3 6 2 3 3 2
split_gain=1207.24 299.573 345.98 157.876 109.756 264.3 145.556 92.4279 68.9812 56.6976 37.5699 36.1822 36.0744 32.9054 32.4777 26.5073 35.685 21.9561 17.7295 14.8748 12.1329 11.5142 11.355 10.9548 12.5135 10.2081 8.85459 8.26584 7.85397 7.14547
threshold=12.342999049824568 0 0.075995310721284556 0.029154964549149176 1 0.030551983978343782 12.937343182529457 11.990580988694822 11.79893450632702 0.066162824367806392 0.028165668868557519 12.395871386706281 12.781428899765492 11.583360624843122 0.045771777356362224 2 5.5000000000000009 3 5.5000000000000009 2.5000000000000004 0.08960462641287327 0.093791546260364872 1.5000000000000002 4 5.5000000000000009 12.493456861052696 19.500000000000004 2.5000000000000004 5.5000000000000009 15.500000000000002
decision_type=2 1 2 2 1 2 2 2 2 2 2 2 2 2 2 1 2 1 2 2 2 2 2 1 2 2 2 2 2 2
left_child=1 -1 3 -3 5 6 25 13 -5 12 -8 21 22 -4 28 16 29 18 26 -19 -17 -11 -7 24 -15 -2 -16 -22 -10 -9
right_child=4 2 7 8 -6 9 10 15 14 11 -12 -13 -14 23 17 20 -18 19 -20 -21 27 -23 -24 -25 -26 -27 -28 -29 -30 -31
leaf_value=-3.5274769296660603e-06 -4.5243563240974444e-07 -4.5243563240974444e-07 -4.5243563240974444e-07 -4.5243563240974444e-07 1.8624090108861168e-07 -4.5243563240974444e-07 8.0140914355571188e-09 -4.5243563240974444e-07 -4.5243563240974444e-07 -4.5243563240974444e-07 -4.1944536200652818e-06 -1.6019441815004698e-07 -2.857740666456625e-11 -4.5243563240974444e-07 -4.5243563240974444e-07 -4.5243563240974444e-07 -4.5243563240974444e-07 -4.5243563240974444e-07 -4.5243563240974444e-07 -4.5243563240974444e-07 -4.5243563240974444e-07 -4.5243563240974444e-07 -4.5243563240974444e-07 -4.5243563240974444e-07 -4.5243563240974444e-07 -4.1493176350551748e-07 -4.5243563240974444e-07 -4.5243563240974444e-07 -4.5243563240974444e-07 -4.5243563240974444e-07
leaf_weight=16385 1200 2445 2708 3228 1147626 1746 1207 9059 3063 2267 631 58041 3862 5412 6234 2923 3230 3566 1507 5054 3375 2387 4735 2570 978 3048 2540 4831 521 9412
leaf_count=16385 1200 2445 2708 3228 1147626 1746 1207 9059 3063 2267 631 58041 3862 5412 6234 2923 3230 3566 1507 5054 3375 2387 4735 2570 978 3048 2540 4831 521 9412
internal_value=-0.000519949 -0.0061415 -0.00751823 -0.0118567 -0.000111922 -0.00191296 -0.0119241 -0.0047746 -0.0107022 -0.00107903 -0.000168661 -0.000513199 -0.00450885 -0.00859702 -0.00972092 -0.00341608 -0.00239487 -0.00889344 -0.00730201 -0.0107706 -0.00540039 -0.00475505 -0.0067883 -0.00713728 -0.00599219 -0.0170104 -0.0064486 -0.00441994 -0.0140848 -0.0015481
internal_weight=1.31579e+06 89041 72656 28158 1.22675e+06 79124 6086 44498 25713 73038 1838 62695 10343 11668 22485 32830 21701 18901 10281 8620 11129 4654 6481 8960 6390 4248 8774 8206 3584 18471
internal_count=1315791 89041 72656 28158 1226750 79124 6086 44498 25713 73038 1838 62695 10343 11668 22485 32830 21701 18901 10281 8620 11129 4654 6481 8960 6390 4248 8774 8206 3584 18471
cat_boundaries=0 1 2 3 4 5
cat_threshold=7 32 64 64 64
is_linear=0
shrinkage=0.05


Tree=158
num_leaves=31
num_cat=5
split_feature=6 1 7 7 1 7 6 6 6 7 7 6 6 6 7 1 3 1 3 3 7 7 3 1 3 6 2 3 3 2
split_gain=1206.72 300.062 345.98 157.876 109.736 264.3 145.556 92.4279 68.9812 56.6976 37.5699 36.1822 36.0744 32.9054 32.4777 26.5073 35.685 21.9561 17.7295 14.8748 12.1329 11.5142 11.355 10.9548 12.5135 10.2081 8.85459 8.26584 7.85397 7.14547
threshold=12.342999049824568 0 0.075995310721284556 0.029154964549149176 1 0.030551983978343782 12.937343182529457 11.990580988694822 11.79893450632702 0.066162824367806392 0.028165668868557519 12.395871386706281 12.781428899765492 11.583360624843122 0.045771777356362224 2 5.5000000000000009 3 5.5000000000000009 2.5000000000000004 0.08960462641287327 0.093791546260364872 1.5000000000000002 4 5.5000000000000009 12.493456861052696 19.500000000000004 2.5000000000000004 5.5000000000000009 15.500000000000002
decision_type=2 1 2 2 1 2 2 2 2 2 2 2 2 2 2 1 2 1 2 2 2 2 2 1 2 2 2 2 2 2
left_child=1 -1 3 -3 5 6 25 13 -5 12 -8 21 22 -4 28 16 29 18 26 -19 -17 -11 -7 24 -15 -2 -16 -22 -10 -9
right_child=4 2 7 8 -6 9 10 15 14 11 -12 -13 -14 23 17 20 -18 19 -20 -21 27 -23 -24 -25 -26 -27 -28 -29 -30 -31
leaf_value=-3.3511030831827807e-06 -4.298138507892572e-07 -4.298138507892572e-07 -4.298138507892572e-07 -4.298138507892572e-07 1.769288560341811e-07 -4.298138507892572e-07 7.6133868637792625e-09 -4.298138507892572e-07 -4.298138507892572e-07 -4.298138507892572e-07 -3.9847309390620179e-06 -1.5218469724254465e-07 -2.7148536331337934e-11 -4.298138507892572e-07 -4.298138507892572e-07 -4.298138507892572e-07 -4.298138507892572e-07 -4.298138507892572e-07 -4.298138507892572e-07 -4.298138507892572e-07 -4.298138507892572e-07 -4.298138507892572e-07 -4.298138507892572e-07 -4.298138507892572e-07 -4.298138507892572e-07 -3.9418517533024166e-07 -4.298138507892572e-07 -4.298138507892572e-07 -4.298138507892572e-07 -4.298138507892572e-07
leaf_weight=16385 1200 2445 2708 3228 1147626 1746 1207 9059 3063 2267 631 58041 3862 5412 6234 2923 3230 3566 1507 5054 3375 2387 4735 2570 978 3048 2540 4831 521 9412
leaf_count=16385 1200 2445 2708 3228 1147626 1746 1207 9059 3063 2267 631 58041 3862 5412 6234 2923 3230 3566 1507 5054 3375 2387 4735 2570 978 3048 2540 4831 521 9412
internal_value=-0.000520025 -0.00614037 -0.00751823 -0.0118567 -0.000112085 -0.00191296 -0.0119241 -0.0047746 -0.0107022 -0.00107903 -0.000168661 -0.000513199 -0.00450885 -0.00859702 -0.00972092 -0.00341608 -0.00239487 -0.00889344 -0.00730201 -0.0107706 -0.00540039 -0.00475505 -0.0067883 -0.00713728 -0.00599219 -0.0170104 -0.0064486 -0.00441994 -0.0140848 -0.0015481
internal_weight=1.31579e+06 89041 72656 28158 1.22675e+06 79124 6086 44498 25713 73038 1838 62695 10343 11668 22485 32830 21701 18901 10281 8620 11129 4654 6481 8960 6390 4248 8774 8206 3584 18471
internal_count=1315791 89041 72656 28158 1226750 79124 6086 44498 25713 73038 1838 62695 10343 11668 22485 32830 21701 18901 10281 8620 11129 4654 6481 8960 6390 4248 8774 8206 3584 18471
cat_boundaries=0 1 2 3 4 5
cat_threshold=7 32 64 64 64
is_linear=0
shrinkage=0.05


Tree=159
num_leaves=31
num_cat=5
split_feature=6 1 7 7 1 7 6 6 6 7 7 6 6 6 7 1 3 1 3 3 7 7 3 1 3 6 2 3 3 2
split_gain=1204.85 300.062 345.98 157.876 109.165 264.3 145.556 92.4279 68.9812 56.6976 37.5699 36.1822 36.0744 32.9054 32.4777 26.5073 35.685 21.9561 17.7295 14.8748 12.1329 11.5142 11.355 10.9548 12.5135 10.2081 8.85459 8.26584 7.85397 7.14547
threshold=12.342999049824568 0 0.075995310721284556 0.029154964549149176 1 0.030551983978343782 12.937343182529457 11.990580988694822 11.79893450632702 0.066162824367806392 0.028165668868557519 12.395871386706281 12.781428899765492 11.583360624843122 0.045771777356362224 2 5.5000000000000009 3 5.5000000000000009 2.5000000000000004 0.08960462641287327 0.093791546260364872 1.5000000000000002 4 5.5000000000000009 12.493456861052696 19.500000000000004 2.5000000000000004 5.5000000000000009 15.500000000000002
decision_type=2 1 2 2 1 2 2 2 2 2 2 2 2 2 2 1 2 1 2 2 2 2 2 1 2 2 2 2 2 2
left_child=1 -1 3 -3 5 6 25 13 -5 12 -8 21 22 -4 28 16 29 18 26 -19 -17 -11 -7 24 -15 -2 -16 -22 -10 -9
right_child=4 2 7 8 -6 9 10 15 14 11 -12 -13 -14 23 17 20 -18 19 -20 -21 27 -23 -24 -25 -26 -27 -28 -29 -30 -31
leaf_value=-3.1835479290238035e-06 -4.0832315824979437e-07 -4.0832315824979437e-07 -4.0832315824979437e-07 -4.0832315824979437e-07 1.6808241323247206e-07 -4.0832315824979437e-07 7.2327175205902992e-09 -4.0832315824979437e-07 -4.0832315824979437e-07 -4.0832315824979437e-07 -3.785494392108917e-06 -1.4457546238041739e-07 -2.5791109514771038e-11 -4.0832315824979437e-07 -4.0832315824979437e-07 -4.0832315824979437e-07 -4.0832315824979437e-07 -4.0832315824979437e-07 -4.0832315824979437e-07 -4.0832315824979437e-07 -4.0832315824979437e-07 -4.0832315824979437e-07 -4.0832315824979437e-07 -4.0832315824979437e-07 -4.0832315824979437e-07 -3.7447591656372955e-07 -4.0832315824979437e-07 -4.0832315824979437e-07 -4.0832315824979437e-07 -4.0832315824979437e-07
leaf_weight=16385 1200 2445 2708 3228 1147626 1746 1207 9059 3063 2267 631 58041 3862 5412 6234 2923 3230 3566 1507 5054 3375 2387 4735 2570 978 3048 2540 4831 521 9412
leaf_count=16385 1200 2445 2708 3228 1147626 1746 1207 9059 3063 2267 631 58041 3862 5412 6234 2923 3230 3566 1507 5054 3375 2387 4735 2570 978 3048 2540 4831 521 9412
internal_value=-0.000524395 -0.00614037 -0.00751823 -0.0118567 -0.000116772 -0.00191296 -0.0119241 -0.0047746 -0.0107022 -0.00107903 -0.000168661 -0.000513199 -0.00450885 -0.00859702 -0.00972092 -0.00341608 -0.00239487 -0.00889344 -0.00730201 -0.0107706 -0.00540039 -0.00475505 -0.0067883 -0.00713728 -0.00599219 -0.0170104 -0.0064486 -0.00441994 -0.0140848 -0.0015481
internal_weight=1.31579e+06 89041 72656 28158 1.22675e+06 79124 6086 44498 25713 73038 1838 62695 10343 11668 22485 32830 21701 18901 10281 8620 11129 4654 6481 8960 6390 4248 8774 8206 3584 18471
internal_count=1315791 89041 72656 28158 1226750 79124 6086 44498 25713 73038 1838 62695 10343 11668 22485 32830 21701 18901 10281 8620 11129 4654 6481 8960 6390 4248 8774 8206 3584 18471
cat_boundaries=0 1 2 3 4 5
cat_threshold=7 32 64 64 64
is_linear=0
shrinkage=0.05


Tree=160
num_leaves=31
num_cat=5
split_feature=6 1 7 7 1 7 6 6 6 7 6 7 6 6 7 1 3 1 3 3 7 7 3 1 3 6 2 3 3 2
split_gain=1206.87 300.062 345.98 157.876 99.9966 268.655 145.556 92.4279 68.9812 59.6781 37.9725 37.5699 36.0744 32.9054 32.4777 26.5073 35.685 21.9561 17.7295 14.8748 12.1329 11.5142 11.355 10.9548 12.5135 10.2081 8.85459 8.26584 7.85397 7.14547
threshold=12.342999049824568 0 0.075995310721284556 0.029154964549149176 1 0.030551983978343782 12.937343182529457 11.990580988694822 11.79893450632702 0.066162824367806392 12.395871386706281 0.028165668868557519 12.781428899765492 11.583360624843122 0.045771777356362224 2 5.5000000000000009 3 5.5000000000000009 2.5000000000000004 0.08960462641287327 0.093791546260364872 1.5000000000000002 4 5.5000000000000009 12.493456861052696 19.500000000000004 2.5000000000000004 5.5000000000000009 15.500000000000002
decision_type=2 1 2 2 1 2 2 2 2 2 2 2 2 2 2 1 2 1 2 2 2 2 2 1 2 2 2 2 2 2
left_child=1 -1 3 -3 5 6 25 13 -5 12 21 -8 22 -4 28 16 29 18 26 -19 -17 -11 -7 24 -15 -2 -16 -22 -10 -9
right_child=4 2 7 8 -6 9 11 15 14 10 -12 -13 -14 23 17 20 -18 19 -20 -21 27 -23 -24 -25 -26 -27 -28 -29 -30 -31
leaf_value=-3.0243705325725329e-06 -3.8790700033730467e-07 -3.8790700033730467e-07 -3.8790700033730467e-07 -3.8790700033730467e-07 1.5967829257084844e-07 -3.8790700033730467e-07 6.8710816445607841e-09 -3.8790700033730467e-07 -3.8790700033730467e-07 -3.8790700033730467e-07 -1.3734668926139654e-07 -3.5962196725034706e-06 -2.4501554039032486e-11 -3.8790700033730467e-07 -3.8790700033730467e-07 -3.8790700033730467e-07 -3.8790700033730467e-07 -3.8790700033730467e-07 -3.8790700033730467e-07 -3.8790700033730467e-07 -3.8790700033730467e-07 -3.8790700033730467e-07 -3.8790700033730467e-07 -3.8790700033730467e-07 -3.8790700033730467e-07 -3.5575212073554309e-07 -3.8790700033730467e-07 -3.8790700033730467e-07 -3.8790700033730467e-07 -3.8790700033730467e-07
leaf_weight=16385 1200 2445 2708 3228 1147626 1746 1207 9059 3063 2267 58041 631 3862 5412 6234 2923 3230 3566 1507 5054 3375 2387 4735 2570 978 3048 2540 4831 521 9412
leaf_count=16385 1200 2445 2708 3228 1147626 1746 1207 9059 3063 2267 58041 631 3862 5412 6234 2923 3230 3566 1507 5054 3375 2387 4735 2570 978 3048 2540 4831 521 9412
internal_value=-0.000519683 -0.00614037 -0.00751823 -0.0118567 -0.000111718 -0.00183082 -0.0119241 -0.0047746 -0.0107022 -0.000990032 -0.000409522 -0.000168661 -0.00450885 -0.00859702 -0.00972092 -0.00341608 -0.00239487 -0.00889344 -0.00730201 -0.0107706 -0.00540039 -0.00475505 -0.0067883 -0.00713728 -0.00599219 -0.0170104 -0.0064486 -0.00441994 -0.0140848 -0.0015481
internal_weight=1.31579e+06 89041 72656 28158 1.22675e+06 79124 6086 44498 25713 73038 62695 1838 10343 11668 22485 32830 21701 18901 10281 8620 11129 4654 6481 8960 6390 4248 8774 8206 3584 18471
internal_count=1315791 89041 72656 28158 1226750 79124 6086 44498 25713 73038 62695 1838 10343 11668 22485 32830 21701 18901 10281 8620 11129 4654 6481 8960 6390 4248 8774 8206 3584 18471
cat_boundaries=0 1 2 3 4 5
cat_threshold=7 32 64 64 64
is_linear=0
shrinkage=0.05


Tree=161
num_leaves=31
num_cat=5
split_feature=6 1 7 7 1 7 6 6 6 7 6 7 6 6 7 1 3 1 3 3 7 7 3 1 3 6 2 3 3 7
split_gain=1206.84 300.062 345.98 157.876 99.9871 268.655 145.556 92.4279 68.9812 59.6781 37.9725 37.5699 36.0744 32.9054 32.4777 26.5073 35.685 21.9561 17.7295 14.8748 12.1329 11.5142 11.355 10.9548 12.5135 10.2081 8.85459 8.26584 7.85397 7.14676
threshold=12.342999049824568 0 0.075995310721284556 0.029154964549149176 1 0.030551983978343782 12.937343182529457 11.990580988694822 11.79893450632702 0.066162824367806392 12.395871386706281 0.028165668868557519 12.781428899765492 11.583360624843122 0.045771777356362224 2 5.5000000000000009 3 5.5000000000000009 2.5000000000000004 0.08960462641287327 0.093791546260364872 1.5000000000000002 4 5.5000000000000009 12.493456861052696 19.500000000000004 2.5000000000000004 5.5000000000000009 0.10879013868478844
decision_type=2 1 2 2 1 2 2 2 2 2 2 2 2 2 2 1 2 1 2 2 2 2 2 1 2 2 2 2 2 2
left_child=1 -1 3 -3 5 6 25 13 -5 12 21 -8 22 -4 28 16 -9 18 26 -19 -17 -11 -7 24 -15 -2 -16 -22 -10 -6
right_child=4 2 7 8 29 9 11 15 14 10 -12 -13 -14 23 17 20 -18 19 -20 -21 27 -23 -24 -25 -26 -27 -28 -29 -30 -31
leaf_value=-2.8731520059438252e-06 -3.6851165032043941e-07 -3.6851165032043941e-07 -3.6851165032043941e-07 -3.6851165032043941e-07 -6.5862430132946203e-07 -3.6851165032043941e-07 6.5275275623327449e-09 -3.6851165032043941e-07 -3.6851165032043941e-07 -3.6851165032043941e-07 -1.304793547983267e-07 -3.4164086888782976e-06 -2.327647633708086e-11 -3.6851165032043941e-07 -3.6851165032043941e-07 -3.6851165032043941e-07 -3.6851165032043941e-07 -3.6851165032043941e-07 -3.6851165032043941e-07 -3.6851165032043941e-07 -3.6851165032043941e-07 -3.6851165032043941e-07 -3.6851165032043941e-07 -3.6851165032043941e-07 -3.6851165032043941e-07 -3.3796451469876592e-07 -3.6851165032043941e-07 -3.6851165032043941e-07 -3.6851165032043941e-07 8.3132054138588716e-05
leaf_weight=16385 1200 2445 2708 3228 1083344 1746 1207 18471 3063 2267 58041 631 3862 5412 6234 2923 3230 3566 1507 5054 3375 2387 4735 2570 978 3048 2540 4831 521 64282
leaf_count=16385 1200 2445 2708 3228 1083344 1746 1207 18471 3063 2267 58041 631 3862 5412 6234 2923 3230 3566 1507 5054 3375 2387 4735 2570 978 3048 2540 4831 521 64282
internal_value=-0.000519759 -0.00614037 -0.00751823 -0.0118567 -0.000111799 -0.00183082 -0.0119241 -0.0047746 -0.0107022 -0.000990032 -0.000409522 -0.000168661 -0.00450885 -0.00859702 -0.00972092 -0.00341608 -0.00239487 -0.00889344 -0.00730201 -0.0107706 -0.00540039 -0.00475505 -0.0067883 -0.00713728 -0.00599219 -0.0170104 -0.0064486 -0.00441994 -0.0140848 6.73577e-06
internal_weight=1.31579e+06 89041 72656 28158 1.22675e+06 79124 6086 44498 25713 73038 62695 1838 10343 11668 22485 32830 21701 18901 10281 8620 11129 4654 6481 8960 6390 4248 8774 8206 3584 1.14763e+06
internal_count=1315791 89041 72656 28158 1226750 79124 6086 44498 25713 73038 62695 1838 10343 11668 22485 32830 21701 18901 10281 8620 11129 4654 6481 8960 6390 4248 8774 8206 3584 1147626
cat_boundaries=0 1 2 3 4 5
cat_threshold=7 32 64 64 64
is_linear=0
shrinkage=0.05


Tree=162
num_leaves=31
num_cat=5
split_feature=6 1 7 7 1 7 6 6 6 7 6 7 6 6 7 1 3 1 3 3 7 7 3 1 3 6 2 3 3 2
split_gain=1208.34 300.062 345.98 157.876 100.424 268.655 145.556 92.4279 68.9812 59.6781 37.9725 37.5699 36.0744 32.9054 32.4777 26.5073 35.685 21.9561 17.7295 14.8748 12.1329 11.5142 11.355 10.9548 12.5135 10.2081 8.85459 8.26584 7.85397 7.14547
threshold=12.342999049824568 0 0.075995310721284556 0.029154964549149176 1 0.030551983978343782 12.937343182529457 11.990580988694822 11.79893450632702 0.066162824367806392 12.395871386706281 0.028165668868557519 12.781428899765492 11.583360624843122 0.045771777356362224 2 5.5000000000000009 3 5.5000000000000009 2.5000000000000004 0.08960462641287327 0.093791546260364872 1.5000000000000002 4 5.5000000000000009 12.493456861052696 19.500000000000004 2.5000000000000004 5.5000000000000009 15.500000000000002
decision_type=2 1 2 2 1 2 2 2 2 2 2 2 2 2 2 1 2 1 2 2 2 2 2 1 2 2 2 2 2 2
left_child=1 -1 3 -3 5 6 25 13 -5 12 21 -8 22 -4 28 16 29 18 26 -19 -17 -11 -7 24 -15 -2 -16 -22 -10 -9
right_child=4 2 7 8 -6 9 11 15 14 10 -12 -13 -14 23 17 20 -18 19 -20 -21 27 -23 -24 -25 -26 -27 -28 -29 -30 -31
leaf_value=-2.7294944056466747e-06 -3.5008606780441746e-07 -3.5008606780441746e-07 -3.5008606780441746e-07 -3.5008606780441746e-07 1.8462559300877913e-07 -3.5008606780441746e-07 6.2011511842161066e-09 -3.5008606780441746e-07 -3.5008606780441746e-07 -3.5008606780441746e-07 -1.2395538705841039e-07 -3.2455882544343829e-06 -2.2112652520226819e-11 -3.5008606780441746e-07 -3.5008606780441746e-07 -3.5008606780441746e-07 -3.5008606780441746e-07 -3.5008606780441746e-07 -3.5008606780441746e-07 -3.5008606780441746e-07 -3.5008606780441746e-07 -3.5008606780441746e-07 -3.5008606780441746e-07 -3.5008606780441746e-07 -3.5008606780441746e-07 -3.2106628896382766e-07 -3.5008606780441746e-07 -3.5008606780441746e-07 -3.5008606780441746e-07 -3.5008606780441746e-07
leaf_weight=16385 1200 2445 2708 3228 1147626 1746 1207 9059 3063 2267 58041 631 3862 5412 6234 2923 3230 3566 1507 5054 3375 2387 4735 2570 978 3048 2540 4831 521 9412
leaf_count=16385 1200 2445 2708 3228 1147626 1746 1207 9059 3063 2267 58041 631 3862 5412 6234 2923 3230 3566 1507 5054 3375 2387 4735 2570 978 3048 2540 4831 521 9412
internal_value=-0.000516263 -0.00614037 -0.00751823 -0.0118567 -0.00010805 -0.00183082 -0.0119241 -0.0047746 -0.0107022 -0.000990032 -0.000409522 -0.000168661 -0.00450885 -0.00859702 -0.00972092 -0.00341608 -0.00239487 -0.00889344 -0.00730201 -0.0107706 -0.00540039 -0.00475505 -0.0067883 -0.00713728 -0.00599219 -0.0170104 -0.0064486 -0.00441994 -0.0140848 -0.0015481
internal_weight=1.31579e+06 89041 72656 28158 1.22675e+06 79124 6086 44498 25713 73038 62695 1838 10343 11668 22485 32830 21701 18901 10281 8620 11129 4654 6481 8960 6390 4248 8774 8206 3584 18471
internal_count=1315791 89041 72656 28158 1226750 79124 6086 44498 25713 73038 62695 1838 10343 11668 22485 32830 21701 18901 10281 8620 11129 4654 6481 8960 6390 4248 8774 8206 3584 18471
cat_boundaries=0 1 2 3 4 5
cat_threshold=7 32 64 64 64
is_linear=0
shrinkage=0.05


Tree=163
num_leaves=31
num_cat=5
split_feature=6 1 7 7 1 7 6 6 6 7 6 7 6 6 7 1 3 1 3 3 7 7 3 1 3 6 2 3 3 2
split_gain=1208.26 300.062 345.98 157.876 100.4 268.655 145.556 92.4279 68.9812 59.6781 37.9725 37.5699 36.0744 32.9054 32.4777 26.5073 35.685 21.9561 17.7295 14.8748 12.1329 11.5142 11.355 10.9548 12.5135 10.2081 8.85459 8.26584 7.85397 7.14547
threshold=12.342999049824568 0 0.075995310721284556 0.029154964549149176 1 0.030551983978343782 12.937343182529457 11.990580988694822 11.79893450632702 0.066162824367806392 12.395871386706281 0.028165668868557519 12.781428899765492 11.583360624843122 0.045771777356362224 2 5.5000000000000009 3 5.5000000000000009 2.5000000000000004 0.08960462641287327 0.093791546260364872 1.5000000000000002 4 5.5000000000000009 12.493456861052696 19.500000000000004 2.5000000000000004 5.5000000000000009 15.500000000000002
decision_type=2 1 2 2 1 2 2 2 2 2 2 2 2 2 2 1 2 1 2 2 2 2 2 1 2 2 2 2 2 2
left_child=1 -1 3 -3 5 6 25 13 -5 12 21 -8 22 -4 28 16 29 18 26 -19 -17 -11 -7 24 -15 -2 -16 -22 -10 -9
right_child=4 2 7 8 -6 9 11 15 14 10 -12 -13 -14 23 17 20 -18 19 -20 -21 27 -23 -24 -25 -26 -27 -28 -29 -30 -31
leaf_value=-2.5930196853642603e-06 -3.3258176441419654e-07 -3.3258176441419654e-07 -3.3258176441419654e-07 -3.3258176441419654e-07 1.7539431335834019e-07 -3.3258176441419654e-07 5.8910936250053015e-09 -3.3258176441419654e-07 -3.3258176441419654e-07 -3.3258176441419654e-07 -1.1775761770548991e-07 -3.0833088417126638e-06 -2.1007019894215477e-11 -3.3258176441419654e-07 -3.3258176441419654e-07 -3.3258176441419654e-07 -3.3258176441419654e-07 -3.3258176441419654e-07 -3.3258176441419654e-07 -3.3258176441419654e-07 -3.3258176441419654e-07 -3.3258176441419654e-07 -3.3258176441419654e-07 -3.3258176441419654e-07 -3.3258176441419654e-07 -3.0501297451563627e-07 -3.3258176441419654e-07 -3.3258176441419654e-07 -3.3258176441419654e-07 -3.3258176441419654e-07
leaf_weight=16385 1200 2445 2708 3228 1147626 1746 1207 9059 3063 2267 58041 631 3862 5412 6234 2923 3230 3566 1507 5054 3375 2387 4735 2570 978 3048 2540 4831 521 9412
leaf_count=16385 1200 2445 2708 3228 1147626 1746 1207 9059 3063 2267 58041 631 3862 5412 6234 2923 3230 3566 1507 5054 3375 2387 4735 2570 978 3048 2540 4831 521 9412
internal_value=-0.000516453 -0.00614037 -0.00751823 -0.0118567 -0.000108253 -0.00183082 -0.0119241 -0.0047746 -0.0107022 -0.000990032 -0.000409522 -0.000168661 -0.00450885 -0.00859702 -0.00972092 -0.00341608 -0.00239487 -0.00889344 -0.00730201 -0.0107706 -0.00540039 -0.00475505 -0.0067883 -0.00713728 -0.00599219 -0.0170104 -0.0064486 -0.00441994 -0.0140848 -0.0015481
internal_weight=1.31579e+06 89041 72656 28158 1.22675e+06 79124 6086 44498 25713 73038 62695 1838 10343 11668 22485 32830 21701 18901 10281 8620 11129 4654 6481 8960 6390 4248 8774 8206 3584 18471
internal_count=1315791 89041 72656 28158 1226750 79124 6086 44498 25713 73038 62695 1838 10343 11668 22485 32830 21701 18901 10281 8620 11129 4654 6481 8960 6390 4248 8774 8206 3584 18471
cat_boundaries=0 1 2 3 4 5
cat_threshold=7 32 64 64 64
is_linear=0
shrinkage=0.05


Tree=164
num_leaves=31
num_cat=5
split_feature=6 1 7 7 1 7 6 6 6 7 6 7 6 6 7 1 3 1 3 3 7 7 3 1 3 6 2 3 3 2
split_gain=1206.4 300.062 345.98 157.876 99.8591 268.655 145.556 92.4279 68.9812 59.6781 37.9725 37.5699 36.0744 32.9054 32.4777 26.5073 35.685 21.9561 17.7295 14.8748 12.1329 11.5142 11.355 10.9548 12.5135 10.2081 8.85459 8.26584 7.85397 7.14547
threshold=12.342999049824568 0 0.075995310721284556 0.029154964549149176 1 0.030551983978343782 12.937343182529457 11.990580988694822 11.79893450632702 0.066162824367806392 12.395871386706281 0.028165668868557519 12.781428899765492 11.583360624843122 0.045771777356362224 2 5.5000000000000009 3 5.5000000000000009 2.5000000000000004 0.08960462641287327 0.093791546260364872 1.5000000000000002 4 5.5000000000000009 12.493456861052696 19.500000000000004 2.5000000000000004 5.5000000000000009 15.500000000000002
decision_type=2 1 2 2 1 2 2 2 2 2 2 2 2 2 2 1 2 1 2 2 2 2 2 1 2 2 2 2 2 2
left_child=1 -1 3 -3 5 6 25 13 -5 12 21 -8 22 -4 28 16 29 18 26 -19 -17 -11 -7 24 -15 -2 -16 -22 -10 -9
right_child=4 2 7 8 -6 9 11 15 14 10 -12 -13 -14 23 17 20 -18 19 -20 -21 27 -23 -24 -25 -26 -27 -28 -29 -30 -31
leaf_value=-2.4633687010959314e-06 -3.1595267619348672e-07 -3.1595267619348672e-07 -3.1595267619348672e-07 -3.1595267619348672e-07 1.6662459769042316e-07 -3.1595267619348672e-07 5.596538943755036e-09 -3.1595267619348672e-07 -3.1595267619348672e-07 -3.1595267619348672e-07 -1.1186973682021546e-07 -2.9291433996270306e-06 -1.9956668899504704e-11 -3.1595267619348672e-07 -3.1595267619348672e-07 -3.1595267619348672e-07 -3.1595267619348672e-07 -3.1595267619348672e-07 -3.1595267619348672e-07 -3.1595267619348672e-07 -3.1595267619348672e-07 -3.1595267619348672e-07 -3.1595267619348672e-07 -3.1595267619348672e-07 -3.1595267619348672e-07 -2.8976232578985445e-07 -3.1595267619348672e-07 -3.1595267619348672e-07 -3.1595267619348672e-07 -3.1595267619348672e-07
leaf_weight=16385 1200 2445 2708 3228 1147626 1746 1207 9059 3063 2267 58041 631 3862 5412 6234 2923 3230 3566 1507 5054 3375 2387 4735 2570 978 3048 2540 4831 521 9412
leaf_count=16385 1200 2445 2708 3228 1147626 1746 1207 9059 3063 2267 58041 631 3862 5412 6234 2923 3230 3566 1507 5054 3375 2387 4735 2570 978 3048 2540 4831 521 9412
internal_value=-0.000520785 -0.00614037 -0.00751823 -0.0118567 -0.0001129 -0.00183082 -0.0119241 -0.0047746 -0.0107022 -0.000990032 -0.000409522 -0.000168661 -0.00450885 -0.00859702 -0.00972092 -0.00341608 -0.00239487 -0.00889344 -0.00730201 -0.0107706 -0.00540039 -0.00475505 -0.0067883 -0.00713728 -0.00599219 -0.0170104 -0.0064486 -0.00441994 -0.0140848 -0.0015481
internal_weight=1.31579e+06 89041 72656 28158 1.22675e+06 79124 6086 44498 25713 73038 62695 1838 10343 11668 22485 32830 21701 18901 10281 8620 11129 4654 6481 8960 6390 4248 8774 8206 3584 18471
internal_count=1315791 89041 72656 28158 1226750 79124 6086 44498 25713 73038 62695 1838 10343 11668 22485 32830 21701 18901 10281 8620 11129 4654 6481 8960 6390 4248 8774 8206 3584 18471
cat_boundaries=0 1 2 3 4 5
cat_threshold=7 32 64 64 64
is_linear=0
shrinkage=0.05


Tree=165
num_leaves=31
num_cat=5
split_feature=6 1 7 7 1 7 6 6 6 7 6 7 6 6 7 1 3 1 3 3 7 7 3 1 3 6 2 3 3 2
split_gain=1206.28 300.062 345.98 157.876 99.826 268.655 145.556 92.4279 68.9812 59.6781 37.9725 37.5699 36.0744 32.9054 32.4777 26.5073 35.685 21.9561 17.7295 14.8748 12.1329 11.5142 11.355 10.9548 12.5135 10.2081 8.85459 8.26584 7.85397 7.14547
threshold=12.342999049824568 0 0.075995310721284556 0.029154964549149176 1 0.030551983978343782 12.937343182529457 11.990580988694822 11.79893450632702 0.066162824367806392 12.395871386706281 0.028165668868557519 12.781428899765492 11.583360624843122 0.045771777356362224 2 5.5000000000000009 3 5.5000000000000009 2.5000000000000004 0.08960462641287327 0.093791546260364872 1.5000000000000002 4 5.5000000000000009 12.493456861052696 19.500000000000004 2.5000000000000004 5.5000000000000009 15.500000000000002
decision_type=2 1 2 2 1 2 2 2 2 2 2 2 2 2 2 1 2 1 2 2 2 2 2 1 2 2 2 2 2 2
left_child=1 -1 3 -3 5 6 25 13 -5 12 21 -8 22 -4 28 16 29 18 26 -19 -17 -11 -7 24 -15 -2 -16 -22 -10 -9
right_child=4 2 7 8 -6 9 11 15 14 10 -12 -13 -14 23 17 20 -18 19 -20 -21 27 -23 -24 -25 -26 -27 -28 -29 -30 -31
leaf_value=-2.3402002660410023e-06 -3.0015504238381236e-07 -3.0015504238381236e-07 -3.0015504238381236e-07 -3.0015504238381236e-07 1.5829336780590199e-07 -3.0015504238381236e-07 5.3167119965672846e-09 -3.0015504238381236e-07 -3.0015504238381236e-07 -3.0015504238381236e-07 -1.0627624997920468e-07 -2.7826862296456788e-06 -1.895883545452947e-11 -3.0015504238381236e-07 -3.0015504238381236e-07 -3.0015504238381236e-07 -3.0015504238381236e-07 -3.0015504238381236e-07 -3.0015504238381236e-07 -3.0015504238381236e-07 -3.0015504238381236e-07 -3.0015504238381236e-07 -3.0015504238381236e-07 -3.0015504238381236e-07 -3.0015504238381236e-07 -2.7527420950036171e-07 -3.0015504238381236e-07 -3.0015504238381236e-07 -3.0015504238381236e-07 -3.0015504238381236e-07
leaf_weight=16385 1200 2445 2708 3228 1147626 1746 1207 9059 3063 2267 58041 631 3862 5412 6234 2923 3230 3566 1507 5054 3375 2387 4735 2570 978 3048 2540 4831 521 9412
leaf_count=16385 1200 2445 2708 3228 1147626 1746 1207 9059 3063 2267 58041 631 3862 5412 6234 2923 3230 3566 1507 5054 3375 2387 4735 2570 978 3048 2540 4831 521 9412
internal_value=-0.000521051 -0.00614037 -0.00751823 -0.0118567 -0.000113185 -0.00183082 -0.0119241 -0.0047746 -0.0107022 -0.000990032 -0.000409522 -0.000168661 -0.00450885 -0.00859702 -0.00972092 -0.00341608 -0.00239487 -0.00889344 -0.00730201 -0.0107706 -0.00540039 -0.00475505 -0.0067883 -0.00713728 -0.00599219 -0.0170104 -0.0064486 -0.00441994 -0.0140848 -0.0015481
internal_weight=1.31579e+06 89041 72656 28158 1.22675e+06 79124 6086 44498 25713 73038 62695 1838 10343 11668 22485 32830 21701 18901 10281 8620 11129 4654 6481 8960 6390 4248 8774 8206 3584 18471
internal_count=1315791 89041 72656 28158 1226750 79124 6086 44498 25713 73038 62695 1838 10343 11668 22485 32830 21701 18901 10281 8620 11129 4654 6481 8960 6390 4248 8774 8206 3584 18471
cat_boundaries=0 1 2 3 4 5
cat_threshold=7 32 64 64 64
is_linear=0
shrinkage=0.05


Tree=166
num_leaves=31
num_cat=5
split_feature=6 1 7 7 1 7 6 6 6 7 6 7 6 6 7 1 3 1 3 3 7 7 3 1 3 6 2 3 3 2
split_gain=1206.23 300.062 345.98 157.876 99.8117 268.655 145.556 92.4279 68.9812 59.6781 37.9725 37.5699 36.0744 32.9054 32.4777 26.5073 35.685 21.9561 17.7295 14.8748 12.1329 11.5142 11.355 10.9548 12.5135 10.2081 8.85459 8.26584 7.85397 7.14547
threshold=12.342999049824568 0 0.075995310721284556 0.029154964549149176 1 0.030551983978343782 12.937343182529457 11.990580988694822 11.79893450632702 0.066162824367806392 12.395871386706281 0.028165668868557519 12.781428899765492 11.583360624843122 0.045771777356362224 2 5.5000000000000009 3 5.5000000000000009 2.5000000000000004 0.08960462641287327 0.093791546260364872 1.5000000000000002 4 5.5000000000000009 12.493456861052696 19.500000000000004 2.5000000000000004 5.5000000000000009 15.500000000000002
decision_type=2 1 2 2 1 2 2 2 2 2 2 2 2 2 2 1 2 1 2 2 2 2 2 1 2 2 2 2 2 2
left_child=1 -1 3 -3 5 6 25 13 -5 12 21 -8 22 -4 28 16 29 18 26 -19 -17 -11 -7 24 -15 -2 -16 -22 -10 -9
right_child=4 2 7 8 -6 9 11 15 14 10 -12 -13 -14 23 17 20 -18 19 -20 -21 27 -23 -24 -25 -26 -27 -28 -29 -30 -31
leaf_value=-2.2231902527388363e-06 -2.8514729026462177e-07 -2.8514729026462177e-07 -2.8514729026462177e-07 -2.8514729026462177e-07 1.503786994156069e-07 -2.8514729026462177e-07 5.0508763967389202e-09 -2.8514729026462177e-07 -2.8514729026462177e-07 -2.8514729026462177e-07 -1.0096243748024445e-07 -2.643551918163395e-06 -1.8010893681802996e-11 -2.8514729026462177e-07 -2.8514729026462177e-07 -2.8514729026462177e-07 -2.8514729026462177e-07 -2.8514729026462177e-07 -2.8514729026462177e-07 -2.8514729026462177e-07 -2.8514729026462177e-07 -2.8514729026462177e-07 -2.8514729026462177e-07 -2.8514729026462177e-07 -2.8514729026462177e-07 -2.6151049902534362e-07 -2.8514729026462177e-07 -2.8514729026462177e-07 -2.8514729026462177e-07 -2.8514729026462177e-07
leaf_weight=16385 1200 2445 2708 3228 1147626 1746 1207 9059 3063 2267 58041 631 3862 5412 6234 2923 3230 3566 1507 5054 3375 2387 4735 2570 978 3048 2540 4831 521 9412
leaf_count=16385 1200 2445 2708 3228 1147626 1746 1207 9059 3063 2267 58041 631 3862 5412 6234 2923 3230 3566 1507 5054 3375 2387 4735 2570 978 3048 2540 4831 521 9412
internal_value=-0.000521165 -0.00614037 -0.00751823 -0.0118567 -0.000113307 -0.00183082 -0.0119241 -0.0047746 -0.0107022 -0.000990032 -0.000409522 -0.000168661 -0.00450885 -0.00859702 -0.00972092 -0.00341608 -0.00239487 -0.00889344 -0.00730201 -0.0107706 -0.00540039 -0.00475505 -0.0067883 -0.00713728 -0.00599219 -0.0170104 -0.0064486 -0.00441994 -0.0140848 -0.0015481
internal_weight=1.31579e+06 89041 72656 28158 1.22675e+06 79124 6086 44498 25713 73038 62695 1838 10343 11668 22485 32830 21701 18901 10281 8620 11129 4654 6481 8960 6390 4248 8774 8206 3584 18471
internal_count=1315791 89041 72656 28158 1226750 79124 6086 44498 25713 73038 62695 1838 10343 11668 22485 32830 21701 18901 10281 8620 11129 4654 6481 8960 6390 4248 8774 8206 3584 18471
cat_boundaries=0 1 2 3 4 5
cat_threshold=7 32 64 64 64
is_linear=0
shrinkage=0.05


Tree=167
num_leaves=31
num_cat=5
split_feature=6 1 7 7 1 7 6 6 6 7 6 7 6 6 7 1 3 1 3 3 7 7 3 1 3 6 2 3 3 2
split_gain=1205.99 300.306 345.98 157.876 99.807 268.655 145.556 92.4279 68.9812 59.6781 37.9725 37.5699 36.0744 32.9054 32.4777 26.5073 35.685 21.9561 17.7295 14.8748 12.1329 11.5142 11.355 10.9548 12.5135 10.2081 8.85459 8.26584 7.85397 7.14547
threshold=12.342999049824568 0 0.075995310721284556 0.029154964549149176 1 0.030551983978343782 12.937343182529457 11.990580988694822 11.79893450632702 0.066162824367806392 12.395871386706281 0.028165668868557519 12.781428899765492 11.583360624843122 0.045771777356362224 2 5.5000000000000009 3 5.5000000000000009 2.5000000000000004 0.08960462641287327 0.093791546260364872 1.5000000000000002 4 5.5000000000000009 12.493456861052696 19.500000000000004 2.5000000000000004 5.5000000000000009 15.500000000000002
decision_type=2 1 2 2 1 2 2 2 2 2 2 2 2 2 2 1 2 1 2 2 2 2 2 1 2 2 2 2 2 2
left_child=1 -1 3 -3 5 6 25 13 -5 12 21 -8 22 -4 28 16 29 18 26 -19 -17 -11 -7 24 -15 -2 -16 -22 -10 -9
right_child=4 2 7 8 -6 9 11 15 14 10 -12 -13 -14 23 17 20 -18 19 -20 -21 27 -23 -24 -25 -26 -27 -28 -29 -30 -31
leaf_value=-2.1120307401018485e-06 -2.7088992575139065e-07 -2.7088992575139065e-07 -2.7088992575139065e-07 -2.7088992575139065e-07 1.4285976444482654e-07 -2.7088992575139065e-07 4.7983325769019735e-09 -2.7088992575139065e-07 -2.7088992575139065e-07 -2.7088992575139065e-07 -9.5914315606232226e-08 -2.511374322255225e-06 -1.7110348997712846e-11 -2.7088992575139065e-07 -2.7088992575139065e-07 -2.7088992575139065e-07 -2.7088992575139065e-07 -2.7088992575139065e-07 -2.7088992575139065e-07 -2.7088992575139065e-07 -2.7088992575139065e-07 -2.7088992575139065e-07 -2.7088992575139065e-07 -2.7088992575139065e-07 -2.7088992575139065e-07 -2.4843497407407647e-07 -2.7088992575139065e-07 -2.7088992575139065e-07 -2.7088992575139065e-07 -2.7088992575139065e-07
leaf_weight=16385 1200 2445 2708 3228 1147626 1746 1207 9059 3063 2267 58041 631 3862 5412 6234 2923 3230 3566 1507 5054 3375 2387 4735 2570 978 3048 2540 4831 521 9412
leaf_count=16385 1200 2445 2708 3228 1147626 1746 1207 9059 3063 2267 58041 631 3862 5412 6234 2923 3230 3566 1507 5054 3375 2387 4735 2570 978 3048 2540 4831 521 9412
internal_value=-0.000521165 -0.00613981 -0.00751823 -0.0118567 -0.000113348 -0.00183082 -0.0119241 -0.0047746 -0.0107022 -0.000990032 -0.000409522 -0.000168661 -0.00450885 -0.00859702 -0.00972092 -0.00341608 -0.00239487 -0.00889344 -0.00730201 -0.0107706 -0.00540039 -0.00475505 -0.0067883 -0.00713728 -0.00599219 -0.0170104 -0.0064486 -0.00441994 -0.0140848 -0.0015481
internal_weight=1.31579e+06 89041 72656 28158 1.22675e+06 79124 6086 44498 25713 73038 62695 1838 10343 11668 22485 32830 21701 18901 10281 8620 11129 4654 6481 8960 6390 4248 8774 8206 3584 18471
internal_count=1315791 89041 72656 28158 1226750 79124 6086 44498 25713 73038 62695 1838 10343 11668 22485 32830 21701 18901 10281 8620 11129 4654 6481 8960 6390 4248 8774 8206 3584 18471
cat_boundaries=0 1 2 3 4 5
cat_threshold=7 32 64 64 64
is_linear=0
shrinkage=0.05


Tree=168
num_leaves=31
num_cat=5
split_feature=6 1 7 7 1 7 6 6 6 7 6 7 6 6 7 1 3 1 3 3 7 7 3 1 3 6 2 3 3 2
split_gain=1205.98 300.306 345.98 157.876 99.8023 268.655 145.556 92.4279 68.9812 59.6781 37.9725 37.5699 36.0744 32.9054 32.4777 26.5073 35.685 21.9561 17.7295 14.8748 12.1329 11.5142 11.355 10.9548 12.5135 10.2081 8.85459 8.26584 7.85397 7.14547
threshold=12.342999049824568 0 0.075995310721284556 0.029154964549149176 1 0.030551983978343782 12.937343182529457 11.990580988694822 11.79893450632702 0.066162824367806392 12.395871386706281 0.028165668868557519 12.781428899765492 11.583360624843122 0.045771777356362224 2 5.5000000000000009 3 5.5000000000000009 2.5000000000000004 0.08960462641287327 0.093791546260364872 1.5000000000000002 4 5.5000000000000009 12.493456861052696 19.500000000000004 2.5000000000000004 5.5000000000000009 15.500000000000002
decision_type=2 1 2 2 1 2 2 2 2 2 2 2 2 2 2 1 2 1 2 2 2 2 2 1 2 2 2 2 2 2
left_child=1 -1 3 -3 5 6 25 13 -5 12 21 -8 22 -4 28 16 29 18 26 -19 -17 -11 -7 24 -15 -2 -16 -22 -10 -9
right_child=4 2 7 8 -6 9 11 15 14 10 -12 -13 -14 23 17 20 -18 19 -20 -21 27 -23 -24 -25 -26 -27 -28 -29 -30 -31
leaf_value=-2.006429203096675e-06 -2.5734542946382111e-07 -2.5734542946382111e-07 -2.5734542946382111e-07 -2.5734542946382111e-07 1.357167762225852e-07 -2.5734542946382111e-07 4.5584159480568746e-09 -2.5734542946382111e-07 -2.5734542946382111e-07 -2.5734542946382111e-07 -9.1118599825920636e-08 -2.3858056061424641e-06 -1.6254831547827201e-11 -2.5734542946382111e-07 -2.5734542946382111e-07 -2.5734542946382111e-07 -2.5734542946382111e-07 -2.5734542946382111e-07 -2.5734542946382111e-07 -2.5734542946382111e-07 -2.5734542946382111e-07 -2.5734542946382111e-07 -2.5734542946382111e-07 -2.5734542946382111e-07 -2.5734542946382111e-07 -2.3601322537037265e-07 -2.5734542946382111e-07 -2.5734542946382111e-07 -2.5734542946382111e-07 -2.5734542946382111e-07
leaf_weight=16385 1200 2445 2708 3228 1147626 1746 1207 9059 3063 2267 58041 631 3862 5412 6234 2923 3230 3566 1507 5054 3375 2387 4735 2570 978 3048 2540 4831 521 9412
leaf_count=16385 1200 2445 2708 3228 1147626 1746 1207 9059 3063 2267 58041 631 3862 5412 6234 2923 3230 3566 1507 5054 3375 2387 4735 2570 978 3048 2540 4831 521 9412
internal_value=-0.000521203 -0.00613981 -0.00751823 -0.0118567 -0.000113389 -0.00183082 -0.0119241 -0.0047746 -0.0107022 -0.000990032 -0.000409522 -0.000168661 -0.00450885 -0.00859702 -0.00972092 -0.00341608 -0.00239487 -0.00889344 -0.00730201 -0.0107706 -0.00540039 -0.00475505 -0.0067883 -0.00713728 -0.00599219 -0.0170104 -0.0064486 -0.00441994 -0.0140848 -0.0015481
internal_weight=1.31579e+06 89041 72656 28158 1.22675e+06 79124 6086 44498 25713 73038 62695 1838 10343 11668 22485 32830 21701 18901 10281 8620 11129 4654 6481 8960 6390 4248 8774 8206 3584 18471
internal_count=1315791 89041 72656 28158 1226750 79124 6086 44498 25713 73038 62695 1838 10343 11668 22485 32830 21701 18901 10281 8620 11129 4654 6481 8960 6390 4248 8774 8206 3584 18471
cat_boundaries=0 1 2 3 4 5
cat_threshold=7 32 64 64 64
is_linear=0
shrinkage=0.05


Tree=169
num_leaves=31
num_cat=5
split_feature=6 1 7 7 1 7 6 6 6 7 6 7 6 6 7 1 3 1 3 3 7 7 3 1 3 6 2 3 3 2
split_gain=1205.91 300.306 345.98 157.876 99.7833 268.655 145.556 92.4279 68.9812 59.6781 37.9725 37.5699 36.0744 32.9054 32.4777 26.5073 35.685 21.9561 17.7295 14.8748 12.1329 11.5142 11.355 10.9548 12.5135 10.2081 8.85459 8.26584 7.85397 7.14547
threshold=12.342999049824568 0 0.075995310721284556 0.029154964549149176 1 0.030551983978343782 12.937343182529457 11.990580988694822 11.79893450632702 0.066162824367806392 12.395871386706281 0.028165668868557519 12.781428899765492 11.583360624843122 0.045771777356362224 2 5.5000000000000009 3 5.5000000000000009 2.5000000000000004 0.08960462641287327 0.093791546260364872 1.5000000000000002 4 5.5000000000000009 12.493456861052696 19.500000000000004 2.5000000000000004 5.5000000000000009 15.500000000000002
decision_type=2 1 2 2 1 2 2 2 2 2 2 2 2 2 2 1 2 1 2 2 2 2 2 1 2 2 2 2 2 2
left_child=1 -1 3 -3 5 6 25 13 -5 12 21 -8 22 -4 28 16 29 18 26 -19 -17 -11 -7 24 -15 -2 -16 -22 -10 -9
right_child=4 2 7 8 -6 9 11 15 14 10 -12 -13 -14 23 17 20 -18 19 -20 -21 27 -23 -24 -25 -26 -27 -28 -29 -30 -31
leaf_value=-1.9061077429418993e-06 -2.4447815799063003e-07 -2.4447815799063003e-07 -2.4447815799063003e-07 -2.4447815799063003e-07 1.2893093741145596e-07 -2.4447815799063003e-07 4.3304951506540306e-09 -2.4447815799063003e-07 -2.4447815799063003e-07 -2.4447815799063003e-07 -8.6562669834624559e-08 -2.2665153258353407e-06 -1.5442089970435843e-11 -2.4447815799063003e-07 -2.4447815799063003e-07 -2.4447815799063003e-07 -2.4447815799063003e-07 -2.4447815799063003e-07 -2.4447815799063003e-07 -2.4447815799063003e-07 -2.4447815799063003e-07 -2.4447815799063003e-07 -2.4447815799063003e-07 -2.4447815799063003e-07 -2.4447815799063003e-07 -2.2421256410185402e-07 -2.4447815799063003e-07 -2.4447815799063003e-07 -2.4447815799063003e-07 -2.4447815799063003e-07
leaf_weight=16385 1200 2445 2708 3228 1147626 1746 1207 9059 3063 2267 58041 631 3862 5412 6234 2923 3230 3566 1507 5054 3375 2387 4735 2570 978 3048 2540 4831 521 9412
leaf_count=16385 1200 2445 2708 3228 1147626 1746 1207 9059 3063 2267 58041 631 3862 5412 6234 2923 3230 3566 1507 5054 3375 2387 4735 2570 978 3048 2540 4831 521 9412
internal_value=-0.000521355 -0.00613981 -0.00751823 -0.0118567 -0.000113552 -0.00183082 -0.0119241 -0.0047746 -0.0107022 -0.000990032 -0.000409522 -0.000168661 -0.00450885 -0.00859702 -0.00972092 -0.00341608 -0.00239487 -0.00889344 -0.00730201 -0.0107706 -0.00540039 -0.00475505 -0.0067883 -0.00713728 -0.00599219 -0.0170104 -0.0064486 -0.00441994 -0.0140848 -0.0015481
internal_weight=1.31579e+06 89041 72656 28158 1.22675e+06 79124 6086 44498 25713 73038 62695 1838 10343 11668 22485 32830 21701 18901 10281 8620 11129 4654 6481 8960 6390 4248 8774 8206 3584 18471
internal_count=1315791 89041 72656 28158 1226750 79124 6086 44498 25713 73038 62695 1838 10343 11668 22485 32830 21701 18901 10281 8620 11129 4654 6481 8960 6390 4248 8774 8206 3584 18471
cat_boundaries=0 1 2 3 4 5
cat_threshold=7 32 64 64 64
is_linear=0
shrinkage=0.05


Tree=170
num_leaves=31
num_cat=5
split_feature=6 1 7 7 1 7 6 6 6 7 6 7 6 6 7 1 3 1 3 3 7 7 3 1 3 6 2 3 3 2
split_gain=1205.88 300.551 345.98 157.876 98.5225 269.261 145.556 92.4279 68.9812 60.0968 38.2238 37.5699 36.0744 32.9054 32.4777 26.5073 35.685 21.9561 17.7295 14.8748 12.1329 11.5142 11.355 10.9548 12.5135 10.2081 8.85459 8.26584 7.85397 7.14547
threshold=12.342999049824568 0 0.075995310721284556 0.029154964549149176 1 0.030551983978343782 12.937343182529457 11.990580988694822 11.79893450632702 0.066162824367806392 12.395871386706281 0.028165668868557519 12.781428899765492 11.583360624843122 0.045771777356362224 2 5.5000000000000009 3 5.5000000000000009 2.5000000000000004 0.08960462641287327 0.093791546260364872 1.5000000000000002 4 5.5000000000000009 12.493456861052696 19.500000000000004 2.5000000000000004 5.5000000000000009 15.500000000000002
decision_type=2 1 2 2 1 2 2 2 2 2 2 2 2 2 2 1 2 1 2 2 2 2 2 1 2 2 2 2 2 2
left_child=1 -1 3 -3 5 6 25 13 -5 12 21 -8 22 -4 28 16 29 18 26 -19 -17 -11 -7 24 -15 -2 -16 -22 -10 -9
right_child=4 2 7 8 -6 9 11 15 14 10 -12 -13 -14 23 17 20 -18 19 -20 -21 27 -23 -24 -25 -26 -27 -28 -29 -30 -31
leaf_value=-1.8108023557947755e-06 -2.3225425009109854e-07 -2.3225425009109854e-07 -2.3225425009109854e-07 -2.3225425009109854e-07 1.2248439054088314e-07 -2.3225425009109854e-07 4.1139703931213291e-09 -2.3225425009109854e-07 -2.3225425009109854e-07 -2.3225425009109854e-07 -8.2234536342893342e-08 -2.1531895595435736e-06 -1.4669985471914049e-11 -2.3225425009109854e-07 -2.3225425009109854e-07 -2.3225425009109854e-07 -2.3225425009109854e-07 -2.3225425009109854e-07 -2.3225425009109854e-07 -2.3225425009109854e-07 -2.3225425009109854e-07 -2.3225425009109854e-07 -2.3225425009109854e-07 -2.3225425009109854e-07 -2.3225425009109854e-07 -2.1300193589676134e-07 -2.3225425009109854e-07 -2.3225425009109854e-07 -2.3225425009109854e-07 -2.3225425009109854e-07
leaf_weight=16385 1200 2445 2708 3228 1147626 1746 1207 9059 3063 2267 58041 631 3862 5412 6234 2923 3230 3566 1507 5054 3375 2387 4735 2570 978 3048 2540 4831 521 9412
leaf_count=16385 1200 2445 2708 3228 1147626 1746 1207 9059 3063 2267 58041 631 3862 5412 6234 2923 3230 3566 1507 5054 3375 2387 4735 2570 978 3048 2540 4831 521 9412
internal_value=-0.000520861 -0.00613925 -0.00751823 -0.0118567 -0.000113063 -0.00181945 -0.0119241 -0.0047746 -0.0107022 -0.00097771 -0.000395167 -0.000168661 -0.00450885 -0.00859702 -0.00972092 -0.00341608 -0.00239487 -0.00889344 -0.00730201 -0.0107706 -0.00540039 -0.00475505 -0.0067883 -0.00713728 -0.00599219 -0.0170104 -0.0064486 -0.00441994 -0.0140848 -0.0015481
internal_weight=1.31579e+06 89041 72656 28158 1.22675e+06 79124 6086 44498 25713 73038 62695 1838 10343 11668 22485 32830 21701 18901 10281 8620 11129 4654 6481 8960 6390 4248 8774 8206 3584 18471
internal_count=1315791 89041 72656 28158 1226750 79124 6086 44498 25713 73038 62695 1838 10343 11668 22485 32830 21701 18901 10281 8620 11129 4654 6481 8960 6390 4248 8774 8206 3584 18471
cat_boundaries=0 1 2 3 4 5
cat_threshold=7 32 64 64 64
is_linear=0
shrinkage=0.05


Tree=171
num_leaves=31
num_cat=5
split_feature=6 1 7 7 1 7 6 6 6 7 6 7 6 6 7 1 3 1 3 3 7 7 3 1 3 6 2 3 3 2
split_gain=1206.36 300.796 345.98 157.876 95.1069 270.948 145.556 92.4279 68.9812 61.2675 38.9262 37.5699 36.0744 32.9054 32.4777 26.5073 35.685 21.9561 17.7295 14.8748 12.1329 11.5142 11.355 10.9548 12.5135 10.2081 8.85459 8.26584 7.85397 7.14547
threshold=12.342999049824568 0 0.075995310721284556 0.029154964549149176 1 0.030551983978343782 12.937343182529457 11.990580988694822 11.79893450632702 0.066162824367806392 12.395871386706281 0.028165668868557519 12.781428899765492 11.583360624843122 0.045771777356362224 2 5.5000000000000009 3 5.5000000000000009 2.5000000000000004 0.08960462641287327 0.093791546260364872 1.5000000000000002 4 5.5000000000000009 12.493456861052696 19.500000000000004 2.5000000000000004 5.5000000000000009 15.500000000000002
decision_type=2 1 2 2 1 2 2 2 2 2 2 2 2 2 2 1 2 1 2 2 2 2 2 1 2 2 2 2 2 2
left_child=1 -1 3 -3 5 6 25 13 -5 12 21 -8 22 -4 28 16 29 18 26 -19 -17 -11 -7 24 -15 -2 -16 -22 -10 -9
right_child=4 2 7 8 -6 9 11 15 14 10 -12 -13 -14 23 17 20 -18 19 -20 -21 27 -23 -24 -25 -26 -27 -28 -29 -30 -31
leaf_value=-1.7202622380048864e-06 -2.2064153758654362e-07 -2.2064153758654362e-07 -2.2064153758654362e-07 -2.2064153758654362e-07 1.16360171013839e-07 -2.2064153758654362e-07 3.9082718734652627e-09 -2.2064153758654362e-07 -2.2064153758654362e-07 -2.2064153758654362e-07 -7.8122809525748638e-08 -2.0455300815663947e-06 -1.3936486198318348e-11 -2.2064153758654362e-07 -2.2064153758654362e-07 -2.2064153758654362e-07 -2.2064153758654362e-07 -2.2064153758654362e-07 -2.2064153758654362e-07 -2.2064153758654362e-07 -2.2064153758654362e-07 -2.2064153758654362e-07 -2.2064153758654362e-07 -2.2064153758654362e-07 -2.2064153758654362e-07 -2.0235183910192325e-07 -2.2064153758654362e-07 -2.2064153758654362e-07 -2.2064153758654362e-07 -2.2064153758654362e-07
leaf_weight=16385 1200 2445 2708 3228 1147626 1746 1207 9059 3063 2267 58041 631 3862 5412 6234 2923 3230 3566 1507 5054 3375 2387 4735 2570 978 3048 2540 4831 521 9412
leaf_count=16385 1200 2445 2708 3228 1147626 1746 1207 9059 3063 2267 58041 631 3862 5412 6234 2923 3230 3566 1507 5054 3375 2387 4735 2570 978 3048 2540 4831 521 9412
internal_value=-0.000519189 -0.00613869 -0.00751823 -0.0118567 -0.00011131 -0.00178785 -0.0119241 -0.0047746 -0.0107022 -0.000943481 -0.000355291 -0.000168661 -0.00450885 -0.00859702 -0.00972092 -0.00341608 -0.00239487 -0.00889344 -0.00730201 -0.0107706 -0.00540039 -0.00475505 -0.0067883 -0.00713728 -0.00599219 -0.0170104 -0.0064486 -0.00441994 -0.0140848 -0.0015481
internal_weight=1.31579e+06 89041 72656 28158 1.22675e+06 79124 6086 44498 25713 73038 62695 1838 10343 11668 22485 32830 21701 18901 10281 8620 11129 4654 6481 8960 6390 4248 8774 8206 3584 18471
internal_count=1315791 89041 72656 28158 1226750 79124 6086 44498 25713 73038 62695 1838 10343 11668 22485 32830 21701 18901 10281 8620 11129 4654 6481 8960 6390 4248 8774 8206 3584 18471
cat_boundaries=0 1 2 3 4 5
cat_threshold=7 32 64 64 64
is_linear=0
shrinkage=0.05


Tree=172
num_leaves=31
num_cat=5
split_feature=6 1 7 7 1 7 6 6 6 7 6 7 6 6 7 1 3 1 3 3 7 7 3 1 3 6 2 3 3 2
split_gain=1206.36 300.796 345.98 157.876 95.0352 270.981 145.556 92.4279 68.9812 61.2911 38.9403 37.5699 36.0744 32.9054 32.4777 26.5073 35.685 21.9561 17.7295 14.8748 12.1329 11.5142 11.355 10.9548 12.5135 10.2081 8.85459 8.26584 7.85397 7.14547
threshold=12.342999049824568 0 0.075995310721284556 0.029154964549149176 1 0.030551983978343782 12.937343182529457 11.990580988694822 11.79893450632702 0.066162824367806392 12.395871386706281 0.028165668868557519 12.781428899765492 11.583360624843122 0.045771777356362224 2 5.5000000000000009 3 5.5000000000000009 2.5000000000000004 0.08960462641287327 0.093791546260364872 1.5000000000000002 4 5.5000000000000009 12.493456861052696 19.500000000000004 2.5000000000000004 5.5000000000000009 15.500000000000002
decision_type=2 1 2 2 1 2 2 2 2 2 2 2 2 2 2 1 2 1 2 2 2 2 2 1 2 2 2 2 2 2
left_child=1 -1 3 -3 5 6 25 13 -5 12 21 -8 22 -4 28 16 29 18 26 -19 -17 -11 -7 24 -15 -2 -16 -22 -10 -9
right_child=4 2 7 8 -6 9 11 15 14 10 -12 -13 -14 23 17 20 -18 19 -20 -21 27 -23 -24 -25 -26 -27 -28 -29 -30 -31
leaf_value=-1.6342491261045959e-06 -2.0960946070721646e-07 -2.0960946070721646e-07 -2.0960946070721646e-07 -2.0960946070721646e-07 1.1054216246314704e-07 -2.0960946070721646e-07 3.7128582797919994e-09 -2.0960946070721646e-07 -2.0960946070721646e-07 -2.0960946070721646e-07 -7.4216669049461204e-08 -1.9432535774880749e-06 -1.323966188840243e-11 -2.0960946070721646e-07 -2.0960946070721646e-07 -2.0960946070721646e-07 -2.0960946070721646e-07 -2.0960946070721646e-07 -2.0960946070721646e-07 -2.0960946070721646e-07 -2.0960946070721646e-07 -2.0960946070721646e-07 -2.0960946070721646e-07 -2.0960946070721646e-07 -2.0960946070721646e-07 -1.922342471468271e-07 -2.0960946070721646e-07 -2.0960946070721646e-07 -2.0960946070721646e-07 -2.0960946070721646e-07
leaf_weight=16385 1200 2445 2708 3228 1147626 1746 1207 9059 3063 2267 58041 631 3862 5412 6234 2923 3230 3566 1507 5054 3375 2387 4735 2570 978 3048 2540 4831 521 9412
leaf_count=16385 1200 2445 2708 3228 1147626 1746 1207 9059 3063 2267 58041 631 3862 5412 6234 2923 3230 3566 1507 5054 3375 2387 4735 2570 978 3048 2540 4831 521 9412
internal_value=-0.000519189 -0.00613869 -0.00751823 -0.0118567 -0.00011131 -0.00178722 -0.0119241 -0.0047746 -0.0107022 -0.000942797 -0.000354494 -0.000168661 -0.00450885 -0.00859702 -0.00972092 -0.00341608 -0.00239487 -0.00889344 -0.00730201 -0.0107706 -0.00540039 -0.00475505 -0.0067883 -0.00713728 -0.00599219 -0.0170104 -0.0064486 -0.00441994 -0.0140848 -0.0015481
internal_weight=1.31579e+06 89041 72656 28158 1.22675e+06 79124 6086 44498 25713 73038 62695 1838 10343 11668 22485 32830 21701 18901 10281 8620 11129 4654 6481 8960 6390 4248 8774 8206 3584 18471
internal_count=1315791 89041 72656 28158 1226750 79124 6086 44498 25713 73038 62695 1838 10343 11668 22485 32830 21701 18901 10281 8620 11129 4654 6481 8960 6390 4248 8774 8206 3584 18471
cat_boundaries=0 1 2 3 4 5
cat_threshold=7 32 64 64 64
is_linear=0
shrinkage=0.05


Tree=173
num_leaves=31
num_cat=5
split_feature=6 1 7 7 1 7 6 6 6 7 6 7 6 6 7 1 3 1 3 3 7 7 3 1 3 6 2 3 3 2
split_gain=1206.36 300.796 345.98 157.876 95.0352 270.981 145.556 92.4279 68.9812 61.2911 38.9403 37.5699 36.0744 32.9054 32.4777 26.5073 35.685 21.9561 17.7295 14.8748 12.1329 11.5142 11.355 10.9548 12.5135 10.2081 8.85459 8.26584 7.85397 7.14547
threshold=12.342999049824568 0 0.075995310721284556 0.029154964549149176 1 0.030551983978343782 12.937343182529457 11.990580988694822 11.79893450632702 0.066162824367806392 12.395871386706281 0.028165668868557519 12.781428899765492 11.583360624843122 0.045771777356362224 2 5.5000000000000009 3 5.5000000000000009 2.5000000000000004 0.08960462641287327 0.093791546260364872 1.5000000000000002 4 5.5000000000000009 12.493456861052696 19.500000000000004 2.5000000000000004 5.5000000000000009 15.500000000000002
decision_type=2 1 2 2 1 2 2 2 2 2 2 2 2 2 2 1 2 1 2 2 2 2 2 1 2 2 2 2 2 2
left_child=1 -1 3 -3 5 6 25 13 -5 12 21 -8 22 -4 28 16 29 18 26 -19 -17 -11 -7 24 -15 -2 -16 -22 -10 -9
right_child=4 2 7 8 -6 9 11 15 14 10 -12 -13 -14 23 17 20 -18 19 -20 -21 27 -23 -24 -25 -26 -27 -28 -29 -30 -31
leaf_value=-1.5525366697994935e-06 -1.9912898767185564e-07 -1.9912898767185564e-07 -1.9912898767185564e-07 -1.9912898767185564e-07 1.050150543399897e-07 -1.9912898767185564e-07 3.5272153658023992e-09 -1.9912898767185564e-07 -1.9912898767185564e-07 -1.9912898767185564e-07 -7.0505835596988166e-08 -1.8460908986136714e-06 -1.2577678793982307e-11 -1.9912898767185564e-07 -1.9912898767185564e-07 -1.9912898767185564e-07 -1.9912898767185564e-07 -1.9912898767185564e-07 -1.9912898767185564e-07 -1.9912898767185564e-07 -1.9912898767185564e-07 -1.9912898767185564e-07 -1.9912898767185564e-07 -1.9912898767185564e-07 -1.9912898767185564e-07 -1.8262253478948575e-07 -1.9912898767185564e-07 -1.9912898767185564e-07 -1.9912898767185564e-07 -1.9912898767185564e-07
leaf_weight=16385 1200 2445 2708 3228 1147626 1746 1207 9059 3063 2267 58041 631 3862 5412 6234 2923 3230 3566 1507 5054 3375 2387 4735 2570 978 3048 2540 4831 521 9412
leaf_count=16385 1200 2445 2708 3228 1147626 1746 1207 9059 3063 2267 58041 631 3862 5412 6234 2923 3230 3566 1507 5054 3375 2387 4735 2570 978 3048 2540 4831 521 9412
internal_value=-0.000519189 -0.00613869 -0.00751823 -0.0118567 -0.00011131 -0.00178722 -0.0119241 -0.0047746 -0.0107022 -0.000942797 -0.000354494 -0.000168661 -0.00450885 -0.00859702 -0.00972092 -0.00341608 -0.00239487 -0.00889344 -0.00730201 -0.0107706 -0.00540039 -0.00475505 -0.0067883 -0.00713728 -0.00599219 -0.0170104 -0.0064486 -0.00441994 -0.0140848 -0.0015481
internal_weight=1.31579e+06 89041 72656 28158 1.22675e+06 79124 6086 44498 25713 73038 62695 1838 10343 11668 22485 32830 21701 18901 10281 8620 11129 4654 6481 8960 6390 4248 8774 8206 3584 18471
internal_count=1315791 89041 72656 28158 1226750 79124 6086 44498 25713 73038 62695 1838 10343 11668 22485 32830 21701 18901 10281 8620 11129 4654 6481 8960 6390 4248 8774 8206 3584 18471
cat_boundaries=0 1 2 3 4 5
cat_threshold=7 32 64 64 64
is_linear=0
shrinkage=0.05


Tree=174
num_leaves=31
num_cat=5
split_feature=6 1 7 7 1 7 6 6 6 7 6 7 6 6 7 1 3 1 3 3 7 7 3 1 3 6 2 3 3 2
split_gain=1206.34 300.796 345.98 157.876 95.0306 270.981 145.556 92.4279 68.9812 61.2911 38.9403 37.5699 36.0744 32.9054 32.4777 26.5073 35.685 21.9561 17.7295 14.8748 12.1329 11.5142 11.355 10.9548 12.5135 10.2081 8.85459 8.26584 7.85397 7.14547
threshold=12.342999049824568 0 0.075995310721284556 0.029154964549149176 1 0.030551983978343782 12.937343182529457 11.990580988694822 11.79893450632702 0.066162824367806392 12.395871386706281 0.028165668868557519 12.781428899765492 11.583360624843122 0.045771777356362224 2 5.5000000000000009 3 5.5000000000000009 2.5000000000000004 0.08960462641287327 0.093791546260364872 1.5000000000000002 4 5.5000000000000009 12.493456861052696 19.500000000000004 2.5000000000000004 5.5000000000000009 15.500000000000002
decision_type=2 1 2 2 1 2 2 2 2 2 2 2 2 2 2 1 2 1 2 2 2 2 2 1 2 2 2 2 2 2
left_child=1 -1 3 -3 5 6 25 13 -5 12 21 -8 22 -4 28 16 29 18 26 -19 -17 -11 -7 24 -15 -2 -16 -22 -10 -9
right_child=4 2 7 8 -6 9 11 15 14 10 -12 -13 -14 23 17 20 -18 19 -20 -21 27 -23 -24 -25 -26 -27 -28 -29 -30 -31
leaf_value=-1.4749098363094554e-06 -1.8917253828826285e-07 -1.8917253828826285e-07 -1.8917253828826285e-07 -1.8917253828826285e-07 9.9764301622990217e-08 -1.8917253828826285e-07 3.3508545975122788e-09 -1.8917253828826285e-07 -1.8917253828826285e-07 -1.8917253828826285e-07 -6.6980543817138738e-08 -1.7537863536829879e-06 -1.194879485428319e-11 -1.8917253828826285e-07 -1.8917253828826285e-07 -1.8917253828826285e-07 -1.8917253828826285e-07 -1.8917253828826285e-07 -1.8917253828826285e-07 -1.8917253828826285e-07 -1.8917253828826285e-07 -1.8917253828826285e-07 -1.8917253828826285e-07 -1.8917253828826285e-07 -1.8917253828826285e-07 -1.7349140805001144e-07 -1.8917253828826285e-07 -1.8917253828826285e-07 -1.8917253828826285e-07 -1.8917253828826285e-07
leaf_weight=16385 1200 2445 2708 3228 1147626 1746 1207 9059 3063 2267 58041 631 3862 5412 6234 2923 3230 3566 1507 5054 3375 2387 4735 2570 978 3048 2540 4831 521 9412
leaf_count=16385 1200 2445 2708 3228 1147626 1746 1207 9059 3063 2267 58041 631 3862 5412 6234 2923 3230 3566 1507 5054 3375 2387 4735 2570 978 3048 2540 4831 521 9412
internal_value=-0.000519227 -0.00613869 -0.00751823 -0.0118567 -0.000111351 -0.00178722 -0.0119241 -0.0047746 -0.0107022 -0.000942797 -0.000354494 -0.000168661 -0.00450885 -0.00859702 -0.00972092 -0.00341608 -0.00239487 -0.00889344 -0.00730201 -0.0107706 -0.00540039 -0.00475505 -0.0067883 -0.00713728 -0.00599219 -0.0170104 -0.0064486 -0.00441994 -0.0140848 -0.0015481
internal_weight=1.31579e+06 89041 72656 28158 1.22675e+06 79124 6086 44498 25713 73038 62695 1838 10343 11668 22485 32830 21701 18901 10281 8620 11129 4654 6481 8960 6390 4248 8774 8206 3584 18471
internal_count=1315791 89041 72656 28158 1226750 79124 6086 44498 25713 73038 62695 1838 10343 11668 22485 32830 21701 18901 10281 8620 11129 4654 6481 8960 6390 4248 8774 8206 3584 18471
cat_boundaries=0 1 2 3 4 5
cat_threshold=7 32 64 64 64
is_linear=0
shrinkage=0.05


Tree=175
num_leaves=31
num_cat=5
split_feature=6 1 7 7 1 7 6 6 6 7 6 7 6 6 7 1 3 1 3 3 7 7 3 1 3 6 2 3 3 2
split_gain=1206.29 300.796 345.98 157.876 95.0167 270.981 145.556 92.4279 68.9812 61.2911 38.9403 37.5699 36.0744 32.9054 32.4777 26.5073 35.685 21.9561 17.7295 14.8748 12.1329 11.5142 11.355 10.9548 12.5135 10.2081 8.85459 8.26584 7.85397 7.14547
threshold=12.342999049824568 0 0.075995310721284556 0.029154964549149176 1 0.030551983978343782 12.937343182529457 11.990580988694822 11.79893450632702 0.066162824367806392 12.395871386706281 0.028165668868557519 12.781428899765492 11.583360624843122 0.045771777356362224 2 5.5000000000000009 3 5.5000000000000009 2.5000000000000004 0.08960462641287327 0.093791546260364872 1.5000000000000002 4 5.5000000000000009 12.493456861052696 19.500000000000004 2.5000000000000004 5.5000000000000009 15.500000000000002
decision_type=2 1 2 2 1 2 2 2 2 2 2 2 2 2 2 1 2 1 2 2 2 2 2 1 2 2 2 2 2 2
left_child=1 -1 3 -3 5 6 25 13 -5 12 21 -8 22 -4 28 16 29 18 26 -19 -17 -11 -7 24 -15 -2 -16 -22 -10 -9
right_child=4 2 7 8 -6 9 11 15 14 10 -12 -13 -14 23 17 20 -18 19 -20 -21 27 -23 -24 -25 -26 -27 -28 -29 -30 -31
leaf_value=-1.4011643444938671e-06 -1.797139113738497e-07 -1.797139113738497e-07 -1.797139113738497e-07 -1.797139113738497e-07 9.4776086541840698e-08 -1.797139113738497e-07 3.1833118676366653e-09 -1.797139113738497e-07 -1.797139113738497e-07 -1.797139113738497e-07 -6.363151662628179e-08 -1.6660970359988384e-06 -1.1351355111569031e-11 -1.797139113738497e-07 -1.797139113738497e-07 -1.797139113738497e-07 -1.797139113738497e-07 -1.797139113738497e-07 -1.797139113738497e-07 -1.797139113738497e-07 -1.797139113738497e-07 -1.797139113738497e-07 -1.797139113738497e-07 -1.797139113738497e-07 -1.797139113738497e-07 -1.6481683764751087e-07 -1.797139113738497e-07 -1.797139113738497e-07 -1.797139113738497e-07 -1.797139113738497e-07
leaf_weight=16385 1200 2445 2708 3228 1147626 1746 1207 9059 3063 2267 58041 631 3862 5412 6234 2923 3230 3566 1507 5054 3375 2387 4735 2570 978 3048 2540 4831 521 9412
leaf_count=16385 1200 2445 2708 3228 1147626 1746 1207 9059 3063 2267 58041 631 3862 5412 6234 2923 3230 3566 1507 5054 3375 2387 4735 2570 978 3048 2540 4831 521 9412
internal_value=-0.000519341 -0.00613869 -0.00751823 -0.0118567 -0.000111473 -0.00178722 -0.0119241 -0.0047746 -0.0107022 -0.000942797 -0.000354494 -0.000168661 -0.00450885 -0.00859702 -0.00972092 -0.00341608 -0.00239487 -0.00889344 -0.00730201 -0.0107706 -0.00540039 -0.00475505 -0.0067883 -0.00713728 -0.00599219 -0.0170104 -0.0064486 -0.00441994 -0.0140848 -0.0015481
internal_weight=1.31579e+06 89041 72656 28158 1.22675e+06 79124 6086 44498 25713 73038 62695 1838 10343 11668 22485 32830 21701 18901 10281 8620 11129 4654 6481 8960 6390 4248 8774 8206 3584 18471
internal_count=1315791 89041 72656 28158 1226750 79124 6086 44498 25713 73038 62695 1838 10343 11668 22485 32830 21701 18901 10281 8620 11129 4654 6481 8960 6390 4248 8774 8206 3584 18471
cat_boundaries=0 1 2 3 4 5
cat_threshold=7 32 64 64 64
is_linear=0
shrinkage=0.05


Tree=176
num_leaves=31
num_cat=5
split_feature=6 1 7 7 1 7 6 6 6 7 6 7 6 6 7 1 3 1 3 3 7 7 3 1 3 6 2 3 3 2
split_gain=1206.28 300.796 345.98 157.876 95.0121 270.981 145.556 92.4279 68.9812 61.2911 38.9403 37.5699 36.0744 32.9054 32.4777 26.5073 35.685 21.9561 17.7295 14.8748 12.1329 11.5142 11.355 10.9548 12.5135 10.2081 8.85459 8.26584 7.85397 7.14547
threshold=12.342999049824568 0 0.075995310721284556 0.029154964549149176 1 0.030551983978343782 12.937343182529457 11.990580988694822 11.79893450632702 0.066162824367806392 12.395871386706281 0.028165668868557519 12.781428899765492 11.583360624843122 0.045771777356362224 2 5.5000000000000009 3 5.5000000000000009 2.5000000000000004 0.08960462641287327 0.093791546260364872 1.5000000000000002 4 5.5000000000000009 12.493456861052696 19.500000000000004 2.5000000000000004 5.5000000000000009 15.500000000000002
decision_type=2 1 2 2 1 2 2 2 2 2 2 2 2 2 2 1 2 1 2 2 2 2 2 1 2 2 2 2 2 2
left_child=1 -1 3 -3 5 6 25 13 -5 12 21 -8 22 -4 28 16 29 18 26 -19 -17 -11 -7 24 -15 -2 -16 -22 -10 -9
right_child=4 2 7 8 -6 9 11 15 14 10 -12 -13 -14 23 17 20 -18 19 -20 -21 27 -23 -24 -25 -26 -27 -28 -29 -30 -31
leaf_value=-1.3311061272691449e-06 -1.707282158051572e-07 -1.707282158051572e-07 -1.707282158051572e-07 -1.707282158051572e-07 9.0037282214748665e-08 -1.707282158051572e-07 3.0241462742548321e-09 -1.707282158051572e-07 -1.707282158051572e-07 -1.707282158051572e-07 -6.0449940794967707e-08 -1.5827921841988964e-06 -1.0783787355990579e-11 -1.707282158051572e-07 -1.707282158051572e-07 -1.707282158051572e-07 -1.707282158051572e-07 -1.707282158051572e-07 -1.707282158051572e-07 -1.707282158051572e-07 -1.707282158051572e-07 -1.707282158051572e-07 -1.707282158051572e-07 -1.707282158051572e-07 -1.707282158051572e-07 -1.5657599576513531e-07 -1.707282158051572e-07 -1.707282158051572e-07 -1.707282158051572e-07 -1.707282158051572e-07
leaf_weight=16385 1200 2445 2708 3228 1147626 1746 1207 9059 3063 2267 58041 631 3862 5412 6234 2923 3230 3566 1507 5054 3375 2387 4735 2570 978 3048 2540 4831 521 9412
leaf_count=16385 1200 2445 2708 3228 1147626 1746 1207 9059 3063 2267 58041 631 3862 5412 6234 2923 3230 3566 1507 5054 3375 2387 4735 2570 978 3048 2540 4831 521 9412
internal_value=-0.000519379 -0.00613869 -0.00751823 -0.0118567 -0.000111514 -0.00178722 -0.0119241 -0.0047746 -0.0107022 -0.000942797 -0.000354494 -0.000168661 -0.00450885 -0.00859702 -0.00972092 -0.00341608 -0.00239487 -0.00889344 -0.00730201 -0.0107706 -0.00540039 -0.00475505 -0.0067883 -0.00713728 -0.00599219 -0.0170104 -0.0064486 -0.00441994 -0.0140848 -0.0015481
internal_weight=1.31579e+06 89041 72656 28158 1.22675e+06 79124 6086 44498 25713 73038 62695 1838 10343 11668 22485 32830 21701 18901 10281 8620 11129 4654 6481 8960 6390 4248 8774 8206 3584 18471
internal_count=1315791 89041 72656 28158 1226750 79124 6086 44498 25713 73038 62695 1838 10343 11668 22485 32830 21701 18901 10281 8620 11129 4654 6481 8960 6390 4248 8774 8206 3584 18471
cat_boundaries=0 1 2 3 4 5
cat_threshold=7 32 64 64 64
is_linear=0
shrinkage=0.05


Tree=177
num_leaves=31
num_cat=5
split_feature=6 1 7 7 1 7 6 6 6 7 6 7 6 6 7 1 3 1 3 3 7 7 3 1 3 6 2 3 3 2
split_gain=1205.78 301.286 345.98 157.876 94.9983 270.981 145.556 92.4279 68.9812 61.2911 38.9403 37.5699 36.0744 32.9054 32.4777 26.5073 35.685 21.9561 17.7295 14.8748 12.1329 11.5142 11.355 10.9548 12.5135 10.2081 8.85459 8.26584 7.85397 7.14547
threshold=12.342999049824568 0 0.075995310721284556 0.029154964549149176 1 0.030551983978343782 12.937343182529457 11.990580988694822 11.79893450632702 0.066162824367806392 12.395871386706281 0.028165668868557519 12.781428899765492 11.583360624843122 0.045771777356362224 2 5.5000000000000009 3 5.5000000000000009 2.5000000000000004 0.08960462641287327 0.093791546260364872 1.5000000000000002 4 5.5000000000000009 12.493456861052696 19.500000000000004 2.5000000000000004 5.5000000000000009 15.500000000000002
decision_type=2 1 2 2 1 2 2 2 2 2 2 2 2 2 2 1 2 1 2 2 2 2 2 1 2 2 2 2 2 2
left_child=1 -1 3 -3 5 6 25 13 -5 12 21 -8 22 -4 28 16 29 18 26 -19 -17 -11 -7 24 -15 -2 -16 -22 -10 -9
right_child=4 2 7 8 -6 9 11 15 14 10 -12 -13 -14 23 17 20 -18 19 -20 -21 27 -23 -24 -25 -26 -27 -28 -29 -30 -31
leaf_value=-1.2645508209057976e-06 -1.6219180501489934e-07 -1.6219180501489934e-07 -1.6219180501489934e-07 -1.6219180501489934e-07 8.5535418104011238e-08 -1.6219180501489934e-07 2.8729389605420905e-09 -1.6219180501489934e-07 -1.6219180501489934e-07 -1.6219180501489934e-07 -5.7427443755219335e-08 -1.5036525749889514e-06 -1.024459798819105e-11 -1.6219180501489934e-07 -1.6219180501489934e-07 -1.6219180501489934e-07 -1.6219180501489934e-07 -1.6219180501489934e-07 -1.6219180501489934e-07 -1.6219180501489934e-07 -1.6219180501489934e-07 -1.6219180501489934e-07 -1.6219180501489934e-07 -1.6219180501489934e-07 -1.6219180501489934e-07 -1.4874719597687857e-07 -1.6219180501489934e-07 -1.6219180501489934e-07 -1.6219180501489934e-07 -1.6219180501489934e-07
leaf_weight=16385 1200 2445 2708 3228 1147626 1746 1207 9059 3063 2267 58041 631 3862 5412 6234 2923 3230 3566 1507 5054 3375 2387 4735 2570 978 3048 2540 4831 521 9412
leaf_count=16385 1200 2445 2708 3228 1147626 1746 1207 9059 3063 2267 58041 631 3862 5412 6234 2923 3230 3566 1507 5054 3375 2387 4735 2570 978 3048 2540 4831 521 9412
internal_value=-0.000519417 -0.00613757 -0.00751823 -0.0118567 -0.000111636 -0.00178722 -0.0119241 -0.0047746 -0.0107022 -0.000942797 -0.000354494 -0.000168661 -0.00450885 -0.00859702 -0.00972092 -0.00341608 -0.00239487 -0.00889344 -0.00730201 -0.0107706 -0.00540039 -0.00475505 -0.0067883 -0.00713728 -0.00599219 -0.0170104 -0.0064486 -0.00441994 -0.0140848 -0.0015481
internal_weight=1.31579e+06 89041 72656 28158 1.22675e+06 79124 6086 44498 25713 73038 62695 1838 10343 11668 22485 32830 21701 18901 10281 8620 11129 4654 6481 8960 6390 4248 8774 8206 3584 18471
internal_count=1315791 89041 72656 28158 1226750 79124 6086 44498 25713 73038 62695 1838 10343 11668 22485 32830 21701 18901 10281 8620 11129 4654 6481 8960 6390 4248 8774 8206 3584 18471
cat_boundaries=0 1 2 3 4 5
cat_threshold=7 32 64 64 64
is_linear=0
shrinkage=0.05


Tree=178
num_leaves=31
num_cat=5
split_feature=6 1 7 7 1 7 6 6 6 7 6 7 6 6 7 1 3 1 3 3 7 7 6 1 3 6 3 2 3 3
split_gain=1206.01 301.286 345.98 157.876 93.635 271.657 145.556 92.4279 68.9812 58.4714 38.9403 37.5699 35.9173 32.9054 32.4777 26.5073 35.685 21.9561 17.7295 14.8748 12.1329 11.5142 11.0671 10.9548 12.5135 10.2081 9.10725 8.85459 8.26584 7.85397
threshold=12.342999049824568 0 0.075995310721284556 0.029154964549149176 1 0.030551983978343782 12.937343182529457 11.990580988694822 11.79893450632702 0.066162824367806392 12.395871386706281 0.028165668868557519 12.647436448413044 11.583360624843122 0.045771777356362224 2 5.5000000000000009 3 5.5000000000000009 2.5000000000000004 0.08960462641287327 0.093791546260364872 12.998909605971347 4 5.5000000000000009 12.493456861052696 3.5000000000000004 19.500000000000004 2.5000000000000004 5.5000000000000009
decision_type=2 1 2 2 1 2 2 2 2 2 2 2 2 2 2 1 2 1 2 2 2 2 2 1 2 2 2 2 2 2
left_child=1 -1 3 -3 5 6 25 13 -5 12 21 -8 26 -4 29 16 -9 18 27 -19 -17 -11 -14 24 -15 -2 -7 -16 -22 -10
right_child=4 2 7 8 -6 9 11 15 14 10 -12 -13 22 23 17 20 -18 19 -20 -21 28 -23 -24 -25 -26 -27 -28 -29 -30 -31
leaf_value=-1.2013232798606178e-06 -1.5408221476415437e-07 -1.5408221476415437e-07 -1.5408221476415437e-07 -1.5408221476415437e-07 8.125864719881068e-08 -1.5408221476415437e-07 2.7292920125149858e-09 -1.5408221476415437e-07 -1.5408221476415437e-07 -1.5408221476415437e-07 -5.4556071567458363e-08 -1.4284699462395039e-06 -8.8662765971886921e-07 -1.5408221476415437e-07 -1.5408221476415437e-07 -1.5408221476415437e-07 -1.5408221476415437e-07 -1.5408221476415437e-07 -1.5408221476415437e-07 -1.5408221476415437e-07 -1.5408221476415437e-07 -1.5408221476415437e-07 2.9981847597598918e-07 -1.5408221476415437e-07 -1.5408221476415437e-07 -1.4130983617803463e-07 -1.5408221476415437e-07 -1.5408221476415437e-07 -1.5408221476415437e-07 -1.5408221476415437e-07
leaf_weight=16385 1200 2445 2708 3228 1147626 2744 1207 18471 3063 2267 58041 631 3799 5412 6234 2923 3230 3566 1507 5054 3375 2387 1653 2570 978 3048 2147 2540 4831 521
leaf_count=16385 1200 2445 2708 3228 1147626 2744 1207 18471 3063 2267 58041 631 3799 5412 6234 2923 3230 3566 1507 5054 3375 2387 1653 2570 978 3048 2147 2540 4831 521
internal_value=-0.000518885 -0.00613757 -0.00751823 -0.0118567 -0.000111066 -0.00177458 -0.0119241 -0.0047746 -0.0107022 -0.000929105 -0.000354494 -0.000168661 -0.00441216 -0.00859702 -0.00972092 -0.00341608 -0.00239487 -0.00889344 -0.00730201 -0.0107706 -0.00540039 -0.00475505 -0.00162142 -0.00713728 -0.00599219 -0.0170104 -0.007523 -0.0064486 -0.00441994 -0.0140848
internal_weight=1.31579e+06 89041 72656 28158 1.22675e+06 79124 6086 44498 25713 73038 62695 1838 10343 11668 22485 32830 21701 18901 10281 8620 11129 4654 5452 8960 6390 4248 4891 8774 8206 3584
internal_count=1315791 89041 72656 28158 1226750 79124 6086 44498 25713 73038 62695 1838 10343 11668 22485 32830 21701 18901 10281 8620 11129 4654 5452 8960 6390 4248 4891 8774 8206 3584
cat_boundaries=0 1 2 3 4 5
cat_threshold=7 32 64 64 64
is_linear=0
shrinkage=0.05


Tree=179
num_leaves=31
num_cat=5
split_feature=6 1 7 7 6 1 7 6 6 6 7 6 7 1 3 7 6 1 3 7 3 7 1 3 6 3 2 3 3 2
split_gain=1208.8 301.286 345.98 157.876 92.4279 81.9355 277.815 145.556 68.9812 57.6223 37.5699 32.9054 32.4777 26.5073 35.685 25.9279 51.3937 21.9561 17.7295 17.1156 14.8748 12.1329 10.9548 12.5135 10.2081 8.97421 8.85459 8.26584 7.85397 7.14547
threshold=12.342999049824568 0 0.075995310721284556 0.029154964549149176 11.990580988694822 1 0.030551983978343782 12.937343182529457 11.79893450632702 12.395871386706281 0.028165668868557519 11.583360624843122 0.045771777356362224 2 5.5000000000000009 0.066162824367806392 12.781428899765492 3 5.5000000000000009 0.093791546260364872 2.5000000000000004 0.08960462641287327 4 5.5000000000000009 12.493456861052696 1.5000000000000002 19.500000000000004 2.5000000000000004 5.5000000000000009 15.500000000000002
decision_type=2 1 2 2 2 1 2 2 2 2 2 2 2 1 2 2 2 1 2 2 2 2 1 2 2 2 2 2 2 2
left_child=1 -1 3 -3 11 6 7 24 -5 19 -9 -4 28 14 29 16 25 18 26 -8 -19 -15 23 -13 -2 -11 -14 -23 -10 -6
right_child=5 2 4 8 13 -7 9 10 12 15 -12 22 17 21 -16 -17 -18 20 -20 -21 -22 27 -24 -25 -26 -27 -28 -29 -30 -31
leaf_value=-1.1412571158675927e-06 -1.4637810402594668e-07 -1.4637810402594668e-07 -1.4637810402594668e-07 -1.4637810402594668e-07 -1.4637810402594668e-07 7.7195714838870137e-08 -1.4637810402594668e-07 2.5928274118892365e-09 -1.4637810402594668e-07 -1.4637810402594668e-07 -1.3570464489275288e-06 -1.4637810402594668e-07 -1.4637810402594668e-07 -1.4637810402594668e-07 -1.4637810402594668e-07 -5.1828267989085456e-08 4.4321650617854683e-08 -1.4637810402594668e-07 -1.4637810402594668e-07 -1.4637810402594668e-07 -1.4637810402594668e-07 -1.4637810402594668e-07 -1.4637810402594668e-07 -1.4637810402594668e-07 -1.3424434436913288e-07 -1.4637810402594668e-07 -1.4637810402594668e-07 -1.4637810402594668e-07 -1.4637810402594668e-07 -1.4637810402594668e-07
leaf_weight=16385 1200 2445 2708 3228 9059 1147626 3425 1207 3063 1468 631 5412 6234 2923 3230 58041 3862 3566 1507 2387 5054 3375 2570 978 3048 3855 2540 4831 521 9412
leaf_count=16385 1200 2445 2708 3228 9059 1147626 3425 1207 3063 1468 631 5412 6234 2923 3230 58041 3862 3566 1507 2387 5054 3375 2570 978 3048 3855 2540 4831 521 9412
internal_value=-0.000512387 -0.00613757 -0.00751823 -0.0118567 -0.0047746 -0.000104096 -0.00166022 -0.0119241 -0.0107022 -0.000805197 -0.000168661 -0.00859702 -0.00972092 -0.00341608 -0.00239487 -0.000392259 -0.00286064 -0.00889344 -0.00730201 -0.00558156 -0.0107706 -0.00540039 -0.00713728 -0.00599219 -0.0170104 -0.0060464 -0.0064486 -0.00441994 -0.0140848 -0.0015481
internal_weight=1.31579e+06 89041 72656 28158 44498 1.22675e+06 79124 6086 25713 73038 1838 11668 22485 32830 21701 67226 9185 18901 10281 5812 8620 11129 8960 6390 4248 5323 8774 8206 3584 18471
internal_count=1315791 89041 72656 28158 44498 1226750 79124 6086 25713 73038 1838 11668 22485 32830 21701 67226 9185 18901 10281 5812 8620 11129 8960 6390 4248 5323 8774 8206 3584 18471
cat_boundaries=0 1 2 3 4 5
cat_threshold=7 32 64 64 64
is_linear=0
shrinkage=0.05


Tree=180
num_leaves=31
num_cat=5
split_feature=6 1 7 7 6 1 7 6 6 6 7 6 7 1 3 7 6 1 3 7 3 7 1 3 6 3 2 3 3 2
split_gain=1208.76 301.286 345.98 157.876 92.4279 81.9269 277.815 145.556 68.9812 57.6223 37.5699 32.9054 32.4777 26.5073 35.685 25.9279 51.3937 21.9561 17.7295 17.1156 14.8748 12.1329 10.9548 12.5135 10.2081 8.97421 8.85459 8.26584 7.85397 7.14547
threshold=12.342999049824568 0 0.075995310721284556 0.029154964549149176 11.990580988694822 1 0.030551983978343782 12.937343182529457 11.79893450632702 12.395871386706281 0.028165668868557519 11.583360624843122 0.045771777356362224 2 5.5000000000000009 0.066162824367806392 12.781428899765492 3 5.5000000000000009 0.093791546260364872 2.5000000000000004 0.08960462641287327 4 5.5000000000000009 12.493456861052696 1.5000000000000002 19.500000000000004 2.5000000000000004 5.5000000000000009 15.500000000000002
decision_type=2 1 2 2 2 1 2 2 2 2 2 2 2 1 2 2 2 1 2 2 2 2 1 2 2 2 2 2 2 2
left_child=1 -1 3 -3 11 6 7 24 -5 19 -9 -4 28 14 29 16 25 18 26 -8 -19 -15 23 -13 -2 -11 -14 -23 -10 -6
right_child=5 2 4 8 13 -7 9 10 12 15 -12 22 17 21 -16 -17 -18 20 -20 -21 -22 27 -24 -25 -26 -27 -28 -29 -30 -31
leaf_value=-1.0841942600742709e-06 -1.3905919882464934e-07 -1.3905919882464934e-07 -1.3905919882464934e-07 -1.3905919882464934e-07 -1.3905919882464934e-07 7.3335929096926638e-08 -1.3905919882464934e-07 2.4631860412947748e-09 -1.3905919882464934e-07 -1.3905919882464934e-07 -1.2891941264811524e-06 -1.3905919882464934e-07 -1.3905919882464934e-07 -1.3905919882464934e-07 -1.3905919882464934e-07 -4.9236854589631214e-08 4.2105568086961949e-08 -1.3905919882464934e-07 -1.3905919882464934e-07 -1.3905919882464934e-07 -1.3905919882464934e-07 -1.3905919882464934e-07 -1.3905919882464934e-07 -1.3905919882464934e-07 -1.2753212715067625e-07 -1.3905919882464934e-07 -1.3905919882464934e-07 -1.3905919882464934e-07 -1.3905919882464934e-07 -1.3905919882464934e-07
leaf_weight=16385 1200 2445 2708 3228 9059 1147626 3425 1207 3063 1468 631 5412 6234 2923 3230 58041 3862 3566 1507 2387 5054 3375 2570 978 3048 3855 2540 4831 521 9412
leaf_count=16385 1200 2445 2708 3228 9059 1147626 3425 1207 3063 1468 631 5412 6234 2923 3230 58041 3862 3566 1507 2387 5054 3375 2570 978 3048 3855 2540 4831 521 9412
internal_value=-0.000512463 -0.00613757 -0.00751823 -0.0118567 -0.0047746 -0.000104178 -0.00166022 -0.0119241 -0.0107022 -0.000805197 -0.000168661 -0.00859702 -0.00972092 -0.00341608 -0.00239487 -0.000392259 -0.00286064 -0.00889344 -0.00730201 -0.00558156 -0.0107706 -0.00540039 -0.00713728 -0.00599219 -0.0170104 -0.0060464 -0.0064486 -0.00441994 -0.0140848 -0.0015481
internal_weight=1.31579e+06 89041 72656 28158 44498 1.22675e+06 79124 6086 25713 73038 1838 11668 22485 32830 21701 67226 9185 18901 10281 5812 8620 11129 8960 6390 4248 5323 8774 8206 3584 18471
internal_count=1315791 89041 72656 28158 44498 1226750 79124 6086 25713 73038 1838 11668 22485 32830 21701 67226 9185 18901 10281 5812 8620 11129 8960 6390 4248 5323 8774 8206 3584 18471
cat_boundaries=0 1 2 3 4 5
cat_threshold=7 32 64 64 64
is_linear=0
shrinkage=0.05


Tree=181
num_leaves=31
num_cat=5
split_feature=6 1 7 7 6 1 7 6 6 6 7 6 7 1 3 7 6 1 3 7 3 7 1 3 6 3 2 3 3 2
split_gain=1208.75 301.286 345.98 157.876 92.4279 81.9226 277.815 145.556 68.9812 57.6223 37.5699 32.9054 32.4777 26.5073 35.685 25.9279 51.3937 21.9561 17.7295 17.1156 14.8748 12.1329 10.9548 12.5135 10.2081 8.97421 8.85459 8.26584 7.85397 7.14547
threshold=12.342999049824568 0 0.075995310721284556 0.029154964549149176 11.990580988694822 1 0.030551983978343782 12.937343182529457 11.79893450632702 12.395871386706281 0.028165668868557519 11.583360624843122 0.045771777356362224 2 5.5000000000000009 0.066162824367806392 12.781428899765492 3 5.5000000000000009 0.093791546260364872 2.5000000000000004 0.08960462641287327 4 5.5000000000000009 12.493456861052696 1.5000000000000002 19.500000000000004 2.5000000000000004 5.5000000000000009 15.500000000000002
decision_type=2 1 2 2 2 1 2 2 2 2 2 2 2 1 2 2 2 1 2 2 2 2 1 2 2 2 2 2 2 2
left_child=1 -1 3 -3 11 6 7 24 -5 19 -9 -4 28 14 29 16 25 18 26 -8 -19 -15 23 -13 -2 -11 -14 -23 -10 -6
right_child=5 2 4 8 13 -7 9 10 12 15 -12 22 17 21 -16 -17 -18 20 -20 -21 -22 27 -24 -25 -26 -27 -28 -29 -30 -31
leaf_value=-1.0299845470706847e-06 -1.3210623888341687e-07 -1.3210623888341687e-07 -1.3210623888341687e-07 -1.3210623888341687e-07 -1.3210623888341687e-07 6.9669132642080305e-08 -1.3210623888341687e-07 2.3400267392300361e-09 -1.3210623888341687e-07 -1.3210623888341687e-07 -1.2247344201570946e-06 -1.3210623888341687e-07 -1.3210623888341687e-07 -1.3210623888341687e-07 -1.3210623888341687e-07 -4.677501186014963e-08 4.000028968261385e-08 -1.3210623888341687e-07 -1.3210623888341687e-07 -1.3210623888341687e-07 -1.3210623888341687e-07 -1.3210623888341687e-07 -1.3210623888341687e-07 -1.3210623888341687e-07 -1.2115552079314242e-07 -1.3210623888341687e-07 -1.3210623888341687e-07 -1.3210623888341687e-07 -1.3210623888341687e-07 -1.3210623888341687e-07
leaf_weight=16385 1200 2445 2708 3228 9059 1147626 3425 1207 3063 1468 631 5412 6234 2923 3230 58041 3862 3566 1507 2387 5054 3375 2570 978 3048 3855 2540 4831 521 9412
leaf_count=16385 1200 2445 2708 3228 9059 1147626 3425 1207 3063 1468 631 5412 6234 2923 3230 58041 3862 3566 1507 2387 5054 3375 2570 978 3048 3855 2540 4831 521 9412
internal_value=-0.000512501 -0.00613757 -0.00751823 -0.0118567 -0.0047746 -0.000104218 -0.00166022 -0.0119241 -0.0107022 -0.000805197 -0.000168661 -0.00859702 -0.00972092 -0.00341608 -0.00239487 -0.000392259 -0.00286064 -0.00889344 -0.00730201 -0.00558156 -0.0107706 -0.00540039 -0.00713728 -0.00599219 -0.0170104 -0.0060464 -0.0064486 -0.00441994 -0.0140848 -0.0015481
internal_weight=1.31579e+06 89041 72656 28158 44498 1.22675e+06 79124 6086 25713 73038 1838 11668 22485 32830 21701 67226 9185 18901 10281 5812 8620 11129 8960 6390 4248 5323 8774 8206 3584 18471
internal_count=1315791 89041 72656 28158 44498 1226750 79124 6086 25713 73038 1838 11668 22485 32830 21701 67226 9185 18901 10281 5812 8620 11129 8960 6390 4248 5323 8774 8206 3584 18471
cat_boundaries=0 1 2 3 4 5
cat_threshold=7 32 64 64 64
is_linear=0
shrinkage=0.05


Tree=182
num_leaves=31
num_cat=5
split_feature=6 1 7 7 6 1 7 6 6 6 7 6 7 1 3 7 6 1 3 7 3 7 1 3 6 3 2 3 3 2
split_gain=1208.73 301.286 345.98 157.876 92.4279 81.9183 277.815 145.556 68.9812 57.6223 37.5699 32.9054 32.4777 26.5073 35.685 25.9279 51.3937 21.9561 17.7295 17.1156 14.8748 12.1329 10.9548 12.5135 10.2081 8.97421 8.85459 8.26584 7.85397 7.14547
threshold=12.342999049824568 0 0.075995310721284556 0.029154964549149176 11.990580988694822 1 0.030551983978343782 12.937343182529457 11.79893450632702 12.395871386706281 0.028165668868557519 11.583360624843122 0.045771777356362224 2 5.5000000000000009 0.066162824367806392 12.781428899765492 3 5.5000000000000009 0.093791546260364872 2.5000000000000004 0.08960462641287327 4 5.5000000000000009 12.493456861052696 1.5000000000000002 19.500000000000004 2.5000000000000004 5.5000000000000009 15.500000000000002
decision_type=2 1 2 2 2 1 2 2 2 2 2 2 2 1 2 2 2 1 2 2 2 2 1 2 2 2 2 2 2 2
left_child=1 -1 3 -3 11 6 7 24 -5 19 -9 -4 28 14 29 16 25 18 26 -8 -19 -15 23 -13 -2 -11 -14 -23 -10 -6
right_child=5 2 4 8 13 -7 9 10 12 15 -12 22 17 21 -16 -17 -18 20 -20 -21 -22 27 -24 -25 -26 -27 -28 -29 -30 -31
leaf_value=-9.7848531971726034e-07 -1.2550092693924604e-07 -1.2550092693924604e-07 -1.2550092693924604e-07 -1.2550092693924604e-07 -1.2550092693924604e-07 6.6185676009976285e-08 -1.2550092693924604e-07 2.2230254022685343e-09 -1.2550092693924604e-07 -1.2550092693924604e-07 -1.1634976991492398e-06 -1.2550092693924604e-07 -1.2550092693924604e-07 -1.2550092693924604e-07 -1.2550092693924604e-07 -4.443626126714213e-08 3.800027519848316e-08 -1.2550092693924604e-07 -1.2550092693924604e-07 -1.2550092693924604e-07 -1.2550092693924604e-07 -1.2550092693924604e-07 -1.2550092693924604e-07 -1.2550092693924604e-07 -1.1509774475348529e-07 -1.2550092693924604e-07 -1.2550092693924604e-07 -1.2550092693924604e-07 -1.2550092693924604e-07 -1.2550092693924604e-07
leaf_weight=16385 1200 2445 2708 3228 9059 1147626 3425 1207 3063 1468 631 5412 6234 2923 3230 58041 3862 3566 1507 2387 5054 3375 2570 978 3048 3855 2540 4831 521 9412
leaf_count=16385 1200 2445 2708 3228 9059 1147626 3425 1207 3063 1468 631 5412 6234 2923 3230 58041 3862 3566 1507 2387 5054 3375 2570 978 3048 3855 2540 4831 521 9412
internal_value=-0.000512539 -0.00613757 -0.00751823 -0.0118567 -0.0047746 -0.000104259 -0.00166022 -0.0119241 -0.0107022 -0.000805197 -0.000168661 -0.00859702 -0.00972092 -0.00341608 -0.00239487 -0.000392259 -0.00286064 -0.00889344 -0.00730201 -0.00558156 -0.0107706 -0.00540039 -0.00713728 -0.00599219 -0.0170104 -0.0060464 -0.0064486 -0.00441994 -0.0140848 -0.0015481
internal_weight=1.31579e+06 89041 72656 28158 44498 1.22675e+06 79124 6086 25713 73038 1838 11668 22485 32830 21701 67226 9185 18901 10281 5812 8620 11129 8960 6390 4248 5323 8774 8206 3584 18471
internal_count=1315791 89041 72656 28158 44498 1226750 79124 6086 25713 73038 1838 11668 22485 32830 21701 67226 9185 18901 10281 5812 8620 11129 8960 6390 4248 5323 8774 8206 3584 18471
cat_boundaries=0 1 2 3 4 5
cat_threshold=7 32 64 64 64
is_linear=0
shrinkage=0.05


Tree=183
num_leaves=31
num_cat=5
split_feature=6 1 7 7 6 1 7 6 6 6 6 7 7 1 3 7 6 1 3 7 3 7 1 3 6 3 2 3 3 2
split_gain=1209.45 301.286 345.98 157.876 92.4279 79.1373 267.647 152.739 68.9812 57.5321 32.9054 32.4777 30.2794 26.5073 35.685 26.0444 55.062 21.9561 17.7295 17.1156 14.8748 12.1329 10.9548 12.5135 10.0775 9.16525 8.85459 8.26584 7.85397 7.14547
threshold=12.342999049824568 0 0.075995310721284556 0.029154964549149176 11.990580988694822 1 0.029898306499557822 12.937343182529457 11.79893450632702 12.395871386706281 11.583360624843122 0.045771777356362224 0.028165668868557519 2 5.5000000000000009 0.066162824367806392 12.781428899765492 3 5.5000000000000009 0.093791546260364872 2.5000000000000004 0.08960462641287327 4 5.5000000000000009 12.493456861052696 1.5000000000000002 19.500000000000004 2.5000000000000004 5.5000000000000009 15.500000000000002
decision_type=2 1 2 2 2 1 2 2 2 2 2 2 2 1 2 2 2 1 2 2 2 2 1 2 2 2 2 2 2 2
left_child=1 -1 3 -3 10 6 7 24 -5 19 -4 28 -9 14 29 16 25 18 26 -8 -19 -15 23 -12 -2 -11 -13 -23 -10 -6
right_child=5 2 4 8 13 -7 9 12 11 15 22 17 -14 21 -16 -17 -18 20 -20 -21 -22 27 -24 -25 -26 -27 -28 -29 -30 -31
leaf_value=-9.2956105373122981e-07 -1.1922588059228374e-07 -1.1922588059228374e-07 -1.1922588059228374e-07 -1.1922588059228374e-07 -1.1922588059228374e-07 6.2876392209477461e-08 -1.1922588059228374e-07 2.1118741321551075e-09 -1.1922588059228374e-07 -1.1922588059228374e-07 -1.1922588059228374e-07 -1.1922588059228374e-07 -1.1053228141917778e-06 -1.1922588059228374e-07 -1.1922588059228374e-07 -4.221444820378503e-08 3.6100261438559004e-08 -1.1922588059228374e-07 -1.1922588059228374e-07 -1.1922588059228374e-07 -1.1922588059228374e-07 -1.1922588059228374e-07 -1.1922588059228374e-07 -1.1922588059228374e-07 -1.0934285751581104e-07 -1.1922588059228374e-07 -1.1922588059228374e-07 -1.1922588059228374e-07 -1.1922588059228374e-07 -1.1922588059228374e-07
leaf_weight=16385 1196 2445 2708 3228 9059 1147626 3425 1207 3063 1479 5412 6234 493 2923 3230 58041 4024 3566 1507 2387 5054 3375 2570 978 2980 3892 2540 4831 521 9412
leaf_count=16385 1196 2445 2708 3228 9059 1147626 3425 1207 3063 1479 5412 6234 493 2923 3230 58041 4024 3566 1507 2387 5054 3375 2570 978 2980 3892 2540 4831 521 9412
internal_value=-0.000510867 -0.00613757 -0.00751823 -0.0118567 -0.0047746 -0.000102466 -0.00163179 -0.0118993 -0.0107022 -0.00080835 -0.00859702 -0.00972092 0.000735294 -0.00341608 -0.00239487 -0.000396969 -0.00283928 -0.00889344 -0.00730201 -0.00558156 -0.0107706 -0.00540039 -0.00713728 -0.00599219 -0.0170426 -0.00615249 -0.0064486 -0.00441994 -0.0140848 -0.0015481
internal_weight=1.31579e+06 89041 72656 28158 44498 1.22675e+06 79124 5876 25713 73248 11668 22485 1700 32830 21701 67436 9395 18901 10281 5812 8620 11129 8960 6390 4176 5371 8774 8206 3584 18471
internal_count=1315791 89041 72656 28158 44498 1226750 79124 5876 25713 73248 11668 22485 1700 32830 21701 67436 9395 18901 10281 5812 8620 11129 8960 6390 4176 5371 8774 8206 3584 18471
cat_boundaries=0 1 2 3 4 5
cat_threshold=7 32 64 64 64
is_linear=0
shrinkage=0.05


Tree=184
num_leaves=31
num_cat=5
split_feature=6 1 7 7 6 1 7 6 6 6 6 7 7 1 3 7 6 1 3 7 3 7 1 3 6 3 2 3 3 2
split_gain=1209.42 301.286 345.98 157.876 92.4279 79.1288 267.647 152.739 68.9812 57.5321 32.9054 32.4777 30.2794 26.5073 35.685 26.0444 55.062 21.9561 17.7295 17.1156 14.8748 12.1329 10.9548 12.5135 10.0775 9.16525 8.85459 8.26584 7.85397 7.14547
threshold=12.342999049824568 0 0.075995310721284556 0.029154964549149176 11.990580988694822 1 0.029898306499557822 12.937343182529457 11.79893450632702 12.395871386706281 11.583360624843122 0.045771777356362224 0.028165668868557519 2 5.5000000000000009 0.066162824367806392 12.781428899765492 3 5.5000000000000009 0.093791546260364872 2.5000000000000004 0.08960462641287327 4 5.5000000000000009 12.493456861052696 1.5000000000000002 19.500000000000004 2.5000000000000004 5.5000000000000009 15.500000000000002
decision_type=2 1 2 2 2 1 2 2 2 2 2 2 2 1 2 2 2 1 2 2 2 2 1 2 2 2 2 2 2 2
left_child=1 -1 3 -3 10 6 7 24 -5 19 -4 28 -9 14 29 16 25 18 26 -8 -19 -15 23 -12 -2 -11 -13 -23 -10 -6
right_child=5 2 4 8 13 -7 9 12 11 15 22 17 -14 21 -16 -17 -18 20 -20 -21 -22 27 -24 -25 -26 -27 -28 -29 -30 -31
leaf_value=-8.830830010448303e-07 -1.1326458656266954e-07 -1.1326458656266954e-07 -1.1326458656266954e-07 -1.1326458656266954e-07 -1.1326458656266954e-07 5.97325725990036e-08 -1.1326458656266954e-07 2.006280425547352e-09 -1.1326458656266954e-07 -1.1326458656266954e-07 -1.1326458656266954e-07 -1.1326458656266954e-07 -1.0500566734821889e-06 -1.1326458656266954e-07 -1.1326458656266954e-07 -4.0103725793595791e-08 3.4295248366631054e-08 -1.1326458656266954e-07 -1.1326458656266954e-07 -1.1326458656266954e-07 -1.1326458656266954e-07 -1.1326458656266954e-07 -1.1326458656266954e-07 -1.1326458656266954e-07 -1.0387571464002048e-07 -1.1326458656266954e-07 -1.1326458656266954e-07 -1.1326458656266954e-07 -1.1326458656266954e-07 -1.1326458656266954e-07
leaf_weight=16385 1196 2445 2708 3228 9059 1147626 3425 1207 3063 1479 5412 6234 493 2923 3230 58041 4024 3566 1507 2387 5054 3375 2570 978 2980 3892 2540 4831 521 9412
leaf_count=16385 1196 2445 2708 3228 9059 1147626 3425 1207 3063 1479 5412 6234 493 2923 3230 58041 4024 3566 1507 2387 5054 3375 2570 978 2980 3892 2540 4831 521 9412
internal_value=-0.000510943 -0.00613757 -0.00751823 -0.0118567 -0.0047746 -0.000102547 -0.00163179 -0.0118993 -0.0107022 -0.00080835 -0.00859702 -0.00972092 0.000735294 -0.00341608 -0.00239487 -0.000396969 -0.00283928 -0.00889344 -0.00730201 -0.00558156 -0.0107706 -0.00540039 -0.00713728 -0.00599219 -0.0170426 -0.00615249 -0.0064486 -0.00441994 -0.0140848 -0.0015481
internal_weight=1.31579e+06 89041 72656 28158 44498 1.22675e+06 79124 5876 25713 73248 11668 22485 1700 32830 21701 67436 9395 18901 10281 5812 8620 11129 8960 6390 4176 5371 8774 8206 3584 18471
internal_count=1315791 89041 72656 28158 44498 1226750 79124 5876 25713 73248 11668 22485 1700 32830 21701 67436 9395 18901 10281 5812 8620 11129 8960 6390 4176 5371 8774 8206 3584 18471
cat_boundaries=0 1 2 3 4 5
cat_threshold=7 32 64 64 64
is_linear=0
shrinkage=0.05


Tree=185
num_leaves=31
num_cat=5
split_feature=6 1 7 7 6 1 7 6 6 6 6 7 7 1 3 7 6 1 3 7 3 7 1 3 6 3 2 3 3 2
split_gain=1209.39 301.286 345.98 157.876 92.4279 79.1204 267.647 152.739 68.9812 57.5321 32.9054 32.4777 30.2794 26.5073 35.685 26.0444 55.062 21.9561 17.7295 17.1156 14.8748 12.1329 10.9548 12.5135 10.0775 9.16525 8.85459 8.26584 7.85397 7.14547
threshold=12.342999049824568 0 0.075995310721284556 0.029154964549149176 11.990580988694822 1 0.029898306499557822 12.937343182529457 11.79893450632702 12.395871386706281 11.583360624843122 0.045771777356362224 0.028165668868557519 2 5.5000000000000009 0.066162824367806392 12.781428899765492 3 5.5000000000000009 0.093791546260364872 2.5000000000000004 0.08960462641287327 4 5.5000000000000009 12.493456861052696 1.5000000000000002 19.500000000000004 2.5000000000000004 5.5000000000000009 15.500000000000002
decision_type=2 1 2 2 2 1 2 2 2 2 2 2 2 1 2 2 2 1 2 2 2 2 1 2 2 2 2 2 2 2
left_child=1 -1 3 -3 10 6 7 24 -5 19 -4 28 -9 14 29 16 25 18 26 -8 -19 -15 23 -12 -2 -11 -13 -23 -10 -6
right_child=5 2 4 8 13 -7 9 12 11 15 22 17 -14 21 -16 -17 -18 20 -20 -21 -22 27 -24 -25 -26 -27 -28 -29 -30 -31
leaf_value=-8.3892885099264677e-07 -1.0760135723453606e-07 -1.0760135723453606e-07 -1.0760135723453606e-07 -1.0760135723453606e-07 -1.0760135723453606e-07 5.6745943969053419e-08 -1.0760135723453606e-07 1.9059664042699848e-09 -1.0760135723453606e-07 -1.0760135723453606e-07 -1.0760135723453606e-07 -1.0760135723453606e-07 -9.9755383980807953e-07 -1.0760135723453606e-07 -1.0760135723453606e-07 -3.8098539503915979e-08 3.2580485948299498e-08 -1.0760135723453606e-07 -1.0760135723453606e-07 -1.0760135723453606e-07 -1.0760135723453606e-07 -1.0760135723453606e-07 -1.0760135723453606e-07 -1.0760135723453606e-07 -9.8681928908019465e-08 -1.0760135723453606e-07 -1.0760135723453606e-07 -1.0760135723453606e-07 -1.0760135723453606e-07 -1.0760135723453606e-07
leaf_weight=16385 1196 2445 2708 3228 9059 1147626 3425 1207 3063 1479 5412 6234 493 2923 3230 58041 4024 3566 1507 2387 5054 3375 2570 978 2980 3892 2540 4831 521 9412
leaf_count=16385 1196 2445 2708 3228 9059 1147626 3425 1207 3063 1479 5412 6234 493 2923 3230 58041 4024 3566 1507 2387 5054 3375 2570 978 2980 3892 2540 4831 521 9412
internal_value=-0.000511019 -0.00613757 -0.00751823 -0.0118567 -0.0047746 -0.000102629 -0.00163179 -0.0118993 -0.0107022 -0.00080835 -0.00859702 -0.00972092 0.000735294 -0.00341608 -0.00239487 -0.000396969 -0.00283928 -0.00889344 -0.00730201 -0.00558156 -0.0107706 -0.00540039 -0.00713728 -0.00599219 -0.0170426 -0.00615249 -0.0064486 -0.00441994 -0.0140848 -0.0015481
internal_weight=1.31579e+06 89041 72656 28158 44498 1.22675e+06 79124 5876 25713 73248 11668 22485 1700 32830 21701 67436 9395 18901 10281 5812 8620 11129 8960 6390 4176 5371 8774 8206 3584 18471
internal_count=1315791 89041 72656 28158 44498 1226750 79124 5876 25713 73248 11668 22485 1700 32830 21701 67436 9395 18901 10281 5812 8620 11129 8960 6390 4176 5371 8774 8206 3584 18471
cat_boundaries=0 1 2 3 4 5
cat_threshold=7 32 64 64 64
is_linear=0
shrinkage=0.05


Tree=186
num_leaves=31
num_cat=5
split_feature=6 1 7 7 6 1 7 6 6 6 6 7 7 1 3 7 6 1 3 7 3 7 1 3 6 3 2 3 3 2
split_gain=1209.37 301.286 345.98 157.876 92.4279 79.1162 267.647 152.739 68.9812 57.5321 32.9054 32.4777 30.2794 26.5073 35.685 26.0444 55.062 21.9561 17.7295 17.1156 14.8748 12.1329 10.9548 12.5135 10.0775 9.16525 8.85459 8.26584 7.85397 7.14547
threshold=12.342999049824568 0 0.075995310721284556 0.029154964549149176 11.990580988694822 1 0.029898306499557822 12.937343182529457 11.79893450632702 12.395871386706281 11.583360624843122 0.045771777356362224 0.028165668868557519 2 5.5000000000000009 0.066162824367806392 12.781428899765492 3 5.5000000000000009 0.093791546260364872 2.5000000000000004 0.08960462641287327 4 5.5000000000000009 12.493456861052696 1.5000000000000002 19.500000000000004 2.5000000000000004 5.5000000000000009 15.500000000000002
decision_type=2 1 2 2 2 1 2 2 2 2 2 2 2 1 2 2 2 1 2 2 2 2 1 2 2 2 2 2 2 2
left_child=1 -1 3 -3 10 6 7 24 -5 19 -4 28 -9 14 29 16 25 18 26 -8 -19 -15 23 -12 -2 -11 -13 -23 -10 -6
right_child=5 2 4 8 13 -7 9 12 11 15 22 17 -14 21 -16 -17 -18 20 -20 -21 -22 27 -24 -25 -26 -27 -28 -29 -30 -31
leaf_value=-7.969824084430376e-07 -1.0222128937280926e-07 -1.0222128937280926e-07 -1.0222128937280926e-07 -1.0222128937280926e-07 -1.0222128937280926e-07 5.3908646770600747e-08 -1.0222128937280926e-07 1.8106680840564855e-09 -1.0222128937280926e-07 -1.0222128937280926e-07 -1.0222128937280926e-07 -1.0222128937280926e-07 -9.4767614781767555e-07 -1.0222128937280926e-07 -1.0222128937280926e-07 -3.6193612528720178e-08 3.0951461650884524e-08 -1.0222128937280926e-07 -1.0222128937280926e-07 -1.0222128937280926e-07 -1.0222128937280926e-07 -1.0222128937280926e-07 -1.0222128937280926e-07 -1.0222128937280926e-07 -9.3747832462618492e-08 -1.0222128937280926e-07 -1.0222128937280926e-07 -1.0222128937280926e-07 -1.0222128937280926e-07 -1.0222128937280926e-07
leaf_weight=16385 1196 2445 2708 3228 9059 1147626 3425 1207 3063 1479 5412 6234 493 2923 3230 58041 4024 3566 1507 2387 5054 3375 2570 978 2980 3892 2540 4831 521 9412
leaf_count=16385 1196 2445 2708 3228 9059 1147626 3425 1207 3063 1479 5412 6234 493 2923 3230 58041 4024 3566 1507 2387 5054 3375 2570 978 2980 3892 2540 4831 521 9412
internal_value=-0.000511057 -0.00613757 -0.00751823 -0.0118567 -0.0047746 -0.000102669 -0.00163179 -0.0118993 -0.0107022 -0.00080835 -0.00859702 -0.00972092 0.000735294 -0.00341608 -0.00239487 -0.000396969 -0.00283928 -0.00889344 -0.00730201 -0.00558156 -0.0107706 -0.00540039 -0.00713728 -0.00599219 -0.0170426 -0.00615249 -0.0064486 -0.00441994 -0.0140848 -0.0015481
internal_weight=1.31579e+06 89041 72656 28158 44498 1.22675e+06 79124 5876 25713 73248 11668 22485 1700 32830 21701 67436 9395 18901 10281 5812 8620 11129 8960 6390 4176 5371 8774 8206 3584 18471
internal_count=1315791 89041 72656 28158 44498 1226750 79124 5876 25713 73248 11668 22485 1700 32830 21701 67436 9395 18901 10281 5812 8620 11129 8960 6390 4176 5371 8774 8206 3584 18471
cat_boundaries=0 1 2 3 4 5
cat_threshold=7 32 64 64 64
is_linear=0
shrinkage=0.05


Tree=187
num_leaves=31
num_cat=5
split_feature=6 1 7 7 6 1 7 6 6 6 6 7 7 1 3 7 6 1 3 7 3 7 1 3 6 3 2 3 3 2
split_gain=1209.35 301.286 345.98 157.876 92.4279 79.0466 267.68 152.739 68.9812 57.5485 32.9054 32.4777 30.2794 26.5073 35.685 26.0602 55.062 21.9561 17.7295 17.1156 14.8748 12.1329 10.9548 12.5135 10.0775 9.16525 8.85459 8.26584 7.85397 7.14547
threshold=12.342999049824568 0 0.075995310721284556 0.029154964549149176 11.990580988694822 1 0.029898306499557822 12.937343182529457 11.79893450632702 12.395871386706281 11.583360624843122 0.045771777356362224 0.028165668868557519 2 5.5000000000000009 0.066162824367806392 12.781428899765492 3 5.5000000000000009 0.093791546260364872 2.5000000000000004 0.08960462641287327 4 5.5000000000000009 12.493456861052696 1.5000000000000002 19.500000000000004 2.5000000000000004 5.5000000000000009 15.500000000000002
decision_type=2 1 2 2 2 1 2 2 2 2 2 2 2 1 2 2 2 1 2 2 2 2 1 2 2 2 2 2 2 2
left_child=1 -1 3 -3 10 6 7 24 -5 19 -4 28 -9 14 29 16 25 18 26 -8 -19 -15 23 -12 -2 -11 -13 -23 -10 -6
right_child=5 2 4 8 13 -7 9 12 11 15 22 17 -14 21 -16 -17 -18 20 -20 -21 -22 27 -24 -25 -26 -27 -28 -29 -30 -31
leaf_value=-7.5713328802085688e-07 -9.7110224904168793e-08 -9.7110224904168793e-08 -9.7110224904168793e-08 -9.7110224904168793e-08 -9.7110224904168793e-08 5.1213214432070711e-08 -9.7110224904168793e-08 1.7201346798536611e-09 -9.7110224904168793e-08 -9.7110224904168793e-08 -9.7110224904168793e-08 -9.7110224904168793e-08 -9.0029234042679178e-07 -9.7110224904168793e-08 -9.7110224904168793e-08 -3.4383931902284192e-08 2.9403888568340301e-08 -9.7110224904168793e-08 -9.7110224904168793e-08 -9.7110224904168793e-08 -9.7110224904168793e-08 -9.7110224904168793e-08 -9.7110224904168793e-08 -9.7110224904168793e-08 -8.9060440839487564e-08 -9.7110224904168793e-08 -9.7110224904168793e-08 -9.7110224904168793e-08 -9.7110224904168793e-08 -9.7110224904168793e-08
leaf_weight=16385 1196 2445 2708 3228 9059 1147626 3425 1207 3063 1479 5412 6234 493 2923 3230 58041 4024 3566 1507 2387 5054 3375 2570 978 2980 3892 2540 4831 521 9412
leaf_count=16385 1196 2445 2708 3228 9059 1147626 3425 1207 3063 1479 5412 6234 493 2923 3230 58041 4024 3566 1507 2387 5054 3375 2570 978 2980 3892 2540 4831 521 9412
internal_value=-0.000511095 -0.00613757 -0.00751823 -0.0118567 -0.0047746 -0.00010271 -0.00163116 -0.0118993 -0.0107022 -0.000807667 -0.00859702 -0.00972092 0.000735294 -0.00341608 -0.00239487 -0.000396227 -0.00283928 -0.00889344 -0.00730201 -0.00558156 -0.0107706 -0.00540039 -0.00713728 -0.00599219 -0.0170426 -0.00615249 -0.0064486 -0.00441994 -0.0140848 -0.0015481
internal_weight=1.31579e+06 89041 72656 28158 44498 1.22675e+06 79124 5876 25713 73248 11668 22485 1700 32830 21701 67436 9395 18901 10281 5812 8620 11129 8960 6390 4176 5371 8774 8206 3584 18471
internal_count=1315791 89041 72656 28158 44498 1226750 79124 5876 25713 73248 11668 22485 1700 32830 21701 67436 9395 18901 10281 5812 8620 11129 8960 6390 4176 5371 8774 8206 3584 18471
cat_boundaries=0 1 2 3 4 5
cat_threshold=7 32 64 64 64
is_linear=0
shrinkage=0.05


Tree=188
num_leaves=31
num_cat=5
split_feature=6 1 7 7 6 1 7 6 6 6 6 7 7 1 3 7 6 1 3 7 3 7 1 3 6 3 2 3 3 2
split_gain=1209.35 301.286 345.98 157.876 92.4279 79.0466 267.68 152.739 68.9812 57.5485 32.9054 32.4777 30.2794 26.5073 35.685 26.0602 55.062 21.9561 17.7295 17.1156 14.8748 12.1329 10.9548 12.5135 10.0775 9.16525 8.85459 8.26584 7.85397 7.14547
threshold=12.342999049824568 0 0.075995310721284556 0.029154964549149176 11.990580988694822 1 0.029898306499557822 12.937343182529457 11.79893450632702 12.395871386706281 11.583360624843122 0.045771777356362224 0.028165668868557519 2 5.5000000000000009 0.066162824367806392 12.781428899765492 3 5.5000000000000009 0.093791546260364872 2.5000000000000004 0.08960462641287327 4 5.5000000000000009 12.493456861052696 1.5000000000000002 19.500000000000004 2.5000000000000004 5.5000000000000009 15.500000000000002
decision_type=2 1 2 2 2 1 2 2 2 2 2 2 2 1 2 2 2 1 2 2 2 2 1 2 2 2 2 2 2 2
left_child=1 -1 3 -3 10 6 7 24 -5 19 -4 28 -9 14 29 16 25 18 26 -8 -19 -15 23 -12 -2 -11 -13 -23 -10 -6
right_child=5 2 4 8 13 -7 9 12 11 15 22 17 -14 21 -16 -17 -18 20 -20 -21 -22 27 -24 -25 -26 -27 -28 -29 -30 -31
leaf_value=-7.192766236196812e-07 -9.2254713658960351e-08 -9.2254713658960351e-08 -9.2254713658960351e-08 -9.2254713658960351e-08 -9.2254713658960351e-08 4.8652553710467174e-08 -9.2254713658960351e-08 1.634127945860978e-09 -9.2254713658960351e-08 -9.2254713658960351e-08 -9.2254713658960351e-08 -9.2254713658960351e-08 -8.5527772340545219e-07 -9.2254713658960351e-08 -9.2254713658960351e-08 -3.2664735307170007e-08 2.7933694139923287e-08 -9.2254713658960351e-08 -9.2254713658960351e-08 -9.2254713658960351e-08 -9.2254713658960351e-08 -9.2254713658960351e-08 -9.2254713658960351e-08 -9.2254713658960351e-08 -8.4607418797513196e-08 -9.2254713658960351e-08 -9.2254713658960351e-08 -9.2254713658960351e-08 -9.2254713658960351e-08 -9.2254713658960351e-08
leaf_weight=16385 1196 2445 2708 3228 9059 1147626 3425 1207 3063 1479 5412 6234 493 2923 3230 58041 4024 3566 1507 2387 5054 3375 2570 978 2980 3892 2540 4831 521 9412
leaf_count=16385 1196 2445 2708 3228 9059 1147626 3425 1207 3063 1479 5412 6234 493 2923 3230 58041 4024 3566 1507 2387 5054 3375 2570 978 2980 3892 2540 4831 521 9412
internal_value=-0.000511095 -0.00613757 -0.00751823 -0.0118567 -0.0047746 -0.00010271 -0.00163116 -0.0118993 -0.0107022 -0.000807667 -0.00859702 -0.00972092 0.000735294 -0.00341608 -0.00239487 -0.000396227 -0.00283928 -0.00889344 -0.00730201 -0.00558156 -0.0107706 -0.00540039 -0.00713728 -0.00599219 -0.0170426 -0.00615249 -0.0064486 -0.00441994 -0.0140848 -0.0015481
internal_weight=1.31579e+06 89041 72656 28158 44498 1.22675e+06 79124 5876 25713 73248 11668 22485 1700 32830 21701 67436 9395 18901 10281 5812 8620 11129 8960 6390 4176 5371 8774 8206 3584 18471
internal_count=1315791 89041 72656 28158 44498 1226750 79124 5876 25713 73248 11668 22485 1700 32830 21701 67436 9395 18901 10281 5812 8620 11129 8960 6390 4176 5371 8774 8206 3584 18471
cat_boundaries=0 1 2 3 4 5
cat_threshold=7 32 64 64 64
is_linear=0
shrinkage=0.05


Tree=189
num_leaves=31
num_cat=5
split_feature=6 1 7 7 6 1 7 6 6 6 6 7 7 1 3 7 6 1 3 7 3 7 1 3 6 3 2 3 3 2
split_gain=1209.34 301.286 345.98 157.876 92.4279 79.0424 267.68 152.739 68.9812 57.5485 32.9054 32.4777 30.2794 26.5073 35.685 26.0602 55.062 21.9561 17.7295 17.1156 14.8748 12.1329 10.9548 12.5135 10.0775 9.16525 8.85459 8.26584 7.85397 7.14547
threshold=12.342999049824568 0 0.075995310721284556 0.029154964549149176 11.990580988694822 1 0.029898306499557822 12.937343182529457 11.79893450632702 12.395871386706281 11.583360624843122 0.045771777356362224 0.028165668868557519 2 5.5000000000000009 0.066162824367806392 12.781428899765492 3 5.5000000000000009 0.093791546260364872 2.5000000000000004 0.08960462641287327 4 5.5000000000000009 12.493456861052696 1.5000000000000002 19.500000000000004 2.5000000000000004 5.5000000000000009 15.500000000000002
decision_type=2 1 2 2 2 1 2 2 2 2 2 2 2 1 2 2 2 1 2 2 2 2 1 2 2 2 2 2 2 2
left_child=1 -1 3 -3 10 6 7 24 -5 19 -4 28 -9 14 29 16 25 18 26 -8 -19 -15 23 -12 -2 -11 -13 -23 -10 -6
right_child=5 2 4 8 13 -7 9 12 11 15 22 17 -14 21 -16 -17 -18 20 -20 -21 -22 27 -24 -25 -26 -27 -28 -29 -30 -31
leaf_value=-6.8331279243852951e-07 -8.7641977976012329e-08 -8.7641977976012329e-08 -8.7641977976012329e-08 -8.7641977976012329e-08 -8.7641977976012329e-08 4.6219926024943813e-08 -8.7641977976012329e-08 1.5524215485679293e-09 -8.7641977976012329e-08 -8.7641977976012329e-08 -8.7641977976012329e-08 -8.7641977976012329e-08 -8.1251383723517961e-07 -8.7641977976012329e-08 -8.7641977976012329e-08 -3.1031498541811515e-08 2.6537009432927123e-08 -8.7641977976012329e-08 -8.7641977976012329e-08 -8.7641977976012329e-08 -8.7641977976012329e-08 -8.7641977976012329e-08 -8.7641977976012329e-08 -8.7641977976012329e-08 -8.0377047857637539e-08 -8.7641977976012329e-08 -8.7641977976012329e-08 -8.7641977976012329e-08 -8.7641977976012329e-08 -8.7641977976012329e-08
leaf_weight=16385 1196 2445 2708 3228 9059 1147626 3425 1207 3063 1479 5412 6234 493 2923 3230 58041 4024 3566 1507 2387 5054 3375 2570 978 2980 3892 2540 4831 521 9412
leaf_count=16385 1196 2445 2708 3228 9059 1147626 3425 1207 3063 1479 5412 6234 493 2923 3230 58041 4024 3566 1507 2387 5054 3375 2570 978 2980 3892 2540 4831 521 9412
internal_value=-0.000511133 -0.00613757 -0.00751823 -0.0118567 -0.0047746 -0.000102751 -0.00163116 -0.0118993 -0.0107022 -0.000807667 -0.00859702 -0.00972092 0.000735294 -0.00341608 -0.00239487 -0.000396227 -0.00283928 -0.00889344 -0.00730201 -0.00558156 -0.0107706 -0.00540039 -0.00713728 -0.00599219 -0.0170426 -0.00615249 -0.0064486 -0.00441994 -0.0140848 -0.0015481
internal_weight=1.31579e+06 89041 72656 28158 44498 1.22675e+06 79124 5876 25713 73248 11668 22485 1700 32830 21701 67436 9395 18901 10281 5812 8620 11129 8960 6390 4176 5371 8774 8206 3584 18471
internal_count=1315791 89041 72656 28158 44498 1226750 79124 5876 25713 73248 11668 22485 1700 32830 21701 67436 9395 18901 10281 5812 8620 11129 8960 6390 4176 5371 8774 8206 3584 18471
cat_boundaries=0 1 2 3 4 5
cat_threshold=7 32 64 64 64
is_linear=0
shrinkage=0.05


Tree=190
num_leaves=31
num_cat=5
split_feature=6 1 7 7 6 1 7 6 6 6 6 7 7 1 3 7 6 1 3 7 3 7 1 3 6 3 2 3 3 2
split_gain=1209.32 301.286 345.98 157.876 92.4279 79.0382 267.68 152.739 68.9812 57.5485 32.9054 32.4777 30.2794 26.5073 35.685 26.0602 55.062 21.9561 17.7295 17.1156 14.8748 12.1329 10.9548 12.5135 10.0775 9.16525 8.85459 8.26584 7.85397 7.14547
threshold=12.342999049824568 0 0.075995310721284556 0.029154964549149176 11.990580988694822 1 0.029898306499557822 12.937343182529457 11.79893450632702 12.395871386706281 11.583360624843122 0.045771777356362224 0.028165668868557519 2 5.5000000000000009 0.066162824367806392 12.781428899765492 3 5.5000000000000009 0.093791546260364872 2.5000000000000004 0.08960462641287327 4 5.5000000000000009 12.493456861052696 1.5000000000000002 19.500000000000004 2.5000000000000004 5.5000000000000009 15.500000000000002
decision_type=2 1 2 2 2 1 2 2 2 2 2 2 2 1 2 2 2 1 2 2 2 2 1 2 2 2 2 2 2 2
left_child=1 -1 3 -3 10 6 7 24 -5 19 -4 28 -9 14 29 16 25 18 26 -8 -19 -15 23 -12 -2 -11 -13 -23 -10 -6
right_child=5 2 4 8 13 -7 9 12 11 15 22 17 -14 21 -16 -17 -18 20 -20 -21 -22 27 -24 -25 -26 -27 -28 -29 -30 -31
leaf_value=-6.4914715281657428e-07 -8.3259879077211715e-08 -8.3259879077211715e-08 -8.3259879077211715e-08 -8.3259879077211715e-08 -8.3259879077211715e-08 4.3908929723696619e-08 -8.3259879077211715e-08 1.4748004711395328e-09 -8.3259879077211715e-08 -8.3259879077211715e-08 -8.3259879077211715e-08 -8.3259879077211715e-08 -7.7188814537342067e-07 -8.3259879077211715e-08 -8.3259879077211715e-08 -2.9479923614720958e-08 2.5210158961280767e-08 -8.3259879077211715e-08 -8.3259879077211715e-08 -8.3259879077211715e-08 -8.3259879077211715e-08 -8.3259879077211715e-08 -8.3259879077211715e-08 -8.3259879077211715e-08 -7.6358195464755656e-08 -8.3259879077211715e-08 -8.3259879077211715e-08 -8.3259879077211715e-08 -8.3259879077211715e-08 -8.3259879077211715e-08
leaf_weight=16385 1196 2445 2708 3228 9059 1147626 3425 1207 3063 1479 5412 6234 493 2923 3230 58041 4024 3566 1507 2387 5054 3375 2570 978 2980 3892 2540 4831 521 9412
leaf_count=16385 1196 2445 2708 3228 9059 1147626 3425 1207 3063 1479 5412 6234 493 2923 3230 58041 4024 3566 1507 2387 5054 3375 2570 978 2980 3892 2540 4831 521 9412
internal_value=-0.000511171 -0.00613757 -0.00751823 -0.0118567 -0.0047746 -0.000102792 -0.00163116 -0.0118993 -0.0107022 -0.000807667 -0.00859702 -0.00972092 0.000735294 -0.00341608 -0.00239487 -0.000396227 -0.00283928 -0.00889344 -0.00730201 -0.00558156 -0.0107706 -0.00540039 -0.00713728 -0.00599219 -0.0170426 -0.00615249 -0.0064486 -0.00441994 -0.0140848 -0.0015481
internal_weight=1.31579e+06 89041 72656 28158 44498 1.22675e+06 79124 5876 25713 73248 11668 22485 1700 32830 21701 67436 9395 18901 10281 5812 8620 11129 8960 6390 4176 5371 8774 8206 3584 18471
internal_count=1315791 89041 72656 28158 44498 1226750 79124 5876 25713 73248 11668 22485 1700 32830 21701 67436 9395 18901 10281 5812 8620 11129 8960 6390 4176 5371 8774 8206 3584 18471
cat_boundaries=0 1 2 3 4 5
cat_threshold=7 32 64 64 64
is_linear=0
shrinkage=0.05


Tree=191
num_leaves=31
num_cat=5
split_feature=6 1 7 7 6 6 1 7 6 6 6 7 7 1 3 7 6 1 6 6 3 7 3 7 1 3 3 2 3 3
split_gain=1212.83 301.286 345.98 157.876 92.4279 68.9812 66.3808 186.316 111.532 57.5485 32.9054 32.4777 30.2794 26.5073 35.685 26.0602 55.062 21.9561 18.6923 61.0167 17.7295 17.1156 14.8748 12.1329 10.9548 12.5135 9.16525 8.85459 8.26584 7.85397
threshold=12.342999049824568 0 0.075995310721284556 0.029154964549149176 11.990580988694822 11.79893450632702 1 0.029898306499557822 12.937343182529457 12.395871386706281 11.583360624843122 0.045771777356362224 0.028165668868557519 2 5.5000000000000009 0.066162824367806392 12.781428899765492 3 12.413077667390478 12.482153937926691 5.5000000000000009 0.093791546260364872 2.5000000000000004 0.08960462641287327 4 5.5000000000000009 1.5000000000000002 19.500000000000004 2.5000000000000004 5.5000000000000009
decision_type=2 1 2 2 2 2 1 2 2 2 2 2 2 1 2 2 2 1 2 2 2 2 2 2 1 2 2 2 2 2
left_child=1 -1 3 -3 10 -5 7 8 18 21 -4 29 -10 14 -6 16 26 20 -2 -20 27 -9 -19 -15 25 -12 -11 -13 -25 -7
right_child=6 2 4 5 13 11 -8 9 12 15 24 17 -14 23 -16 -17 -18 22 19 -21 -22 -23 -24 28 -26 -27 -28 -29 -30 -31
leaf_value=-6.1668979517576876e-07 -2.6751807055371909e-06 -7.9096885123351135e-08 -7.9096885123351135e-08 -7.9096885123351135e-08 -7.9096885123351135e-08 -7.9096885123351135e-08 4.1713483237511793e-08 -7.9096885123351135e-08 1.4010604475825562e-09 -7.9096885123351135e-08 -7.9096885123351135e-08 -7.9096885123351135e-08 -7.3329373810474958e-07 -7.9096885123351135e-08 -7.9096885123351135e-08 -2.8005927433984917e-08 2.3949651013216732e-08 -7.9096885123351135e-08 1.8540728546249245e-09 -7.2540285691517871e-08 -7.9096885123351135e-08 -7.9096885123351135e-08 -7.9096885123351135e-08 -7.9096885123351135e-08 -7.9096885123351135e-08 -7.9096885123351135e-08 -7.9096885123351135e-08 -7.9096885123351135e-08 -7.9096885123351135e-08 -7.9096885123351135e-08
leaf_weight=16385 665 2445 2708 3228 18471 3063 1147626 3425 1207 1479 5412 6234 493 2923 3230 58041 4024 3566 458 3053 1507 2387 5054 3375 2570 978 3892 2540 4831 521
leaf_count=16385 665 2445 2708 3228 18471 3063 1147626 3425 1207 1479 5412 6234 493 2923 3230 58041 4024 3566 458 3053 1507 2387 5054 3375 2570 978 3892 2540 4831 521
internal_value=-0.000503001 -0.00613757 -0.00751823 -0.0118567 -0.0047746 -0.0107022 -9.40287e-05 -0.00149468 -0.0100613 -0.000807667 -0.00859702 -0.00972092 0.000735294 -0.00341608 -0.00239487 -0.000396227 -0.00283928 -0.00889344 -0.0144564 -0.0130006 -0.00730201 -0.00558156 -0.0107706 -0.00540039 -0.00713728 -0.00599219 -0.00615249 -0.0064486 -0.00441994 -0.0140848
internal_weight=1.31579e+06 89041 72656 28158 44498 25713 1.22675e+06 79124 5876 73248 11668 22485 1700 32830 21701 67436 9395 18901 4176 3511 10281 5812 8620 11129 8960 6390 5371 8774 8206 3584
internal_count=1315791 89041 72656 28158 44498 25713 1226750 79124 5876 73248 11668 22485 1700 32830 21701 67436 9395 18901 4176 3511 10281 5812 8620 11129 8960 6390 5371 8774 8206 3584
cat_boundaries=0 1 2 3 4 5
cat_threshold=7 32 64 64 64
is_linear=0
shrinkage=0.05


Tree=192
num_leaves=31
num_cat=5
split_feature=6 1 7 7 6 6 1 7 6 7 6 6 6 6 7 1 3 1 3 3 7 7 1 3 3 2 7 7 3 3
split_gain=1217.58 301.286 345.98 157.876 92.4279 68.9812 51.1274 110.827 91.1978 46.5251 96.3407 38.9544 33.4715 32.9054 32.4777 26.5073 35.685 21.9561 17.7295 14.8748 12.1329 11.5142 10.9548 12.5135 10.0707 8.85459 8.31996 22.6722 8.26584 7.85397
threshold=12.342999049824568 0 0.075995310721284556 0.029154964549149176 11.990580988694822 11.79893450632702 1 0.066162824367806392 12.937343182529457 0.049684397321221409 12.482153937926691 12.395871386706281 12.638624246354498 11.583360624843122 0.045771777356362224 2 5.5000000000000009 3 5.5000000000000009 2.5000000000000004 0.08960462641287327 0.093791546260364872 4 5.5000000000000009 3.5000000000000004 19.500000000000004 0.028165668868557519 0.029898306499557822 2.5000000000000004 5.5000000000000009
decision_type=2 1 2 2 2 2 1 2 2 2 2 2 2 2 2 1 2 1 2 2 2 2 1 2 2 2 2 2 2 2
left_child=1 -1 3 -3 13 -5 7 8 9 10 -2 21 24 -4 29 16 -6 18 25 -19 -17 -9 23 -15 -11 -16 -10 -28 -22 -7
right_child=6 2 4 5 15 14 -8 11 26 12 -12 -13 -14 22 17 20 -18 19 -20 -21 28 -23 -24 -25 -26 -27 27 -29 -30 -31
leaf_value=-5.8585530541705557e-07 1.7613692118936783e-09 -7.5142040867183581e-08 -7.5142040867183581e-08 -7.5142040867183581e-08 -7.5142040867183581e-08 -7.5142040867183581e-08 3.9627809075636202e-08 -7.5142040867183581e-08 1.3310074252034285e-09 -7.5142040867183581e-08 -6.8913271406941991e-08 -2.6605631062285653e-08 -7.7106021357416287e-07 -7.5142040867183581e-08 -7.5142040867183581e-08 -7.5142040867183581e-08 -7.5142040867183581e-08 -7.5142040867183581e-08 -7.5142040867183581e-08 -7.5142040867183581e-08 -7.5142040867183581e-08 -7.5142040867183581e-08 -7.5142040867183581e-08 -7.5142040867183581e-08 -7.5142040867183581e-08 -7.5142040867183581e-08 -6.9662905119951211e-07 2.6325807002189091e-07 -7.5142040867183581e-08 -7.5142040867183581e-08
leaf_weight=16385 1130 2445 2708 3228 18471 3063 1147626 2267 1207 2653 3249 58041 3270 5412 6234 2923 3230 3566 1507 5054 3375 2387 2570 978 2050 2540 493 2377 4831 521
leaf_count=16385 1130 2445 2708 3228 18471 3063 1147626 2267 1207 2653 3249 58041 3270 5412 6234 2923 3230 3566 1507 5054 3375 2387 2570 978 2050 2540 493 2377 4831 521
internal_value=-0.000491981 -0.00613757 -0.00751823 -0.0118567 -0.0047746 -0.0107022 -8.22089e-05 -0.00131145 -0.00496713 -0.00710735 -0.011248 -0.000353696 -0.00483319 -0.00859702 -0.00972092 -0.00341608 -0.00239487 -0.00889344 -0.00730201 -0.0107706 -0.00540039 -0.00475505 -0.00713728 -0.00599219 -0.00753455 -0.0064486 0.00151705 5.2265e-05 -0.00441994 -0.0140848
internal_weight=1.31579e+06 89041 72656 28158 44498 25713 1.22675e+06 79124 16429 12352 4379 62695 7973 11668 22485 32830 21701 18901 10281 8620 11129 4654 8960 6390 4703 8774 4077 2870 8206 3584
internal_count=1315791 89041 72656 28158 44498 25713 1226750 79124 16429 12352 4379 62695 7973 11668 22485 32830 21701 18901 10281 8620 11129 4654 8960 6390 4703 8774 4077 2870 8206 3584
cat_boundaries=0 1 2 3 4 5
cat_threshold=7 32 64 64 64
is_linear=0
shrinkage=0.05


Tree=193
num_leaves=31
num_cat=5
split_feature=6 1 7 7 6 6 1 7 6 7 6 6 6 6 7 1 3 1 3 3 7 7 1 3 3 2 7 7 3 3
split_gain=1217.73 301.286 345.98 157.876 92.4279 68.9812 50.6336 109.369 90.3437 47.4392 96.3407 38.9544 35.0436 32.9054 32.4777 26.5073 35.685 21.9561 17.7295 14.8748 12.1329 11.5142 10.9548 12.5135 10.0707 8.85459 8.31996 22.6722 8.26584 7.85397
threshold=12.342999049824568 0 0.075995310721284556 0.029154964549149176 11.990580988694822 11.79893450632702 1 0.066162824367806392 12.937343182529457 0.049684397321221409 12.482153937926691 12.395871386706281 12.638624246354498 11.583360624843122 0.045771777356362224 2 5.5000000000000009 3 5.5000000000000009 2.5000000000000004 0.08960462641287327 0.093791546260364872 4 5.5000000000000009 3.5000000000000004 19.500000000000004 0.028165668868557519 0.029898306499557822 2.5000000000000004 5.5000000000000009
decision_type=2 1 2 2 2 2 1 2 2 2 2 2 2 2 2 1 2 1 2 2 2 2 1 2 2 2 2 2 2 2
left_child=1 -1 3 -3 13 -5 7 8 9 10 -2 21 24 -4 29 16 -6 18 25 -19 -17 -9 23 -15 -11 -16 -10 -28 -22 -7
right_child=6 2 4 5 15 14 -8 11 26 12 -12 -13 -14 22 17 20 -18 19 -20 -21 28 -23 -24 -25 -26 -27 27 -29 -30 -31
leaf_value=-5.5656254014634745e-07 1.6733007512989945e-09 -7.1384938823824404e-08 -7.1384938823824404e-08 -7.1384938823824404e-08 -7.1384938823824404e-08 -7.1384938823824404e-08 3.7646418621854393e-08 -7.1384938823824404e-08 1.2644570539432569e-09 -7.1384938823824404e-08 -6.5467607836594886e-08 -2.5275349509171379e-08 -7.325072028954547e-07 -7.1384938823824404e-08 -7.1384938823824404e-08 -7.1384938823824404e-08 -7.1384938823824404e-08 -7.1384938823824404e-08 -7.1384938823824404e-08 -7.1384938823824404e-08 -7.1384938823824404e-08 -7.1384938823824404e-08 -7.1384938823824404e-08 -7.1384938823824404e-08 -7.1384938823824404e-08 -7.1384938823824404e-08 -6.6179759863953648e-07 2.5009516652079634e-07 -7.1384938823824404e-08 -7.1384938823824404e-08
leaf_weight=16385 1130 2445 2708 3228 18471 3063 1147626 2267 1207 2653 3249 58041 3270 5412 6234 2923 3230 3566 1507 5054 3375 2387 2570 978 2050 2540 493 2377 4831 521
leaf_count=16385 1130 2445 2708 3228 18471 3063 1147626 2267 1207 2653 3249 58041 3270 5412 6234 2923 3230 3566 1507 5054 3375 2387 2570 978 2050 2540 493 2377 4831 521
internal_value=-0.000491639 -0.00613757 -0.00751823 -0.0118567 -0.0047746 -0.0107022 -8.18421e-05 -0.00130513 -0.0049367 -0.00706687 -0.011248 -0.000353696 -0.00477048 -0.00859702 -0.00972092 -0.00341608 -0.00239487 -0.00889344 -0.00730201 -0.0107706 -0.00540039 -0.00475505 -0.00713728 -0.00599219 -0.00753455 -0.0064486 0.00151705 5.2265e-05 -0.00441994 -0.0140848
internal_weight=1.31579e+06 89041 72656 28158 44498 25713 1.22675e+06 79124 16429 12352 4379 62695 7973 11668 22485 32830 21701 18901 10281 8620 11129 4654 8960 6390 4703 8774 4077 2870 8206 3584
internal_count=1315791 89041 72656 28158 44498 25713 1226750 79124 16429 12352 4379 62695 7973 11668 22485 32830 21701 18901 10281 8620 11129 4654 8960 6390 4703 8774 4077 2870 8206 3584
cat_boundaries=0 1 2 3 4 5
cat_threshold=7 32 64 64 64
is_linear=0
shrinkage=0.05


Tree=194
num_leaves=31
num_cat=5
split_feature=6 1 7 7 6 6 1 7 6 7 6 6 6 6 7 1 3 1 3 3 7 7 7 7 1 3 3 2 3 3
split_gain=1216.45 301.286 345.98 157.876 92.4279 68.9812 54.5221 120.993 66.827 48.8271 96.3407 38.9544 37.4695 32.9054 32.4777 26.5073 35.685 21.9561 17.7295 14.8748 14.6611 23.3066 12.1329 11.5142 10.9548 12.5135 10.0707 8.85459 8.26584 7.85397
threshold=12.342999049824568 0 0.075995310721284556 0.029154964549149176 11.990580988694822 11.79893450632702 1 0.066162824367806392 12.937343182529457 0.049684397321221409 12.482153937926691 12.395871386706281 12.638624246354498 11.583360624843122 0.045771777356362224 2 5.5000000000000009 3 5.5000000000000009 2.5000000000000004 0.028165668868557519 0.030551983978343782 0.08960462641287327 0.093791546260364872 4 5.5000000000000009 3.5000000000000004 19.500000000000004 2.5000000000000004 5.5000000000000009
decision_type=2 1 2 2 2 2 1 2 2 2 2 2 2 2 2 1 2 1 2 2 2 2 2 2 1 2 2 2 2 2
left_child=1 -1 3 -3 13 -5 7 8 9 10 -2 23 26 -4 29 16 -6 18 27 -19 -10 -22 -17 -9 25 -15 -11 -16 -24 -7
right_child=6 2 4 5 15 14 -8 11 20 12 -12 -13 -14 24 17 22 -18 19 -20 -21 21 -23 28 -25 -26 -27 -28 -29 -30 -31
leaf_value=-5.2873441313908802e-07 1.5896357137340447e-09 -6.781569188263318e-08 -6.781569188263318e-08 -6.781569188263318e-08 -6.781569188263318e-08 -6.781569188263318e-08 3.5764097690761671e-08 -6.781569188263318e-08 1.2012342012460941e-09 -6.781569188263318e-08 -6.2194227444765139e-08 -2.4011582033712817e-08 -6.9588184275068207e-07 -6.781569188263318e-08 -6.781569188263318e-08 -6.781569188263318e-08 -6.781569188263318e-08 -6.781569188263318e-08 -6.781569188263318e-08 -6.781569188263318e-08 -6.2870771870755961e-07 2.3759040819475651e-07 -6.781569188263318e-08 -6.781569188263318e-08 -6.781569188263318e-08 -6.781569188263318e-08 -6.781569188263318e-08 -6.781569188263318e-08 -6.781569188263318e-08 -6.781569188263318e-08
leaf_weight=16385 1130 2445 2708 3228 18471 3063 1147626 2267 1207 2653 3249 58041 3270 5412 6234 2923 3230 3566 1507 5054 631 2239 3375 2387 2570 978 2050 2540 4831 521
leaf_count=16385 1130 2445 2708 3228 18471 3063 1147626 2267 1207 2653 3249 58041 3270 5412 6234 2923 3230 3566 1507 5054 631 2239 3375 2387 2570 978 2050 2540 4831 521
internal_value=-0.000494603 -0.00613757 -0.00751823 -0.0118567 -0.0047746 -0.0107022 -8.50212e-05 -0.00135441 -0.00517408 -0.00700615 -0.011248 -0.000353696 -0.00467641 -0.00859702 -0.00972092 -0.00341608 -0.00239487 -0.00889344 -0.00730201 -0.0107706 0.000376503 -0.00156794 -0.00540039 -0.00475505 -0.00713728 -0.00599219 -0.00753455 -0.0064486 -0.00441994 -0.0140848
internal_weight=1.31579e+06 89041 72656 28158 44498 25713 1.22675e+06 79124 16429 12352 4379 62695 7973 11668 22485 32830 21701 18901 10281 8620 4077 2870 11129 4654 8960 6390 4703 8774 8206 3584
internal_count=1315791 89041 72656 28158 44498 25713 1226750 79124 16429 12352 4379 62695 7973 11668 22485 32830 21701 18901 10281 8620 4077 2870 11129 4654 8960 6390 4703 8774 8206 3584
cat_boundaries=0 1 2 3 4 5
cat_threshold=7 32 64 64 64
is_linear=0
shrinkage=0.05


Tree=195
num_leaves=31
num_cat=5
split_feature=6 1 7 7 6 6 1 7 6 7 6 6 6 6 7 1 3 1 3 3 7 7 7 7 1 3 3 2 3 3
split_gain=1217.17 301.286 345.98 157.876 92.4279 68.9812 52.2577 114.215 77.1915 48.8271 96.3407 38.9544 37.4695 32.9054 32.4777 26.5073 35.685 21.9561 17.7295 14.8748 12.1329 11.5142 11.37 18.9529 10.9548 12.5135 10.0707 8.85459 8.26584 7.85397
threshold=12.342999049824568 0 0.075995310721284556 0.029154964549149176 11.990580988694822 11.79893450632702 1 0.066162824367806392 12.937343182529457 0.049684397321221409 12.482153937926691 12.395871386706281 12.638624246354498 11.583360624843122 0.045771777356362224 2 5.5000000000000009 3 5.5000000000000009 2.5000000000000004 0.08960462641287327 0.093791546260364872 0.028165668868557519 0.029898306499557822 4 5.5000000000000009 3.5000000000000004 19.500000000000004 2.5000000000000004 5.5000000000000009
decision_type=2 1 2 2 2 2 1 2 2 2 2 2 2 2 2 1 2 1 2 2 2 2 2 2 1 2 2 2 2 2
left_child=1 -1 3 -3 13 -5 7 8 9 10 -2 21 26 -4 29 16 -6 18 27 -19 -17 -9 -10 -24 25 -15 -11 -16 -22 -7
right_child=6 2 4 5 15 14 -8 11 22 12 -12 -13 -14 24 17 20 -18 19 -20 -21 28 -23 23 -25 -26 -27 -28 -29 -30 -31
leaf_value=-5.0229769248203537e-07 1.5101539280473425e-09 -6.4424907288501529e-08 -6.4424907288501529e-08 -6.4424907288501529e-08 -6.4424907288501529e-08 -6.4424907288501529e-08 3.3975892806223586e-08 -6.4424907288501529e-08 1.1411724911837894e-09 -6.4424907288501529e-08 -5.9084516072526886e-08 -2.2811002932027207e-08 -6.6108775061314792e-07 -6.4424907288501529e-08 -6.4424907288501529e-08 -6.4424907288501529e-08 -6.4424907288501529e-08 -6.4424907288501529e-08 -6.4424907288501529e-08 -6.4424907288501529e-08 -6.4424907288501529e-08 -6.4424907288501529e-08 -5.9727233277218169e-07 2.2571088778501869e-07 -6.4424907288501529e-08 -6.4424907288501529e-08 -6.4424907288501529e-08 -6.4424907288501529e-08 -6.4424907288501529e-08 -6.4424907288501529e-08
leaf_weight=16385 1130 2445 2708 3228 18471 3063 1147626 2267 1207 2653 3249 58041 3270 5412 6234 2923 3230 3566 1507 5054 3375 2387 493 2377 2570 978 2050 2540 4831 521
leaf_count=16385 1130 2445 2708 3228 18471 3063 1147626 2267 1207 2653 3249 58041 3270 5412 6234 2923 3230 3566 1507 5054 3375 2387 493 2377 2570 978 2050 2540 4831 521
internal_value=-0.000492931 -0.00613757 -0.00751823 -0.0118567 -0.0047746 -0.0107022 -8.32279e-05 -0.00132598 -0.00503713 -0.00700615 -0.011248 -0.000353696 -0.00467641 -0.00859702 -0.00972092 -0.00341608 -0.00239487 -0.00889344 -0.00730201 -0.0107706 -0.00540039 -0.00475505 0.000928379 -0.000783972 -0.00713728 -0.00599219 -0.00753455 -0.0064486 -0.00441994 -0.0140848
internal_weight=1.31579e+06 89041 72656 28158 44498 25713 1.22675e+06 79124 16429 12352 4379 62695 7973 11668 22485 32830 21701 18901 10281 8620 11129 4654 4077 2870 8960 6390 4703 8774 8206 3584
internal_count=1315791 89041 72656 28158 44498 25713 1226750 79124 16429 12352 4379 62695 7973 11668 22485 32830 21701 18901 10281 8620 11129 4654 4077 2870 8960 6390 4703 8774 8206 3584
cat_boundaries=0 1 2 3 4 5
cat_threshold=7 32 64 64 64
is_linear=0
shrinkage=0.05


Tree=196
num_leaves=31
num_cat=5
split_feature=6 1 7 7 6 6 1 7 6 7 6 6 6 6 7 1 3 1 3 3 7 7 7 7 1 3 3 2 3 3
split_gain=1217.17 301.286 345.98 157.876 92.4279 68.9812 52.2577 114.215 77.1915 48.8271 96.3407 38.9544 37.4695 32.9054 32.4777 26.5073 35.685 21.9561 17.7295 14.8748 12.1329 11.5142 11.37 18.9529 10.9548 12.5135 10.0707 8.85459 8.26584 7.85397
threshold=12.342999049824568 0 0.075995310721284556 0.029154964549149176 11.990580988694822 11.79893450632702 1 0.066162824367806392 12.937343182529457 0.049684397321221409 12.482153937926691 12.395871386706281 12.638624246354498 11.583360624843122 0.045771777356362224 2 5.5000000000000009 3 5.5000000000000009 2.5000000000000004 0.08960462641287327 0.093791546260364872 0.028165668868557519 0.029898306499557822 4 5.5000000000000009 3.5000000000000004 19.500000000000004 2.5000000000000004 5.5000000000000009
decision_type=2 1 2 2 2 2 1 2 2 2 2 2 2 2 2 1 2 1 2 2 2 2 2 2 1 2 2 2 2 2
left_child=1 -1 3 -3 13 -5 7 8 9 10 -2 21 26 -4 29 16 -6 18 27 -19 -17 -9 -10 -24 25 -15 -11 -16 -22 -7
right_child=6 2 4 5 15 14 -8 11 22 12 -12 -13 -14 24 17 20 -18 19 -20 -21 28 -23 23 -25 -26 -27 -28 -29 -30 -31
leaf_value=-4.7718280785797424e-07 1.4346462316449754e-09 -6.1203661924076441e-08 -6.1203661924076441e-08 -6.1203661924076441e-08 -6.1203661924076441e-08 -6.1203661924076441e-08 3.227709816591241e-08 -6.1203661924076441e-08 1.0841138666245997e-09 -6.1203661924076441e-08 -5.6130290268900542e-08 -2.1670452785425829e-08 -6.280333630824906e-07 -6.1203661924076441e-08 -6.1203661924076441e-08 -6.1203661924076441e-08 -6.1203661924076441e-08 -6.1203661924076441e-08 -6.1203661924076441e-08 -6.1203661924076441e-08 -6.1203661924076441e-08 -6.1203661924076441e-08 -5.6740871613357257e-07 2.1442534339576774e-07 -6.1203661924076441e-08 -6.1203661924076441e-08 -6.1203661924076441e-08 -6.1203661924076441e-08 -6.1203661924076441e-08 -6.1203661924076441e-08
leaf_weight=16385 1130 2445 2708 3228 18471 3063 1147626 2267 1207 2653 3249 58041 3270 5412 6234 2923 3230 3566 1507 5054 3375 2387 493 2377 2570 978 2050 2540 4831 521
leaf_count=16385 1130 2445 2708 3228 18471 3063 1147626 2267 1207 2653 3249 58041 3270 5412 6234 2923 3230 3566 1507 5054 3375 2387 493 2377 2570 978 2050 2540 4831 521
internal_value=-0.000492931 -0.00613757 -0.00751823 -0.0118567 -0.0047746 -0.0107022 -8.32279e-05 -0.00132598 -0.00503713 -0.00700615 -0.011248 -0.000353696 -0.00467641 -0.00859702 -0.00972092 -0.00341608 -0.00239487 -0.00889344 -0.00730201 -0.0107706 -0.00540039 -0.00475505 0.000928379 -0.000783972 -0.00713728 -0.00599219 -0.00753455 -0.0064486 -0.00441994 -0.0140848
internal_weight=1.31579e+06 89041 72656 28158 44498 25713 1.22675e+06 79124 16429 12352 4379 62695 7973 11668 22485 32830 21701 18901 10281 8620 11129 4654 4077 2870 8960 6390 4703 8774 8206 3584
internal_count=1315791 89041 72656 28158 44498 25713 1226750 79124 16429 12352 4379 62695 7973 11668 22485 32830 21701 18901 10281 8620 11129 4654 4077 2870 8960 6390 4703 8774 8206 3584
cat_boundaries=0 1 2 3 4 5
cat_threshold=7 32 64 64 64
is_linear=0
shrinkage=0.05


Tree=197
num_leaves=31
num_cat=5
split_feature=6 1 7 7 6 6 1 7 6 7 6 6 6 6 7 1 3 1 3 3 7 7 7 7 1 3 3 2 3 3
split_gain=1217.14 301.286 345.98 157.876 92.4279 68.9812 52.304 114.364 76.9531 48.8271 96.3407 38.9544 37.4695 32.9054 32.4777 26.5073 35.685 21.9561 17.7295 14.8748 12.1329 11.5142 11.4386 18.8789 10.9548 12.5135 10.0707 8.85459 8.26584 7.85397
threshold=12.342999049824568 0 0.075995310721284556 0.029154964549149176 11.990580988694822 11.79893450632702 1 0.066162824367806392 12.937343182529457 0.049684397321221409 12.482153937926691 12.395871386706281 12.638624246354498 11.583360624843122 0.045771777356362224 2 5.5000000000000009 3 5.5000000000000009 2.5000000000000004 0.08960462641287327 0.093791546260364872 0.028165668868557519 0.029898306499557822 4 5.5000000000000009 3.5000000000000004 19.500000000000004 2.5000000000000004 5.5000000000000009
decision_type=2 1 2 2 2 2 1 2 2 2 2 2 2 2 2 1 2 1 2 2 2 2 2 2 1 2 2 2 2 2
left_child=1 -1 3 -3 13 -5 7 8 9 10 -2 21 26 -4 29 16 -6 18 27 -19 -17 -9 -10 -24 25 -15 -11 -16 -22 -7
right_child=6 2 4 5 15 14 -8 11 22 12 -12 -13 -14 24 17 20 -18 19 -20 -21 28 -23 23 -25 -26 -27 -28 -29 -30 -31
leaf_value=-4.5332366746508139e-07 1.3629139200627266e-09 -5.8143478827872619e-08 -5.8143478827872619e-08 -5.8143478827872619e-08 -5.8143478827872619e-08 -5.8143478827872619e-08 3.0663243257616789e-08 -5.8143478827872619e-08 1.0299081732933699e-09 -5.8143478827872619e-08 -5.3323775755455516e-08 -2.0586930146154564e-08 -5.9663169492836602e-07 -5.8143478827872619e-08 -5.8143478827872619e-08 -5.8143478827872619e-08 -5.8143478827872619e-08 -5.8143478827872619e-08 -5.8143478827872619e-08 -5.8143478827872619e-08 -5.8143478827872619e-08 -5.8143478827872619e-08 -5.3903828032689394e-07 2.0370407622597936e-07 -5.8143478827872619e-08 -5.8143478827872619e-08 -5.8143478827872619e-08 -5.8143478827872619e-08 -5.8143478827872619e-08 -5.8143478827872619e-08
leaf_weight=16385 1130 2445 2708 3228 18471 3063 1147626 2267 1207 2653 3249 58041 3270 5412 6234 2923 3230 3566 1507 5054 3375 2387 493 2377 2570 978 2050 2540 4831 521
leaf_count=16385 1130 2445 2708 3228 18471 3063 1147626 2267 1207 2653 3249 58041 3270 5412 6234 2923 3230 3566 1507 5054 3375 2387 493 2377 2570 978 2050 2540 4831 521
internal_value=-0.000493007 -0.00613757 -0.00751823 -0.0118567 -0.0047746 -0.0107022 -8.33094e-05 -0.00132661 -0.00504017 -0.00700615 -0.011248 -0.000353696 -0.00467641 -0.00859702 -0.00972092 -0.00341608 -0.00239487 -0.00889344 -0.00730201 -0.0107706 -0.00540039 -0.00475505 0.000916115 -0.000801394 -0.00713728 -0.00599219 -0.00753455 -0.0064486 -0.00441994 -0.0140848
internal_weight=1.31579e+06 89041 72656 28158 44498 25713 1.22675e+06 79124 16429 12352 4379 62695 7973 11668 22485 32830 21701 18901 10281 8620 11129 4654 4077 2870 8960 6390 4703 8774 8206 3584
internal_count=1315791 89041 72656 28158 44498 25713 1226750 79124 16429 12352 4379 62695 7973 11668 22485 32830 21701 18901 10281 8620 11129 4654 4077 2870 8960 6390 4703 8774 8206 3584
cat_boundaries=0 1 2 3 4 5
cat_threshold=7 32 64 64 64
is_linear=0
shrinkage=0.05


Tree=198
num_leaves=31
num_cat=5
split_feature=6 1 7 7 6 6 1 7 6 7 6 6 6 6 7 1 3 1 3 3 7 7 7 7 1 3 3 2 3 3
split_gain=1216.4 301.286 345.98 157.876 92.4279 68.9812 54.5659 121.146 66.6052 48.8271 96.3407 38.9544 37.4695 32.9054 32.4777 26.5073 35.685 21.9561 17.7295 14.8748 14.739 23.211 12.1329 11.5142 10.9548 12.5135 10.0707 8.85459 8.26584 7.85397
threshold=12.342999049824568 0 0.075995310721284556 0.029154964549149176 11.990580988694822 11.79893450632702 1 0.066162824367806392 12.937343182529457 0.049684397321221409 12.482153937926691 12.395871386706281 12.638624246354498 11.583360624843122 0.045771777356362224 2 5.5000000000000009 3 5.5000000000000009 2.5000000000000004 0.028165668868557519 0.030551983978343782 0.08960462641287327 0.093791546260364872 4 5.5000000000000009 3.5000000000000004 19.500000000000004 2.5000000000000004 5.5000000000000009
decision_type=2 1 2 2 2 2 1 2 2 2 2 2 2 2 2 1 2 1 2 2 2 2 2 2 1 2 2 2 2 2
left_child=1 -1 3 -3 13 -5 7 8 9 10 -2 23 26 -4 29 16 -6 18 27 -19 -10 -22 -17 -9 25 -15 -11 -16 -24 -7
right_child=6 2 4 5 15 14 -8 11 20 12 -12 -13 -14 24 17 22 -18 19 -20 -21 21 -23 28 -25 -26 -27 -28 -29 -30 -31
leaf_value=-4.3065748409181583e-07 1.2947682240595903e-09 -5.5236304886478997e-08 -5.5236304886478997e-08 -5.5236304886478997e-08 -5.5236304886478997e-08 -5.5236304886478997e-08 2.9130081094735949e-08 -5.5236304886478997e-08 9.7841276462870132e-10 -5.5236304886478997e-08 -5.0657586967682742e-08 -1.9557583638846839e-08 -5.6680011018194765e-07 -5.5236304886478997e-08 -5.5236304886478997e-08 -5.5236304886478997e-08 -5.5236304886478997e-08 -5.5236304886478997e-08 -5.5236304886478997e-08 -5.5236304886478997e-08 -5.1208636631054931e-07 1.935188724146804e-07 -5.5236304886478997e-08 -5.5236304886478997e-08 -5.5236304886478997e-08 -5.5236304886478997e-08 -5.5236304886478997e-08 -5.5236304886478997e-08 -5.5236304886478997e-08 -5.5236304886478997e-08
leaf_weight=16385 1130 2445 2708 3228 18471 3063 1147626 2267 1207 2653 3249 58041 3270 5412 6234 2923 3230 3566 1507 5054 631 2239 3375 2387 2570 978 2050 2540 4831 521
leaf_count=16385 1130 2445 2708 3228 18471 3063 1147626 2267 1207 2653 3249 58041 3270 5412 6234 2923 3230 3566 1507 5054 631 2239 3375 2387 2570 978 2050 2540 4831 521
internal_value=-0.000494717 -0.00613757 -0.00751823 -0.0118567 -0.0047746 -0.0107022 -8.51435e-05 -0.00135504 -0.00517713 -0.00700615 -0.011248 -0.000353696 -0.00467641 -0.00859702 -0.00972092 -0.00341608 -0.00239487 -0.00889344 -0.00730201 -0.0107706 0.000364239 -0.00158537 -0.00540039 -0.00475505 -0.00713728 -0.00599219 -0.00753455 -0.0064486 -0.00441994 -0.0140848
internal_weight=1.31579e+06 89041 72656 28158 44498 25713 1.22675e+06 79124 16429 12352 4379 62695 7973 11668 22485 32830 21701 18901 10281 8620 4077 2870 11129 4654 8960 6390 4703 8774 8206 3584
internal_count=1315791 89041 72656 28158 44498 25713 1226750 79124 16429 12352 4379 62695 7973 11668 22485 32830 21701 18901 10281 8620 4077 2870 11129 4654 8960 6390 4703 8774 8206 3584
cat_boundaries=0 1 2 3 4 5
cat_threshold=7 32 64 64 64
is_linear=0
shrinkage=0.05


Tree=199
num_leaves=31
num_cat=5
split_feature=6 1 7 7 6 6 1 7 6 7 6 6 6 6 7 1 3 1 3 3 7 7 7 7 1 3 3 2 3 3
split_gain=1216.9 301.531 345.98 157.876 92.4279 68.9812 52.3006 114.364 76.9531 48.8271 96.3407 38.9544 37.4695 32.9054 32.4777 26.5073 35.685 21.9561 17.7295 14.8748 12.1329 11.5142 11.4386 18.8789 10.9548 12.5135 10.0707 8.85459 8.26584 7.85397
threshold=12.342999049824568 0 0.075995310721284556 0.029154964549149176 11.990580988694822 11.79893450632702 1 0.066162824367806392 12.937343182529457 0.049684397321221409 12.482153937926691 12.395871386706281 12.638624246354498 11.583360624843122 0.045771777356362224 2 5.5000000000000009 3 5.5000000000000009 2.5000000000000004 0.08960462641287327 0.093791546260364872 0.028165668868557519 0.029898306499557822 4 5.5000000000000009 3.5000000000000004 19.500000000000004 2.5000000000000004 5.5000000000000009
decision_type=2 1 2 2 2 2 1 2 2 2 2 2 2 2 2 1 2 1 2 2 2 2 2 2 1 2 2 2 2 2
left_child=1 -1 3 -3 13 -5 7 8 9 10 -2 21 26 -4 29 16 -6 18 27 -19 -17 -9 -10 -24 25 -15 -11 -16 -22 -7
right_child=6 2 4 5 15 14 -8 11 22 12 -12 -13 -14 24 17 20 -18 19 -20 -21 28 -23 23 -25 -26 -27 -28 -29 -30 -31
leaf_value=-4.0912460988728294e-07 1.2300298128566109e-09 -5.2474489642155051e-08 -5.2474489642155051e-08 -5.2474489642155051e-08 -5.2474489642155051e-08 -5.2474489642155051e-08 2.767357703999915e-08 -5.2474489642155051e-08 9.2949212639726627e-10 -5.2474489642155051e-08 -4.8124707619298602e-08 -1.8579704456904507e-08 -5.3846010467285039e-07 -5.2474489642155051e-08 -5.2474489642155051e-08 -5.2474489642155051e-08 -5.2474489642155051e-08 -5.2474489642155051e-08 -5.2474489642155051e-08 -5.2474489642155051e-08 -5.2474489642155051e-08 -5.2474489642155051e-08 -4.8648204799502179e-07 1.8384292879394637e-07 -5.2474489642155051e-08 -5.2474489642155051e-08 -5.2474489642155051e-08 -5.2474489642155051e-08 -5.2474489642155051e-08 -5.2474489642155051e-08
leaf_weight=16385 1130 2445 2708 3228 18471 3063 1147626 2267 1207 2653 3249 58041 3270 5412 6234 2923 3230 3566 1507 5054 3375 2387 493 2377 2570 978 2050 2540 4831 521
leaf_count=16385 1130 2445 2708 3228 18471 3063 1147626 2267 1207 2653 3249 58041 3270 5412 6234 2923 3230 3566 1507 5054 3375 2387 493 2377 2570 978 2050 2540 4831 521
internal_value=-0.000493007 -0.006137 -0.00751823 -0.0118567 -0.0047746 -0.0107022 -8.33501e-05 -0.00132661 -0.00504017 -0.00700615 -0.011248 -0.000353696 -0.00467641 -0.00859702 -0.00972092 -0.00341608 -0.00239487 -0.00889344 -0.00730201 -0.0107706 -0.00540039 -0.00475505 0.000916115 -0.000801394 -0.00713728 -0.00599219 -0.00753455 -0.0064486 -0.00441994 -0.0140848
internal_weight=1.31579e+06 89041 72656 28158 44498 25713 1.22675e+06 79124 16429 12352 4379 62695 7973 11668 22485 32830 21701 18901 10281 8620 11129 4654 4077 2870 8960 6390 4703 8774 8206 3584
internal_count=1315791 89041 72656 28158 44498 25713 1226750 79124 16429 12352 4379 62695 7973 11668 22485 32830 21701 18901 10281 8620 11129 4654 4077 2870 8960 6390 4703 8774 8206 3584
cat_boundaries=0 1 2 3 4 5
cat_threshold=7 32 64 64 64
is_linear=0
shrinkage=0.05


end of trees

feature_importances:
shop_level=1659
shop_hour_share=1630
shop_type=1205
dow=1068
hour=316
month=94
zone_id=28

parameters:
[boosting: gbdt]
[objective: quantile]
[metric: quantile]
[tree_learner: serial]
[device_type: cpu]
[data_sample_strategy: bagging]
[data: ]
[valid: ]
[num_iterations: 200]
[learning_rate: 0.05]
[num_leaves: 31]
[num_threads: 4]
[seed: 20251019]
[deterministic: 1]
[force_col_wise: 1]
[force_row_wise: 0]
[histogram_pool_size: -1]
[max_depth: -1]
[min_data_in_leaf: 100]
[min_sum_hessian_in_leaf: 0.001]
[bagging_fraction: 1]
[pos_bagging_fraction: 1]
[neg_bagging_fraction: 1]
[bagging_freq: 0]
[bagging_seed: 31097]
[bagging_by_query: 0]
[feature_fraction: 1]
[feature_fraction_bynode: 1]
[feature_fraction_seed: 1083]
[extra_trees: 0]
[extra_seed: 24788]
[early_stopping_round: 0]
[early_stopping_min_delta: 0]
[first_metric_only: 0]
[max_delta_step: 0]
[lambda_l1: 0]
[lambda_l2: 0]
[linear_lambda: 0]
[min_gain_to_split: 0]
[drop_rate: 0.1]
[max_drop: 50]
[skip_drop: 0.5]
[xgboost_dart_mode: 0]
[uniform_drop: 0]
[drop_seed: 31291]
[top_rate: 0.2]
[other_rate: 0.1]
[min_data_per_group: 100]
[max_cat_threshold: 32]
[cat_l2: 10]
[cat_smooth: 10]
[max_cat_to_onehot: 4]
[top_k: 20]
[monotone_constraints: ]
[monotone_constraints_method: basic]
[monotone_penalty: 0]
[feature_contri: ]
[forcedsplits_filename: ]
[refit_decay_rate: 0.9]
[cegb_tradeoff: 1]
[cegb_penalty_split: 0]
[cegb_penalty_feature_lazy: ]
[cegb_penalty_feature_coupled: ]
[path_smooth: 0]
[interaction_constraints: ]
[verbosity: -1]
[saved_feature_importance_type: 0]
[use_quantized_grad: 0]
[num_grad_quant_bins: 4]
[quant_train_renew_leaf: 0]
[stochastic_rounding: 1]
[linear_tree: 0]
[max_bin: 255]
[max_bin_by_feature: ]
[min_data_in_bin: 3]
[bin_construct_sample_cnt: 200000]
[data_random_seed: 5521]
[is_enable_sparse: 1]
[enable_bundle: 1]
[use_missing: 1]
[zero_as_missing: 0]
[feature_pre_filter: 1]
[pre_partition: 0]
[two_round: 0]
[header: 0]
[label_column: ]
[weight_column: ]
[group_column: ]
[ignore_column: ]
[categorical_feature: 0,1]
[forcedbins_filename: ]
[precise_float_parser: 0]
[parser_config_file: ]
[objective_seed: 19545]
[num_class: 1]
[is_unbalance: 0]
[scale_pos_weight: 1]
[sigmoid: 1]
[boost_from_average: 1]
[reg_sqrt: 0]
[alpha: 0.1]
[fair_c: 1]
[poisson_max_delta_step: 0.7]
[tweedie_variance_power: 1.5]
[lambdarank_truncation_level: 30]
[lambdarank_norm: 1]
[label_gain: ]
[lambdarank_position_bias_regularization: 0]
[eval_at: ]
[multi_error_top_k: 1]
[auc_mu_weights: ]
[num_machines: 1]
[local_listen_port: 12400]
[time_out: 120]
[machine_list_filename: ]
[machines: ]
[gpu_platform_id: -1]
[gpu_device_id: -1]
[gpu_device_id_list: ]
[gpu_use_dp: 0]
[num_gpu: 1]

end of parameters

pandas_categorical:[["Z1", "Z2", "Z3", "Z4", "Z5", "Z6", "Z7", "Z8", "Z9", "Z10", "Z11", "Z12", "Z13", "Z14", "Z15", "Z16", "Z17", "Z18", "Z19", "Z20", "Z21", "Z22", "Z23", "Z24"], ["TEA_STALL", "STREET_FOOD", "FRUIT_VEG", "KIRANA", "PHARMACY", "SALON", "MOBILE_RECHARGE"]]
