tree
version=v4
num_class=1
num_tree_per_iteration=1
label_index=0
max_feature_idx=7
objective=quantile
feature_names=zone_id shop_type hour dow is_festival month shop_level shop_hour_share
feature_infos=-1:2:11:13:12:1:5:0:20:7:3:4:21:10:18:8:6:14:23:16:22:17:9:15:19 -1:0:3:1:2:6:4:5 [6:22] [0:6] none [2:7] [10.992773149181277:14.913226278168301] [0.010399496282322484:0.16373360384154079]
tree_sizes=2964 3076 3058 3026 3059 3062 3070 3057 3069 3087 3077 3098 3082 3036 3098 3060 3072 3048 3088 3096 3093 3077 3065 3068 3075 3056 3073 3083 3079 3050 3107 3084 3062 3064 3083 3108 3089 3069 3074 3106 3083 3114 3097 3065 3080 3081 3068 3121 3071 3080 3122 3115 3077 3098 3140 3131 3071 3126 3104 3089 3086 3076 3080 3072 3126 3110 3084 3117 3071 3144 3103 3070 3070 3071 3124 3091 3078 3114 3122 3085 3120 3120 3118 3148 3093 3087 3097 3106 3087 3144 3083 3087 3125 3092 3084 3133 3105 3106 3123 3102 3115 3069 3135 3096 3125 3047 3124 3071 3120 3084 3119 3081 3096 3078 3121 3086 3078 3116 3155 3118 3099 3063 3133 3107 3076 3155 3091 3109 3080 3096 3067 3125 3124 3103 3120 3087 3079 3125 3105 3082 3078 3099 3079 3065 3102 3074 3067 3082 3112 3077 3076 3068 3041 3078 3079 3080 3053 3062 3132 3099 3011 3113 3007 3004 3074 3081 3044 3061 3041 3065 3077 3066 3051 3067 3085 3073 3130 3049 3056 3074 3086 3040 3063 3071 3066 3072 3051 3047 3057 3035 2967 3001 3040 3025 2993 3046 3034 3106 3033 3033

Tree=0
num_leaves=31
num_cat=10
split_feature=7 7 7 7 7 7 1 1 1 1 1 7 3 7 3 1 7 1 7 6 1 6 6 3 1 1 3 3 3 7
split_gain=126670 12749.7 5698.73 1819.23 1432.11 948.501 414.356 410.51 379.991 326.079 237.43 218.941 216.979 197.028 193.096 550.083 126.136 97.7735 97.7381 96.1928 93.853 92.8024 92.5223 90.383 128.717 101.675 87.9901 84.1933 73.8748 72.9628
threshold=0.063296034266724199 0.080256544605338681 0.048049715389804147 0.05694086532003715 0.089968119969476928 0.07367656427701233 0 1 2 3 4 0.10189595550363319 3.5000000000000004 0.042406540809180111 5.5000000000000009 5 0.034521400803542678 6 0.066162824367806392 12.031923105590947 7 13.232467225603605 12.955610201979395 2.5000000000000004 8 9 4.5000000000000009 5.5000000000000009 3.5000000000000004 0.086387359317017867
decision_type=2 2 2 2 2 2 1 1 1 1 1 2 2 2 2 1 2 1 2 2 1 2 2 2 1 1 2 2 2 2
left_child=2 5 10 8 29 9 11 20 27 12 13 -6 -2 22 19 -16 -12 -10 21 -8 28 -11 -1 24 -20 -25 -9 -4 -5 -3
right_child=1 4 3 7 6 -7 14 26 17 18 16 -13 -14 -15 15 -17 -18 -19 23 -21 -22 -23 -24 25 -26 -27 -28 -29 -30 -31
leaf_value=0.065110961813479667 0.066075348667800432 0.06705010291188955 0.066088064946234232 0.066217715851962566 0.067650085687637335 0.066770659759640694 0.068934089690446856 0.065793727524578571 0.065603852551430461 0.066551672481000426 0.064268785109743473 0.068287993967533114 0.06637872159481048 0.065434150584042075 0.068857830390334135 0.066456952132284641 0.065058641508221632 0.065491757355630398 0.066696076467633245 0.068003626726567748 0.06612806133925915 0.066123146936297422 0.064844016171991828 0.06703670993447304 0.066284860484302044 0.066487994231283667 0.066034539975225931 0.064984893426299095 0.067303306609392169 0.067268030531704423
leaf_weight=8488 30871 88746 7386 3950 137835 72469 9173 29285 42672 10722 88508 119648 23662 26247 10361 8646 166708 109955 10187 102336 24289 11481 31833 11048 26652 39710 11888 1291 2980 46764
leaf_count=8488 30871 88746 7386 3950 137835 72469 9173 29285 42672 10722 88508 119648 23662 26247 10361 8646 166708 109955 10187 102336 24289 11481 31833 11048 26652 39710 11888 1291 2980 46764
internal_value=0.0662781 0.0795384 0.0481281 0.0540708 0.083893 0.0699113 0.0854385 0.0606559 0.0511154 0.0678099 0.0438123 0.086605 0.0646496 0.0464953 0.0831345 0.0784776 0.0431141 0.050537 0.0693794 0.0839298 0.064982 0.0664166 0.0442976 0.0701307 0.0682455 0.071499 0.0573782 0.0613138 0.070111 0.0794679
internal_weight=1.31579e+06 760311 555480 233696 523509 236802 387999 72392 161304 164333 321784 257483 54533 66568 130516 19007 255216 152627 109800 111509 31219 22203 40321 87597 36839 50758 41173 8677 6930 135510
internal_count=1315791 760311 555480 233696 523509 236802 387999 72392 161304 164333 321784 257483 54533 66568 130516 19007 255216 152627 109800 111509 31219 22203 40321 87597 36839 50758 41173 8677 6930 135510
cat_boundaries=0 1 2 3 4 5 6 7 8 9 10
cat_threshold=23 116 96 6 88 40 22 32 80 32
is_linear=0
shrinkage=1


Tree=1
num_leaves=31
num_cat=9
split_feature=7 7 7 7 7 7 1 1 1 7 1 7 1 2 3 3 1 7 1 7 1 5 7 6 3 3 2 6 3 1
split_gain=120081 11978.8 5874.21 1669.69 1448.95 862.112 378.708 373.132 335.587 307.605 291.619 219.156 213.877 258.857 195.241 176.342 465.413 135.382 105.553 101.771 84.88 83.0919 82.0284 82.7575 80.4959 80.1826 79.9147 79.7164 75.5663 135.88
threshold=0.063296034266724199 0.080256544605338681 0.048395305166077367 0.05694086532003715 0.091857555016698039 0.07292149525771785 0 1 2 0.034521400803542678 3 0.10626256099500953 4 20.500000000000004 3.5000000000000004 5.5000000000000009 5 0.086387359317017867 6 0.076536027880184682 7 5.5000000000000009 0.066162824367806392 13.232467225603605 4.5000000000000009 5.5000000000000009 15.500000000000002 12.031923105590947 3.5000000000000004 8
decision_type=2 2 2 2 2 2 1 1 1 2 1 2 1 2 2 2 1 2 1 2 1 2 2 2 2 2 2 2 2 1
left_child=2 5 9 8 17 10 20 11 25 -1 14 21 13 26 -2 27 -17 -3 -10 -7 -5 -6 23 -12 -8 -4 -11 -9 -24 -30
right_child=1 4 3 6 7 19 24 15 18 12 22 -13 -14 -15 -16 16 -18 -19 -20 -21 -22 -23 28 -25 -26 -27 -28 -29 29 -31
leaf_value=-0.0018886050465516746 -0.00020413554273545771 0.00073338859714567684 -0.00018054747022688418 0.00036786574870347963 0.0014449284970760345 0.00032194545492529873 -0.00046016802079975607 0.0025611080601811408 -0.00060012155678123224 -0.00082842236850410732 0.00025987968780100335 0.0021287413686513902 -0.0011581240408122544 -0.0012657078076153995 8.8232681155205053e-05 0.0026426618732511998 0.00018995734862983229 0.00099274478387087581 -0.00073748896829783916 0.00056563494727015497 -0.00014255089685320869 0.0012481413409113882 0.00011655966751277434 -0.00014721957966685323 -0.00023139619268476992 -0.0012295764870941641 -0.0004188554454594852 0.0017126596439629794 0.00041271242313086973 9.2010851949451966e-06
leaf_weight=99368 30001 88746 7214 6930 115354 41558 29285 8682 28272 34771 10722 76161 167489 23759 23031 8897 8059 73052 119373 40945 24289 53830 44547 11481 11888 1269 1573 90728 25247 9270
leaf_count=99368 30001 88746 7214 6930 115354 41558 29285 8682 28272 34771 10722 76161 167489 23759 23031 8897 8059 73052 119373 40945 24289 53830 44547 11481 11888 1269 1573 90728 25247 9270
internal_value=-0.000113563 0.0127972 -0.0177852 -0.0116349 0.0170182 0.00346576 -0.00535833 0.0187775 -0.0145451 -0.0220837 0.00125973 0.0198866 -0.0210704 -0.0184889 -0.0017439 0.0164359 0.0117245 0.0130851 -0.0151006 0.00759154 -0.00120321 0.0188848 0.00283258 0.000147503 -0.00850654 -0.004854 -0.0158389 0.0172412 0.00358697 0.00534302
internal_weight=1.31579e+06 760311 555480 228520 523509 236802 72392 361711 156128 326960 154299 245345 227592 60103 53032 116366 16956 161798 147645 82503 31219 169184 101267 22203 41173 8483 36344 99410 79064 34517
internal_count=1315791 760311 555480 228520 523509 236802 72392 361711 156128 326960 154299 245345 227592 60103 53032 116366 16956 161798 147645 82503 31219 169184 101267 22203 41173 8483 36344 99410 79064 34517
cat_boundaries=0 1 2 3 4 5 6 7 8 9
cat_threshold=116 23 96 6 120 40 18 32 40
is_linear=0
shrinkage=0.05


Tree=2
num_leaves=31
num_cat=12
split_feature=7 7 7 7 7 7 1 1 7 1 7 1 3 1 7 1 2 7 1 3 1 5 7 1 3 1 3 3 1 1
split_gain=113519 12348.6 5108.5 1745.38 1218.7 619.127 350.998 343.741 305.766 269.187 267.163 219.33 170.599 482.289 168.125 147.049 129.661 126.238 109.432 113.319 105.382 100.43 90.0138 118.002 88.8951 83.0847 83.0713 80.8379 77.8791 76.2692
threshold=0.062084727255255469 0.078539738675614132 0.047327318174891456 0.090759750263787312 0.05694086532003715 0.069397796195364417 0 1 0.034521400803542678 2 0.11437927845860141 3 5.5000000000000009 4 0.074994913060566937 5 11.500000000000002 0.085661529509057602 6 3.5000000000000004 7 5.5000000000000009 0.053980929683468737 8 3.5000000000000004 9 5.5000000000000009 4.5000000000000009 10 11
decision_type=2 2 2 2 2 2 1 1 2 1 2 1 2 1 2 1 2 2 1 2 1 2 2 1 2 1 2 2 1 1
left_child=2 5 8 17 7 11 10 26 -1 -6 21 -2 -8 -14 18 -10 -13 -3 -7 28 -11 -5 23 -9 -18 -26 -4 -25 -20 -21
right_child=1 3 4 6 9 14 12 22 15 20 -12 16 13 -15 -16 -17 24 -19 19 29 -22 -23 -24 27 25 -27 -28 -29 -30 -31
leaf_value=-0.001794174794224091 0.00025049606850370765 0.0006661477587185799 -0.00017681652819737798 0.0014193790331482889 -1.8604767508804965e-05 0.00037819202523678571 0.0016289954776875671 -0.00063956101657822737 -0.00099157444923184818 -0.00029716451419517373 0.0024695145972073078 0.00017247466417029471 0.0023976804690901189 0.00016145062865689371 0.00044745950493961588 -0.0010954520748928194 -0.00018253481294959776 0.00089196556271053874 0.00048458158085122746 0.00091300095478072732 -0.00056716005085036129 0.0012414740417152641 -0.00059328499482944616 -0.00085151336388662464 0.00016577855125069624 -0.00010727188107557649 -0.0011716270027682183 -0.00063682171748951082 2.1942337043584503e-06 0.00020568098407238724
leaf_weight=99368 28977 98791 7680 147315 15744 16812 106766 53752 19003 30581 36249 10139 9753 8440 36395 192923 41096 67490 4525 5030 10566 69049 42791 47119 10362 21332 1347 19105 33176 24115
leaf_count=99368 28977 98791 7680 147315 15744 16812 106766 53752 19003 30581 36249 10139 9753 8440 36395 192923 41096 67490 4525 5030 10566 69049 42791 47119 10362 21332 1347 19105 33176 24115
internal_value=-0.000230109 0.0120223 -0.0178337 0.016142 -0.0121596 0.00236324 0.0180217 -0.0142601 -0.022002 -0.00581683 0.0190969 -0.000312316 0.0158453 0.0113711 0.00485723 -0.020929 -0.00162077 0.0118737 0.00362308 0.00271479 -0.00794336 0.0184321 -0.0147866 -0.0154898 -0.00235884 -0.000369155 -0.00474438 -0.0169113 0.000905148 0.00505661
internal_weight=1.31579e+06 775812 539979 543853 228685 231959 377572 171794 311294 56891 252613 111906 124959 18193 120053 211926 82929 166281 83658 66846 41147 216364 162767 119976 72790 31694 9027 66224 37701 29145
internal_count=1315791 775812 539979 543853 228685 231959 377572 171794 311294 56891 252613 111906 124959 18193 120053 211926 82929 166281 83658 66846 41147 216364 162767 119976 72790 31694 9027 66224 37701 29145
cat_boundaries=0 1 2 3 4 5 6 7 8 9 10 11 12
cat_threshold=23 96 112 96 40 112 20 12 21 2 64 32
is_linear=0
shrinkage=0.05


Tree=3
num_leaves=31
num_cat=13
split_feature=7 7 7 7 7 7 7 1 7 1 3 1 1 7 1 3 1 1 1 7 6 5 1 7 1 2 1 3 1 1
split_gain=107170 11491.9 5197.12 1470.34 1142.24 823.877 362.06 318.545 254.799 250.015 210.027 298.306 234.656 204.421 163.612 169 301.999 155.884 148.208 132.059 103.361 88.2023 86.6546 99.6046 84.3702 84.3367 83.0427 78.3108 75.6029 72.1692
threshold=0.062084727255255469 0.080256544605338681 0.047327318174891456 0.094067919496270538 0.05694086532003715 0.07183032156407522 0.034521400803542678 0 0.11844494027259878 1 3.5000000000000004 2 3 0.08756692481203783 4 5.5000000000000009 5 6 7 0.075491315677096354 12.429177195939355 5.5000000000000009 8 0.052294649958558363 9 11.500000000000002 10 5.5000000000000009 11 12
decision_type=2 2 2 2 2 2 2 1 2 1 2 1 1 2 1 2 1 1 1 2 2 2 1 2 1 2 1 2 1 1
left_child=2 5 6 13 7 10 26 27 14 -6 12 -12 -2 -3 21 -16 -17 -8 -13 28 -10 -5 -9 -24 -11 -14 -1 -4 -7 -29
right_child=1 3 4 8 9 19 17 22 20 24 11 18 25 -15 15 16 -18 -19 -20 -21 -22 -23 23 -25 -26 -27 -28 29 -30 -31
leaf_value=-0.00094192354736733245 0.00023211778671247893 0.00067782968595856807 -0.00016797570178750943 0.0013990317847579717 -7.7384040830656703e-05 0.00037474163831211632 -0.00094199572677025611 -0.00053988514805678324 0.0028357337022898717 -0.00029933980584610222 0.00087040038800332707 0.00016744769874494497 3.2725270697847238e-05 0.00096898816547472957 0.0016009646903024984 0.0023858432294684463 0.00019527885864954395 -0.0010406794711481781 -9.6429941465612373e-05 0.00048478991328738605 0.0024055627609835938 0.0012241108388639987 -0.00073256599449086912 -0.00060074268083553793 -0.00053880204830784319 -0.00016971003576181853 -0.0017073218620556872 0.001638261536834762 0.00016654299849178656 -0.0011968704585451628
leaf_weight=1696 18510 104706 7680 132368 20676 15338 19003 19585 6911 25649 10617 31901 16384 93152 72896 5616 6803 192923 24476 51356 38803 62254 74599 68583 10566 52012 97672 208 31709 1139
leaf_count=1696 18510 104706 7680 132368 20676 15338 19003 19585 6911 25649 10617 31901 16384 93152 72896 5616 6803 192923 24476 51356 38803 62254 74599 68583 10566 52012 97672 208 31709 1139
internal_value=-0.000340765 0.0115641 -0.017445 0.0157887 -0.0117219 0.00279832 -0.0216493 -0.0137554 0.0178542 -0.00558129 0.000513645 0.0026174 -0.00110809 0.0123892 0.017289 0.0154489 0.0100592 -0.0204817 0.00116827 0.0063715 0.0213151 0.0180939 -0.0142623 -0.0146922 -0.00808489 -0.00245958 -0.0241396 -0.004595 0.00445778 -0.0157201
internal_weight=1.31579e+06 775812 539979 523509 228685 252303 311294 171794 325651 56891 153900 66994 86906 197858 279937 85315 12419 211926 56377 98403 45714 194622 162767 143182 36215 68396 99368 9027 47047 1347
internal_count=1315791 775812 539979 523509 228685 252303 311294 171794 325651 56891 153900 66994 86906 197858 279937 85315 12419 211926 56377 98403 45714 194622 162767 143182 36215 68396 99368 9027 47047 1347
cat_boundaries=0 1 2 3 4 5 6 7 8 9 10 11 12 13
cat_threshold=96 116 32 80 23 40 112 10 16 8 64 20 32
is_linear=0
shrinkage=0.05


Tree=4
num_leaves=31
num_cat=12
split_feature=7 7 7 7 7 7 7 7 1 1 7 1 7 1 1 7 1 6 1 3 3 1 1 7 1 7 3 1 3 1
split_gain=101096 11384.2 4735.14 1445.15 851.826 827.903 402.84 274.725 273.648 236.557 213.601 192.077 211.209 150.881 140.2 133.517 127.665 126.123 115.516 114.318 108.664 90.429 88.8879 81.4153 76.667 75.8303 70.5356 145.635 287.308 124.063
threshold=0.061251379371825627 0.080256544605338681 0.04696943842221267 0.094640789754007873 0.056101570916515055 0.071505760598021786 0.034521400803542678 0.10579941122073669 0 1 0.08756692481203783 2 0.066817926249645027 3 4 0.075491315677096354 5 13.424338071421515 6 5.5000000000000009 4.5000000000000009 7 8 0.05205096817670142 9 0.11621054548671803 2.5000000000000004 10 5.5000000000000009 11
decision_type=2 2 2 2 2 2 2 2 1 1 2 1 2 1 1 2 1 2 1 2 2 1 1 2 1 2 2 1 2 1
left_child=2 5 6 10 8 11 21 16 17 -6 -3 26 -13 -8 25 24 -5 -4 -11 -18 22 -1 -14 -10 -7 -9 29 -28 -29 -2
right_child=1 3 4 7 9 15 13 14 23 18 -12 12 20 -15 -16 -17 19 -19 -20 -21 -22 -23 -24 -25 -26 -27 27 28 -30 -31
leaf_value=-0.00089482736999896598 0.00043053022555453982 0.0006439382016606394 -0.00029771710709086685 0.0012080604148842393 -0.00051870984919369194 0.00035589706780156106 -0.00090805876324360699 0.0015130016518570483 -0.00070530135384178733 0.00038946938506094768 0.00092870537949595012 -0.00014125297328690113 8.7364179904107086e-05 -0.00099272180336760357 0.0020449348533421287 0.00046055041762301657 0.0013251191092550291 -0.00053426492465077945 -0.00026135890341247374 0.00065882012618821988 0.00022786717733950317 -0.0016219557689529027 -0.00012144223579205611 -0.00058621811508783152 0.00015487288062111527 0.0022624790531245525 0.00066246096064685809 0.00031976394428580513 -0.00095993136215314777 -0.00018086662898538636
leaf_weight=1696 6450 104706 10104 141241 16442 16108 18430 44015 74992 3934 103664 58557 24151 188192 45102 51356 43087 17230 36435 7341 17504 97672 18728 64580 36051 34353 14392 6688 2252 10338
leaf_count=1696 6450 104706 10104 141241 16442 16108 18430 44015 74992 3934 103664 58557 24151 188192 45102 51356 43087 17230 36435 7341 17504 97672 18728 64580 36051 34353 14392 6688 2252 10338
internal_value=-0.000442414 0.0109346 -0.0173259 0.015196 -0.0117972 0.00243845 -0.021368 0.0173321 -0.0135972 -0.00650886 0.0119653 0.000173519 -0.000835645 -0.0201099 0.0191715 0.00591871 0.0161472 -0.00900929 -0.004446 0.0139686 0.00123917 -0.0239841 -0.000116024 -0.014494 0.00413687 0.0204598 0.00316471 0.00494385 -7.26257e-05 0.000693948
internal_weight=1.31579e+06 786084 529707 523509 223717 262575 305990 315139 166906 56811 208370 159060 118940 206622 123470 103515 191669 27334 40369 50428 60383 99368 42879 139572 52159 78368 40120 23332 8940 16788
internal_count=1315791 786084 529707 523509 223717 262575 305990 315139 166906 56811 208370 159060 118940 206622 123470 103515 191669 27334 40369 50428 60383 99368 42879 139572 52159 78368 40120 23332 8940 16788
cat_boundaries=0 1 2 3 4 5 6 7 8 9 10 11 12
cat_threshold=112 3 96 112 7 23 32 64 24 20 32 64
is_linear=0
shrinkage=0.05


Tree=5
num_leaves=31
num_cat=12
split_feature=7 7 7 7 7 7 7 7 1 1 1 7 1 1 1 2 7 3 1 6 7 1 1 1 3 3 7 1 5 1
split_gain=95076.7 10856.9 4540.35 1668.79 719.078 576.779 445.912 344.365 262.928 228.68 223.688 177.362 164.037 134.235 125.758 121.761 119.606 110.221 232.521 105.901 100.347 94.5209 87.3463 85.5403 95.6714 79.7473 77.4067 69.3468 68.101 67.3013
threshold=0.060802840486139792 0.078539738675614132 0.046618293312646497 0.093177700429382962 0.055735845590990436 0.069397796195364417 0.033321867509809124 0.10414963761858197 0 1 2 0.086387359317017867 3 4 5 11.500000000000002 0.074994913060566937 5.5000000000000009 6 13.435334469880846 0.11621054548671803 7 8 9 3.5000000000000004 4.5000000000000009 0.051322440910878987 10 5.5000000000000009 11
decision_type=2 2 2 2 2 2 2 2 1 1 1 2 1 1 1 2 2 2 1 2 2 1 1 1 2 2 2 1 2 1
left_child=2 5 6 11 8 10 22 13 19 -6 -2 -3 -8 28 20 -12 23 -15 -19 -4 -9 -11 -1 -7 29 27 -10 -17 -5 -25
right_child=1 3 4 7 9 16 12 14 26 21 15 -13 -14 17 -16 25 -18 18 -20 -21 -22 -23 -24 24 -26 -27 -28 -29 -30 -31
leaf_value=-0.0013883215920186339 0.00022190386089996906 0.00057880924731900372 -0.00030313206352974506 0.0011621478420784698 -0.00049739747349056426 0.00032694193851260934 -0.00087265309006375174 0.0014105936248889187 -0.00068868307993892879 0.00035668135575216771 0.00015597109581076061 0.00082653595418257788 -0.00095442801143869299 0.0011742979464301022 0.0018926039451447431 -7.5671206307248792e-05 0.00038148316851758791 0.0015914232858820474 -2.1616110744075714e-06 -0.00050555399149569029 0.0021493551004683246 -0.00025949239766166998 -0.0015598684162950812 0.0004372807697951217 0.00025265369978261926 -2.3332782179349976e-06 -0.00057088000955845956 -0.00023369105013401755 0.00099119688569195594 -3.7364523299616982e-06
leaf_weight=10397 31704 109090 9999 95848 19549 16812 18872 58325 67349 3467 10161 93620 187436 48987 50872 28790 36395 3911 4449 17066 34353 33648 83813 4525 29145 24785 72886 31963 44398 33176
leaf_count=10397 31704 109090 9999 95848 19549 16812 18872 58325 67349 3467 10161 93620 187436 48987 50872 28790 36395 3911 4449 17066 34353 33648 83813 4525 29145 24785 72886 31963 44398 33176
internal_value=-0.000541518 0.0104007 -0.0170505 0.0143513 -0.0116617 0.00171829 -0.0210666 0.0164863 -0.0133105 -0.00679355 -0.000624985 0.0107582 -0.0197651 0.0151322 0.0183501 -0.00183081 0.00420502 0.013079 0.00777512 -0.00878578 0.0194556 -0.00448418 -0.0239168 0.00316407 0.00236104 -0.0024457 -0.0141821 -0.00342082 0.0159697 0.000698257
internal_weight=1.31579e+06 791309 524482 543853 223964 247456 300518 341143 167300 56664 127403 202710 206308 197593 143550 95699 120053 57347 8360 27065 92678 37115 94210 83658 66846 85538 140235 60753 140246 37701
internal_count=1315791 791309 524482 543853 223964 247456 300518 341143 167300 56664 127403 202710 206308 197593 143550 95699 120053 57347 8360 27065 92678 37115 94210 83658 66846 85538 140235 60753 140246 37701
cat_boundaries=0 1 2 3 4 5 6 7 8 9 10 11 12
cat_threshold=112 3 96 112 23 7 40 32 104 20 18 64
is_linear=0
shrinkage=0.05


Tree=6
num_leaves=31
num_cat=12
split_feature=7 7 7 7 7 7 7 7 1 1 1 7 7 1 1 7 2 6 1 3 1 7 1 1 3 1 1 3 1 3
split_gain=89280.8 10366.9 4335.61 1377.71 760.087 558.391 517.871 293.432 251.298 221.299 197.865 195.825 184.335 150.985 134.705 125.191 114.844 98.1335 80.9132 77.3663 76.986 76.8299 75.8271 74.2229 71.1509 127.794 68.6822 66.1555 65.9773 100.448
threshold=0.060317631810185908 0.080256544605338681 0.046618293312646497 0.094640789754007873 0.069397796195364417 0.055735845590990436 0.034521400803542678 0.11844494027259878 0 1 2 0.074994913060566937 0.088353374510385843 3 4 0.10155983211953989 11.500000000000002 13.435334469880846 5 4.5000000000000009 6 0.051569334445929753 7 8 5.5000000000000009 9 10 5.5000000000000009 11 3.5000000000000004
decision_type=2 2 2 2 2 2 2 2 1 1 1 2 2 1 1 2 2 2 1 2 1 2 1 1 2 1 1 2 1 2
left_child=2 4 6 12 9 8 14 15 17 -2 26 18 -3 -8 -1 20 -11 27 -6 23 -5 -10 -9 -18 -22 -26 -7 -4 29 -15
right_child=1 3 5 7 11 10 13 22 21 16 -12 -13 -14 28 -16 -17 19 -19 -20 -21 24 -23 -24 -25 25 -27 -28 -29 -30 -31
leaf_value=-0.0012587561836345477 0.0002119946101957579 0.00059126998861221353 -0.00016464002141619306 0.0010390682206726169 0.00030844939568135322 0.00033089044041607484 -0.00082913077641273085 0.0020552955965516479 -0.00065110608012507144 0.00014705112175668474 -0.00046429223686392658 0.00040034744631606766 0.00085253932553580158 -0.00092928155831520593 -0.0014702915778262897 0.0013830214590818141 -7.1529069318861102e-05 -0.00048027629192090566 9.4006675037267018e-05 -7.1942484300993597e-06 0.0011001195762989546 -0.00053938658840408662 0.0023014372911405248 -0.00022856503779739717 0.0014923930677139291 2.2905541949978098e-05 -0.00023949572823775793 -0.00095045038644871324 -0.00093219616467592442 -0.00071023509272833448
leaf_weight=11584 32583 114984 8505 97367 28281 2938 17860 32254 71596 10175 22181 56739 93386 37606 87784 134358 29570 17066 55377 26155 32197 68639 13460 34497 2464 3039 25968 1494 117083 28601
leaf_count=11584 32583 114984 8505 97367 28281 2938 17860 32254 71596 10175 22181 56739 93386 37606 87784 134358 29570 17066 55377 26155 32197 68639 13460 34497 2464 3039 25968 1494 117083 28601
internal_value=-0.000630324 0.00987964 -0.0167706 0.0140008 0.00198782 -0.0114092 -0.0206666 0.0160865 -0.0128063 -0.000721161 -0.00683393 0.00455369 0.0108463 -0.0192078 -0.0236198 0.015458 -0.00188309 -0.00838319 0.00301585 -0.00245118 0.014383 -0.0136584 0.0197904 -0.00338669 0.0124423 0.00719153 -0.00410326 -0.00445295 -0.0196378 -0.0183461
internal_weight=1.31579e+06 796886 518905 523509 273377 218387 300518 315139 167300 132980 51087 140397 208370 201150 99368 269425 100397 27065 83658 90222 135067 140235 45714 64067 37700 5503 28906 9999 183290 66207
internal_count=1315791 796886 518905 523509 273377 218387 300518 315139 167300 132980 51087 140397 208370 201150 99368 269425 100397 27065 83658 90222 135067 140235 45714 64067 37700 5503 28906 9999 183290 66207
cat_boundaries=0 1 2 3 4 5 6 7 8 9 10 11 12
cat_threshold=112 96 120 112 104 52 23 2 18 40 32 10
is_linear=0
shrinkage=0.05


Tree=7
num_leaves=31
num_cat=12
split_feature=7 7 7 7 7 7 7 7 1 1 7 1 1 7 2 1 1 1 5 7 3 6 7 1 1 3 1 3 1 1
split_gain=83755.3 9597.46 4366.87 1431.09 590.7 589.898 519.622 303.555 237.034 202.832 189.607 183.021 176.327 134.658 133.069 173.388 127.228 124.425 109.943 107.564 97.2643 90.7288 76.424 74.4639 72.6264 101.131 139.302 72.4664 126.191 72.2826
threshold=0.060317631810185908 0.0794326935991055 0.046618293312646497 0.094640789754007873 0.033321867509809124 0.069397796195364417 0.055735845590990436 0.10879013868478844 0 1 0.08756692481203783 2 3 0.074994913060566937 20.500000000000004 4 5 6 5.5000000000000009 0.065814582208724104 3.5000000000000004 13.435334469880846 0.051322440910878987 7 8 4.5000000000000009 9 5.5000000000000009 10 11
decision_type=2 2 2 2 2 2 2 2 1 1 2 1 1 2 2 1 1 1 2 2 2 2 2 1 1 2 1 2 1 1
left_child=2 5 4 10 17 9 8 18 21 -2 -3 -8 -6 24 15 20 -9 -1 23 -11 -14 -4 29 -5 -7 -26 -27 -25 -29 -10
right_child=1 3 6 7 12 13 11 16 22 19 -12 -13 14 -15 -16 -17 -18 -19 -20 -21 -22 -23 -24 27 25 26 -28 28 -30 -31
leaf_value=-0.0012559677032359749 0.0002013948796859698 0.00054340543872742934 -0.00027085068857134881 0.001110008038765916 -0.00089618639058962931 0.00034924940079829049 -0.00020152057089138089 0.0019058769574067623 -0.00083218412260658626 -0.00015266463312765821 0.00079578151927106155 -0.00044107762502073011 -0.00087095367388165083 0.00036229567812206057 -0.00095541987986134849 -0.00060525922113093098 0.0016295201181621916 -0.0014083604165890124 0.00095842257106762668 2.9508307500189512e-06 -0.0006216458547750347 -0.00045626247732486039 -0.00051520559729291947 0.0012443025301758868 5.445153657511262e-05 -0.00044415817551635638 0.00036544656128301921 0.0018971926933501122 7.7571073987916386e-05 -0.00058337430361326311
leaf_weight=10397 32583 114770 9999 111605 120704 11482 28906 35586 9660 56389 103664 22181 23293 46675 24621 19989 56837 83813 70674 44008 17701 17066 72886 34944 51310 2299 18567 2390 3103 57689
leaf_count=10397 32583 114770 9999 111605 120704 11482 28906 35586 9660 56389 103664 22181 23293 46675 24621 19989 56837 83813 70674 44008 17701 17066 72886 34944 51310 2299 18567 2390 3103 57689
internal_value=-0.000707616 0.00947193 -0.0163404 0.0133266 -0.0202505 0.00166086 -0.0109598 0.0154825 -0.0123075 -0.000682057 0.0102164 -0.00654619 -0.0187525 0.00405135 -0.0170013 -0.0157507 0.0178914 -0.0235309 0.0144828 -0.00179445 -0.0176178 -0.008012 -0.013135 0.0152402 0.00285089 0.00226221 0.00519745 0.0133774 0.00804205 -0.0143503
internal_weight=1.31579e+06 796886 518905 533573 300518 263313 218387 315139 167300 132980 218434 51087 206308 130333 85604 60983 92423 94210 222716 100397 40994 27065 140235 152042 83658 72176 20866 40437 5493 67349
internal_count=1315791 796886 518905 533573 300518 263313 218387 315139 167300 132980 218434 51087 206308 130333 85604 60983 92423 94210 222716 100397 40994 27065 140235 152042 83658 72176 20866 40437 5493 67349
cat_boundaries=0 1 2 3 4 5 6 7 8 9 10 11 12
cat_threshold=112 96 120 5 2 2 104 23 16 64 40 2
is_linear=0
shrinkage=0.05


Tree=8
num_leaves=31
num_cat=12
split_feature=7 7 7 7 7 7 7 7 1 7 1 7 1 1 1 3 1 2 1 1 7 3 5 5 6 7 1 1 1 1
split_gain=78463.4 8839.72 4391.14 1013.03 923.57 654.373 489.608 231.729 219.547 205.602 195.864 187.094 174.863 164.046 143.93 133.893 165.308 133.364 173.477 117.767 107.876 97.6061 79.955 79.1046 76.8394 68.1039 67.5495 64.8568 63.7961 62.2538
threshold=0.060317631810185908 0.082509590970718125 0.046618293312646497 0.09920915220449486 0.072555205978640111 0.033321867509809124 0.055380707831157457 0.089200895554978468 0 0.11844494027259878 1 0.065814582208724104 2 3 4 3.5000000000000004 5 20.500000000000004 6 7 0.077032174627853778 3.5000000000000004 5.5000000000000009 5.5000000000000009 13.597834221510492 0.049373452292769696 8 9 10 11
decision_type=2 2 2 2 2 2 2 2 1 2 1 2 1 1 1 2 1 2 1 1 2 2 2 2 2 2 1 1 1 1
left_child=2 4 5 7 11 14 8 -3 24 23 27 13 -7 -2 -1 16 -13 18 21 -17 -6 -14 -9 -5 -4 28 -21 -8 -10 -11
right_child=1 3 6 9 20 12 10 22 25 29 -12 15 17 -15 -16 19 -18 -19 -20 26 -22 -23 -24 -25 -26 -27 -28 -29 -30 -31
leaf_value=-0.0011931693180741764 0.00021714619054945852 0.00057380934515870662 -0.00028221776331943427 0.0012385928569261157 0.00022450489551620776 -0.00085137707106014773 0.00033400090277822331 0.00088600623329528343 -0.00055902821886782831 0.0018572369688537268 -0.00042127478734783761 0.00011494727891917141 -0.00082740599018756825 -0.00014503140147127531 -0.001337942395759562 0.0007445361336142674 -0.0001364487748050508 -0.00090764888586828101 -0.00057499626007438448 0.00016730741939266215 0.00043207673051119704 -0.00059056356203628308 0.00074120235851241338 0.001077556433537561 -0.00044032419043991397 -0.00051142556628556296 -8.7192467801528595e-05 -0.00021831430942396285 -0.00079040646915328784 0.002104889420675389
leaf_weight=10397 15644 94558 10748 119783 51648 120704 3054 119779 26149 32254 26325 33484 23293 56389 83813 7851 30647 24621 19989 32721 67108 17701 56054 56549 15414 99145 8957 27148 10404 13460
leaf_count=10397 15644 94558 10748 119783 51648 120704 3054 119779 26149 32254 26325 33484 23293 56389 83813 7851 30647 24621 19989 32721 67108 17701 56054 56549 15414 99145 8957 27148 10404 13460
internal_value=-0.000792888 0.00905983 -0.0159238 0.0132005 0.00236238 -0.0198447 -0.0105282 0.0111454 -0.0119273 0.0157031 -0.0065221 0.000160076 -0.0182681 -0.00183353 -0.0232974 0.00142354 -8.45925e-05 -0.0165248 -0.0152727 0.0033763 0.00580602 -0.0171398 0.0122188 0.0149284 -0.00772199 -0.0127365 0.00231601 -0.00377003 -0.0145823 0.0186912
internal_weight=1.31579e+06 796886 518905 492437 304449 300518 218387 270391 161860 222046 56527 185693 206308 72033 94210 113660 64131 85604 60983 49529 118756 40994 175833 176332 26162 135698 41678 30202 36553 45714
internal_count=1315791 796886 518905 492437 304449 300518 218387 270391 161860 222046 56527 185693 206308 72033 94210 113660 64131 85604 60983 49529 118756 40994 175833 176332 26162 135698 41678 30202 36553 45714
cat_boundaries=0 1 2 3 4 5 6 7 8 9 10 11 12
cat_threshold=112 120 5 96 104 88 2 32 26 32 12 2
is_linear=0
shrinkage=0.05


Tree=9
num_leaves=31
num_cat=10
split_feature=7 7 7 7 7 7 7 1 7 1 7 1 7 1 1 2 1 3 1 1 3 5 6 7 5 3 7 1 1 3
split_gain=73375.3 8118.79 4372.96 990.449 867.587 724.489 452.062 205.584 202.541 201.424 189.908 181.155 173.382 153.06 148.91 135.476 164.885 112.372 170.546 100.315 99.1907 74.9502 71.3655 71.1001 71.0824 63.7512 63.6796 60.1288 58.7117 56.8601
threshold=0.060317631810185908 0.083565634922534757 0.046618293312646497 0.07367656427701233 0.099757710136907304 0.034521400803542678 0.055380707831157457 0 0.066488747448651006 1 0.11844494027259878 2 0.08960462641287327 3 4 20.500000000000004 5 3.5000000000000004 6 7 3.5000000000000004 5.5000000000000009 13.597834221510492 0.077032174627853778 5.5000000000000009 2.5000000000000004 0.049373452292769696 8 9 5.5000000000000009
decision_type=2 2 2 2 2 2 2 1 2 1 2 1 2 1 1 2 1 2 1 1 2 2 2 2 2 2 2 1 1 2
left_child=2 3 5 8 12 9 7 22 13 -1 21 28 -3 -2 -7 16 20 18 -10 -19 -16 -6 29 -5 -14 -12 27 -9 -8 -4
right_child=1 4 6 23 10 14 11 26 17 -11 25 -13 24 -15 15 -17 -18 19 -20 -21 -22 -23 -24 -25 -26 -27 -28 -29 -30 -31
leaf_value=-0.001078344378558278 0.00019717474627768962 0.00056670161031089142 -0.00015736324870682436 0.00023936507428620887 0.0011927128080087284 -0.00079820818335963955 0.00031730085763931191 -0.00053107680792443689 0.00032596390933470646 -0.0012616299772712513 0.0014222616227558633 -0.00040021104798044566 0.00085182729307599423 -0.00012708044002127732 -0.00078603569067818991 -0.00086721015202483813 -0.00054196288483628519 0.00070745995521816695 -4.2615274877158901e-05 0.00013053862119960722 -0.00056103538393446895 0.00103284185806223 -0.00041830798091791832 0.00042000076367185136 0.00071903130247880716 0.0021421931311584731 -0.00048585428797128481 -0.00075088614569562362 -0.00020739859395276506 -0.00086199081586694451
leaf_weight=11584 18505 83785 9152 36433 112692 117083 3054 26149 12992 87784 19229 26325 123506 63953 23293 23754 19319 7927 53838 43693 17701 53132 15414 82972 57744 26485 99145 10404 27148 1596
leaf_count=11584 18505 83785 9152 36433 112692 117083 3054 26149 12992 87784 19229 26325 123506 63953 23293 23754 19319 7927 53838 43693 17701 53132 15414 82972 57744 26485 99145 10404 27148 1596
internal_value=-0.000862922 0.00866498 -0.015495 0.00250903 0.0128025 -0.0194078 -0.0101106 -0.011455 0.00036559 -0.0229007 0.0151904 -0.00626117 0.0108966 -0.00153715 -0.0176823 -0.0160618 -0.014804 0.00169016 0.000336675 0.00344246 -0.0166033 0.0144038 -0.00738576 0.00611553 0.0117661 0.0180437 -0.012238 -0.0140228 -0.00361446 -0.00426126
internal_weight=1.31579e+06 796886 518905 320313 476573 300518 218387 161860 200908 99368 211538 56527 265035 82458 201150 84067 60313 118450 66830 51620 40994 165824 26162 119405 181250 45714 135698 36553 30202 10748
internal_count=1315791 796886 518905 320313 476573 300518 218387 161860 200908 99368 211538 56527 265035 82458 201150 84067 60313 118450 66830 51620 40994 165824 26162 119405 181250 45714 135698 36553 30202 10748
cat_boundaries=0 1 2 3 4 5 6 7 8 9 10
cat_threshold=112 104 120 96 5 2 80 32 12 32
is_linear=0
shrinkage=0.05


Tree=10
num_leaves=31
num_cat=11
split_feature=7 7 7 7 7 7 7 7 1 1 1 3 1 1 1 7 7 7 1 7 7 5 1 1 1 6 3 5 3 1
split_gain=68431 7645.05 4165.03 916.111 795.357 713.127 410.488 250.244 220.858 187.098 181.998 159.641 254.925 224.417 153.725 135.42 112.872 96.9249 100.729 92.6225 84.9363 81.8229 66.4976 65.2894 63.1197 60.4981 60.4373 59.4047 57.3961 86.2166
threshold=0.059873605089285568 0.082509590970718125 0.045771777356362224 0.096960038120790362 0.07183032156407522 0.033321867509809124 0.054777123202907098 0.11621054548671803 0 1 2 3.5000000000000004 3 4 5 0.088766613791931293 0.076536027880184682 0.049373452292769696 6 0.065814582208724104 0.066488747448651006 5.5000000000000009 7 8 9 13.597834221510492 4.5000000000000009 5.5000000000000009 5.5000000000000009 10
decision_type=2 2 2 2 2 2 2 2 1 1 1 2 1 1 1 2 2 2 1 2 2 2 1 1 1 2 2 2 2 1
left_child=2 4 5 15 11 10 8 21 25 24 -1 13 26 -2 -7 -3 -6 18 -10 -14 -15 -5 -21 -9 -8 -4 -13 -17 -24 -30
right_child=1 3 6 7 16 14 9 23 17 -11 -12 12 19 20 -16 27 -18 -19 -20 22 -22 -23 28 -25 -26 -27 -28 -29 29 -31
leaf_value=-0.0010795936332425534 0.00018000534933188819 0.00051199929759186344 -0.00027576616573586431 0.0010514277742707523 0.00018261866683813577 -0.00066692520732155387 0.00035824469853430811 0.0016792145283512916 -0.00049209177624773141 -0.00039232886471789571 -0.0012079637771080214 0.0002440725115207418 -8.5879794393693698e-05 -0.00021544302720989466 -0.00076882556953970489 0.00076990585130608182 0.00038355384279684172 -0.00046634065245906213 -0.00069243608364938044 0.00016845699294360114 -5.5247902614491418e-05 0.00091360719683430481 6.8136594476918971e-05 0.0018327479889742671 -0.00020970955921868555 -0.00039795491979768008 0.00099184670971649088 0.00062897604249870025 7.756088548413129e-06 -0.00093024951413300946
leaf_weight=10397 21811 89225 10594 148129 57458 50331 2772 33343 29005 33690 83813 3976 28862 36999 140474 91520 72017 90312 21884 25873 42861 69718 7786 17634 25572 15097 7834 42868 2338 1598
leaf_count=10397 21811 89225 10594 148129 57458 50331 2772 33343 29005 33690 83813 3976 28862 36999 140474 91520 72017 90312 21884 25873 42861 69718 7786 17634 25572 15097 7834 42868 2338 1598
internal_value=-0.00092376 0.00820503 -0.0151665 0.012075 0.00204589 -0.0192005 -0.0101441 0.0140419 -0.0114349 -0.00667134 -0.0227598 -0.00010448 0.00159294 -0.00141117 -0.0174431 0.00971041 0.00503437 -0.0122113 -0.0139573 0.000389291 -0.00263866 0.0133039 0.00202487 0.0171955 -0.0036732 -0.00716023 0.00835871 0.010713 -0.00109956 -0.00602134
internal_weight=1.31579e+06 801850 513941 492437 309413 285015 228926 268824 166892 62034 94210 179938 78267 101671 190805 223613 129475 141201 50889 66457 79860 217847 37595 50977 28344 25691 11810 134388 11722 3936
internal_count=1315791 801850 513941 492437 309413 285015 228926 268824 166892 62034 94210 179938 78267 101671 190805 223613 129475 141201 50889 66457 79860 217847 37595 50977 28344 25691 11810 134388 11722 3936
cat_boundaries=0 1 2 3 4 5 6 7 8 9 10 11
cat_threshold=112 120 104 32 80 114 8 10 2 32 20
is_linear=0
shrinkage=0.05


Tree=11
num_leaves=31
num_cat=9
split_feature=7 7 7 7 7 7 7 1 1 7 7 1 1 7 1 3 1 7 1 1 3 5 6 6 3 5 3 7 1 3
split_gain=63724.9 6988.82 4136.54 841.38 800.738 776.463 387.339 214.033 204.929 197.496 184.293 154.411 139.895 136.342 131.539 107.515 151.336 105.661 98.7258 93.5873 75.9163 75.5634 62.6323 60.9511 61.412 58.305 57.5758 54.7817 54.3653 61.8695
threshold=0.059873605089285568 0.083215862373174868 0.045771777356362224 0.10189595550363319 0.07367656427701233 0.033321867509809124 0.055380707831157457 0 1 0.08960462641287327 0.065814582208724104 2 3 0.11844494027259878 4 3.5000000000000004 5 0.049373452292769696 6 7 3.5000000000000004 5.5000000000000009 13.597834221510492 13.430114218165301 4.5000000000000009 5.5000000000000009 5.5000000000000009 0.077522266920712082 8 5.5000000000000009
decision_type=2 2 2 2 2 2 2 1 1 2 2 1 1 2 1 2 1 2 1 1 2 2 2 2 2 2 2 2 1 2
left_child=2 4 5 9 10 8 7 22 -1 -3 14 -7 -8 25 -2 16 -12 18 -9 -17 -15 28 26 -19 -25 -5 -4 -6 -11 -30
right_child=1 3 6 13 27 11 12 17 -10 21 15 -13 -14 20 -16 19 -18 23 -20 -21 -22 -23 -24 24 -26 -27 -28 -29 29 -31
leaf_value=-0.0010256139515804259 0.00018530949208322574 0.00050754385377219178 -0.00013861134273195492 0.0011389235376699726 0.0002261771830199988 -0.00063357894695547615 -0.00016710913205849817 -0.0004674871874353448 -0.0011475655882526204 0.00079742002073770329 0.00028489083621073135 -0.00073038429106271955 -0.00036590991362072463 0.0013252350753464315 -0.00012943501191472681 0.00064079034748699005 -4.8627364773606856e-05 -0.00040022226948096076 -0.00065781427946691126 0.00011057773366007079 0.0020896722548472608 0.00066777991814563837 -0.00037665556553469724 -0.00054663657409875256 -0.00036766909975146056 0.0009837293550024682 -0.00081915387094652593 0.00037948424303320925 0.00081468685508879134 0.00045666632143728862
leaf_weight=10397 16359 89113 9775 87513 41453 50331 26058 29005 83813 95735 14293 140474 25505 25721 60638 8719 58431 61392 21884 47432 19993 69291 15840 26836 10917 41585 1714 72624 45670 7280
leaf_count=10397 16359 89113 9775 87513 41453 50331 26058 29005 83813 95735 14293 140474 25505 25721 60638 8719 58431 61392 21884 47432 19993 69291 15840 26836 10917 41585 1714 72624 45670 7280
internal_value=-0.000984142 0.00782515 -0.0147284 0.0116287 0.00209635 -0.0187486 -0.00972323 -0.0108322 -0.0224626 0.0100524 0.000234369 -0.0169148 -0.00590879 0.0143978 -0.00170104 0.00139069 0.000121693 -0.0115739 -0.0134268 0.00303423 0.0167443 0.0108631 -0.00675317 -0.0106241 -0.012205 0.0135668 -0.00394508 0.00545662 0.0114986 0.0101992
internal_weight=1.31579e+06 801850 513941 481901 319949 285015 228926 177363 94210 307089 205872 190805 51563 174812 76997 128875 72724 150034 50889 56151 45714 217976 27329 99145 37753 129098 11489 114077 148685 52950
internal_count=1315791 801850 513941 481901 319949 285015 228926 177363 94210 307089 205872 190805 51563 174812 76997 128875 72724 150034 50889 56151 45714 217976 27329 99145 37753 129098 11489 114077 148685 52950
cat_boundaries=0 1 2 3 4 5 6 7 8 9
cat_threshold=112 104 114 120 96 80 8 32 23
is_linear=0
shrinkage=0.05


Tree=12
num_leaves=31
num_cat=11
split_feature=7 7 7 7 7 7 7 1 7 1 1 7 1 7 1 1 1 7 3 3 7 1 1 3 1 1 3 5 2 3
split_gain=59266.4 6390.77 4082.7 835.413 759.824 758.595 365.972 267.14 185.262 182.422 171.441 140.596 128.528 123.302 123.219 102.218 85.2886 84.1857 77.9813 75.464 71.6396 64.9182 63.0574 70.3389 426.672 71.4002 61.0199 59.4871 58.7775 56.1369
threshold=0.059873605089285568 0.083565634922534757 0.045771777356362224 0.034521400803542678 0.072555205978640111 0.10261254377763239 0.05423600787202091 0 0.093177700429382962 1 2 0.065814582208724104 3 0.11844494027259878 4 5 6 0.077032174627853778 3.5000000000000004 2.5000000000000004 0.024630190825150434 7 8 5.5000000000000009 9 10 4.5000000000000009 5.5000000000000009 21.500000000000004 5.5000000000000009
decision_type=2 2 2 2 2 2 2 1 2 1 1 2 1 2 1 1 1 2 2 2 2 1 1 2 1 1 2 2 2 2
left_child=2 4 3 7 11 8 9 -1 27 29 21 14 -5 -7 -2 18 -11 -6 -13 -15 -9 -8 -10 -24 -25 -26 -16 -3 -22 -4
right_child=1 5 6 12 17 13 10 20 22 16 -12 15 -14 19 26 -17 -18 -19 -20 -21 28 -23 23 24 25 -27 -28 -29 -30 -31
leaf_value=-0.00092308736903157391 3.0517960549984739e-05 0.00057411226773018827 -0.00027945754833781991 -0.00060296031973694486 0.00018415190127247345 0.0010554107665061701 0.00037187766605392832 -0.0013271591248880154 0.0004622985867703756 -0.00059426856417073542 -0.00035605793775036896 -0.00013817941495700286 -0.00068561892833708671 0.0011995404126864785 -0.00021739616018961116 0.00011951243096921908 -0.00044274492699091422 0.0003598372492386138 7.8178065825728477e-05 0.0018537671058976989 -0.00086491867852909608 -0.00020076964512117797 0.00079970832145887904 0.0012537581210962864 0.00026352958632804084 -0.00022179892843680676 -1.8940077395082634e-05 0.00044687690132113114 -0.00035730497166095408 -0.00059830253727996628
leaf_weight=11584 36588 92131 20523 49319 51648 118513 2901 37538 13504 19559 41571 20618 136328 19229 28822 77224 113070 82972 15818 26485 49416 27801 139744 11198 8450 4020 11587 43299 830 3501
leaf_count=11584 36588 92131 20523 49319 51648 118513 2901 37538 13504 19559 41571 20618 136328 19229 28822 77224 113070 82972 15818 26485 49416 27801 139744 11198 8450 4020 11587 43299 830 3501
internal_value=-0.00102818 0.00746736 -0.0142829 -0.0182768 0.00206432 0.0111551 -0.00931043 -0.0219769 0.00970862 -0.0106683 -0.00636718 3.36993e-05 -0.0162964 0.0139062 -0.00161597 0.00115124 -0.011395 0.0049402 -0.00103166 0.0161121 -0.0229213 -0.00352956 0.010774 0.0110462 0.00852628 0.00215545 -0.00351877 0.00831684 -0.0216893 -0.00664891
internal_weight=1.31579e+06 801850 513941 285015 325277 476573 228926 99368 312346 156653 72273 190657 185647 164227 76997 113660 132629 134620 36436 45714 87784 30702 176916 163412 23668 12470 40409 135430 50246 24024
internal_count=1315791 801850 513941 285015 325277 476573 228926 99368 312346 156653 72273 190657 185647 164227 76997 113660 132629 134620 36436 45714 87784 30702 176916 163412 23668 12470 40409 135430 50246 24024
cat_boundaries=0 1 2 3 4 5 6 7 8 9 10 11
cat_threshold=104 112 120 114 114 6 2 32 8 38 17
is_linear=0
shrinkage=0.05


Tree=13
num_leaves=31
num_cat=14
split_feature=7 7 7 7 7 7 7 1 7 1 1 7 1 1 7 7 3 1 1 3 1 1 1 1 3 1 1 3 2 1
split_gain=55100 5831.84 4028.56 908.544 710.91 683.264 344.949 292.529 176.917 172.284 161.517 151.016 125.145 117.242 109.671 86.6404 84.4549 105.931 82.0963 75.4143 75.7467 72.3293 69.2371 66.9632 61.4554 454.805 79.323 59.3849 58.6732 55.3755
threshold=0.059873605089285568 0.083565634922534757 0.045771777356362224 0.034521400803542678 0.10335342902000616 0.07367656427701233 0.05423600787202091 0 0.092533608887427149 1 2 0.066488747448651006 3 4 0.11621054548671803 0.024630190825150434 2.5000000000000004 5 6 3.5000000000000004 7 8 9 10 5.5000000000000009 11 12 3.5000000000000004 21.500000000000004 13
decision_type=2 2 2 2 2 2 2 1 2 1 1 2 1 1 2 2 2 1 1 2 1 1 1 1 2 1 1 2 2 1
left_child=2 5 3 7 8 11 9 29 -3 -4 -8 13 -5 -2 -6 -9 17 -13 27 -16 -21 -12 -18 -10 -25 -26 -27 -11 -17 -1
right_child=1 4 6 12 14 -7 10 15 23 18 21 16 -14 -15 19 28 22 -19 -20 20 -22 -23 -24 24 25 26 -28 -29 -30 -31
leaf_value=-0.00045927368898331778 0.0001666798756560492 0.00049761104031747008 -0.00031057549156125465 -0.00057281230375009768 0.00099883610930232643 0.00029580098786095925 -0.00038145670317571315 -0.0012608011686436145 0.00044659049082059409 -0.00066456865931267199 0.00035328378275123197 8.9543956501032465e-05 -0.00065133798192023239 -0.00010971274243976662 0.0012035236462445067 -0.00082167274460264144 0.00048658995279882367 -0.0001408563665291386 -0.00042060768064136839 0.0019871767615409568 0.00075328448298985287 -0.0002155770425996108 9.3264286502675947e-05 0.00076321675046199045 0.001209320351102325 0.00025758928944896454 -0.00023063116877001592 -0.00042368393004566174 -0.00033943972307790633 -0.0009154637247031157
leaf_weight=1696 19220 125024 24024 49319 103006 119405 27190 37538 16383 11053 2901 28188 136328 68202 28675 49416 10533 21751 113070 20229 2073 42182 57978 154967 12627 9104 4485 8506 830 9888
leaf_count=1696 19220 125024 24024 49319 103006 119405 27190 37538 16383 11053 2901 28188 136328 68202 28675 49416 10533 21751 113070 20229 2073 42182 57978 154967 12627 9104 4485 8506 830 9888
internal_value=-0.00107724 0.00711424 -0.0138576 -0.0178249 0.010637 0.00195287 -0.00891817 -0.0216835 0.00930283 -0.0102365 -0.0060607 0.000207653 -0.0157596 -0.00136865 0.0134322 -0.0226713 0.00137104 -0.000192735 -0.0109427 0.015329 0.0175096 -0.00422183 0.00251091 0.0102343 0.0105119 0.00827357 0.00191742 -0.0139494 -0.0213161 -0.0141668
internal_weight=1.31579e+06 801850 513941 285015 476573 325277 228926 99368 322590 156653 72273 205872 185647 87422 153983 87784 118450 49939 132629 50977 22302 45083 68511 197566 181183 26216 13589 19559 50246 11584
internal_count=1315791 801850 513941 285015 476573 325277 228926 99368 322590 156653 72273 205872 185647 87422 153983 87784 118450 49939 132629 50977 22302 45083 68511 197566 181183 26216 13589 19559 50246 11584
cat_boundaries=0 1 2 3 4 5 6 7 8 9 10 11 12 13 14
cat_threshold=104 112 5 114 96 88 2 34 32 32 8 38 17 64
is_linear=0
shrinkage=0.05


Tree=14
num_leaves=31
num_cat=10
split_feature=7 7 7 7 7 7 1 7 7 1 1 7 1 1 7 7 1 3 3 1 5 1 2 2 1 1 7 5 3 6
split_gain=51188.3 5477.73 3812.32 965.77 812.851 439.222 320.469 277.786 218.356 160.115 146.545 145.909 122.044 114.119 105.265 104.062 80.7621 79.0136 72.7052 72.8946 66.6346 59.5318 59.1373 57.9922 57.8362 54.2838 70.8879 53.5931 51.7591 52.9462
threshold=0.05941495000364224 0.081026486669150619 0.045771777356362224 0.034521400803542678 0.10090234675073188 0.069397796195364417 0 0.05423600787202091 0.089200895554978468 1 2 0.11621054548671803 3 4 0.024630190825150434 0.075491315677096354 5 4.5000000000000009 3.5000000000000004 6 5.5000000000000009 7 21.500000000000004 21.500000000000004 8 9 0.064782105815951105 5.5000000000000009 5.5000000000000009 13.435334469880846
decision_type=2 2 2 2 2 2 1 2 2 1 1 2 1 1 2 2 1 2 2 1 2 1 2 2 1 1 2 2 2 2
left_child=2 5 3 6 8 12 -1 9 -3 28 -9 27 -2 -5 -8 24 23 25 -13 -20 -10 -12 -16 -11 -7 -14 -27 -6 29 -4
right_child=1 4 7 13 11 15 14 10 20 16 21 18 17 -15 22 -17 -18 -19 19 -21 -22 -23 -24 -25 -26 26 -28 -29 -30 -31
leaf_value=-0.00083376646453976939 0.00014432744844978808 0.00040646629692113261 -0.00010187376758922923 -0.00054417168856259266 0.00094457840208768829 5.8056880382990204e-05 -0.0011977611102114338 -0.00036473012076471503 0.0006652527789491082 -0.00056482151936749266 0.00034996384485217749 0.0011433474639322816 2.2053008354057382e-05 -0.00061877108282422074 -0.00078058910737250947 0.00028334656104731101 -0.00039957729660930008 2.7537476489119392e-05 0.0018878179234639088 0.00071562025884036042 0.00055576601170978306 -0.00020666601811770923 -0.00032246773692401096 -0.00014771335444533005 0.00022440491066993176 -0.00021424682817884345 -6.6906638936483839e-05 0.00080134292766477835 -0.00055285863583790504 -0.00029880581429111226
leaf_weight=11584 34042 115529 7252 49319 94997 57455 37538 26860 140985 17990 2471 28675 13720 136328 49416 61457 113070 31561 20229 2073 65948 37933 830 1569 31586 29504 34126 44972 3501 13271
leaf_count=11584 34042 115529 7252 49319 94997 57455 37538 26860 140985 17990 2471 28675 13720 136328 49416 61457 113070 31561 20229 2073 65948 37933 830 1569 31586 29504 34126 44972 3501 13271
internal_value=-0.00111555 0.00671682 -0.0135329 -0.0173686 0.00983146 0.00126759 -0.0213469 -0.00865064 0.00830051 -0.00980463 -0.00596307 0.0124169 -0.000717194 -0.0152393 -0.0223802 0.00315287 -0.0104854 -0.00153391 0.0147071 0.0168483 0.00927269 -0.00405676 -0.0208862 -0.0134665 0.00206057 -0.00239431 -0.00300911 0.0115827 -0.00603936 -0.00508332
internal_weight=1.31579e+06 806859 508932 285015 513408 293451 99368 223917 322462 156653 67264 190946 142953 185647 87784 150498 132629 108911 50977 22302 206933 40404 50246 19559 89041 77350 63630 139969 24024 20523
internal_count=1315791 806859 508932 285015 513408 293451 99368 223917 322462 156653 67264 190946 142953 185647 87784 150498 132629 108911 50977 22302 206933 40404 50246 19559 89041 77350 63630 139969 24024 20523
cat_boundaries=0 1 2 3 4 5 6 7 8 9 10
cat_threshold=104 112 5 96 114 2 34 32 74 16
is_linear=0
shrinkage=0.05


Tree=15
num_leaves=31
num_cat=12
split_feature=7 7 7 7 7 7 1 7 7 1 7 1 7 3 1 1 1 7 3 1 5 1 3 1 3 1 3 1 7 1
split_gain=47493.1 5128.55 3583.06 940.38 751.242 424.035 286.332 273.896 198.334 168.571 138.761 123.131 122.244 119.805 117.868 115.578 105.944 95.0281 76.202 75.0137 64.3015 63.8783 60.6067 83.4055 60.4554 116.059 145.744 58.6513 73.5877 56.3983
threshold=0.058922228013065493 0.081026486669150619 0.045081121153866428 0.033321867509809124 0.10090234675073188 0.069397796195364417 0 0.052531642595513982 0.088766613791931293 1 0.10992261969582411 2 0.022916694985247104 3.5000000000000004 3 4 5 0.075995310721284556 4.5000000000000009 6 5.5000000000000009 7 4.5000000000000009 8 2.5000000000000004 9 5.5000000000000009 10 0.064782105815951105 11
decision_type=2 2 2 2 2 2 1 2 2 1 2 1 2 2 1 1 1 2 2 1 2 1 2 1 2 1 2 1 2 1
left_child=2 5 3 6 8 14 22 9 -3 -4 -6 -5 -8 16 -2 -9 -11 -7 27 -17 -10 -15 23 -1 29 -26 -27 -16 -29 -12
right_child=1 4 7 11 10 17 12 15 20 13 24 -13 -14 21 18 19 -18 -19 -20 -21 -22 -23 -24 -25 25 26 -28 28 -30 -31
leaf_value=-2.4805367193046769e-05 0.00013266597899574752 0.00038099397228835469 -0.00028720962354522838 -0.00052303274548558926 0.00080961607726843458 0.00010839986939559649 -0.0011463745862571107 -0.00033893572662707931 0.00063030327075995767 -0.00061239165640382506 0.00078396189413564238 -0.00059930781978613415 -0.00075202711238288832 -0.00030262356713716483 2.6900240764672623e-05 0.000398170272144973 -0.00043645684550899441 0.00027659050161720839 2.2211740809258143e-05 -0.00023860721255565629 0.00052338448296643247 -0.00043230955623732342 -0.00041663167077943806 -0.0010381995782897634 0.0015518467499573601 0.0011549158615732046 -4.3571750867926755e-05 -0.00020705535550672867 -6.3561306989659913e-05 0.001107971913110694
leaf_weight=781 34787 110196 18842 41713 108350 94102 33653 49661 144652 14803 12943 133718 50160 30347 14120 2320 52021 56396 32893 45920 67614 20163 3074 6542 37846 7391 2489 32241 34126 21927
leaf_count=781 34787 110196 18842 41713 108350 94102 33653 49661 144652 14803 12943 133718 50160 30347 14120 2320 52021 56396 32893 45920 67614 20163 3074 6542 37846 7391 2489 32241 34126 21927
internal_value=-0.0011521 0.00632939 -0.0132134 -0.0171425 0.00936 0.00111973 -0.0211719 -0.00868742 0.00788822 -0.0101376 0.0118455 -0.0149787 -0.0221446 -0.0108429 -0.00077902 -0.00667026 -0.0122329 0.00298908 -0.0015601 -0.00492332 0.00878167 -0.00900614 -0.0132963 -0.0157825 0.0133893 0.0145455 0.0096815 -0.0023889 -0.00301121 0.0118067
internal_weight=1.31579e+06 812073 503718 269641 513408 298665 94210 234077 322462 136176 190946 175431 83813 117334 148167 97901 66824 150498 113380 48240 212266 50510 10397 7323 82596 47726 9880 80487 66367 34870
internal_count=1315791 812073 503718 269641 513408 298665 94210 234077 322462 136176 190946 175431 83813 117334 148167 97901 66824 150498 113380 48240 212266 50510 10397 7323 82596 47726 9880 80487 66367 34870
cat_boundaries=0 1 2 3 4 5 6 7 8 9 10 11 12
cat_threshold=104 112 114 96 5 2 32 12 64 38 16 36
is_linear=0
shrinkage=0.05


Tree=16
num_leaves=31
num_cat=11
split_feature=7 7 7 7 7 1 7 7 7 1 7 1 7 1 3 1 3 1 1 1 3 2 3 1 3 3 1 5 1 6
split_gain=43986.9 4939 3221.62 960.284 843.74 368.507 309.715 239.495 232.919 223.99 151.148 133.345 128.822 118.898 111.877 94.5332 94.1204 226.049 83.7302 72.0552 62.4881 61.4878 58.6798 186.258 149.375 53.8997 53.1386 52.0511 51.3696 47.1704
threshold=0.057924780312054024 0.078539738675614132 0.044872557787056198 0.034521400803542678 0.096244197453255756 0 0.066817926249645027 0.049373452292769696 0.10774948533280357 1 0.024630190825150434 2 0.08756692481203783 3 4.5000000000000009 4 2.5000000000000004 5 6 7 4.5000000000000009 21.500000000000004 3.5000000000000004 8 5.5000000000000009 3.5000000000000004 9 5.5000000000000009 10 13.63147563377021
decision_type=2 2 2 2 2 1 2 2 2 1 2 1 2 1 2 1 2 1 1 1 2 2 2 1 2 2 1 2 1 2
left_child=2 6 3 5 12 -1 13 9 27 -4 28 19 -3 -2 -15 -5 17 -8 20 -9 -18 -12 -10 -24 -25 -11 -27 -6 -7 -13
right_child=1 4 7 15 8 10 16 11 22 25 21 29 -14 14 -16 -17 18 -19 -20 -21 -22 -23 23 24 -26 26 -28 -29 -30 -31
leaf_value=-0.00074635943716898291 3.6346795795814263e-05 0.00033564470920706727 -0.00033573209873437527 -0.00050224196134746914 0.00071249639402181937 -0.00070867675688823903 0.00032978458093458826 0.00047795678464743755 0.00095057162135421883 -0.0005652939695649739 -0.00070456849893562744 -0.00031199640786364616 0.00051247783335097233 -0.00017782694761251384 1.6035887618851691e-05 -0.00056284589504533957 0.00022175435943163106 -5.903491197616559e-05 0.00011914142908728831 -0.00024844455471139879 0.00089875930278714611 -0.00026874299445866606 0.0015430652023580502 0.0010158703023682215 -1.0561915756399782e-05 -0.00037374425338406337 -0.00062120179206846544 0.00060290203042189449 -0.001092571506531171 -0.00039264491784210336
leaf_weight=11584 41487 125050 39017 38077 123661 2927 17851 1882 57960 22501 49416 83020 134969 51031 20764 126849 6772 52014 82020 36660 6754 830 33771 7277 3653 12778 4149 57512 34611 28944
leaf_count=11584 41487 125050 39017 38077 123661 2927 17851 1882 57960 22501 49416 83020 134969 51031 20764 126849 6772 52014 82020 36660 6754 830 33771 7277 3653 12778 4149 57512 34611 28944
internal_value=-0.00117597 0.00590332 -0.0129815 -0.0167425 0.00867684 -0.0206254 0.000490952 -0.00863995 0.0105618 -0.0108799 -0.0217327 -0.00747246 0.00661923 -0.00152319 -0.00275433 -0.0144031 0.00187034 0.00047556 0.00289023 -0.004931 0.00653443 -0.0199419 0.0124646 0.0138258 0.00812614 -0.0135402 -0.0114122 0.00948362 -0.0241355 -0.00834613
internal_weight=1.31579e+06 822546 493245 264294 543853 99368 278693 228951 283834 78445 87784 150506 260019 113282 71795 164926 165411 69865 95546 38542 13526 50246 102661 44701 10930 39428 16927 181173 37538 111964
internal_count=1315791 822546 493245 264294 543853 99368 278693 228951 283834 78445 87784 150506 260019 113282 71795 164926 165411 69865 95546 38542 13526 50246 102661 44701 10930 39428 16927 181173 37538 111964
cat_boundaries=0 1 2 3 4 5 6 7 8 9 10 11
cat_threshold=104 120 114 112 114 81 32 32 38 6 20
is_linear=0
shrinkage=0.05


Tree=17
num_leaves=31
num_cat=13
split_feature=7 7 7 7 7 1 7 7 1 7 7 7 1 1 1 1 3 1 1 3 3 1 3 1 3 1 3 3 1 1
split_gain=40739.3 4486.86 3147.3 1013.28 735.658 382.638 316.333 224.169 212.305 179.779 176.413 152.203 123.524 115.038 90.7007 76.2 63.8563 146.622 142.632 244.299 94.7899 64.6828 62.6597 65.2194 62.2291 132.154 99.7693 61.7445 372.664 125.416
threshold=0.057924780312054024 0.0794326935991055 0.044872557787056198 0.034521400803542678 0.098436285050403874 0 0.068310066114405113 0.049373452292769696 1 0.024630190825150434 0.11059968330818006 0.088353374510385843 2 3 4 5 2.5000000000000004 6 7 5.5000000000000009 4.5000000000000009 8 3.5000000000000004 9 3.5000000000000004 10 5.5000000000000009 5.5000000000000009 11 12
decision_type=2 2 2 2 2 1 2 2 1 2 2 2 1 1 1 1 2 1 1 2 2 1 2 1 2 1 2 2 1 1
left_child=2 6 3 5 11 -1 13 8 -4 -7 16 -3 -9 -2 -5 -8 17 -6 20 -20 -18 -21 23 -15 -12 -26 -27 29 -29 -13
right_child=1 4 7 14 10 9 15 12 -10 -11 24 27 -14 22 -16 -17 18 -19 19 21 -22 -23 -24 -25 25 26 -28 28 -30 -31
leaf_value=-0.00070904146531053369 0.00011795516311944795 0.00033106681539067585 -0.00031894549379765658 -0.00047712986328009581 0.00086834493785840493 -0.0010284144302453353 -5.5032743041275038e-05 -0.0001762916445225346 -0.00048641365469234249 -0.00066602251800604957 0.00094450120304466934 0.00065954493743708778 -0.00031274144654369791 2.6211886154266923e-05 -0.0005347036002930725 0.00014364101494927957 0.00071912200801376933 0.00043037609816830476 0.00075956538272187461 -0.00031457789461095749 0.0011557356320871022 0.00026243494390857416 -2.4302301372461368e-05 -0.00016522059567505507 0.0015546505729857408 0.0010297211723871735 -6.515170448881322e-05 0.000826386896556821 -6.8075412877310548e-05 0.0004268933661090352
leaf_weight=11584 30805 125048 39017 38077 26890 37538 16144 21645 39428 50246 43552 69260 128861 11057 126849 134220 27620 41112 27725 3487 27671 5932 46882 49865 27254 4349 2162 12949 11742 76820
leaf_count=11584 30805 125048 39017 38077 26890 37538 16144 21645 39428 50246 43552 69260 128861 11057 126849 134220 27620 41112 27725 3487 27671 5932 46882 49865 27254 4349 2162 12949 11742 76820
internal_value=-0.00119326 0.00561969 -0.0125547 -0.016272 0.00833733 -0.0202605 0.0006017 -0.00826345 -0.0104306 -0.0213887 0.0104082 0.00667291 -0.00713393 -0.00112132 -0.0138689 0.00219002 0.00946275 0.00829976 0.0103183 0.00791301 0.0119306 0.00095817 -0.00189122 -0.00294885 0.0123702 0.0139812 0.00754102 0.00764342 0.00533089 0.0080343
internal_weight=1.31579e+06 822546 493245 264294 533573 99368 288973 228951 78445 87784 237754 295819 150506 138609 164926 150364 160437 68002 92435 37144 55291 9419 107804 60922 77317 33765 6511 170771 24691 146080
internal_count=1315791 822546 493245 264294 533573 99368 288973 228951 78445 87784 237754 295819 150506 138609 164926 150364 160437 68002 92435 37144 55291 9419 107804 60922 77317 33765 6511 170771 24691 146080
cat_boundaries=0 1 2 3 4 5 6 7 8 9 10 11 12 13
cat_threshold=104 120 98 96 114 2 81 38 64 16 38 46 81
is_linear=0
shrinkage=0.05


Tree=18
num_leaves=31
num_cat=11
split_feature=7 7 7 7 7 7 1 7 1 7 7 1 3 1 1 2 1 7 1 1 7 3 1 3 3 5 1 3 1 3
split_gain=37656.5 3971.9 3175.88 1051.54 523.783 484.258 406.145 226.258 205.631 204.704 142.523 119.309 108.092 200.948 163.716 94.8733 87.6836 75.6774 74.8694 70.9614 64.415 62.1866 127.133 184.405 63.4697 59.9577 59.9264 58.0899 55.8439 181.182
threshold=0.058434729769309891 0.083565634922534757 0.044872557787056198 0.034521400803542678 0.10579941122073669 0.071194167871942035 0 0.049373452292769696 1 0.024630190825150434 0.092200432267289856 2 3.5000000000000004 3 4 8.5000000000000018 5 0.075995310721284556 6 7 0.064049632428339623 2.5000000000000004 8 5.5000000000000009 4.5000000000000009 5.5000000000000009 9 4.5000000000000009 10 5.5000000000000009
decision_type=2 2 2 2 2 2 1 2 1 2 2 1 2 1 1 2 1 2 1 1 2 2 1 2 2 2 1 2 1 2
left_child=2 5 3 6 10 12 15 8 -4 -8 -3 19 14 27 -2 -1 -5 -7 -12 -9 -16 26 24 -24 -23 -20 -6 -14 -15 -30
right_child=1 4 7 16 21 17 9 11 -10 -11 18 -13 13 28 20 -17 -18 -19 25 -21 -22 22 23 -25 -26 -27 -28 -29 29 -31
leaf_value=-0.00066844907278980131 0.00013552460009879226 0.00037875345859769049 -0.00030299821910777377 -0.00045327337011609112 0.00059625422696076848 0.00011111122545731448 -0.00098388437819813337 0.00044359429613391455 -0.00046209297195772551 -0.00063200534345175536 0.00031262791078685539 -0.00029913938164641225 0.0001586402343524255 3.6457130187236845e-05 -0.00020851678958583588 -0.00063700122054801973 -0.00050796842027841897 0.00025751100019754742 0.00062194460197420695 -0.00022167530160374858 -7.371943691513381e-05 0.00099163567236466377 0.00092967145146013183 6.0954706275394293e-06 0.0014819876428018874 0.00051303274153538807 0.00082767411279241617 0.00085088640342553465 5.5655415721416609e-05 -0.00053328219466638527
leaf_weight=7314 22167 119950 39017 38077 10307 62255 35310 2229 39428 44329 17856 114786 3966 51547 28953 12415 126849 93231 146836 38880 53381 26137 14179 4816 26046 68461 41985 7701 11497 5886
leaf_count=7314 22167 119950 39017 38077 10307 62255 35310 2229 39428 44329 17856 114786 3966 51547 28953 12415 126849 93231 146836 38880 53381 26137 14179 4816 26046 68461 41985 7701 11497 5886
internal_value=-0.00119409 0.00541337 -0.0120223 -0.0157798 0.00836026 0.00128984 -0.0198429 -0.00778463 -0.00997482 -0.0214362 0.00738007 -0.00668254 -0.000438146 0.00093769 -0.00149927 -0.0133935 -0.0133317 0.00334693 0.00810058 -0.0043672 -0.00252599 0.0111634 0.0121252 0.00860431 0.0134027 0.00835888 0.00985428 0.00700308 -8.99333e-05 -0.00253981
internal_weight=1.31579e+06 817157 498634 264294 476573 340584 99368 234340 78445 79639 353103 155895 185098 80597 104501 19729 164926 155486 233153 41109 82334 123470 71178 18995 52183 215297 52292 11667 68930 17383
internal_count=1315791 817157 498634 264294 476573 340584 99368 234340 78445 79639 353103 155895 185098 80597 104501 19729 164926 155486 233153 41109 82334 123470 71178 18995 52183 215297 52292 11667 68930 17383
cat_boundaries=0 1 2 3 4 5 6 7 8 9 10 11
cat_threshold=120 120 114 32 80 114 8 32 38 32 14
is_linear=0
shrinkage=0.05


Tree=19
num_leaves=31
num_cat=10
split_feature=7 7 7 7 7 1 7 7 7 1 1 2 1 6 2 7 3 1 1 7 3 6 1 3 3 1 1 5 3 1
split_gain=34794.9 3705.04 2984.68 1155.19 602.066 425.501 294.407 237.943 189.45 123.351 112.052 157.749 156.199 99.5164 93.6442 91.8396 88.3006 83.4463 80.6439 77.4813 69.9643 75.6489 63.2285 62.938 61.3521 125.246 61.0006 60.9898 59.0589 177.427
threshold=0.057924780312054024 0.080256544605338681 0.034521400803542678 0.046618293312646497 0.1037406997740149 0 0.067426327462205657 0.024630190825150434 0.092200432267289856 1 2 20.500000000000004 3 12.914605851762095 8.5000000000000018 0.052531642595513982 3.5000000000000004 4 5 0.11621054548671803 5.5000000000000009 13.597834221510492 6 3.5000000000000004 3.5000000000000004 7 8 5.5000000000000009 2.5000000000000004 9
decision_type=2 2 2 2 2 1 2 2 2 1 1 2 1 2 2 2 2 1 1 2 2 2 1 2 2 1 1 2 2 1
left_child=2 6 5 10 8 14 13 -7 27 20 -4 12 -12 -2 -1 16 18 -8 -11 -6 21 -5 -10 -21 25 -14 -25 -3 29 -19
right_child=1 4 3 9 19 7 17 -9 22 15 11 -13 24 -15 -16 -17 -18 28 -20 23 -22 -23 -24 26 -26 -27 -28 -29 -30 -31
leaf_value=-0.00063502661915031111 7.7735894057368721e-05 0.00037090642275239912 -0.00047733920277516636 -2.0613823687450421e-05 0.00074191000623848806 -0.00093469015928822688 -4.7664102397591142e-05 -0.00060040507627916748 0.00029689173276149783 -0.00023796993277706987 -0.00015877172563678391 -0.00054843718155893892 -0.00027813547606995239 -9.4862082590893571e-05 -0.00060515115952061856 -0.00025143635564696122 -0.00026552865310708643 0.00032856503969858238 -0.00042755992455774036 0.00089145872257537023 -0.00047045970579911132 -0.00023399257048698931 0.0005464654235142471 0.0014950389590311489 -0.00033935397241969937 -0.00049211350900525426 0.00051575034746102755 0.00025193045104071127 0.00018447621596874369 -2.5517657472975964e-05
leaf_weight=7314 31887 113677 117083 12570 97862 35310 21322 44329 17802 11006 10031 23754 5259 91455 12415 72411 38151 19820 39317 28675 4674 14598 189982 20229 21730 23293 2073 53209 89226 45327
leaf_count=7314 31887 113677 117083 12570 97862 35310 21322 44329 17802 11006 10031 23754 5259 91455 12415 72411 38151 19820 39317 28675 4674 14598 189982 20229 21730 23293 2073 53209 89226 45327
internal_value=-0.00120443 0.00509187 -0.0117043 -0.0097507 0.00762809 -0.0194479 0.000651842 -0.0210784 0.00655937 -0.00698436 -0.0124012 -0.0109997 -0.00964179 -0.00122059 -0.0128489 -0.00754731 -0.00862852 0.00196633 -0.0100039 0.0103184 -0.00413632 -0.00316549 0.00756699 0.011899 -0.0107781 -0.0123039 0.0138911 0.00530482 0.00237121 0.00122684
internal_weight=1.31579e+06 822546 493245 393877 523509 99368 299037 79639 374670 192727 201150 84067 60313 123342 19729 160885 88474 175695 50323 148839 31842 27168 207784 50977 50282 28552 22302 166886 154373 65147
internal_count=1315791 822546 493245 393877 523509 99368 299037 79639 374670 192727 201150 84067 60313 123342 19729 160885 88474 175695 50323 148839 31842 27168 207784 50977 50282 28552 22302 166886 154373 65147
cat_boundaries=0 1 2 3 4 5 6 7 8 9 10
cat_threshold=120 112 5 56 2 5 8 64 34 81
is_linear=0
shrinkage=0.05


Tree=20
num_leaves=31
num_cat=11
split_feature=7 7 7 7 1 7 7 1 7 1 7 1 2 1 7 1 7 3 1 3 1 3 1 2 3 3 6 3 1 1
split_gain=32090.4 3366.59 2972.62 1092.46 459.344 450.463 415.599 169.818 148.384 113.86 104.248 102.878 150.589 143.766 102.301 108.527 83.7249 80.0114 74.574 70.5535 121.521 191.918 76.3338 68.6092 66.4417 63.7787 67.2138 63.2805 124.214 90.0328
threshold=0.057924780312054024 0.083565634922534757 0.034521400803542678 0.046618293312646497 0 0.10454569582555139 0.071194167871942035 1 0.028165668868557519 2 0.094640789754007873 3 20.500000000000004 4 0.064430754603633414 5 0.052531642595513982 3.5000000000000004 6 2.5000000000000004 7 5.5000000000000009 8 14.500000000000002 4.5000000000000009 5.5000000000000009 13.597834221510492 3.5000000000000004 9 10
decision_type=2 2 2 2 1 2 2 1 2 1 2 1 2 1 2 1 2 2 1 2 1 2 1 2 2 2 2 2 1 1
left_child=2 6 4 11 8 10 14 -6 -1 25 -3 -4 13 -13 15 -2 17 18 -11 22 24 -22 -7 -9 -21 26 -5 29 -29 -16
right_child=1 5 3 9 7 19 -8 23 -10 16 -12 12 -14 -15 27 -17 -18 -19 -20 20 21 -23 -24 -25 -26 -27 -28 28 -30 -31
leaf_value=-0.00089051711436690946 -4.8921831234859108e-06 0.00036560374679118698 -0.0004534722426364081 -1.9583132503078055e-05 -0.00061148177304157507 0.00099287590830737728 0.00017568007928854651 -0.00057567249462517171 -0.00057034244728806395 -0.00022607143613821644 0.00051719714339447495 -0.00015083313935494483 -0.00052101532248099199 -0.00039247032087074768 7.5412146783445169e-05 -0.00016413556941290535 -0.00023886453786461302 -0.00025225222045173224 -0.00040618192832985318 0.00086692635813620739 0.00083987686271628365 -2.4086013981901302e-05 0.00057974118231961453 -0.00014287634159058338 0.0013175046722586981 -0.00044693672050915569 -0.00022229294196263999 0.0001960901286432771 -9.948075870095108e-05 -0.00011367687311449257
leaf_weight=34655 40611 161434 117083 12570 11584 16340 155486 34677 17519 11006 176590 10031 23754 50282 29176 37139 72411 38151 39317 29079 16407 5534 42240 933 28949 4674 14598 33436 15664 34461
leaf_count=34655 40611 161434 117083 12570 11584 16340 155486 34677 17519 11006 176590 10031 23754 50282 29176 37139 72411 38151 39317 29079 16407 5534 42240 933 28949 4674 14598 33436 15664 34461
internal_value=-0.00121374 0.00483292 -0.0112973 -0.00934765 -0.0190252 0.00755839 0.00107862 -0.0154362 -0.0222645 -0.00665747 0.00657424 -0.0119252 -0.0105823 -0.00925547 -0.000487041 -0.00188232 -0.00719833 -0.00823067 -0.00953987 0.00995947 0.0109252 0.00774111 0.00864117 -0.0171533 0.0121257 -0.00392126 -0.00299433 0.000475221 0.00182383 -0.000565316
internal_weight=1.31579e+06 822546 493245 393877 99368 476573 345973 47194 52174 192727 338024 201150 84067 60313 190487 77750 160885 88474 50323 138549 79969 21941 58580 35610 58028 31842 27168 112737 49100 63637
internal_count=1315791 822546 493245 393877 99368 476573 345973 47194 52174 192727 338024 201150 84067 60313 190487 77750 160885 88474 50323 138549 79969 21941 58580 35610 58028 31842 27168 112737 49100 63637
cat_boundaries=0 1 2 3 4 5 6 7 8 9 10 11
cat_threshold=3 104 112 5 56 116 5 38 81 42 88
is_linear=0
shrinkage=0.05


Tree=21
num_leaves=31
num_cat=12
split_feature=7 7 7 7 7 1 7 7 1 7 7 1 1 2 1 1 3 1 1 7 2 3 1 3 6 3 1 1 3 1
split_gain=29638.3 3061.81 2956.3 1033 581.821 490.556 182.511 169.058 166.938 153.234 107.663 101.452 99.21 141.491 133.66 97.4515 89.6625 214.853 130.334 75.8427 63.6641 60.9279 98.6447 59.4729 61.6552 59.382 503.699 124.597 115.659 110.18
threshold=0.057924780312054024 0.078034230429874021 0.034521400803542678 0.046618293312646497 0.10090234675073188 0 0.064430754603633414 0.028165668868557519 1 0.087953586857695942 0.11311322974291106 2 3 20.500000000000004 4 5 3.5000000000000004 6 7 0.053246242644966579 14.500000000000002 3.5000000000000004 8 5.5000000000000009 13.597834221510492 5.5000000000000009 9 10 3.5000000000000004 11
decision_type=2 2 2 2 2 1 2 2 1 2 2 1 1 2 1 1 2 1 1 2 2 2 1 2 2 2 1 1 2 1
left_child=2 6 5 12 9 7 15 -1 -7 -3 -6 23 -4 14 -14 -2 17 -8 -18 21 -10 22 -13 24 -5 27 -27 -11 29 -29
right_child=1 4 3 11 10 8 16 -9 20 25 -12 19 13 -15 -16 -17 18 -19 -20 -21 -22 -23 -24 -25 -26 26 -28 28 -30 -31
leaf_value=-0.00084599125864856387 -4.6475739673118584e-06 0.00025986859053041478 -0.00043079863050458775 -1.860397587792398e-05 0.00061318480370341287 -0.00058090768438949644 0.00024502740492897277 -0.0005418253249236609 -0.00054688886989391302 0.00070584468067683538 0.00097595601908280559 -0.00021115574411385808 -0.00014329148238719747 -0.00049496455635694226 -0.00037284680482721038 -0.00015592879094225993 0.00058945315323419116 -5.4497080123112887e-05 7.7525752852360138e-05 -0.00021930075756173702 -0.00013573252451105425 -0.00024459528552611584 -0.00038534643881384237 -0.00042458988448369799 -0.00021117829486450804 0.00076270585858421731 -0.00012310195631410581 0.00041249531420183352 0.00053184820740812271 0.00021152935431715468
leaf_weight=34655 40611 135654 117083 12570 129353 11584 27402 17519 34677 40396 61593 16276 10031 23754 50282 37139 12606 83115 72367 59619 933 43748 41242 4674 14598 16987 15262 54725 50627 44709
leaf_count=34655 40611 135654 117083 12570 129353 11584 27402 17519 34677 40396 61593 16276 10031 23754 50282 37139 12606 83115 72367 59619 933 43748 41242 4674 14598 16987 15262 54725 50627 44709
internal_value=-0.00121678 0.00459427 -0.0109074 -0.00896314 0.00674578 -0.0186141 0.000268994 -0.0219608 -0.0149066 0.00555796 0.00897505 -0.00634719 -0.0114696 -0.0101511 -0.008865 -0.00178006 0.00108394 0.000145 0.00230514 -0.00685773 -0.0166086 -0.00769113 -0.00876074 -0.00376428 -0.00286918 0.00636489 0.00438076 0.00670086 0.00603564 0.00504556
internal_weight=1.31579e+06 822546 493245 393877 549306 99368 273240 52174 47194 358360 190946 192727 201150 84067 60313 77750 195490 110517 84973 160885 35610 101266 57518 31842 27168 222706 32249 190457 150061 99434
internal_count=1315791 822546 493245 393877 549306 99368 273240 52174 47194 358360 190946 192727 201150 84067 60313 77750 195490 110517 84973 160885 35610 101266 57518 31842 27168 222706 32249 190457 150061 99434
cat_boundaries=0 1 2 3 4 5 6 7 8 9 10 11 12
cat_threshold=3 104 112 5 56 116 81 33 5 46 80 5
is_linear=0
shrinkage=0.05


Tree=22
num_leaves=31
num_cat=12
split_feature=7 7 7 7 7 1 7 7 1 7 3 1 1 3 1 1 1 1 3 1 1 3 3 7 7 2 3 1 1 3
split_gain=27303.5 2943.63 2772.91 958.521 528.252 522.392 184.304 165.976 164.497 139.8 98.3287 183.377 115.516 100.229 199.195 93.6116 93.0384 88.9652 83.2615 170.742 105.29 75.5019 74.2728 69.0822 62.6512 60.4417 57.8757 109.515 60.2725 55.5382
threshold=0.057924780312054024 0.034521400803542678 0.078034230429874021 0.046618293312646497 0.10090234675073188 0 0.028165668868557519 0.064430754603633414 1 0.088353374510385843 2.5000000000000004 2 3 5.5000000000000009 4 5 6 7 2.5000000000000004 8 9 4.5000000000000009 4.5000000000000009 0.053246242644966579 0.11133455822118264 14.500000000000002 4.5000000000000009 10 11 5.5000000000000009
decision_type=2 2 2 2 2 1 2 2 1 2 2 1 1 2 1 1 1 1 2 1 1 2 2 2 2 2 2 1 1 2
left_child=1 5 7 15 9 6 -1 17 -7 -4 12 21 -6 -13 -15 -3 29 -2 19 -9 22 -12 -20 26 -14 -10 27 -18 -28 -5
right_child=2 3 4 16 10 8 -8 18 25 -11 11 13 24 14 -16 -17 23 -19 20 -21 -22 -23 -24 -25 -26 -27 28 -29 -30 -31
leaf_value=-0.00080369169571613557 -4.4151952689461264e-06 -0.00035362809115486711 0.00025029019913271056 -0.00013945087012012995 0.00082578668847084133 -0.00055186230017002173 -0.0005147340586774779 0.00023302981956214617 -0.0005195444263992173 0.00041149086604609506 0.00079873532377987277 0.0006541680300506756 0.00030597194097515548 -0.0004048046742423657 0.00057245018657550305 -0.00040718503877321089 -0.00019158933716113548 -0.0001481323513951468 0.00016163224297455621 -7.2862497768019099e-05 6.6535147786092594e-05 0.0012592397535628706 0.00077134573488726876 -0.0002083357196836503 0.00063582673321483936 -0.00012894589828550164 -0.0003632413010205796 -0.00035576663485807522 -0.00016650303155124025 -0.00040336039025951309
leaf_weight=34655 40611 58854 140781 27168 24194 11584 17519 20564 34677 217579 28721 39258 31717 4047 9225 142296 20404 37139 8363 61945 96259 28834 8359 59619 24950 933 6215 51752 22895 4674
leaf_count=34655 40611 58854 140781 27168 24194 11584 17519 20564 34677 217579 28721 39258 31717 4047 9225 142296 20404 37139 8363 61945 96259 28834 8359 59619 24950 933 6215 51752 22895 4674
internal_value=-0.00120823 -0.0105093 0.00436924 -0.00856924 0.00641673 -0.0181995 -0.0216522 0.000253074 -0.0143748 0.00528491 0.0085409 0.00951333 0.00721701 0.00737153 0.00361664 -0.0109836 -0.00604936 -0.00170096 0.00103023 -0.000177253 0.00191205 0.0114649 0.00557315 -0.00653827 0.00597817 -0.016064 -0.00733366 -0.00809288 -0.00545173 -0.00357591
internal_weight=1.31579e+06 493245 822546 393877 549306 99368 52174 273240 47194 358360 190946 110085 80861 52530 13272 201150 192727 77750 195490 82509 112981 57555 16722 160885 56667 35610 101266 72156 29110 31842
internal_count=1315791 493245 822546 393877 549306 99368 52174 273240 47194 358360 190946 110085 80861 52530 13272 201150 192727 77750 195490 82509 112981 57555 16722 160885 56667 35610 101266 72156 29110 31842
cat_boundaries=0 1 2 3 4 5 6 7 8 9 10 11 12
cat_threshold=3 104 34 81 64 114 112 116 81 33 5 1
is_linear=0
shrinkage=0.05


Tree=23
num_leaves=31
num_cat=13
split_feature=7 7 7 7 1 7 7 1 7 7 7 1 1 1 3 1 1 7 3 1 3 3 1 1 3 1 1 1 6 3
split_gain=25135.2 2847.33 2581.19 853.3 554.25 501.486 205.109 160.341 158.909 129.918 99.2779 93.5375 86.224 85.8738 76.4883 146.433 93.0705 69.7434 80.5244 69.6245 67.7553 60.7533 419.634 122.05 80.1417 95.9939 73.1475 63.6147 57.3445 82.2811
threshold=0.057428253650754317 0.034521400803542678 0.077522266920712082 0.046028074296676803 0 0.098436285050403874 0.028165668868557519 1 0.064430754603633414 0.10992261969582411 0.086387359317017867 2 3 4 2.5000000000000004 5 6 0.052531642595513982 4.5000000000000009 7 4.5000000000000009 5.5000000000000009 8 9 3.5000000000000004 10 11 12 13.284449487363705 4.5000000000000009
decision_type=2 2 2 2 1 2 2 1 2 2 2 1 1 1 2 1 1 2 2 1 2 2 1 1 2 1 1 1 2 2
left_child=1 4 8 13 6 10 -1 -6 12 -7 28 -5 -2 -3 15 -10 20 18 19 -13 -16 23 -23 -12 25 -25 -24 -26 -4 -30
right_child=2 3 5 11 7 9 -8 -9 14 -11 21 17 -14 -15 16 -17 -18 -19 -20 -21 -22 22 26 24 27 -27 -28 -29 29 -31
leaf_value=-0.00076350711093032891 -5.3500802801594034e-06 -0.00033802167034499775 0.00031727782832787665 -0.0001737927657525243 -0.00052426918516152062 0.00050682456931895115 -0.00048899735574360408 -0.00048828926524019834 0.00021497407250855999 0.00082234279688556925 0.00064300437796612007 -0.00019884264493718088 -0.00014417260397421342 -0.00038955148922418978 0.00014477784575080664 -7.1629190675121662e-05 6.0398171184762248e-05 -0.00020654549656317321 -0.00019786432605200643 -0.00033883668558760786 0.00072218511456865445 0.00066473512877542398 -2.6643575829728845e-05 0.00036032325183442339 0.00080117935292681609 0.00015748730456280406 -0.00053191391766271444 0.00035608539264285412 7.9714134199904149e-05 0.00030630471028108013
leaf_weight=34655 41825 52547 58600 31630 11584 155158 17519 35610 19702 82596 35042 14799 40943 138283 8158 60589 93638 68427 28196 54977 8184 14798 9136 48045 10098 40421 4490 34979 43709 17453
leaf_count=34655 41825 52547 58600 31630 11584 155158 17519 35610 19702 82596 35042 14799 40943 138283 8158 60589 93638 68427 28196 54977 8184 14798 9136 48045 10098 40421 4490 34979 43709 17453
internal_value=-0.00119892 -0.0101961 0.00410905 -0.00826591 -0.0177497 0.00606848 -0.0213054 -0.0138113 0.00012956 0.00780407 0.00476582 -0.00596668 -0.00169933 -0.0106519 0.000925128 -0.00024816 0.00178169 -0.00644061 -0.00729647 -0.00820769 0.00526235 0.00545597 0.00331762 0.0058165 0.00512587 0.00425192 -0.00301408 0.00684218 0.00363053 0.0025596
internal_weight=1.31579e+06 488227 827564 388859 99368 554525 52174 47194 273039 237754 316771 198029 82768 190830 190271 80291 109980 166399 97972 69776 16342 197009 28424 168585 133543 88466 13626 45077 119762 61162
internal_count=1315791 488227 827564 388859 99368 554525 52174 47194 273039 237754 316771 198029 82768 190830 190271 80291 109980 166399 97972 69776 16342 197009 28424 168585 133543 88466 13626 45077 119762 61162
cat_boundaries=0 1 2 3 4 5 6 7 8 9 10 11 12 13
cat_threshold=3 104 112 116 114 81 33 5 46 80 5 17 34
is_linear=0
shrinkage=0.05


Tree=24
num_leaves=31
num_cat=11
split_feature=7 7 7 7 1 7 7 1 7 7 2 1 5 1 1 5 6 3 1 1 1 5 3 3 1 2 3 1 3 1
split_gain=23128.2 2811.36 2330.5 787.36 586.835 452.411 222.502 152.336 148.465 144.543 86.9164 106.138 86.6838 78.1365 77.6004 70.6361 68.0003 81.2454 402.251 95.6786 89.3855 59.9691 57.669 57.216 85.5343 56.4856 51.6153 170.382 238.267 150.257
threshold=0.057428253650754317 0.034521400803542678 0.077522266920712082 0.046028074296676803 0 0.096244197453255756 0.028165668868557519 1 0.10879013868478844 0.064430754603633414 19.500000000000004 2 5.5000000000000009 3 4 5.5000000000000009 13.440146702021273 5.5000000000000009 5 6 7 5.5000000000000009 4.5000000000000009 4.5000000000000009 8 14.500000000000002 2.5000000000000004 9 5.5000000000000009 10
decision_type=2 2 2 2 1 2 2 1 2 2 2 1 2 1 1 2 2 2 1 1 1 2 2 2 1 2 2 1 2 1
left_child=1 4 9 14 6 12 -1 23 26 13 11 -5 16 -2 -3 -11 17 19 -19 -4 -20 -13 -18 24 -6 -9 29 -28 -29 -7
right_child=2 3 5 10 7 8 -8 25 -10 15 -12 21 -14 -15 -16 -17 22 18 20 -21 -22 -23 -24 -25 -26 -27 27 28 -30 -31
leaf_value=-0.00072533175538381242 -5.0825762661514676e-06 -0.00032112058682774795 0.00067529623419635982 -0.00036108740180084841 -7.78847906334413e-05 0.00058298641874006407 -0.0004645474879564238 -0.00046915274181724633 0.00075992139909770583 8.3074155173306846e-05 -0.00011719770318312228 -0.00019714251203156209 0.00019795516100118706 -0.00013696397377550263 -0.00037007391476298027 -2.7642667551762424e-05 0.00015460866157732331 0.00083058241237191674 -4.0690460425233528e-05 0.00033384363739677599 -0.00066548618346674859 -0.00028063482469938841 0.0003506259133900097 -0.0001656699800144032 -0.00083685909731798691 -9.8084140109216619e-05 0.00066557081222989596 0.00049487083410389577 -5.7437654419356669e-05 0.00023222817223201783
leaf_weight=34655 41825 52547 23979 15107 1965 34820 17519 34677 92423 129818 18801 112041 86392 40943 138283 60453 45579 7512 5469 80453 3639 52080 17668 3408 6211 933 60833 37058 12549 46151
leaf_count=34655 41825 52547 23979 15107 1965 34820 17519 34677 92423 129818 18801 112041 86392 40943 138283 60453 45579 7512 5469 80453 3639 52080 17668 3408 6211 933 60833 37058 12549 46151
internal_value=-0.00118626 -0.0098168 0.00390538 -0.00789881 -0.0173225 0.00576723 -0.0209806 -0.0132711 0.00716193 0.000124067 -0.0056902 -0.00602947 0.00430482 -0.00162019 -0.0101907 0.00088282 0.00491742 0.00561164 0.00236462 0.00612839 -0.0046995 -0.00565905 0.00358871 -0.00826721 -0.0105431 -0.0148961 0.00636732 0.00707035 0.00489197 0.00540842
internal_weight=1.31579e+06 488227 827564 388859 99368 554525 52174 47194 283834 273039 198029 179228 270691 82768 190830 190271 184299 121052 16620 104432 9108 164121 63247 11584 8176 35610 191411 110440 49607 80971
internal_count=1315791 488227 827564 388859 99368 554525 52174 47194 283834 273039 198029 179228 270691 82768 190830 190271 184299 121052 16620 104432 9108 164121 63247 11584 8176 35610 191411 110440 49607 80971
cat_boundaries=0 1 2 3 4 5 6 7 8 9 10 11
cat_threshold=3 104 2 116 114 46 80 17 72 38 81
is_linear=0
shrinkage=0.05


Tree=25
num_leaves=31
num_cat=14
split_feature=7 7 7 7 1 7 7 7 1 3 1 1 1 3 1 1 3 1 3 1 1 6 3 1 3 1 1 5 1 3
split_gain=21286.1 2759.85 2122.36 738.916 599.983 317.598 283.339 241.609 149.138 83.3544 156.626 118.841 82.6334 85.5999 264.65 172.312 148.277 360.898 106.668 81.9858 73.5112 68.0048 85.0169 232.717 77.9188 144.413 139.001 66.4972 65.4813 171.356
threshold=0.057428253650754317 0.034521400803542678 0.084611166957296327 0.046028074296676803 0 0.071194167871942035 0.1049496474989602 0.028165668868557519 1 3.5000000000000004 2 3 4 2.5000000000000004 5 6 5.5000000000000009 7 3.5000000000000004 8 9 12.775502262725922 5.5000000000000009 10 4.5000000000000009 11 12 5.5000000000000009 13 5.5000000000000009
decision_type=2 2 2 2 1 2 2 2 1 2 1 1 1 2 1 1 2 1 2 1 1 2 2 1 2 1 1 2 1 2
left_child=1 4 5 20 7 9 12 -1 -6 11 -11 -2 -4 14 -14 18 -17 -18 -15 -5 -3 22 -7 -24 25 -23 -26 -21 -12 -30
right_child=2 3 6 19 8 21 -8 -9 -10 10 28 -13 13 15 -16 16 17 -19 -20 27 -22 24 23 -25 26 -27 -28 -29 29 -31
leaf_value=-0.00068906516761462172 0.00010194703516673148 -0.00030506455748636059 0.00025972513332019851 -0.00015515429365362701 -0.0004662650012466574 0.00043806071086169019 0.00065546815344111992 -0.00044132011355860272 -0.00044044155332959321 0.00050075180249306052 3.3175874646091535e-05 -0.00010853230474565969 0.00066997742157915016 0.0003323644682398097 0.00016893420426979043 0.00046274941535563236 0.00048025552113630871 -0.00049446025820197267 0.00083335427272961744 -0.0001984567456206364 -0.00035157021902483131 0.00024667128452842969 0.0012176957505022916 -0.00068294588452936101 0.0003238521331955534 7.7164765384385436e-07 -3.3502143966437918e-05 -0.00028364516528994396 3.3416735716807619e-05 -0.00052397950880643811
leaf_weight=34655 23063 52547 127322 31630 11584 27718 133484 17519 35610 11954 54657 87338 28402 11055 55779 52817 10527 7068 34056 113759 138283 27842 2005 2824 27593 71304 12263 52640 12248 6245
leaf_count=34655 23063 52547 127322 31630 11584 27718 133484 17519 35610 11954 54657 87338 28402 11055 55779 52817 10527 7068 34056 113759 138283 27842 2005 2824 27593 71304 12263 52640 12248 6245
internal_value=-0.00117395 -0.00945365 0.00371071 -0.00755332 -0.0168902 0.000874531 0.00597131 -0.0205887 -0.0127945 -0.000503184 0.000672706 -0.00140963 0.00517895 0.00581406 0.00460169 0.00669802 0.00514967 0.00117505 0.00911161 -0.00541373 -0.00977362 0.00244464 0.00450195 -0.00162042 0.00196292 0.00121235 0.00383004 -0.00585741 -0.000194779 -0.00276577
internal_weight=1.31579e+06 488227 827564 388859 99368 367054 460510 52174 47194 195505 85104 110401 327026 199704 84181 115523 70412 17595 45111 198029 190830 171549 32547 4829 139002 99146 39856 166399 73150 18493
internal_count=1315791 488227 827564 388859 99368 367054 460510 52174 47194 195505 85104 110401 327026 199704 84181 115523 70412 17595 45111 198029 190830 171549 32547 4829 139002 99146 39856 166399 73150 18493
cat_boundaries=0 1 2 3 4 5 6 7 8 9 10 11 12 13 14
cat_threshold=3 104 32 80 9 80 34 20 112 114 44 81 44 14
is_linear=0
shrinkage=0.05


Tree=26
num_leaves=31
num_cat=12
split_feature=7 7 7 7 1 7 7 7 1 5 6 1 2 1 3 1 3 1 2 1 6 3 1 1 3 1 3 1 1 3
split_gain=19568.1 2692.5 1914.02 684.515 613.875 279.505 267.566 255.628 145.027 88.4491 77.1921 74.9803 127.827 131.827 70.3667 119.186 68.4299 91.4997 68.3126 85.4286 65.8128 86.5888 144.084 124.765 75.1187 223.327 60.5835 103.159 58.4263 55.6337
threshold=0.057428253650754317 0.034521400803542678 0.084255406639824934 0.046618293312646497 0 0.069397796195364417 0.10626256099500953 0.028165668868557519 1 5.5000000000000009 12.750319505129609 2 20.500000000000004 3 4.5000000000000009 4 4.5000000000000009 5 19.500000000000004 6 12.763054968923383 4.5000000000000009 7 8 5.5000000000000009 9 3.5000000000000004 10 11 2.5000000000000004
decision_type=2 2 2 2 1 2 2 2 1 2 2 1 2 1 2 1 2 1 2 1 2 2 1 1 2 1 2 1 1 2
left_child=1 4 5 11 7 10 9 -1 -6 28 -2 14 13 -13 -3 -16 -12 -18 19 -5 24 22 -22 -23 -7 -26 27 -15 -4 -8
right_child=2 3 6 18 8 20 29 -9 -10 -11 16 12 -14 26 15 -17 17 -19 -20 -21 21 23 -24 -25 25 -27 -28 -29 -30 -31
leaf_value=-0.00065461190923389069 0.00011723511458068409 -0.00030328441954014071 0.00027695926022421605 -0.00035699256421033393 -0.00044295175118432462 0.00038171362685275324 0.00051308900837956158 -0.00041925410788067264 -0.00041841947566311367 0.00026264664091572577 -9.005708465486158e-05 -6.8099543379091667e-05 -0.00039656562471256828 -0.00016136756225068952 -0.0002191936278974748 -0.00045656214079615835 8.6904747238858795e-05 -0.00022635410320710899 -0.0001021056516042309 -0.00020126983693505228 0.00022887216245028597 0.00028600992974309739 -6.7932115286897804e-06 -1.81822350820246e-05 -0.00066762044527100622 0.0010698924296671138 -0.00021918681047251415 -0.00036344077277606881 0.00043223027071116472 0.00075332022951594838
leaf_weight=34655 30035 83300 90983 9622 11584 30131 50076 17519 35610 110734 94888 10031 23754 5259 7856 25927 31310 7425 18624 159463 29423 32009 86414 14691 2899 2313 21730 23293 145978 68255
leaf_count=34655 30035 83300 90983 9622 11584 30131 50076 17519 35610 110734 94888 10031 23754 5259 7856 25927 31310 7425 18624 159463 29423 32009 86414 14691 2899 2313 21730 23293 145978 68255
internal_value=-0.00115605 -0.00909459 0.00352734 -0.00721759 -0.0164399 0.000797288 0.00564529 -0.0201805 -0.0122977 0.00494636 -0.000731403 -0.0092441 -0.00809883 -0.00687621 -0.0100649 -0.0119905 -0.00124623 0.000524719 -0.00504598 -0.00536254 0.0020616 0.0016364 0.00090364 0.00345396 0.00401706 -0.00152533 -0.00791975 -0.00943542 0.00549152 0.00769895
internal_weight=1.31579e+06 488227 827564 388859 99368 361538 466026 52174 47194 347695 163658 201150 84067 60313 117083 33783 133623 38735 187709 169085 197880 162537 115837 46700 35343 5212 50282 28552 236961 118331
internal_count=1315791 488227 827564 388859 99368 361538 466026 52174 47194 347695 163658 201150 84067 60313 117083 33783 133623 38735 187709 169085 197880 162537 115837 46700 35343 5212 50282 28552 236961 118331
cat_boundaries=0 1 2 3 4 5 6 7 8 9 10 11 12
cat_threshold=3 104 5 56 4 46 2 81 44 65 64 9
is_linear=0
shrinkage=0.05


Tree=27
num_leaves=31
num_cat=10
split_feature=7 7 7 1 7 7 7 1 7 7 6 3 1 5 1 2 1 5 5 3 1 2 3 1 5 1 3 3 1 1
split_gain=17984.7 2589.64 1792.8 625.764 601.27 367.191 268.831 136.204 126.535 114.925 88.0852 188.917 205.567 73.5166 68.6375 65.203 82.0757 64.1211 59.4745 59.024 73.3233 55.1523 52.0858 79.9015 50.5318 49.6796 48.0556 45.4084 164.695 139.617
threshold=0.05694086532003715 0.034521400803542678 0.076536027880184682 0 0.046314219883237036 0.096960038120790362 0.028165668868557519 1 0.11437927845860141 0.064430754603633414 12.609590024708785 5.5000000000000009 2 5.5000000000000009 3 19.500000000000004 4 5.5000000000000009 5.5000000000000009 3.5000000000000004 5 14.500000000000002 4.5000000000000009 6 5.5000000000000009 7 3.5000000000000004 2.5000000000000004 8 9
decision_type=2 2 2 1 2 2 2 1 2 2 2 2 1 2 1 2 1 2 2 2 1 2 2 1 2 1 2 2 1 1
left_child=1 3 9 6 13 10 -1 22 27 14 11 25 -13 -3 -2 16 -6 -12 -11 -10 -21 -9 23 -5 -18 -4 -16 28 -7 -29
right_child=2 4 5 7 15 8 -8 21 19 18 17 12 -14 -15 26 -17 24 -19 -20 20 -22 -23 -24 -25 -26 -27 -28 29 -30 -31
leaf_value=-0.00062188131377219629 -5.3504309250777126e-06 -0.00027661464896936545 0.00074373118656996919 -2.8529713480220099e-05 -0.00032084208206425248 0.00055353758150488742 -0.00039829140248663912 -0.00040275205327674861 0.00058379328934962953 6.7675519007155685e-05 0.00023073004986203031 0.0016320446288492199 -0.00041422307196112632 -0.00036932909357432629 -0.00018586941576608472 -8.9338849795826688e-05 -0.00016758605452730954 0.00013140378605276776 -3.6145961952440894e-05 0.0011286632878427683 0.00029218647515643351 -5.0236881654120578e-05 -0.00011192564339213389 -0.00074955530483053825 -0.0002446315325737674 0.00039356443464038906 -4.4379280083281515e-05 0.00059862567485727963 0.0002058881830792208 0.00030945815430834245
leaf_weight=34655 43138 132566 20900 1965 12294 37744 17519 34677 31739 123032 167093 1841 5826 63425 25334 16712 108455 76536 57310 21140 3524 933 3408 6211 50268 23434 19435 69696 52332 52649
leaf_count=34655 43138 132566 20900 1965 12294 37744 17519 34677 31739 123032 167093 1841 5826 63425 25334 16712 108455 76536 57310 21140 3524 933 3408 6211 50268 23434 19435 69696 52332 52649
internal_value=-0.00113614 -0.00881082 0.00331628 -0.0160046 -0.0069479 0.00491564 -0.019781 -0.0118232 0.00625298 -4.91148e-05 0.00369956 0.00556768 -0.00167927 -0.00888497 -0.00153145 -0.00492558 -0.00521688 0.00330082 0.000673443 0.00835815 0.010193 -0.0133591 -0.00709419 -0.00926492 -0.00491092 0.00682095 -0.00290259 0.005694 0.00484202 0.00632126
internal_weight=1.31579e+06 483088 832703 99368 383720 564454 52174 47194 268824 268249 295630 52001 7667 195991 87907 187729 171017 243629 180342 56403 24664 35610 11584 8176 158723 44334 44769 212421 90076 122345
internal_count=1315791 483088 832703 99368 383720 564454 52174 47194 268824 268249 295630 52001 7667 195991 87907 187729 171017 243629 180342 56403 24664 35610 11584 8176 158723 44334 44769 212421 90076 122345
cat_boundaries=0 1 2 3 4 5 6 7 8 9 10
cat_threshold=3 104 36 116 2 34 72 64 81 38
is_linear=0
shrinkage=0.05


Tree=28
num_leaves=31
num_cat=11
split_feature=7 7 7 1 7 7 7 1 7 7 6 3 1 1 5 1 3 1 1 3 1 1 3 1 1 3 3 5 2 5
split_gain=16501.7 2436.2 1730.92 643.208 506.411 354.823 279.361 134.709 132.394 113.14 75.0261 144.103 179.839 66.3334 64.5619 64.3216 58.0747 202.638 199.027 186.884 82.2879 80.4977 56.2697 90.9837 71.1528 56.1048 53.9282 52.5116 51.4261 51.3468
threshold=0.056101570916515055 0.034521400803542678 0.075491315677096354 0 0.045771777356362224 0.094640789754007873 0.028165668868557519 1 0.11133455822118264 0.064049632428339623 12.564743969732836 5.5000000000000009 2 3 5.5000000000000009 4 3.5000000000000004 5 6 5.5000000000000009 7 8 2.5000000000000004 9 10 4.5000000000000009 4.5000000000000009 5.5000000000000009 14.500000000000002 5.5000000000000009
decision_type=2 2 2 1 2 2 2 1 2 2 2 2 1 1 2 1 2 1 1 2 1 1 2 1 1 2 2 2 2 2
left_child=1 3 9 6 14 10 -1 -5 29 13 11 -4 -13 -2 -3 -6 18 20 -12 -19 -18 -21 23 -11 25 -24 -22 -17 -9 -7
right_child=2 4 5 7 15 8 -8 28 -10 22 16 12 -14 -15 -16 27 17 19 -20 21 26 -23 24 -25 -26 -27 -28 -29 -30 -31
leaf_value=-0.00059078724808358661 -9.948719495618541e-06 -0.00026518234205427302 0.00053875731841107816 -0.00039507745410104976 -0.00013121661644029358 0.00040037360484390384 -0.00037837683236230726 -0.00038261445061291111 0.00067573171900936349 5.8662569172125706e-05 0.00029233325402575202 -0.00048573813860608721 0.0015706583345714725 -0.00012042474299199143 -0.00035367319621786784 -0.0001757648491462864 0.00092967426005851001 0.00020838377419976663 4.0522053725427362e-05 -0.00012248366765700154 0.00016702796382051904 -0.00074795228204198804 9.651920185280578e-05 -0.00012206508462264468 3.3900305457923791e-05 0.00061453915068117879 0.00036623591549095477 -0.00025293430709310248 -4.7725037571414582e-05 0.00029754419943933132
leaf_weight=34655 41575 125549 33383 11584 29071 165816 17519 34677 72034 39813 45350 4154 1580 51180 60098 108645 5679 22818 79815 9273 18688 2303 7717 34077 85892 7776 36683 50165 933 77289
leaf_count=34655 41575 125549 33383 11584 29071 165816 17519 34677 72034 39813 45350 4154 1580 51180 60098 108645 5679 22818 79815 9273 18688 2303 7717 34077 85892 7776 36683 50165 933 77289
internal_value=-0.00111775 -0.00859333 0.00307633 -0.0155513 -0.00674233 0.00462348 -0.0193795 -0.0113126 0.00575119 -0.000241951 0.00325516 0.00527328 -0.00204918 -0.00165409 -0.0085944 -0.00491228 0.00289732 0.00382633 0.00218891 0.000755726 0.00555519 -0.00441862 0.000505349 -0.000544052 0.00127016 0.00438786 0.00496515 -0.00530821 -0.0128397 0.00519333
internal_weight=1.31579e+06 472896 842895 99368 373528 574865 52174 47194 315139 268030 259726 39117 5734 92755 185647 187881 220609 95444 125165 34394 61050 11576 175275 73890 101385 15493 55371 158810 35610 243105
internal_count=1315791 472896 842895 99368 373528 574865 52174 47194 315139 268030 259726 39117 5734 92755 185647 187881 220609 95444 125165 34394 61050 11576 175275 73890 101385 15493 55371 158810 35610 243105
cat_boundaries=0 1 2 3 4 5 6 7 8 9 10 11
cat_threshold=3 104 65 116 112 46 81 32 17 88 32
is_linear=0
shrinkage=0.05


Tree=29
num_leaves=31
num_cat=13
split_feature=7 7 7 1 7 7 7 1 7 7 3 1 1 1 1 7 3 1 5 1 3 1 5 1 3 1 3 1 3 1
split_gain=15127.8 2331.35 1563.39 644.744 469.804 299.762 288.456 126.005 118.942 100.122 74.7419 202.134 120.782 69.9936 64.8821 63.9002 82.7876 77.506 60.7794 60.1766 58.3401 170.846 54.9363 54.0393 54.536 362.382 53.3713 53.8662 48.1247 66.6773
threshold=0.056101570916515055 0.034521400803542678 0.077032174627853778 0 0.045081121153866428 0.10189595550363319 0.029154964549149176 1 0.064049632428339623 0.08960462641287327 3.5000000000000004 2 3 4 5 0.049373452292769696 3.5000000000000004 6 5.5000000000000009 7 5.5000000000000009 8 5.5000000000000009 9 5.5000000000000009 10 3.5000000000000004 11 3.5000000000000004 12
decision_type=2 2 2 1 2 2 2 1 2 2 2 1 1 1 1 2 2 1 2 1 2 1 2 1 2 1 2 1 2 1
left_child=1 3 8 6 22 9 -1 28 19 23 12 14 -7 -6 -12 16 -15 -18 -10 -2 -13 -22 -3 24 -4 -26 -21 -28 29 -5
right_child=2 4 5 7 13 10 -8 -9 18 -11 11 20 -14 15 -16 -17 17 -19 -20 26 21 -23 -24 -25 25 -27 27 -29 -30 -31
leaf_value=-0.00056092802294115574 2.1387983972440477e-05 -0.00025586259371363499 0.00039382786362112125 -5.899196291137346e-06 -0.00012400712971195258 0.00085109422974412254 -0.00035921314733182409 -0.00035854255204135143 6.4314003610772835e-05 0.00029902477665984077 0.001509928982822996 0.00045781623108232113 0.0003374986997557311 -0.00027865035019063872 0.00068977228148211231 -0.00017019007750679606 -0.00037901767946160356 -0.0001288171832263537 -3.730762190823252e-05 -0.00015671545361259191 -0.00052000393241333068 0.0004231754189846924 -0.00034147220709625264 0.0001306041541554722 0.0011183404034738457 -0.00075355720093489911 -0.00032140875732096285 -4.8596789384819379e-06 -0.00016199771590013452 -0.00076314418285931525
leaf_weight=34734 28522 115064 35252 1579 29921 14601 17440 35610 129937 217976 12931 23579 84244 37223 27581 107921 3310 24880 60658 36408 3724 8152 55209 125424 2957 3124 2472 25353 5133 4872
leaf_count=34734 28522 115064 35252 1579 29921 14601 17440 35610 129937 217976 12931 23579 84244 37223 27581 107921 3310 24880 60658 36408 3724 8152 55209 125424 2957 3124 2472 25353 5133 4872
internal_value=-0.00108743 -0.00824505 0.00292827 -0.0150516 -0.00643432 0.00446063 -0.0188841 -0.0108084 -9.7759e-05 0.00368054 0.00617749 0.00735681 0.00527113 -0.00481132 0.00977 -0.00519689 -0.0064303 -0.00438631 0.000616884 -0.00156622 0.00459538 0.0017388 -0.0083717 0.00275835 0.00432661 -4.52228e-05 -0.00241466 -0.000766397 -0.00626186 -0.00914199
internal_weight=1.31579e+06 472896 842895 99368 373528 559545 52174 47194 283350 384733 174812 75967 98845 203255 40512 173334 65413 28190 190595 92755 35455 11876 170273 166757 41333 6081 64233 27825 11584 6451
internal_count=1315791 472896 842895 99368 373528 559545 52174 47194 283350 384733 174812 75967 98845 203255 40512 173334 65413 28190 190595 92755 35455 11876 170273 166757 41333 6081 64233 27825 11584 6451
cat_boundaries=0 1 2 3 4 5 6 7 8 9 10 11 12 13
cat_threshold=3 104 34 64 112 32 1 112 64 98 34 1 72
is_linear=0
shrinkage=0.05


Tree=30
num_leaves=31
num_cat=8
split_feature=7 7 7 1 7 7 7 7 1 5 5 2 1 3 6 3 1 1 1 3 1 3 5 6 3 1 6 2 5 3
split_gain=13881.6 2240.5 1418.46 649.06 431.945 294.549 238.676 180.019 116.339 71.635 65.6362 65.4808 79.3445 78.2741 59.281 69.8321 158.048 143.984 63.1818 61.7903 164.969 59.3445 50.1204 49.5821 85.7865 96.5159 48.4749 48.4696 46.1183 43.179
threshold=0.056101570916515055 0.034521400803542678 0.084949763559802313 0 0.045081121153866428 0.029154964549149176 0.069138517793051232 0.10626256099500953 1 5.5000000000000009 5.5000000000000009 19.500000000000004 2 3.5000000000000004 12.609590024708785 4.5000000000000009 3 4 5 5.5000000000000009 6 5.5000000000000009 5.5000000000000009 12.524089917644028 5.5000000000000009 7 12.619159467767542 14.500000000000002 5.5000000000000009 3.5000000000000004
decision_type=2 2 2 1 2 2 2 2 1 2 2 2 1 2 2 2 1 1 1 2 1 2 2 2 2 1 2 2 2 2
left_child=1 3 6 5 22 -1 9 10 29 26 23 12 13 -6 19 16 -16 -17 21 -8 -21 -19 -3 24 -4 -26 -2 -10 -9 -5
right_child=2 4 7 8 11 -7 14 28 27 -11 -12 -13 -14 -15 15 17 -18 18 -20 20 -22 -23 -24 -25 25 -27 -28 -29 -30 -31
leaf_value=-0.00053288162179409779 0.00017204283593938858 -0.00024306946402795316 0.00061813118246099516 -0.00048939202496263467 -0.00032392961483716808 -0.00034125248996523289 0.00039584667186287408 0.00058146700327314543 -0.00034555660048019786 -0.00011751230977562339 0.00021190741905875515 -5.7719784424360714e-05 -0.00017017361493933299 -0.00014803428624671246 0.00020774202154713389 0.00026109105327552957 -1.628605270329736e-05 -1.3984597048193049e-05 2.4377056638252848e-05 0.0011575222187841891 -0.00061619614167676251 -0.00088920336278762316 -0.00032439859674144 0.00027714586243443378 0.0017058902098642454 -0.00026866005377191655 -2.499821805172428e-05 -2.7411658090776073e-05 0.00041650798268111843 -0.00015389783010512776
leaf_weight=34734 17173 115064 28191 6451 14656 17440 24506 80488 34677 55641 107545 13447 164050 11102 35615 35320 95850 1359 14917 1753 2538 1365 55209 197087 1026 3405 101273 933 37843 5133
leaf_count=34734 17173 115064 28191 6451 14656 17440 24506 80488 34677 55641 107545 13447 164050 11102 35615 35320 95850 1359 14917 1753 2538 1365 55209 197087 1026 3405 101273 933 37843 5133
internal_value=-0.0010606 -0.00791707 0.00278614 -0.0145897 -0.00614198 -0.0184348 0.000561566 0.00467734 -0.0103328 -0.000812094 0.00408861 -0.00458574 -0.00482461 -0.00740647 0.0016831 0.00135366 0.000736127 0.00288656 -0.000803071 0.00379293 -0.00174202 -0.00779078 -0.00799965 0.00456589 0.00637147 -9.59151e-05 -0.000116931 -0.0117518 0.00635527 -0.00596429
internal_weight=1.31579e+06 472896 842895 99368 373528 52174 387310 455585 47194 174087 337254 203255 189808 25758 213223 184426 131465 52961 17641 28797 4291 2724 170273 229709 32622 4431 118446 35610 118331 11584
internal_count=1315791 472896 842895 99368 373528 52174 387310 455585 47194 174087 337254 203255 189808 25758 213223 184426 131465 52961 17641 28797 4291 2724 170273 229709 32622 4431 118446 35610 118331 11584
cat_boundaries=0 1 2 3 4 5 6 7 8
cat_threshold=3 104 2 81 44 64 36 38
is_linear=0
shrinkage=0.05


Tree=31
num_leaves=31
num_cat=10
split_feature=7 7 7 7 1 7 7 1 7 6 3 1 7 5 1 1 3 3 1 1 3 3 3 1 1 3 1 7 3 5
split_gain=12704.3 2085.53 1376.12 669.591 416.846 262.189 193.952 135.876 108.164 86.025 134.878 151.566 83.1448 65.9387 62.9715 58.0938 90.182 57.0795 116.916 77.1432 94.716 49.4382 48.9313 86.8501 67.1838 49.9936 47.352 47.0217 45.6332 44.2481
threshold=0.055380707831157457 0.024630190825150434 0.075995310721284556 0.044872557787056198 0 0.09920915220449486 0.034521400803542678 1 0.064049632428339623 12.524089917644028 5.5000000000000009 2 0.11621054548671803 5.5000000000000009 3 4 4.5000000000000009 3.5000000000000004 5 6 5.5000000000000009 3.5000000000000004 2.5000000000000004 7 8 4.5000000000000009 9 0.048395305166077367 4.5000000000000009 5.5000000000000009
decision_type=2 2 2 2 1 2 2 1 2 2 2 1 2 2 1 1 2 2 1 1 2 2 2 1 1 2 1 2 2 2
left_child=1 4 8 6 -1 9 7 -3 15 10 -4 -12 -7 -11 -5 16 -2 18 27 20 -19 -14 23 -10 25 -24 -23 -16 -21 -8
right_child=2 3 5 14 -6 12 29 -9 22 13 11 -13 21 -15 17 -17 -18 19 -20 28 -22 26 24 -25 -26 -27 -28 -29 -30 -31
leaf_value=-0.00050663377189376303 -8.0214400723941173e-05 -0.0002302390598893353 0.00052393362735000883 -0.00011374620007720288 -0.00041375960558252063 0.00035796729102615044 -0.00023245879169394822 -0.00032458724304589297 0.0001553366224427276 0.00020218787365982663 -0.00036405189193414075 0.0014454820547483136 0.00048200193964373085 0.00010886458441169319 -0.00024572767421430049 -8.6911872802230428e-05 0.00099286598614943869 -0.00014264910294531502 -0.00024430528198626843 -0.00018325291285212626 -0.00038901005932417742 0.00094995387524399177 9.3447799159845221e-05 -6.9158673235203416e-05 3.1123672403278808e-05 0.00057609739370498747 0.00015998859610440107 -8.3790286777353515e-05 -6.4631873772431035e-05 -0.0003096429639444915
leaf_weight=34611 6394 6978 40078 28446 7533 171069 111433 50246 17642 206156 5208 1760 28675 94556 5345 94325 2554 15225 66242 16705 7620 20229 7883 58393 88484 7934 2073 24941 33560 53493
leaf_count=34611 6394 6978 40078 28446 7533 171069 111433 50246 17642 206156 5208 1760 28675 94556 5345 94325 2554 15225 66242 16705 7620 20229 7883 58393 88484 7934 2073 24941 33560 53493
internal_value=-0.00103499 -0.00770971 0.00258137 -0.0066463 -0.0183134 0.00399787 -0.00853095 -0.0110391 -0.000264537 0.00314083 0.00512902 -0.00129162 0.00534011 0.00282978 -0.00453267 -0.00155486 0.00229404 -0.00489779 -0.00569627 -0.00384421 -0.00625356 0.00711252 0.000474392 -0.000490235 0.0011776 0.00417799 0.00887813 -0.00311922 -0.00274739 -0.00766071
internal_weight=1.31579e+06 462378 853413 420234 42144 569804 222150 57224 283609 347758 47046 6968 222046 300712 198084 103273 8948 169638 96528 73110 22845 50977 180336 76035 104301 15817 22302 30286 50265 164926
internal_count=1315791 462378 853413 420234 42144 569804 222150 57224 283609 347758 47046 6968 222046 300712 198084 103273 8948 169638 96528 73110 22845 50977 180336 76035 104301 15817 22302 30286 50265 164926
cat_boundaries=0 1 2 3 4 5 6 7 8 9 10
cat_threshold=3 104 65 112 32 1 1 80 32 34
is_linear=0
shrinkage=0.05


Tree=32
num_leaves=31
num_cat=12
split_feature=7 7 7 7 1 7 7 1 7 7 1 6 3 1 3 1 1 3 3 1 1 1 1 5 2 3 1 1 3 3
split_gain=11640.6 2024.28 1248.39 615.874 409.623 251.426 184.767 129.157 115.325 93.3424 67.2405 66.1786 119.516 167.101 72.5157 171.975 135.644 132.907 104.027 74.3747 59.2614 56.9068 55.0792 54.226 51.853 49.0939 394.718 68.9524 176.066 48.7824
threshold=0.055380707831157457 0.024630190825150434 0.075491315677096354 0.044872557787056198 0 0.092200432267289856 0.034521400803542678 1 0.11437927845860141 0.064049632428339623 2 12.572492825033674 5.5000000000000009 3 2.5000000000000004 4 5 5.5000000000000009 4.5000000000000009 6 7 8 9 5.5000000000000009 12.500000000000002 5.5000000000000009 10 11 2.5000000000000004 3.5000000000000004
decision_type=2 2 2 2 1 2 2 1 2 2 1 2 2 1 2 1 1 2 2 1 1 1 1 2 2 2 1 1 2 2
left_child=1 4 9 6 -1 10 7 -3 11 22 25 12 -7 -14 15 -13 18 -18 -16 -20 -19 -5 -2 -23 -17 27 -27 -4 -29 -24
right_child=2 3 5 21 -6 8 -8 -9 -10 -11 -12 14 13 -15 16 24 17 20 19 -21 -22 23 29 -25 -26 26 -28 28 -30 -31
leaf_value=-0.00048130208329907491 1.7555111146249844e-05 -0.00021872710689486847 0.00048768120701567084 -0.00010805889007334275 -0.00039307162530339456 0.0005860858491041857 -0.00024407287671319967 -0.00030835788089359845 0.00060238179726074888 2.1294060167072889e-05 0.0001117844141379696 0.00029051990107360482 0.0014472194722381843 -0.00025857814667125601 0.0002869711351964413 -0.00026016695941999228 0.00026531416487496839 8.6909027504931961e-06 0.0012632423798204708 0.00050050183052798502 -0.00050800458018756482 -0.00014768663810226253 -0.00014062719091121196 -0.00022243876825739381 6.6701306572427435e-05 0.00091365339195552191 -0.00067669320606686542 -0.0001111328786351902 0.00052350925616837765 -3.0753266309603738e-05
leaf_weight=34611 30264 6978 24005 28446 7533 47807 164926 50246 56403 175275 159800 65791 2094 6129 43431 6022 40243 10443 4621 38840 3003 116128 41367 53510 31796 4466 4139 12564 13268 31642
leaf_count=34611 30264 6978 24005 28446 7533 47807 164926 50246 56403 175275 159800 65791 2094 6129 43431 6022 40243 10443 4621 38840 3003 116128 41367 53510 31796 4466 4139 12564 13268 31642
internal_value=-0.00100519 -0.00739438 0.00245646 -0.0063467 -0.0178412 0.00378763 -0.00815418 -0.0106022 0.00460563 -0.000290794 0.00245095 0.00421591 0.00576566 0.000197616 0.00386031 0.00285665 0.00460002 0.00262249 0.00582092 0.00755102 -0.0016808 -0.00431963 -0.0014832 -0.00466672 0.000169187 0.00390235 0.000415456 0.00450519 0.00270877 -0.00222648
internal_weight=1.31579e+06 462378 853413 420234 42144 574865 222150 57224 356623 278548 218242 300220 56030 8223 244190 103609 140581 53689 86892 43461 13446 198084 103273 169638 37818 58442 8605 49837 25832 73009
internal_count=1315791 462378 853413 420234 42144 574865 222150 57224 356623 278548 218242 300220 56030 8223 244190 103609 140581 53689 86892 43461 13446 198084 103273 169638 37818 58442 8605 49837 25832 73009
cat_boundaries=0 1 2 3 4 5 6 7 8 9 10 11 12
cat_threshold=3 104 98 38 85 54 32 9 112 112 34 64
is_linear=0
shrinkage=0.05


Tree=33
num_leaves=31
num_cat=12
split_feature=7 7 7 7 1 7 7 1 7 1 3 1 1 3 1 6 3 1 5 3 1 1 3 3 1 1 5 2 3 1
split_gain=10662.9 1941.73 1163.09 542.755 401.111 229.997 174.012 113.588 104.59 94.9771 91.1764 138.864 134.531 73.1163 60.662 60.0998 98.3492 124.935 59.7564 57.7428 167.377 133.808 140.418 100.516 78.8807 58.9774 48.9929 48.844 47.7181 54.1486
threshold=0.055074923248330736 0.024630190825150434 0.075491315677096354 0.044872557787056198 0 0.092200432267289856 0.036427205497572696 1 0.11437927845860141 2 2.5000000000000004 3 4 4.5000000000000009 5 12.502919158420534 5.5000000000000009 6 5.5000000000000009 2.5000000000000004 7 8 5.5000000000000009 4.5000000000000009 9 10 5.5000000000000009 21.500000000000004 2.5000000000000004 11
decision_type=2 2 2 2 1 2 2 1 2 1 2 1 1 2 1 2 2 1 2 2 1 1 2 2 1 1 2 2 2 1
left_child=1 4 9 6 -1 14 7 -3 15 -2 12 13 -11 -12 -4 16 -7 -18 -14 20 -17 23 -23 -21 -25 -24 -5 -9 -10 -30
right_child=2 3 5 26 -6 8 -8 27 28 10 11 -13 18 -15 -16 19 17 -19 -20 21 -22 22 25 24 -26 -27 -28 -29 29 -31
leaf_value=-0.00045723697913412114 -0.00018085390752166537 -0.00024978151605430619 0.00028254062820521063 -0.00013634347073024391 -0.00037341804403822482 0.00060218595026890337 -0.00022859690528308045 -0.00029916350712499344 0.0003834277701243852 0.00011279675239602439 0.00010874733524397461 4.5742580470929665e-06 -5.7690697012015296e-05 0.00064059477465040976 0.00010619519343107141 0.00028799650642447885 0.0016037826820582892 -0.00025184225478533942 -0.00020168256411728092 0.00027671761357340313 1.3310178597859131e-05 0.00025588452148318092 6.983541970999319e-06 0.0012323777826590528 0.0004759042593204137 -0.00045529817755988225 -0.00020328588365986605 -0.00011882447456778058 0.00079826821383144765 0.00022404524037393064
leaf_weight=34611 13113 10531 58442 131847 7533 37875 159519 50372 23752 26080 10378 135607 60249 10362 159800 69897 1614 4917 27849 44220 38669 44061 11179 5087 39121 3580 61147 1728 27979 4672
leaf_count=34611 13113 10531 58442 131847 7533 37875 159519 50372 23752 26080 10378 135607 60249 10362 159800 69897 1614 4917 27849 44220 38669 44061 11179 5087 39121 3580 61147 1728 27979 4672
internal_value=-0.000978252 -0.0071455 0.00230678 -0.0061074 -0.0173714 0.0035995 -0.00779248 -0.0100258 0.00438187 -0.000313251 -0.000111723 0.000672702 -0.00118587 0.00448193 0.00232105 0.00401073 0.00570869 4.21069e-05 -0.00211956 0.00371598 0.00284113 0.00436101 0.00251147 0.00559036 0.00727696 -0.00170913 -0.00416775 -0.0109835 0.00635737 0.00759778
internal_weight=1.31579e+06 457288 858503 415144 42144 574865 222150 62631 356623 283638 270525 156347 114178 20740 218242 300220 44406 6531 88098 255814 108566 147248 58820 88428 44208 14759 192994 52100 56403 32651
internal_count=1315791 457288 858503 415144 42144 574865 222150 62631 356623 283638 270525 156347 114178 20740 218242 300220 44406 6531 88098 255814 108566 147248 58820 88428 44208 14759 192994 52100 56403 32651
cat_boundaries=0 1 2 3 4 5 6 7 8 9 10 11 12
cat_threshold=3 104 1 32 80 98 36 85 54 32 9 34
is_linear=0
shrinkage=0.05


Tree=34
num_leaves=31
num_cat=10
split_feature=7 7 7 7 1 7 7 1 7 7 5 7 1 5 1 2 1 3 3 1 6 3 1 3 1 1 3 3 1 2
split_gain=9737.52 1868.15 1048.4 500.716 390.53 212.85 145.642 101.644 91.5635 83.891 58.1523 58.0113 123.221 49.8402 48.763 46.4636 45.0954 65.9075 65.6765 88.5923 44.3372 88.0831 115.939 55.8172 129.06 104.196 100.511 76.4568 53.7104 47.2468
threshold=0.055074923248330736 0.024630190825150434 0.074994913060566937 0.044312859329215457 0 0.092533608887427149 0.036427205497572696 1 0.11133455822118264 0.061649426708659048 5.5000000000000009 0.049066712573575526 2 5.5000000000000009 3 21.500000000000004 4 4.5000000000000009 5.5000000000000009 5 12.572492825033674 5.5000000000000009 6 2.5000000000000004 7 8 5.5000000000000009 4.5000000000000009 9 12.500000000000002
decision_type=2 2 2 2 1 2 2 1 2 2 2 2 1 2 1 2 1 2 2 1 2 2 1 2 1 1 2 2 1 2
left_child=1 4 9 6 -1 10 7 -3 20 14 -4 12 -5 -11 -2 -9 17 -13 -18 -20 21 -7 -23 24 -22 27 -27 -25 -29 -26
right_child=2 3 5 11 -6 8 -8 15 -10 13 -12 16 -14 -15 -16 -17 18 -19 19 -21 23 22 -24 25 29 26 -28 28 -30 -31
leaf_value=-0.0004343751301774151 -0.0001423379824322394 -0.0002372924402515908 0.00016737798176371424 -0.00011040267240205182 -0.00035474714183631362 0.00051215359550943896 -0.0002210454007316301 -0.00028420533176874376 0.00050662007625177881 3.8035391967124886e-05 6.5941202453113218e-05 -0.00021570843087416626 -0.0002141144640161092 -5.0531754300707501e-05 -4.0554629987644976e-05 -0.00011288325083939171 -8.0765960528261804e-05 -6.4757565690644681e-05 0.00011909688882802104 -0.00032218030566677562 0.00026191934349767274 0.0012297880738178332 -0.00023011446706459467 0.00025878669775794978 -0.0002614287214851942 0.00023604114322135495 -9.7385832732391211e-05 0.001106410997710787 0.00045500266892103925 6.4870449146813011e-05
leaf_weight=34611 26895 10531 155644 35644 7533 43119 143596 50372 72034 136915 73055 31388 53494 64058 50387 1728 64823 12677 2189 8702 61303 1826 5593 40797 5653 37646 12566 3943 36840 30229
leaf_count=34611 26895 10531 155644 35644 7533 43119 143596 50372 72034 136915 73055 31388 53494 64058 50387 1728 64823 12677 2189 8702 61303 1826 5593 40797 5653 37646 12566 3943 36840 30229
internal_value=-0.000949296 -0.00684284 0.00218995 -0.00582461 -0.0168731 0.00339993 -0.00757236 -0.00958431 0.00417232 -0.000333237 0.00221262 -0.00409936 -0.00506518 0.000205127 -0.00173326 -0.0104903 -0.0033806 -0.00465286 -0.00263919 -0.00623221 0.00376268 0.00510309 7.07643e-05 0.00346683 0.00255775 0.0041372 0.00234359 0.00524023 0.00677182 0.000175527
internal_weight=1.31579e+06 457288 858503 415144 42144 580248 206227 62631 351549 278255 228699 208917 89138 200973 77282 52100 119779 44065 75714 10891 279515 50538 7419 228977 97185 131792 50212 81580 40783 35882
internal_count=1315791 457288 858503 415144 42144 580248 206227 62631 351549 278255 228699 208917 89138 200973 77282 52100 119779 44065 75714 10891 279515 50538 7419 228977 97185 131792 50212 81580 40783 35882
cat_boundaries=0 1 2 3 4 5 6 7 8 9 10
cat_threshold=3 104 120 3 8 38 38 85 54 32
is_linear=0
shrinkage=0.05


Tree=35
num_leaves=31
num_cat=8
split_feature=7 7 7 7 1 7 7 7 1 6 3 1 5 5 7 1 5 2 5 6 3 1 1 5 6 3 1 5 3 1
split_gain=8891.31 1801.01 946.602 459.129 380.955 178.356 137.091 115.654 93.0758 59.1073 65.8961 75.0795 55.7541 55.0336 53.4723 112.407 50.76 43.6968 41.288 41.2511 45.6248 62.3785 60.8276 40.766 40.6811 42.2079 112.815 38.5455 43.8499 38.2992
threshold=0.055074923248330736 0.024630190825150434 0.084949763559802313 0.044312859329215457 0 0.067426327462205657 0.036427205497572696 0.1067207236017453 1 12.357696562278482 5.5000000000000009 2 5.5000000000000009 5.5000000000000009 0.049066712573575526 3 5.5000000000000009 21.500000000000004 5.5000000000000009 12.902084468380513 4.5000000000000009 4 5 5.5000000000000009 13.435334469880846 5.5000000000000009 6 6.5000000000000009 2.5000000000000004 7
decision_type=2 2 2 2 1 2 2 2 1 2 2 1 2 2 2 1 2 2 2 2 2 1 1 2 2 2 1 2 2 1
left_child=1 4 5 6 -1 13 8 9 -3 10 -4 -12 19 29 15 -5 -11 -10 -8 -7 21 -21 -22 -9 25 -16 -27 -18 -29 -2
right_child=2 3 7 14 -6 12 18 23 17 16 11 -13 -14 -15 24 -17 27 -19 -20 20 22 -23 -24 -25 -26 26 -28 28 -30 -31
leaf_value=-0.00041265637366854436 0.00018350201801029811 -0.00022542781823901121 0.00058937280915944627 -0.00010488253878194917 -0.00033700978474449778 0.00021435939592269644 -0.00018658427555714072 0.00046850163459198624 -0.00026999506518030644 0.00022418193201070616 0.0015735077312474897 -0.00029869393438367102 3.291504090942657e-06 -0.0001183641949082815 -7.3947863354580619e-05 -0.00020340874081530361 7.9632067197254325e-05 -0.0001072390882974221 -0.00025986998413393589 0.00017650026611569885 0.00020396261888098872 -2.656556339963867e-06 -6.35024591484696e-05 0.0003121847550349732 -0.00016114571182537646 -0.00033933111437144255 0.0001081736857885509 9.7543939317340175e-05 0.00031929752009394883 -3.1170826768638775e-05
leaf_weight=34611 12209 10531 25132 35644 7533 39384 96741 77110 50372 213730 1022 3332 77464 51170 56734 53494 57546 1728 46855 20776 27574 70293 8128 36274 53492 6438 3115 17298 24141 95920
leaf_count=34611 12209 10531 25132 35644 7533 39384 96741 77110 50372 213730 1022 3332 77464 51170 56734 53494 57546 1728 46855 20776 27574 70293 8128 36274 53492 6438 3115 17298 24141 95920
internal_value=-0.000919694 -0.00655134 0.00208005 -0.00555157 -0.0163997 0.00031458 -0.00722517 0.00364142 -0.00917716 0.00318285 0.00532287 -0.000355994 0.00116524 -0.000986353 -0.00389952 -0.00482679 0.00298107 -0.0100441 -0.00637378 0.00168171 0.00124259 0.000648684 0.00275755 0.0050254 -0.00320945 -0.00238169 -0.0054564 0.00204501 0.00320773 -0.000347039
internal_weight=1.31579e+06 457288 858503 415144 42144 402918 206227 455585 62631 342201 29486 4354 243619 159299 208917 89138 312715 52100 143596 166155 126771 91069 35702 113384 119779 66287 9553 98985 41439 108129
internal_count=1315791 457288 858503 415144 42144 402918 206227 455585 62631 342201 29486 4354 243619 159299 208917 89138 312715 52100 143596 166155 126771 91069 35702 113384 119779 66287 9553 98985 41439 108129
cat_boundaries=0 1 2 3 4 5 6 7 8
cat_threshold=3 104 38 120 81 46 65 32
is_linear=0
shrinkage=0.05


Tree=36
num_leaves=31
num_cat=11
split_feature=7 7 7 7 1 1 3 1 1 3 3 1 7 7 2 1 7 7 1 3 1 3 6 3 1 3 1 2 1 3
split_gain=8136.8 1710.86 860.151 422.122 369.875 158.768 113.995 313.722 311.259 558.002 165.456 134.225 112.022 93.7097 90.9727 87.0114 67.2058 66.1313 120.576 59.0602 50.708 93.1115 47.8995 51.9837 143.075 82.2061 74.5264 40.7939 37.6462 57.6575
threshold=0.055074923248330736 0.024630190825150434 0.078539738675614132 0.043694138763014971 0 1 2.5000000000000004 2 3 5.5000000000000009 4.5000000000000009 4 0.036427205497572696 0.064782105815951105 17.500000000000004 5 0.092200432267289856 0.049066712573575526 6 4.5000000000000009 7 4.5000000000000009 12.381949521562431 4.5000000000000009 8 5.5000000000000009 9 21.500000000000004 10 4.5000000000000009
decision_type=2 2 2 2 1 1 2 1 1 2 2 1 2 2 2 1 2 2 1 2 1 2 2 2 1 2 1 2 1 2
left_child=1 4 13 12 -1 6 7 -4 10 19 -8 -12 15 20 -9 -3 -7 18 -5 -10 21 -2 -15 26 25 -25 -24 -17 29 -19
right_child=2 3 5 17 -6 16 8 14 9 -11 11 -13 -14 22 -16 27 -18 28 -20 -21 -22 -23 23 24 -26 -27 -28 -29 -30 -31
leaf_value=-0.00039202355498511713 -7.567292053987999e-05 -0.00021415642732706063 0.00056732002411190655 -9.674581592824181e-05 -0.00032015929550727293 9.4441358610806997e-05 0.00036346368750286574 -8.2281384413369918e-05 0.00051468196775527328 -0.00051365852105841566 0.0013484111588009261 0.00052562994260076795 -0.00020477002349747128 0.00031741178291944675 0.00018584988499947553 -0.00025649531192129107 0.00020663066055178552 -0.00019722616072852944 -0.0001894863019548103 0.00016196416638633514 -6.9140855201874776e-05 0.00088082306293765864 4.280956904342687e-05 -1.2417385184090163e-05 0.00012579337323759474 -0.00087845765046789441 -8.2850251208223258e-05 -0.0001018771338825511 -9.3296287823254307e-05 -5.4722018343599313e-05
leaf_weight=34611 7647 10531 33554 37066 7533 135700 46034 30638 22739 11586 16988 29421 123241 15679 35807 50372 170091 31388 72427 11295 107879 3074 74329 1714 48599 1748 53981 1728 75714 12677
leaf_count=34611 7647 10531 33554 37066 7533 135700 46034 30638 22739 11586 16988 29421 123241 15679 35807 50372 170091 31388 72427 11295 107879 3074 74329 1714 48599 1748 53981 1728 75714 12677
internal_value=-0.000891574 -0.00627898 0.00197807 -0.00530454 -0.0158777 0.00318188 0.00415022 0.00286478 0.00508156 0.00170064 0.0067491 0.00885658 -0.0070753 -0.000102654 0.0008739 -0.00879716 0.0024278 -0.00386899 -0.00475715 0.00492743 -0.00121206 0.00206644 0.000568477 0.000338053 0.00167064 -0.00813652 -0.000202634 -0.00963539 -0.00305709 -0.00421951
internal_weight=1.31579e+06 457288 858503 415144 42144 543853 238062 99999 138063 45620 92443 46409 185872 314650 66445 62631 305791 229272 109493 34034 118600 10721 196050 180371 52061 3462 128310 52100 119779 44065
internal_count=1315791 457288 858503 415144 42144 543853 238062 99999 138063 45620 92443 46409 185872 314650 66445 62631 305791 229272 109493 34034 118600 10721 196050 180371 52061 3462 128310 52100 119779 44065
cat_boundaries=0 1 2 3 4 5 6 7 8 9 10 11
cat_threshold=3 98 64 34 32 104 120 32 64 89 8
is_linear=0
shrinkage=0.05


Tree=37
num_leaves=31
num_cat=11
split_feature=7 7 7 7 1 7 6 7 1 7 1 7 3 1 1 3 1 1 5 3 6 3 1 3 1 1 3 5 1 3
split_gain=7415.83 1631.97 783.031 418.14 216.873 163.485 100.226 92.5879 98.3137 84.3048 124.956 79.4093 58.4547 137.33 56.6963 60.9506 105.31 70.9066 54.2909 48.507 48.153 54.1055 144.861 51.166 135.729 66.1048 111.361 45.3316 43.6307 43.1356
threshold=0.055074923248330736 0.022916694985247104 0.086782565864286745 0.042850691317860783 0 0.069138517793051232 12.368543260317088 0.036427205497572696 1 0.049066712573575526 2 0.11621054548671803 5.5000000000000009 3 4 2.5000000000000004 5 6 5.5000000000000009 4.5000000000000009 12.572492825033674 5.5000000000000009 7 3.5000000000000004 8 9 5.5000000000000009 6.5000000000000009 10 2.5000000000000004
decision_type=2 2 2 2 1 2 2 2 1 2 1 2 2 1 1 2 1 1 2 2 2 2 1 2 1 1 2 2 1 2
left_child=1 4 5 7 -1 14 12 8 -3 10 -5 18 -4 -14 -2 17 19 -16 -8 -17 21 -7 -23 24 -22 26 -25 -20 -10 -29
right_child=2 3 6 9 -6 20 11 -9 28 -11 -12 -13 13 -15 15 16 -18 -19 27 -21 23 22 -24 25 -26 -27 -28 29 -30 -31
leaf_value=-0.00037253730244156874 -0.0001587954934726868 -0.00021164899943589799 0.00063179569053444353 -9.119719686874803e-05 -0.00040868369294982373 0.00032582760360965818 0.00022167690913398042 -0.00020107409583552325 -0.00036562248265931791 -0.00011235367731398972 -0.00017992347633075253 0.00044108153410457807 -0.0002845276101731714 0.0016819198316201274 7.5393019646096546e-05 0.00011645382254140552 -1.467993888342456e-05 -0.00011296309448543541 7.1766480370343699e-05 0.00063385140906240054 0.00016689804961448688 -0.00055557461973259269 0.0010542148358769494 7.0266879379292035e-05 -4.2046510137733201e-05 0.00012155669094743722 -0.00082028706574130287 9.7371206818609032e-05 -0.00024147389506844232 0.0003235880032043788
leaf_weight=32265 13112 11943 38382 38980 4582 26842 232963 92259 1968 119779 101495 43242 4410 2198 16514 6707 88875 57915 62739 6572 34970 2834 1784 3464 82949 85000 1660 19011 54017 26360
leaf_count=32265 13112 11943 38382 38980 4582 26842 232963 92259 1968 119779 101495 43242 4410 2198 16514 6707 88875 57915 62739 6572 34970 2834 1784 3464 82949 85000 1660 19011 54017 26360
internal_value=-0.00085992 -0.00600311 0.00187964 -0.00511885 -0.0160929 0.00036941 0.00338949 -0.0071287 -0.00852962 -0.00388178 -0.00471276 0.0031281 0.00562236 0.00127875 -0.000727088 -0.000491384 0.000301506 -0.00157969 0.00287219 0.00445293 0.00123788 0.00306103 -0.00193807 0.000962181 0.000276673 0.00185911 -0.00365212 0.00194617 -0.00940843 0.00315014
internal_weight=1.31579e+06 457288 858503 420441 36847 429198 429305 160187 67928 260254 140475 384315 44990 6608 189695 176583 102154 74429 341073 13279 239503 31460 4618 208043 117919 90124 5124 108110 55985 45371
internal_count=1315791 457288 858503 420441 36847 429198 429305 160187 67928 260254 140475 384315 44990 6608 189695 176583 102154 74429 341073 13279 239503 31460 4618 208043 117919 90124 5124 108110 55985 45371
cat_boundaries=0 1 2 3 4 5 6 7 8 9 10 11
cat_threshold=3 104 120 65 1 32 80 65 81 64 2
is_linear=0
shrinkage=0.05


Tree=38
num_leaves=31
num_cat=12
split_feature=7 7 7 7 1 7 7 1 1 3 1 1 6 7 1 3 1 5 3 3 3 1 1 1 3 5 5 1 6 1
split_gain=6778.84 1514.86 778.646 351.289 207.156 162.504 79.8362 122.219 76.237 74.0347 109.196 104.715 73.0739 63.9575 93.1473 59.8606 61.6699 59.3171 57.9312 56.3125 53.3513 167.074 100.898 72.7024 102.151 50.5643 50.521 38.7199 36.5758 35.7052
threshold=0.05423600787202091 0.022916694985247104 0.074994913060566937 0.042103882772743233 0 0.10261254377763239 0.048395305166077367 1 2 2.5000000000000004 3 4 12.32972287990661 0.036427205497572696 5 5.5000000000000009 6 5.5000000000000009 4.5000000000000009 4.5000000000000009 3.5000000000000004 7 8 9 5.5000000000000009 5.5000000000000009 5.5000000000000009 10 13.418732110989612 11
decision_type=2 2 2 2 1 2 2 1 1 2 1 1 2 2 1 2 1 2 2 2 2 1 1 1 2 2 2 1 2 1
left_child=1 4 8 13 -1 12 7 -5 19 11 18 -10 15 14 -3 -4 -17 -14 -11 -2 22 -22 -7 -23 -25 -13 -9 -16 -8 -26
right_child=2 3 5 6 -6 20 28 26 9 10 -12 25 17 -15 27 16 -18 -19 -20 -21 21 23 -24 24 29 -27 -28 -29 -30 -31
leaf_value=-0.00035391043731949033 -6.3656757129120983e-05 -0.00020106654946410314 0.00052600593655285498 -7.5612069302765858e-05 -0.00038824950830233259 0.00064546960677394323 -7.9148951415337554e-05 -0.00014673854530144784 9.395532630661792e-05 9.0455423690175365e-05 1.9643345939492076e-06 -5.1482495525287733e-05 0.00015407539433961624 -0.00019834930848617422 -0.00034734135852635198 0.0011651519339178136 -0.00031478540726510959 7.4166657907155656e-05 0.00055444720699489303 -0.00027904298236003502 0.0011843663196633013 0.00042887483049268362 0.00019295948328951069 0.00032762077696790531 -0.00049644493310269588 -0.00018210580932037716 -0.0002294135612345455 -0.00022940020031502023 -0.00014249413430611168 2.8921690592393495e-05
leaf_weight=32265 15541 11943 25957 31423 4582 13784 55387 85475 26122 10260 136871 60575 263432 66301 1968 1182 3412 122038 10243 6212 12599 38621 79015 13453 3535 28051 38986 54017 59321 3220
leaf_count=32265 15541 11943 25957 31423 4582 13784 55387 85475 26122 10260 136871 60575 263432 66301 1968 1182 3412 122038 10243 6212 12599 38621 79015 13453 3535 28051 38986 54017 59321 3220
internal_value=-0.000833282 -0.00588213 0.00171775 -0.00499869 -0.0155881 0.00277976 -0.00396131 -0.00469804 -0.000379158 -0.000151397 0.000552823 -0.00111723 0.00225403 -0.00708994 -0.00816821 0.00460787 -0.000653026 0.00206748 0.00395481 -0.00322681 0.00411153 0.00513874 0.00332089 0.00401732 0.00158522 -0.00193714 -0.00540146 -0.00902357 -0.00296012 -0.00343079
internal_weight=1.31579e+06 441668 874123 404821 36847 580248 270592 155884 293875 272122 157374 114748 416021 134229 67928 30551 4594 385470 20503 21753 164227 71428 92799 58829 20208 88626 124461 55985 114708 6755
internal_count=1315791 441668 874123 404821 36847 580248 270592 155884 293875 272122 157374 114748 416021 134229 67928 30551 4594 385470 20503 21753 164227 71428 92799 58829 20208 88626 124461 55985 114708 6755
cat_boundaries=0 1 2 3 4 5 6 7 8 9 10 11 12
cat_threshold=3 120 1 32 80 104 36 32 64 6 2 64
is_linear=0
shrinkage=0.05


Tree=39
num_leaves=31
num_cat=10
split_feature=7 7 7 7 1 1 3 1 1 3 3 1 7 1 2 2 5 7 1 3 5 1 6 6 7 7 1 3 3 1
split_gain=6188.8 1437.19 702.738 323.911 197.551 150.749 108.418 295.438 283.704 486.822 157.145 124.438 101.192 88.9111 85.1659 75.17 73.7678 67.7828 67.7352 59.317 56.0211 54.3868 42.3134 40.3489 35.6552 34.7699 33.3388 68.9523 56.6815 37.4371
threshold=0.05423600787202091 0.022916694985247104 0.074994913060566937 0.040244266434038722 0 1 2.5000000000000004 2 3 5.5000000000000009 4.5000000000000009 4 0.048395305166077367 5 17.500000000000004 20.500000000000004 5.5000000000000009 0.092200432267289856 6 4.5000000000000009 5.5000000000000009 7 12.368543260317088 13.445790538661404 0.066488747448651006 0.024630190825150434 8 4.5000000000000009 5.5000000000000009 9
decision_type=2 2 2 2 1 1 2 1 1 2 2 1 2 1 2 2 2 2 1 2 2 1 2 2 2 2 1 2 2 1
left_child=1 4 16 18 -1 6 7 -4 10 19 -8 -12 13 15 -9 -5 22 -7 23 -10 -15 -18 -2 -3 -24 -20 27 -14 -28 -30
right_child=2 3 5 12 -6 17 8 14 9 -11 11 -13 26 20 -16 -17 21 -19 25 -21 -22 -23 24 -25 -26 -27 28 -29 29 -31
leaf_value=-0.00033621491545351577 0.00024492386706136891 -0.00018996428292230964 0.00050448696238137095 -6.2216675472942352e-05 -0.00036883703288721607 7.0801179629138158e-05 0.00031613910952337545 -0.00010397834922205342 0.00045892983429801225 -0.00048504008882094762 0.0012051536690493555 0.0004706025325549746 -0.00017623132288829629 -0.00014070750559738097 0.0001479208634333172 -0.00024151949741537879 -3.2399262093903146e-05 0.00017734715679079693 -0.00031457366110942047 0.0001164107661719413 -0.00021723983957547822 -0.00013588941837362756 -3.0252462114062698e-05 -0.00022977421965980768 3.5315950845013487e-05 -0.00021190420727860602 -5.4973853376677141e-05 -3.7164613214216681e-05 -8.0535752155145446e-05 -0.00031161533887034238
leaf_weight=32265 14361 17542 35133 31774 4582 164055 47298 32284 23838 12148 18150 29448 38217 107689 35958 6455 59492 170091 2779 11845 50103 34566 100166 19745 85290 54026 52260 15490 3480 5261
leaf_count=32265 14361 17542 35133 31774 4582 164055 47298 32284 23838 12148 18150 29448 38217 107689 35958 6455 59492 170091 2779 11845 50103 34566 100166 19745 85290 54026 52260 15490 3480 5261
internal_value=-0.000802616 -0.00562674 0.00163487 -0.00476624 -0.0150806 0.00264378 0.00358292 0.00234994 0.0044762 0.00133515 0.00605863 0.00808752 -0.00398796 -0.0046782 0.000431489 -0.00251249 -0.00035721 0.00195193 -0.00733644 0.00427865 -0.00520241 -0.00151183 0.000186295 -0.00567405 -1.61763e-05 -0.00842515 -0.00280844 -0.00371717 -0.00200742 -0.00573447
internal_weight=1.31579e+06 441668 874123 404821 36847 580248 246102 103375 142727 47831 94896 47598 310729 196021 68242 38229 293875 334146 94092 35683 157792 94058 199817 37287 185456 56805 114708 53707 61001 8741
internal_count=1315791 441668 874123 404821 36847 580248 246102 103375 142727 47831 94896 47598 310729 196021 68242 38229 293875 334146 94092 35683 157792 94058 199817 37287 185456 56805 114708 53707 61001 8741
cat_boundaries=0 1 2 3 4 5 6 7 8 9 10
cat_threshold=3 98 64 34 32 120 120 120 10 52
is_linear=0
shrinkage=0.05


Tree=40
num_leaves=31
num_cat=10
split_feature=7 7 7 7 1 7 1 7 2 1 2 1 6 5 5 2 5 3 1 3 1 6 3 1 3 1 3 1 6 1
split_gain=5652.38 1355 636.682 298.334 189.157 115.652 100.979 94.4266 86.8536 73.3236 76.2148 65.8105 61.7574 53.1187 44.6536 43.337 43.3141 42.27 129.199 66.5149 48.8869 38.7135 68.4193 144.141 64.1423 53.0072 46.9041 114.746 36.758 33.7779
threshold=0.05423600787202091 0.022916694985247104 0.083215862373174868 0.039807080262756707 0 0.065814582208724104 1 0.048395305166077367 16.500000000000004 2 20.500000000000004 3 12.469624665756697 5.5000000000000009 5.5000000000000009 8.5000000000000018 5.5000000000000009 3.5000000000000004 4 5.5000000000000009 5 12.564743969732836 3.5000000000000004 6 5.5000000000000009 7 5.5000000000000009 8 13.445790538661404 9
decision_type=2 2 2 2 1 2 1 2 2 1 2 1 2 2 2 2 2 2 1 2 1 2 2 1 2 1 2 1 2 1
left_child=1 4 5 11 -1 14 8 9 21 10 -5 28 -10 -11 -2 -8 -7 20 -19 -20 -14 26 25 -24 -25 -23 -4 -28 -3 -18
right_child=2 3 6 7 -6 16 15 -9 12 13 -12 -13 17 -15 -16 -17 29 18 19 -21 -22 22 23 24 -26 -27 27 -29 -30 -31
leaf_value=-0.00031940416968083993 -2.0585954855928748e-05 -0.00018255969216719026 0.00040130160990001359 -6.0303904984395679e-05 -0.00035039518124285518 6.4153521753338227e-05 0.00020873836536986005 -0.00010218649816508049 0.0006990482896051778 -0.00013360679702218437 -0.00022524589991920093 -0.00020917249137592279 0.00036176630698761747 -0.00020632824922226043 -0.00011106683067493573 0.00010380720519486547 -0.00011606981413245059 0.00053773271461168696 0.00024716066434087616 -0.00022003498945524086 0.00014355588999795873 0.00022680623173934047 0.00040837435652671953 4.7872056323895741e-05 -0.00054302538001726921 -6.8983118737109622e-05 -0.00041800405159258538 0.0011278939819904363 -0.0002180993621526446 1.5850647886873903e-05
leaf_weight=32265 101128 16918 29557 32240 4582 165564 62159 114708 25706 109643 8226 53712 21307 51242 48142 174620 15934 36515 10906 5471 46984 9673 20426 4892 2428 26092 3441 1724 18132 61454
leaf_count=32265 101128 16918 29557 32240 4582 165564 62159 114708 25706 109643 8226 53712 21307 51242 48142 174620 15934 36515 10906 5471 46984 9673 20426 4892 2428 26092 3441 1724 18132 61454
internal_value=-0.000775066 -0.00538538 0.00155439 -0.00454985 -0.014565 5.86403e-05 0.00277178 -0.00383053 0.00348323 -0.00448284 -0.00257807 -0.00711115 0.00425304 -0.00496147 -0.00103671 0.00203504 0.000731626 0.00378085 0.00484194 0.00114878 0.00295903 0.00233246 0.00159854 0.00346176 -0.00255798 0.000153083 0.0036749 -0.0007212 -0.00541928 -0.00024487
internal_weight=1.31579e+06 441668 874123 404821 36847 392222 481901 316059 245122 201351 40466 88762 146889 160885 149270 236779 242952 121183 52892 16377 68291 98233 63511 27746 7320 35765 34722 5165 35050 77388
internal_count=1315791 441668 874123 404821 36847 392222 481901 316059 245122 201351 40466 88762 146889 160885 149270 236779 242952 121183 52892 16377 68291 98233 63511 27746 7320 35765 34722 5165 35050 77388
cat_boundaries=0 1 2 3 4 5 6 7 8 9 10
cat_threshold=3 114 120 120 34 80 34 80 64 6
is_linear=0
shrinkage=0.05


Tree=41
num_leaves=31
num_cat=8
split_feature=7 7 7 7 1 7 7 6 1 7 1 2 5 5 5 3 1 5 1 3 1 1 3 3 6 3 1 6 6 3
split_gain=5156.69 1273.62 578.608 269.63 179.295 129.01 91.1204 79.9001 64.0613 60.4743 59.2198 81.3285 51.5239 49.2714 44.0683 43.9708 131.321 42.1746 40.0118 56.9877 126.446 65.1811 51.5842 36.51 34.7807 37.7479 135.332 33.6297 33.268 33.0212
threshold=0.05423600787202091 0.022916694985247104 0.086782565864286745 0.039287600333278487 0 0.066488747448651006 0.048395305166077367 12.429177195939355 1 0.11621054548671803 2 20.500000000000004 5.5000000000000009 5.5000000000000009 5.5000000000000009 5.5000000000000009 3 6.5000000000000009 4 3.5000000000000004 5 6 4.5000000000000009 2.5000000000000004 12.74239421760238 5.5000000000000009 7 13.858269235864768 13.445790538661404 4.5000000000000009
decision_type=2 2 2 2 1 2 2 2 1 2 1 2 2 2 2 2 1 2 1 2 1 1 2 2 2 2 1 2 2 2
left_child=1 4 5 8 -1 18 10 15 28 14 11 -5 -12 24 -9 -4 -17 -16 22 21 -21 27 -2 -19 25 -7 -27 -20 -3 -26
right_child=2 3 7 6 -6 13 -8 9 -10 -11 12 -13 -14 -15 17 16 -18 23 19 20 -22 -23 -24 -25 29 26 -28 -29 -30 -31
leaf_value=-0.00030343396119679786 -5.4997823829852985e-05 -0.00017091313073726126 0.00050246940560030775 -5.8235968892476551e-05 -0.00033287542218071237 0.00024328406197217552 -9.7077173256826358e-05 0.00018029224801124414 -0.00020049047828939355 0.00036060162627085185 -0.00012664302614212795 -0.00020871906415298564 -0.00019623259737283958 -6.4947365727222039e-06 4.0552157594919361e-05 -0.00025393605063268876 0.0013817901918136465 6.8092425141084647e-05 0.0001597779661243741 0.00023372876287091617 -4.165903122395915e-05 -0.000105426724119978 -0.0002582958763850313 0.00027776308377972967 2.6988650182864504e-05 0.00087338793039252397 -0.00046864477506402516 -7.7904314368598161e-05 -0.00020941266519462922 0.00011659440682063142
leaf_weight=32265 15541 16172 45972 32738 4582 30338 114708 227431 51551 42170 110986 10462 52060 90661 61310 5249 2695 18696 11778 16724 43208 59336 6212 25782 114387 1957 2936 6896 16144 44844
leaf_count=32265 15541 16172 45972 32738 4582 30338 114708 227431 51551 42170 110986 10462 52060 90661 61310 5249 2695 18696 11778 16724 43208 59336 6212 25782 114387 1957 2936 6896 16144 44844
internal_value=-0.000747516 -0.00515104 0.00147745 -0.00434099 -0.0140507 0.000213683 -0.00368137 0.00278689 -0.00686533 0.00252838 -0.00430966 -0.00266142 -0.00474592 0.000850949 0.00230261 0.00458676 0.00115181 0.00145952 -0.000924105 -0.000609632 0.00054979 -0.00150045 -0.00291665 0.00263164 0.00129974 0.00272132 -0.00135398 0.00107579 -0.00511353 0.000985204
internal_weight=1.31579e+06 441668 874123 404821 36847 444818 320954 429305 83867 375389 206246 43200 163046 285123 333219 53916 7944 105788 159695 137942 59932 78010 21753 44478 194462 35231 4893 18674 32316 159231
internal_count=1315791 441668 874123 404821 36847 444818 320954 429305 83867 375389 206246 43200 163046 285123 333219 53916 7944 105788 159695 137942 59932 78010 21753 44478 194462 35231 4893 18674 32316 159231
cat_boundaries=0 1 2 3 4 5 6 7 8
cat_threshold=3 120 120 65 1 34 80 44
is_linear=0
shrinkage=0.05


Tree=42
num_leaves=31
num_cat=10
split_feature=7 7 7 7 1 7 7 7 1 6 1 2 3 1 3 1 1 3 3 1 5 6 3 1 3 1 5 6 3 1
split_gain=4694.45 1194.53 530.128 248.296 170.678 115.814 82.2272 62.1718 60.3146 59.1454 53.1949 75.301 49.1779 305.202 235.098 220.341 106.453 65.0022 59.739 54.25 45.8241 44.7317 39.9009 93.8354 54.7095 50.4347 39.0099 38.3826 38.1547 37.4827
threshold=0.05423600787202091 0.022916694985247104 0.076536027880184682 0.039287600333278487 0 0.10414963761858197 0.048395305166077367 0.060802840486139792 1 12.298723605796148 2 20.500000000000004 3.5000000000000004 3 5.5000000000000009 4 5 4.5000000000000009 4.5000000000000009 6 5.5000000000000009 12.599324305273347 4.5000000000000009 7 5.5000000000000009 8 5.5000000000000009 13.858269235864768 5.5000000000000009 9
decision_type=2 2 2 2 1 2 2 2 1 2 1 2 2 1 2 1 1 2 2 1 2 2 2 1 2 1 2 2 2 1
left_child=1 4 7 8 -1 9 10 -2 -3 28 11 -5 15 16 17 -11 -14 -15 -18 -16 -12 -9 25 24 -24 -23 -7 -25 -4 -30
right_child=2 3 5 6 -6 26 -8 21 -10 12 20 -13 13 14 19 -17 18 -19 -20 -21 -22 22 23 27 -26 -27 -28 -29 29 -31
leaf_value=-0.00028826226313695798 -6.2319591358436961e-05 -0.00018645368124882626 0.00047478545674845972 -5.5324170447852705e-05 -0.00031623165107167676 0.00032938408214140962 -9.2223314593985032e-05 0.00016102972819867224 -0.00019046595437492397 0.00020196886961321506 -0.00012031087483502165 -0.00019828311094533641 0.00047732840140293672 0.00023922172413082048 -0.00016067144056473791 -4.0076438328668503e-06 5.4138794602697635e-05 6.1559673431094839e-06 0.0002550094944942988 -0.00047590578094887685 -0.00018642096750419776 6.3923993558248279e-05 -4.5621333203653419e-05 0.00011232790286553572 -0.00086712306986432724 -4.9881851820577852e-05 0.00019699848477449449 -5.2786483030937974e-05 0.0010308280555506777 -0.00022638663336190074
leaf_weight=32265 82814 32316 23122 32738 4582 97491 114708 30123 51551 92956 110986 10462 34234 23326 17481 130366 22232 23448 43449 6186 52060 29804 1173 42680 1170 110122 46059 11783 1016 3088
leaf_count=32265 82814 32316 23122 32738 4582 97491 114708 30123 51551 92956 110986 10462 34234 23326 17481 130366 22232 23448 43449 6186 52060 29804 1173 42680 1170 110122 46059 11783 1016 3088
internal_value=-0.000720042 -0.00492157 0.00140286 -0.00413708 -0.0135405 0.00231489 -0.00350408 -0.000259551 -0.00655949 0.00189663 -0.00410093 -0.00253876 0.00174076 0.0023806 -0.000140168 0.00125268 0.00415737 0.00191453 0.00297796 -0.004201 -0.0045144 0.0001685 -0.000106236 0.00101134 -0.00876541 -0.000559939 0.00354127 0.00143328 0.00415044 -0.000292398
internal_weight=1.31579e+06 441668 874123 404821 36847 564454 320954 309669 83867 420904 206246 43200 393678 170356 70441 223322 99915 46774 65681 23667 163046 226855 196732 56806 2343 139926 143550 54463 27226 4104
internal_count=1315791 441668 874123 404821 36847 564454 320954 309669 83867 420904 206246 43200 393678 170356 70441 223322 99915 46774 65681 23667 163046 226855 196732 56806 2343 139926 143550 54463 27226 4104
cat_boundaries=0 1 2 3 4 5 6 7 8 9 10
cat_threshold=3 120 120 46 81 34 17 64 80 36
is_linear=0
shrinkage=0.05


Tree=43
num_leaves=31
num_cat=12
split_feature=7 7 7 7 1 7 7 1 6 1 5 1 1 3 3 1 1 1 3 1 6 3 1 3 6 3 1 2 3 1
split_gain=4250.98 1116.13 478.725 227.897 161.267 92.3478 74.5292 71.9443 65.9939 56.2038 54.9711 51.6859 49.7892 122.298 99.7597 126.178 81.0377 50.8515 64.4898 41.5094 40.4506 43.8795 41.125 34.7574 33.6169 35.2771 37.2814 34.5854 35.3244 131.781
threshold=0.05423600787202091 0.022916694985247104 0.0794326935991055 0.039287600333278487 0 0.10414963761858197 0.048395305166077367 1 13.866811852237587 2 5.5000000000000009 3 4 3.5000000000000004 4.5000000000000009 5 6 7 5.5000000000000009 8 12.757262318944296 3.5000000000000004 9 5.5000000000000009 12.298723605796148 5.5000000000000009 10 16.500000000000004 2.5000000000000004 11
decision_type=2 2 2 2 1 2 2 1 2 1 2 1 1 2 2 1 1 1 2 1 2 2 1 2 2 2 1 2 2 1
left_child=1 4 7 9 -1 11 12 8 -2 -3 -9 24 14 16 19 -16 -14 18 -15 -5 -7 -22 -23 -17 25 -4 -27 28 -26 -30
right_child=2 3 5 6 -6 20 -8 10 -10 -11 -12 -13 13 17 15 23 -18 -19 -20 -21 21 22 -24 -25 27 26 -28 -29 29 -31
leaf_value=-0.00027384914998011009 4.9578021597289358e-05 -0.00017713099718638504 0.00053860466455353528 -9.2856960257542949e-05 -0.00030042006851809297 0.00042114175315935561 -8.7612148864285767e-05 -1.7590681014709522e-05 -4.8885536630588135e-05 -0.00018094265665617761 -0.00012252458812931529 8.4410281643335783e-05 -0.00017617819859346834 -9.4151549502649248e-05 -2.9278731935445182e-05 -0.00019928121383560075 -5.2487640125505051e-07 -1.6449905514474317e-05 -0.00087399747832056897 -0.00018712458199485161 0.00013036561286760182 0.00039172290975550005 3.67345176076811e-05 -0.00031798112360007739 3.1127430103887464e-05 0.0012884716951826669 -0.00027910088278234045 0.00022324505299635284 0.00034659673532506306 -4.4430341100191664e-05
leaf_weight=32265 167988 32316 18255 63682 4582 46939 114708 78826 56500 51551 37236 228843 44384 1903 7001 12783 8109 37124 949 17243 54568 34827 7216 13068 35955 800 2446 54407 29755 19562
leaf_count=32265 167988 32316 18255 63682 4582 46939 114708 78826 56500 51551 37236 228843 44384 1903 7001 12783 8109 37124 949 17243 54568 34827 7216 13068 35955 800 2446 54407 29755 19562
internal_value=-0.000695418 -0.00469357 0.00132473 -0.00393526 -0.0130248 0.00225953 -0.00332883 -0.000139921 0.000382631 -0.00625604 -0.00115058 0.00186047 -0.00389705 -0.00303393 -0.00459785 -0.00692195 -0.00462109 -0.00095057 -0.00737247 -0.00365493 0.00334378 0.00275874 0.00397272 -0.00853312 0.00254637 0.00438701 -0.000415896 0.00226322 0.00163477 0.0025037
internal_weight=1.31579e+06 441668 874123 404821 36847 533573 320954 340550 224488 83867 116062 390023 206246 92469 113777 32852 52493 39976 2852 80925 143550 96611 42043 25851 161180 21501 3246 139679 85272 49317
internal_count=1315791 441668 874123 404821 36847 533573 320954 340550 224488 83867 116062 390023 206246 92469 113777 32852 52493 39976 2852 80925 143550 96611 42043 25851 161180 21501 3246 139679 85272 49317
cat_boundaries=0 1 2 3 4 5 6 7 8 9 10 11 12
cat_threshold=3 120 120 114 5 4 10 64 1 38 32 34
is_linear=0
shrinkage=0.05


Tree=44
num_leaves=31
num_cat=10
split_feature=7 7 7 1 7 7 6 5 7 5 5 7 1 6 3 1 1 3 1 3 3 1 1 3 1 3 1 5 3 1
split_gain=3872.93 1047.71 434.21 251.157 183.655 90.0227 73.6252 57.8745 52.8246 49.5752 48.6126 48.3153 46.993 46.4476 51.146 97.0949 89.9636 80.7719 150.076 47.6723 42.9372 37.632 37.415 72.7135 34.5721 33.8531 92.4141 32.4133 32.3728 175.866
threshold=0.05423600787202091 0.024630190825150434 0.084949763559802313 0 0.043415453862144703 0.064430754603633414 12.368543260317088 5.5000000000000009 0.11621054548671803 5.5000000000000009 6.5000000000000009 0.036427205497572696 1 12.368543260317088 3.5000000000000004 2 3 5.5000000000000009 4 4.5000000000000009 2.5000000000000004 5 6 4.5000000000000009 7 5.5000000000000009 8 5.5000000000000009 5.5000000000000009 9
decision_type=2 2 2 1 2 2 2 2 2 2 2 2 1 2 2 1 1 2 1 2 2 1 1 2 1 2 1 2 2 1
left_child=1 3 5 -1 11 22 25 8 -8 -6 -9 12 -3 -7 15 -15 19 -18 -19 -16 -12 -21 23 -2 -20 -4 -27 -24 -13 -30
right_child=2 4 6 -5 9 13 7 10 -10 -11 20 28 -14 14 16 -17 17 18 24 21 -22 -23 27 -25 -26 26 -28 -29 29 -31
leaf_value=-0.00026151642344004311 -6.1127666825622903e-05 -0.00013680180698187329 0.00046578073957120533 -0.00020389776085679367 -7.8949171837056946e-05 0.00026953871872042182 0.00015193765730143959 2.8885486272793583e-05 0.00037444569919471151 -0.00013857630013089928 5.4840995678261123e-05 -0.00012530204521202411 -0.00016755928591595908 0.0001100255127760963 2.5050289027257408e-05 -4.7691220783256662e-05 4.6653375332045278e-05 -0.00073582841670581732 0.00012266197599256312 0.00047034186388539013 0.00025919082890766762 0.00013297855038561375 -2.9817166282397786e-05 0.00080487897172093655 -0.00015279677895581117 0.0013564443607995747 -0.00023186259509720906 -0.00010942086095792008 -0.00033506197920085516 3.0113142593952289e-07
leaf_weight=34611 7193 10531 40310 7533 153384 21889 249375 74865 29705 70543 22681 96462 52100 39858 24342 111497 28944 2919 4418 8471 31711 39541 80576 2900 7332 2241 4697 38658 9932 6572
leaf_count=34611 7193 10531 40310 7533 153384 21889 249375 74865 29705 70543 22681 96462 52100 39858 24342 111497 28944 2919 4418 8471 31711 39541 80576 2900 7332 2241 4697 38658 9932 6572
internal_value=-0.000673226 -0.00448946 0.001255 -0.0119875 -0.00369853 9.23453e-05 0.00232311 0.0021069 0.002512 -0.00274922 0.00123224 -0.00490911 -0.00602298 0.000582706 0.000401389 -0.000203991 0.0011915 -0.00060232 -0.00362499 0.00227254 0.00236983 0.0031867 -0.00100424 0.00191775 -0.00109694 0.00419171 0.000965696 -0.00125164 -0.00429156 -0.00633786
internal_weight=1.31579e+06 441668 874123 42144 399524 418538 455585 408337 279080 223927 129257 175597 62631 289211 267322 151355 115967 43613 14669 72354 54392 48012 129327 10093 11750 47248 6938 119234 112966 16504
internal_count=1315791 441668 874123 42144 399524 418538 455585 408337 279080 223927 129257 175597 62631 289211 267322 151355 115967 43613 14669 72354 54392 48012 129327 10093 11750 47248 6938 119234 112966 16504
cat_boundaries=0 1 2 3 4 5 6 7 8 9 10
cat_threshold=3 104 81 42 64 32 32 4 36 81
is_linear=0
shrinkage=0.05


Tree=45
num_leaves=31
num_cat=11
split_feature=7 7 7 1 7 5 6 3 1 1 3 5 6 1 1 7 3 1 3 1 7 3 1 1 3 1 3 1 7 3
split_gain=3521.92 1047.28 304.413 233.357 229.037 71.4979 63.9331 64.8809 178.252 105.991 70.0928 57.1009 56.7558 49.9795 49.2564 48.7647 44.9179 159.548 40.5123 159.574 39.62 38.6175 70.907 45.0978 48.2756 95.519 47.9642 35.49 34.6138 34.3347
threshold=0.057924780312054024 0.024630190825150434 0.08960462641287327 0 0.043694138763014971 5.5000000000000009 12.572492825033674 3.5000000000000004 1 2 5.5000000000000009 5.5000000000000009 12.609590024708785 3 4 0.039287600333278487 5.5000000000000009 5 5.5000000000000009 6 0.074089071534796075 2.5000000000000004 7 8 5.5000000000000009 9 4.5000000000000009 10 0.050523761022795821 5.5000000000000009
decision_type=2 2 2 1 2 2 2 2 1 1 2 2 2 1 1 2 2 1 2 1 2 2 1 1 2 1 2 1 2 2
left_child=1 3 5 -1 15 12 16 9 14 -8 -10 28 18 -12 -9 -3 27 -18 -2 -20 -14 22 -7 26 -25 -26 -23 -4 -6 -17
right_child=2 4 6 -5 11 21 7 8 10 -11 13 -13 20 -15 -16 29 17 -19 19 -21 -22 23 -24 24 25 -27 -28 -29 -30 -31
leaf_value=-0.00024844060226804094 0.00024138884984463359 -0.00015833920477079327 0.00047553861742986246 -0.00019370287281395387 -8.5507223606589103e-05 6.7060285815289525e-05 0.00022281504476171014 0.00069083992443009265 0.00012397095932789245 3.9728503336743802e-05 -0.00044103827755153545 -0.00012671719463133464 1.1917991416560138e-06 -3.8415833979876454e-05 0.00029482283824335995 -0.00011137849912453753 0.0012040776246021714 -0.00022801264204286924 0.00078958660971876278 -0.00054381744702657682 7.2799509242892774e-05 -2.3135926793081686e-05 -0.00014285965033163304 8.6826677005080385e-06 -1.9595515110232969e-05 -0.00057319669004516347 0.00018698108976658752 0.0001486707424656189 -4.4395488853435709e-05 -0.00019518162411062343
leaf_weight=34611 36395 78570 47745 7533 92806 17805 57816 10404 37530 121590 3518 84018 137063 15330 70698 91596 3417 7663 2561 3253 113327 17987 39616 30458 7931 4058 19304 17077 88405 15706
leaf_count=34611 36395 78570 47745 7533 92806 17805 57816 10404 37530 121590 3518 84018 137063 15330 70698 91596 3417 7663 2561 3253 113327 17987 39616 30458 7931 4058 19304 17077 88405 15706
internal_value=-0.000644156 -0.00398468 0.00135901 -0.0115224 -0.00328047 0.000439433 0.00236514 0.00205295 0.00287024 0.00142665 0.000710258 -0.00233732 0.000880984 -0.00177738 0.00437112 -0.0046263 0.00366855 0.000726534 0.00257706 -0.00129859 0.000595072 -0.000502519 -0.00149118 0.000209436 -0.000905033 -0.00359288 0.00147784 0.00417142 -0.00183777 -0.00393329
internal_weight=1.31579e+06 493245 822546 42144 451101 429758 392788 316886 137480 179406 56378 265229 292599 18848 81102 185872 75902 11080 42209 5814 250390 137159 57421 79738 42447 11989 37291 64822 181211 107302
internal_count=1315791 493245 822546 42144 451101 429758 392788 316886 137480 179406 56378 265229 292599 18848 81102 185872 75902 11080 42209 5814 250390 137159 57421 79738 42447 11989 37291 64822 181211 107302
cat_boundaries=0 1 2 3 4 5 6 7 8 9 10 11
cat_threshold=3 38 81 64 32 36 38 81 40 22 96
is_linear=0
shrinkage=0.05


Tree=46
num_leaves=31
num_cat=12
split_feature=7 7 7 7 1 1 3 1 1 3 3 1 2 5 1 3 3 1 1 3 7 1 7 3 1 3 3 1 1 2
split_gain=3206 878.825 405.639 161.942 130.813 92.6244 82.4252 243.105 235.274 120.933 93.9475 325.217 60.9229 53.332 47.5733 75.3026 55.7703 79.5401 69.5966 42.1756 40.2742 40.2244 38.5779 44.5722 37.5196 295.034 35.702 85.6195 69.2844 33.2881
threshold=0.053246242644966579 0.022916694985247104 0.074089071534796075 0.039807080262756707 0 1 2.5000000000000004 2 3 4.5000000000000009 5.5000000000000009 4 17.500000000000004 5.5000000000000009 5 4.5000000000000009 2.5000000000000004 6 7 4.5000000000000009 0.092200432267289856 8 0.029154964549149176 5.5000000000000009 9 5.5000000000000009 4.5000000000000009 10 11 20.500000000000004
decision_type=2 2 2 2 1 1 2 1 1 2 2 1 2 2 1 2 2 1 1 2 2 1 2 2 1 2 2 1 1 2
left_child=1 4 14 21 29 6 8 9 -4 -8 -9 -12 -10 -5 15 -2 18 19 -16 -18 -7 22 -3 -24 25 -19 27 -23 -28 -1
right_child=2 3 5 13 -6 20 7 10 12 -11 11 -13 -14 -15 16 -17 17 24 -20 -21 -22 26 23 -25 -26 -27 28 -29 -30 -31
leaf_value=-0.0002050204781472661 -2.746966921424246e-05 -0.00025267282621473097 0.00039556116753567197 -8.2792728074426042e-05 -0.00026551903340865104 4.3801977298150999e-05 0.00035976453075519635 0.0002299973316169178 -0.00012692229135110694 0.0010083632120405737 0.00036122804695761933 -0.00042508134223589528 8.5716582946462211e-05 -0.00013815833248517068 6.5511768464584369e-05 -0.00021971421608046396 7.6329105794815949e-05 0.0001030373370724938 -7.9398938833218606e-05 0.0004666612711725575 0.00012464048136532276 -7.0209947653680779e-05 -0.0001329250040992682 -0.00028190578926052498 1.2635147384746499e-05 -0.00082556393141536798 -3.6352459458784644e-05 -0.00018901021340498453 -0.00032185110768096945 -0.00025823657602369566
leaf_weight=14866 23708 2469 35540 201557 4582 172193 18570 79918 32802 18547 14792 12287 36047 94223 25795 9448 9943 10937 88276 9901 170091 11655 16639 2893 121899 3708 14622 35755 4729 17399
leaf_count=14866 23708 2469 35540 201557 4582 172193 18570 79918 32802 18547 14792 12287 36047 94223 25795 9448 9943 10937 88276 9901 170091 11655 16639 2893 121899 3708 14622 35755 4729 17399
internal_value=-0.000621014 -0.00421671 0.00107306 -0.00350989 -0.0115932 0.00183641 0.00257119 0.00334631 0.00150136 0.00683263 0.00213608 -0.000408989 -0.000204403 -0.0029478 -0.000412282 -0.00219954 -0.000193091 0.000420109 -0.00103379 0.00337715 0.00130283 -0.00538293 -0.0072407 -0.00649959 -9.8862e-06 -0.0024002 -0.00476891 -0.00550833 -0.0029598 -0.0127149
internal_weight=1.31579e+06 421389 894402 384542 36847 590787 248503 144114 104389 37117 106997 27079 68849 295780 303615 33156 270459 156388 114071 19844 342284 88762 22001 19532 136544 14645 66761 47410 19351 32265
internal_count=1315791 421389 894402 384542 36847 590787 248503 144114 104389 37117 106997 27079 68849 295780 303615 33156 270459 156388 114071 19844 342284 88762 22001 19532 136544 14645 66761 47410 19351 32265
cat_boundaries=0 1 2 3 4 5 6 7 8 9 10 11 12
cat_threshold=3 98 32 64 2 1 32 80 3 64 80 44
is_linear=0
shrinkage=0.05


Tree=47
num_leaves=31
num_cat=7
split_feature=7 7 7 7 1 6 5 7 5 5 5 3 1 3 1 7 3 6 1 2 3 3 1 1 6 3 5 7 1 3
split_gain=2914.74 804.334 377.551 144.501 122.493 86.2806 70.2951 56.5291 54.5572 47.2058 44.6733 48.4845 37.5324 37.2531 87.5042 36.84 40.7827 36.0706 33.3709 31.8513 81.8311 31.7575 77.2218 63.4987 29.0883 28.4681 27.0636 26.4607 25.5898 146.802
threshold=0.052995308294739189 0.022916694985247104 0.074994913060566937 0.039807080262756707 0 12.368543260317088 5.5000000000000009 0.10189595550363319 5.5000000000000009 5.5000000000000009 6.5000000000000009 2.5000000000000004 1 5.5000000000000009 2 0.029154964549149176 4.5000000000000009 12.368543260317088 3 20.500000000000004 3.5000000000000004 4.5000000000000009 4 5 13.623457705198346 4.5000000000000009 6.5000000000000009 0.049373452292769696 6 5.5000000000000009
decision_type=2 2 2 2 1 2 2 2 2 2 2 2 1 2 1 2 2 2 1 2 2 2 1 1 2 2 2 2 1 2
left_child=1 4 8 12 19 13 7 -7 17 27 -8 -12 15 -4 -15 -3 -17 -2 -10 20 -1 22 24 -23 -14 -21 -11 -5 29 -19
right_child=2 3 5 9 -6 6 10 -9 18 26 11 -13 21 14 -16 16 -18 28 -20 25 -22 23 -24 -25 -26 -27 -28 -29 -30 -31
leaf_value=-0.00025294307531326804 0.00020293739674957583 -0.00024003918490399443 0.00039960791947464964 -8.7608055138483493e-05 -0.00025224308173821855 9.520234600234948e-05 9.1326739736011246e-07 0.0002208136248146267 -3.2357585214446396e-05 -0.00015666222419539433 8.4669406380230575e-06 0.00019557312648139301 4.5224224653657445e-05 0.0012493898553821514 -0.00021075328583291739 -0.00011260773141563638 -0.00023365857036683515 -3.5470621958601929e-06 -0.00010394052807344186 -0.00022027687314435629 -0.00010967073874085936 -3.4534836485845304e-05 -0.00017955970273473532 -0.00030575855229692114 -0.00012260730321870874 -0.00030347401421054987 -9.4359842580264534e-05 -5.276394707289037e-05 6.6276151354120741e-06 -0.00040270665376038899
leaf_weight=8451 15289 2469 48483 147255 4582 253597 95835 104039 61706 53465 29112 40758 5674 2496 5928 13826 5706 29715 40359 12354 6415 14622 35755 4729 5981 5045 39068 50660 167783 4634
leaf_count=8451 15289 2469 48483 147255 4582 253597 95835 104039 61706 53465 29112 40758 5674 2496 5928 13826 5706 29715 40359 12354 6415 14622 35755 4729 5981 5045 39068 50660 167783 4634
internal_value=-0.000594148 -0.00405479 0.00100613 -0.00336951 -0.0111074 0.00176614 0.00156509 0.00195953 -0.000374195 -0.00282994 0.000713768 0.00167525 -0.00513508 0.00361511 0.000546059 -0.00692949 -0.0062052 7.3475e-05 -0.00132783 -0.0121929 -0.0104971 -0.00454202 -0.0052394 -0.00283577 -0.00169953 -0.0136488 -0.00376217 -0.00239408 -0.000103645 -0.00134681
internal_weight=1.31579e+06 416057 899734 379210 36847 580248 523341 357636 319486 290448 165705 69870 88762 56907 8424 22001 19532 217421 102065 32265 14866 66761 47410 19351 11655 17399 92533 197915 202132 34349
internal_count=1315791 416057 899734 379210 36847 580248 523341 357636 319486 290448 165705 69870 88762 56907 8424 22001 19532 217421 102065 32265 14866 66761 47410 19351 11655 17399 92533 197915 202132 34349
cat_boundaries=0 1 2 3 4 5 6 7
cat_threshold=3 3 32 120 80 44 65
is_linear=0
shrinkage=0.05


Tree=48
num_leaves=31
num_cat=10
split_feature=7 7 7 1 7 5 6 5 6 3 1 1 1 3 1 3 3 5 1 3 1 1 3 1 1 2 3 7 3 3
split_gain=2650.8 843.425 223.069 193.421 183.729 56.8462 54.527 46.399 44.132 42.7286 122.04 94.6575 67.0882 101.324 52.3636 50.7331 49.5834 40.7559 32.1128 31.0059 125.854 29.7746 29.4818 54.914 37.9663 29.0465 87.4666 28.8425 28.5181 27.796
threshold=0.058922228013065493 0.024630190825150434 0.08960462641287327 0 0.043694138763014971 5.5000000000000009 12.395871386706281 5.5000000000000009 12.599324305273347 2.5000000000000004 1 2 3 4.5000000000000009 4 4.5000000000000009 4.5000000000000009 5.5000000000000009 5 5.5000000000000009 6 7 2.5000000000000004 8 9 20.500000000000004 3.5000000000000004 0.049373452292769696 5.5000000000000009 4.5000000000000009
decision_type=2 2 2 1 2 2 2 2 2 2 1 1 1 2 1 2 2 2 1 2 1 1 2 1 1 2 2 2 2 2
left_child=1 3 5 25 17 8 -4 27 19 11 15 -8 16 21 -15 -11 -12 -3 -13 -2 -21 -14 23 -7 -24 26 -1 -6 -16 -27
right_child=2 4 6 -5 7 22 9 -9 -10 10 12 18 13 14 28 -17 -18 -19 -20 20 -22 -23 24 -25 -26 29 -28 -29 -30 -31
leaf_value=-0.00024425329743166073 0.00021810277561115228 -0.00010418038682434364 0.00034953586335653085 -0.0001649326969294908 -7.5115728597222744e-05 6.1214122658275613e-05 0.00020816926919529772 -0.00010962393131753075 2.8165991023331241e-05 0.00029219890857132974 0.00012264347129468806 5.3568581400659237e-05 0.00022665332335513461 0.00016386963575136111 -3.0948187978101925e-05 0.00086803734913727323 0.00029231116260867231 -0.0001578783271492041 -8.8536626261765883e-05 -0.00059243394179561498 0.00050573923563011108 -1.3213265055433965e-06 0.00025896233861788591 -0.00012669905249095142 -1.2119745287722528e-05 -0.00021000589893878046 -0.00010725805172909602 -3.9902139322118422e-05 -0.0002195522102978749 -0.00028936071738347951
leaf_weight=9531 34832 125521 45719 7533 78077 17509 52045 87315 245010 8823 52597 70119 30123 8247 15186 8835 52721 60351 24860 2481 3100 8321 9601 38543 68209 12642 7277 110310 15192 5161
leaf_count=9531 34832 125521 45719 7533 78077 17509 52045 87315 245010 8823 52597 70119 30123 8247 15186 8835 52721 60351 24860 2481 3100 8321 9601 38543 68209 12642 7277 110310 15192 5161
internal_value=-0.000568384 -0.00341788 0.00119912 -0.0101889 -0.00279966 0.000397045 0.00205531 -0.00198058 0.000795749 0.00184149 0.0023171 0.00119436 0.00193246 0.000811181 -0.000997411 0.00628537 0.00275283 -0.00401459 0.00025503 0.0023266 -0.00113331 0.0026285 -0.000453079 -0.00132734 0.000176713 -0.0117681 -0.0102808 -0.00153899 -0.00195636 -0.013179
internal_weight=1.31579e+06 503718 812073 42144 461574 419285 392788 275702 285423 347069 200045 147024 182387 77069 38625 17658 105318 185872 94979 40413 5581 38444 133862 56052 77810 34611 16808 188387 30378 17803
internal_count=1315791 503718 812073 42144 461574 419285 392788 275702 285423 347069 200045 147024 182387 77069 38625 17658 105318 185872 94979 40413 5581 38444 133862 56052 77810 34611 16808 188387 30378 17803
cat_boundaries=0 1 2 3 4 5 6 7 8 9 10
cat_threshold=3 32 81 22 8 6 64 65 81 32
is_linear=0
shrinkage=0.05


Tree=49
num_leaves=31
num_cat=11
split_feature=7 7 7 1 7 7 6 3 1 3 1 1 3 1 5 6 3 1 5 3 1 1 3 3 6 1 2 3 1 1
split_gain=2408.85 781.785 196.188 178.579 170.82 53.8862 50.8914 49.0786 126.114 183.66 114.672 94.3205 76.7298 58.2081 43.1528 41.6594 44.7737 90.0784 37.5247 35.9545 106.661 97.6564 83.5333 42.016 33.6605 30.4388 30.6129 30.0281 103.255 31.7246
threshold=0.05941495000364224 0.024630190825150434 0.088766613791931293 0 0.043694138763014971 0.11621054548671803 12.368543260317088 3.5000000000000004 1 5.5000000000000009 2 3 4.5000000000000009 4 5.5000000000000009 12.619159467767542 5.5000000000000009 5 5.5000000000000009 3.5000000000000004 6 7 4.5000000000000009 4.5000000000000009 13.873910353681742 8 16.500000000000004 5.5000000000000009 9 10
decision_type=2 2 2 1 2 2 2 2 1 2 1 1 2 1 2 2 2 1 2 2 1 1 2 2 2 1 2 2 1 1
left_child=1 3 6 -1 18 15 27 10 12 -10 24 -11 -9 -14 -6 16 25 -18 -3 21 23 -17 -22 -21 -8 26 -4 29 -29 -2
right_child=2 4 5 -5 14 -7 7 8 9 11 -12 -13 13 -15 -16 19 17 -19 -20 20 22 -23 -24 -25 -26 -27 -28 28 -30 -31
leaf_value=-0.00020258587975722879 0.00037124314937765326 -9.8971367483126352e-05 0.00025667444680441999 -0.00015668606208301615 -5.2639112308259726e-05 0.00030652965596145512 0.00013594178085980929 -3.182249811199689e-06 5.0195205716509206e-05 -0.00018615589919787276 -5.2618312220552651e-05 -0.00065892488687615831 0.00045564947633847802 0.00011033039510898457 -0.00010416992305794793 0.00017983198873831944 0.00088440416236849136 -0.00018763100768801958 -0.00014998441079174392 0.00011176040044932612 0.00022231775704014136 5.0712591718113374e-07 -9.9842037828255106e-05 0.00029123555722673848 -2.1612891359434894e-05 0.00011178176089068765 0.00054201010666224132 -0.00062834435950744484 0.00070870889748774065 0.00012246536276906556
leaf_weight=34611 13564 125521 24350 7533 191937 50977 45101 38562 30764 11891 149852 3773 10731 65549 88979 55618 2677 8279 60351 26289 14061 101761 28109 51759 15860 20583 18749 2412 2251 13337
leaf_count=34611 13564 125521 24350 7533 191937 50977 45101 38562 30764 11891 149852 3773 10731 65549 88979 55618 2677 8279 60351 26289 14061 101761 28109 51759 15860 20583 18749 2412 2251 13337
internal_value=-0.000542582 -0.00323629 0.00115649 -0.00975821 -0.00264745 0.00193657 0.000377248 0.000213729 0.00087028 -0.00132865 -0.000288526 -0.00573608 0.00175922 0.00267829 -0.00186942 0.00171668 0.00276535 -0.000187112 -0.00382333 0.00143472 0.00208579 0.000937387 5.92698e-05 0.00318033 0.00153967 0.0032733 0.00402874 0.00230484 -0.00139931 0.00294692
internal_weight=1.31579e+06 508932 806859 42144 466788 403212 403647 372083 161270 46428 210813 15664 114842 76280 280916 352235 74638 10956 185872 277597 120218 157379 42170 78048 60961 63682 43099 31564 4663 26901
internal_count=1315791 508932 806859 42144 466788 403212 403647 372083 161270 46428 210813 15664 114842 76280 280916 352235 74638 10956 185872 277597 120218 157379 42170 78048 60961 63682 43099 31564 4663 26901
cat_boundaries=0 1 2 3 4 5 6 7 8 9 10 11
cat_threshold=3 46 81 17 32 36 46 81 96 64 64
is_linear=0
shrinkage=0.05


Tree=50
num_leaves=31
num_cat=7
split_feature=7 7 7 1 7 6 5 7 5 3 5 3 1 1 7 6 3 1 1 3 6 1 2 3 3 5 6 3 1 2
split_gain=2189.06 630.898 292.657 164.131 101.257 72.3424 63.3686 45.8561 40.4618 41.0636 39.1651 35.8555 95.3184 34.4263 44.0335 32.2403 37.1599 28.7067 28.6637 29.659 27.692 26.7451 26.543 83.5761 27.1536 26.1897 25.2988 25.7912 36.5772 24.5171
threshold=0.052995308294739189 0.024630190825150434 0.074089071534796075 0 0.041583106592019921 12.413077667390478 5.5000000000000009 0.11621054548671803 6.5000000000000009 2.5000000000000004 5.5000000000000009 5.5000000000000009 1 2 0.048739663163306905 13.407846408716152 4.5000000000000009 3 4 4.5000000000000009 12.368543260317088 5 20.500000000000004 3.5000000000000004 4.5000000000000009 5.5000000000000009 13.440146702021273 4.5000000000000009 6 16.500000000000004
decision_type=2 2 2 1 2 2 2 2 2 2 2 2 1 1 2 2 2 1 1 2 2 1 2 2 2 2 2 2 1 2
left_child=1 3 10 22 25 11 7 26 -8 -10 20 21 -13 15 -15 -6 17 -17 19 -12 -2 29 23 -1 -24 -3 -7 -28 -29 -4
right_child=2 4 5 -5 13 6 8 -9 9 -11 18 12 -14 14 -16 16 -18 -19 -20 -21 -22 -23 24 -25 -26 -27 27 28 -30 -31
leaf_value=-0.00022191133857221609 0.000179363469029524 -0.00010339341196153561 0.0002879715840221356 -0.00014885175897886538 -7.9025254647313587e-07 0.00011986085681739006 -1.0066930927515177e-05 0.00029323998742892372 -1.1701027598197412e-07 0.00017193899967614737 -6.2191396620022227e-05 0.0010658208332663171 -0.00021586002569740846 -9.5472405122739104e-05 -3.1067315949892713e-05 -2.4410004834667448e-05 -1.3121348102696288e-05 -0.00011949458636104013 -9.2268969335979761e-05 7.2483251966768553e-05 -7.0557512076152923e-06 7.4204384472536039e-05 -0.00018937631000397992 -9.1765855154779888e-05 -0.00026476338752644409 -0.00015726222104338694 2.0702674754708233e-05 0.00018965452118282003 -5.4502738476784607e-05 0.00059692110469855358
leaf_weight=9531 14730 76628 28610 7533 25032 229420 95929 29108 29300 41027 35330 3018 6839 138497 25328 10823 20449 39798 47954 15373 195560 8720 12642 7277 5161 37358 71656 20204 7681 19275
leaf_count=9531 14730 76628 28610 7533 25032 229420 95929 29108 29300 41027 35330 3018 6839 138497 25328 10823 20449 39798 47954 15373 195560 8720 12642 7277 5161 37358 71656 20204 7681 19275
internal_value=-0.0005183 -0.00351737 0.000868534 -0.00931687 -0.0028637 0.00152064 0.00132365 0.00169821 0.000516974 0.00142797 -0.000378463 0.00307469 0.000291671 -0.00231882 -0.00275964 -0.00156692 -0.0021106 -0.00283726 -0.00120037 -0.000371207 7.13301e-06 0.00355931 -0.0107716 -0.00934971 -0.0121201 -0.00410621 0.00152989 0.000864217 0.00215438 0.00402286
internal_weight=1.31579e+06 416057 899734 42144 373913 590787 524325 358069 166256 70327 308947 66462 9857 259927 163825 96102 71070 50621 98657 50703 210290 56605 34611 16808 17803 113986 328961 99541 27885 47885
internal_count=1315791 416057 899734 42144 373913 590787 524325 358069 166256 70327 308947 66462 9857 259927 163825 96102 71070 50621 98657 50703 210290 56605 34611 16808 17803 113986 328961 99541 27885 47885
cat_boundaries=0 1 2 3 4 5 6 7
cat_threshold=3 32 120 16 56 96 46
is_linear=0
shrinkage=0.05


Tree=51
num_leaves=31
num_cat=8
split_feature=7 7 7 1 7 6 3 1 3 1 1 3 2 1 3 3 5 5 1 1 3 6 1 3 6 2 3 3 5 7
split_gain=1989.35 584.359 263.377 154.093 92.2757 68.8221 61.5037 299.876 205.244 181.344 129.078 61.8152 54.8951 53.7735 51.1225 50.3828 35.3468 35.004 29.7675 25.5589 27.3518 25.4267 26.9857 49.2594 39.9062 25.4183 74.8286 26.4631 25.3092 24.8171
threshold=0.052995308294739189 0.024630190825150434 0.074089071534796075 0 0.039807080262756707 12.281729595966118 3.5000000000000004 1 5.5000000000000009 2 3 4.5000000000000009 17.500000000000004 4 4.5000000000000009 4.5000000000000009 5.5000000000000009 5.5000000000000009 5 6 4.5000000000000009 13.866811852237587 7 4.5000000000000009 13.147788404636154 20.500000000000004 3.5000000000000004 4.5000000000000009 6.5000000000000009 0.082146381300633078
decision_type=2 2 2 1 2 2 2 1 2 1 1 2 2 1 2 2 2 2 1 1 2 2 1 2 2 2 2 2 2 2
left_child=1 3 17 25 -3 -4 9 10 11 -7 15 -9 -11 -10 18 -8 -6 21 -12 20 -19 22 23 -2 -25 26 -1 -27 -18 -14
right_child=2 4 5 -5 16 6 7 8 13 12 14 -13 29 -15 -16 -17 28 19 -20 -21 -22 -23 -24 24 -26 27 -28 -29 -30 -31
leaf_value=-0.00021081577164360523 8.1820097747606693e-06 -0.00011701736750610662 0.00033574012335053292 -0.00014140917102992216 -6.4079863333461545e-05 0.00015880776897369555 0.00028122191813092639 0.00019527234394900938 -0.00014130890854737593 -5.1221892028124194e-05 0.00021789594829821452 -2.0034515971259494e-05 -0.00025948977116469277 -0.00041923332992906684 0.00022665803504817034 0.0008020794185368608 -0.0001321064598839225 -5.908182678902117e-05 1.6941961933704745e-05 -8.7655520869180808e-05 6.8859089368430298e-05 -5.4782171147916075e-05 -1.385524423362719e-05 0.00048372942762486067 7.3817058628436986e-05 -0.00017990749450378098 -8.7177562397040839e-05 -0.00025152521815012194 -7.2374873894042778e-05 6.6228062612797017e-05
leaf_weight=9531 54910 83465 40831 7533 197915 117529 7604 29540 21265 110339 14854 29642 1676 8631 83905 14967 53465 35330 27866 47954 15373 32442 101021 6673 15244 12642 7277 5161 39068 82138
leaf_count=9531 54910 83465 40831 7533 197915 117529 7604 29540 21265 110339 14854 29642 1676 8631 83905 14967 53465 35330 27866 47954 15373 32442 101021 6673 15244 12642 7277 5161 39068 82138
internal_value=-0.000495538 -0.00335453 0.000826522 -0.00893603 -0.00272543 0.00144515 0.0012981 0.00190285 -0.00039287 0.000835788 0.00327333 0.0013129 -0.00010262 -0.00376974 0.00265191 0.00675679 -0.00230437 -0.000356453 0.00124415 -0.00113347 -0.000350502 8.08407e-06 0.000242904 0.000949087 0.00295319 -0.0103456 -0.00895407 -0.0116652 -0.00311105 0.000862028
internal_weight=1.31579e+06 416057 899734 42144 373913 590787 549956 238274 89078 311682 149196 59182 194153 29896 126625 22571 290448 308947 42720 98657 50703 210290 177848 76827 21917 34611 16808 17803 92533 83814
internal_count=1315791 416057 899734 42144 373913 590787 549956 238274 89078 311682 149196 59182 194153 29896 126625 22571 290448 308947 42720 98657 50703 210290 177848 76827 21917 34611 16808 17803 92533 83814
cat_boundaries=0 1 2 3 4 5 6 7 8
cat_threshold=3 46 81 32 17 2 56 56
is_linear=0
shrinkage=0.05


Tree=52
num_leaves=31
num_cat=12
split_feature=7 7 7 1 7 5 6 3 1 1 3 3 1 1 3 3 6 3 3 1 1 6 7 3 1 1 1 3 1 1
split_gain=1806.43 608.629 148.68 142.52 134.765 43.2578 42.9504 43.1385 119.977 70.5945 45.0765 41.1453 122.842 116.055 197.308 78.8946 42.3039 39.2787 34.9179 35.4918 32.6918 31.5207 30.1441 31.8774 154.444 28.9669 27.5159 27.4539 103.594 27.2936
threshold=0.059873605089285568 0.024630190825150434 0.08960462641287327 0 0.043694138763014971 5.5000000000000009 12.572492825033674 3.5000000000000004 1 2 5.5000000000000009 2.5000000000000004 3 4 5.5000000000000009 4.5000000000000009 13.652693937087976 4.5000000000000009 4.5000000000000009 5 6 12.750319505129609 0.039287600333278487 5.5000000000000009 7 8 9 5.5000000000000009 10 11
decision_type=2 2 2 1 2 2 2 2 1 1 2 2 1 1 2 2 2 2 2 1 1 2 2 2 1 1 1 2 1 1
left_child=1 3 5 -1 22 21 27 9 18 -8 -10 12 -6 14 17 -15 -17 -13 -9 -20 -12 -2 -3 25 -25 -24 -14 29 -29 -4
right_child=2 4 6 -5 11 -7 7 8 10 -11 20 13 26 15 -16 16 -18 -19 19 -21 -22 -23 23 24 -26 -27 -28 28 -30 -31
leaf_value=-0.00017392345628941837 0.00012488320805987448 -0.00011208303803101234 0.00036195973049614407 -0.00013433871247842607 -1.6979378356560618e-05 -2.3047734491925961e-05 0.00016575440685764192 0.00014233678386637723 8.6840699126723719e-05 1.719201159188638e-05 -0.00037062820684292849 -3.3534181066260939e-06 -0.00010621243181219691 -5.6804771209182162e-05 -0.00028631228431510119 8.6075343595883914e-05 -2.8159648713740016e-05 -0.00012592175010268727 0.00068324682116343053 0.00027506270699932943 -4.9721614029441673e-05 2.2161386139132879e-05 -5.9437788497897041e-05 -0.00026199621698203349 5.9810016130001921e-05 -0.00012236825750325375 -0.0001618537834189273 0.00094183618765499586 -0.00019504109382966208 9.7647017893379848e-05
leaf_weight=34611 54146 78570 47745 7533 52090 130571 57816 27271 37530 121590 3518 26887 45608 55136 13516 35260 20212 13353 6908 46923 15330 224345 68168 10169 5537 23428 23863 3417 7663 17077
leaf_count=34611 54146 78570 47745 7533 52090 130571 57816 27271 37530 121590 3518 26887 45608 55136 13516 35260 20212 13353 6908 46923 15330 224345 68168 10169 5537 23428 23863 3417 7663 17077
internal_value=-0.000476956 -0.00279103 0.00100624 -0.00854807 -0.00227677 0.000339068 0.00170104 0.00144516 0.00211158 0.000934473 0.000339611 -0.00159544 -0.00229288 -0.00107962 -0.00298516 -0.00015323 0.00117807 -0.00123012 0.00334291 0.00408176 -0.00165535 0.000691135 -0.00332487 -0.00278 -0.0048612 -0.00242314 -0.00366899 0.00276936 0.000469314 0.00316251
internal_weight=1.31579e+06 513941 801850 42144 471797 409062 392788 316886 137480 179406 56378 285925 121561 164364 53756 110608 55472 40240 81102 53831 18848 278491 185872 107302 15706 91596 69471 75902 11080 64822
internal_count=1315791 513941 801850 42144 471797 409062 392788 316886 137480 179406 56378 285925 121561 164364 53756 110608 55472 40240 81102 53831 18848 278491 185872 107302 15706 91596 69471 75902 11080 64822
cat_boundaries=0 1 2 3 4 5 6 7 8 9 10 11 12
cat_threshold=3 38 81 113 65 32 64 81 83 12 36 96
is_linear=0
shrinkage=0.05


Tree=53
num_leaves=31
num_cat=10
split_feature=7 7 7 1 7 7 6 3 1 3 1 1 1 3 5 3 3 1 1 3 3 1 7 6 3 6 3 1 5 1
split_gain=1637.62 492.787 218.748 130.275 78.7247 56.9883 44.531 67.0506 74.0911 63.1204 240.621 61.7038 49.5364 49.8269 39.0513 38.7999 36.1916 78.8427 46.6187 45.864 36.1171 28.1781 38.037 28.0918 29.7255 27.5766 24.6954 39.3351 24.1713 23.6857
threshold=0.052995308294739189 0.024630190825150434 0.078034230429874021 0 0.041583106592019921 0.11621054548671803 12.968424008565655 3.5000000000000004 1 5.5000000000000009 2 3 4 4.5000000000000009 5.5000000000000009 5.5000000000000009 2.5000000000000004 5 6 4.5000000000000009 4.5000000000000009 7 0.048739663163306905 13.407846408716152 4.5000000000000009 12.368543260317088 2.5000000000000004 8 5.5000000000000009 9
decision_type=2 2 2 1 2 2 2 2 1 2 1 1 1 2 2 2 2 1 1 2 2 1 2 2 2 2 2 1 2 1
left_child=1 3 14 -1 28 6 9 11 20 12 -11 -8 13 -4 25 -10 18 19 -14 -18 -9 23 -23 -6 -25 -2 -7 -28 -3 -16
right_child=2 4 5 -5 21 26 7 8 15 10 -12 -13 16 -15 29 -17 17 -19 -20 -21 -22 22 -24 24 -26 -27 27 -29 -30 -31
leaf_value=-0.00016522728347494742 0.00017579071803865075 -8.7802130324265984e-05 0.00031615161327545053 -0.00012762177685450484 5.7100300431682176e-06 0.00014188695427999888 7.3852761842065084e-05 6.455383185023853e-05 5.3015254228007406e-05 -0.00021951303945604088 0.00048202923422116864 -4.6474087107848538e-05 0.00010363889946626674 3.880505580681343e-06 -2.3093682197363603e-05 -0.00016607867862077319 0.00034579599155041277 8.4826327053556116e-05 -0.00010726187700629276 0.0010748667543402245 0.00020565852978870203 -8.3440599799526277e-05 -2.1954624110771988e-05 -8.940443471020521e-05 -7.9535053185385285e-06 -8.144683278079809e-07 0.00078256362404228042 0.00024659424525898672 -0.00013850988467227314 -8.1854796412098385e-05
leaf_weight=34611 17115 76628 49661 7533 25032 21418 73622 30479 21293 20110 11266 86734 42920 9849 69690 10804 10061 47798 18687 5047 59998 138497 25328 50621 20449 221310 7530 22029 37358 42313
leaf_count=34611 17115 76628 49661 7533 25032 21418 73622 30479 21293 20110 11266 86734 42920 9849 69690 10804 10061 47798 18687 5047 59998 138497 25328 50621 20449 221310 7530 22029 37358 42313
internal_value=-0.00045484 -0.0030488 0.000744665 -0.00817435 -0.0024711 0.00136736 0.00120448 0.000792069 0.00167246 0.00174618 -0.000326683 0.00011911 0.0020996 0.00328629 -0.000231431 -0.000391659 0.00153205 0.00237577 0.000670784 0.00552322 0.00240449 -0.00199066 -0.00238945 -0.00131045 -0.00181793 0.000130334 0.00295967 0.00389644 -0.00356667 -0.00100154
internal_weight=1.31579e+06 416057 899734 42144 373913 549306 498329 282930 122574 215399 31376 160356 184023 59510 350428 32097 124513 62906 61607 15108 90477 259927 163825 96102 71070 238425 50977 29559 113986 112003
internal_count=1315791 416057 899734 42144 373913 549306 498329 282930 122574 215399 31376 160356 184023 59510 350428 32097 124513 62906 61607 15108 90477 259927 163825 96102 71070 238425 50977 29559 113986 112003
cat_boundaries=0 1 2 3 4 5 6 7 8 9 10
cat_threshold=3 46 65 85 80 32 13 120 32 120
is_linear=0
shrinkage=0.05


Tree=54
num_leaves=31
num_cat=7
split_feature=7 7 7 1 7 6 5 3 1 1 3 3 6 3 5 5 5 7 1 6 1 3 2 3 3 6 3 1 1 3
split_gain=1480.4 509.057 121.865 118.699 110.672 38.9626 37.1676 35.2793 109.031 104.568 185.313 71.3647 38.9966 34.0787 31.4305 37.8779 30.2922 30.0737 27.8625 26.0863 25.2324 22.7742 22.3964 71.7883 27.6343 20.417 19.572 43.2268 30.4782 36.1204
threshold=0.060317631810185908 0.024630190825150434 0.08960462641287327 0 0.043694138763014971 12.281729595966118 5.5000000000000009 2.5000000000000004 1 2 5.5000000000000009 4.5000000000000009 13.652693937087976 4.5000000000000009 5.5000000000000009 6.5000000000000009 5.5000000000000009 0.12056618416729371 3 13.866811852237587 4 2.5000000000000004 20.500000000000004 3.5000000000000004 4.5000000000000009 12.147946851847994 2.5000000000000004 5 6 5.5000000000000009
decision_type=2 2 2 1 2 2 2 2 1 1 2 2 2 2 2 2 2 2 1 2 1 2 2 2 2 2 2 1 1 2
left_child=1 3 6 22 16 -4 19 8 -6 10 13 -11 -13 -9 17 -16 -3 -7 -12 25 -10 -17 23 -1 -24 -2 27 -8 -28 -30
right_child=2 4 5 -5 7 14 26 9 20 11 18 12 -14 -15 15 21 -18 -19 -20 -21 -22 -23 24 -25 -26 -27 28 -29 29 -31
leaf_value=-0.00018331744607320654 0.00031790216259697354 -7.5752871833046148e-05 0.0003371601422168212 -0.00012124068801177956 -1.3661746900746689e-05 0.00010535920807800345 -4.0735917579800416e-06 -1.6375633327944673e-06 -9.7665163396533711e-05 -5.0926417520155351e-05 -0.00022557333255584789 8.2924463459211663e-05 -2.5613454614725056e-05 -0.00011698035441271502 -2.5436901807687763e-06 3.7285265955335628e-05 -0.00011910608684127696 0.00027904421379490002 -0.00071862443228852795 -2.0821710273116052e-05 -0.00015031398098783023 0.00020200323363100058 -0.00015395458279037351 -6.5861147288970474e-05 -0.00022199142025439747 4.1472918108307477e-05 7.0596923054107311e-05 -0.00016797787143100487 7.0370449522322303e-06 -0.00016760319402791201
leaf_weight=9531 9218 125521 29465 7533 52679 223305 35248 26965 46958 56499 11735 36004 20805 13401 66503 20202 60351 25160 1827 47341 24016 28153 12642 7277 5161 218622 34525 18723 28988 11433
leaf_count=9531 9218 125521 29465 7533 52679 223305 35248 26965 46958 56499 11735 36004 20805 13401 66503 20202 60351 25160 1827 47341 24016 28153 12642 7277 5161 218622 34525 18723 28988 11433
internal_value=-0.000431204 -0.00250956 0.000922152 -0.00777691 -0.00204395 0.00154931 0.000312548 -0.001435 -0.00207536 -0.000961515 -0.00277355 -9.88369e-05 0.00115255 -0.00107516 0.00140749 0.000723502 -0.00299695 0.00172368 -0.0078307 0.00064076 -0.00335428 0.00178834 -0.00901404 -0.00770764 -0.0102525 0.000862667 -0.00038804 -0.00111402 0.000134764 -0.000797037
internal_weight=1.31579e+06 518905 796886 42144 476761 392788 404098 290889 123653 167236 53928 113308 56809 40366 363323 114858 185872 248465 13562 275181 70974 48355 34611 16808 17803 227840 128917 53971 74946 40421
internal_count=1315791 518905 796886 42144 476761 392788 404098 290889 123653 167236 53928 113308 56809 40366 363323 114858 185872 248465 13562 275181 70974 48355 34611 16808 17803 227840 128917 53971 74946 40421
cat_boundaries=0 1 2 3 4 5 6 7
cat_threshold=3 113 65 1 12 89 40
is_linear=0
shrinkage=0.05


Tree=55
num_leaves=31
num_cat=6
split_feature=7 7 7 1 7 7 5 5 1 6 3 1 1 3 3 6 5 6 5 3 1 6 2 3 3 3 2 6 3 1
split_gain=1342.59 408.314 182.291 108.133 65.9412 62.2437 32.9502 31.3614 29.3571 44.9524 32.6478 63.1962 60.2351 206.585 41.2443 34.3617 25.7385 24.7944 24.3465 22.8587 29.3692 21.7965 21.5463 64.88 26.2022 21.483 21.4285 21.3932 21.2407 20.6891
threshold=0.052995308294739189 0.024630190825150434 0.071194167871942035 0 0.039287600333278487 0.10414963761858197 5.5000000000000009 5.5000000000000009 1 13.890376349171087 2.5000000000000004 2 3 5.5000000000000009 4.5000000000000009 13.157220255891877 6.5000000000000009 12.581370599189196 6.5000000000000009 3.5000000000000004 4 13.440146702021273 20.500000000000004 3.5000000000000004 4.5000000000000009 2.5000000000000004 16.500000000000004 13.313290714638764 4.5000000000000009 5
decision_type=2 2 2 1 2 2 2 2 1 2 2 1 1 2 2 2 2 2 2 2 1 2 2 2 2 2 2 2 2 1
left_child=1 3 8 22 -3 6 21 -6 -2 10 11 27 13 -12 -14 -16 -8 26 -9 29 -21 -4 23 -1 -24 -20 -7 -10 -22 -19
right_child=2 4 5 -5 7 17 16 18 9 -11 12 -13 14 -15 15 -17 -18 19 25 20 28 -23 24 -25 -26 -27 -28 -29 -30 -31
leaf_value=-0.0001741515737695463 -5.1161343212505901e-05 -9.6852416684385835e-05 9.4525592945537973e-05 -0.00011517865361119051 -5.1204564092694267e-05 7.1507835892665325e-05 -1.7340531123299919e-05 -0.00011592736302420553 0.00013720821801794375 -7.862258393357518e-05 7.727774001035845e-05 -0.00011000437822717945 1.1032353817962484e-05 -0.00072528999514831082 0.00029886338541957463 6.9954354862895865e-05 6.7356584689959314e-05 0.00015555335176534388 -0.00010890525206148448 0.00025726699464849386 0.00025711240459605142 3.1754101029658063e-05 -0.00014625685365085486 -6.2568089924521999e-05 -0.00021089184924167755 -2.2186382013814066e-05 0.00039547493457100515 -4.5125442882439084e-06 -9.549629832682518e-05 1.6108702012385125e-05
leaf_weight=9531 71331 78570 224560 7533 201127 7550 89547 54387 13932 33566 9477 31437 40586 3240 13185 27855 66274 27126 16578 38094 3267 108128 12642 7277 5161 23251 25760 23066 6584 35169
leaf_count=9531 71331 78570 224560 7533 201127 7550 89547 54387 13932 33566 9477 31437 40586 3240 13185 27855 66274 27126 16578 38094 3267 108128 12642 7277 5161 23251 25760 23066 6584 35169
internal_value=-0.000410229 -0.00275894 0.000675866 -0.00742454 -0.00223307 0.00113902 0.000870045 -0.0018906 -0.000417764 -0.000102111 0.000241433 -0.000589976 0.000844525 -0.00235523 0.00134316 0.00246101 0.000270021 0.00205434 -0.00264339 0.00169312 0.00251382 0.00115108 -0.00860533 -0.00732389 -0.00981997 -0.00170416 0.00324977 0.000810636 7.85924e-05 0.00106148
internal_weight=1.31579e+06 416057 899734 42144 373913 632059 488509 295343 267675 196344 162778 68435 94343 12717 81626 41040 155821 143550 94216 110240 47945 332688 34611 16808 17803 39829 33310 36998 9851 62295
internal_count=1315791 416057 899734 42144 373913 632059 488509 295343 267675 196344 162778 68435 94343 12717 81626 41040 155821 143550 94216 110240 47945 332688 34611 16808 17803 39829 33310 36998 9851 62295
cat_boundaries=0 1 2 3 4 5 6
cat_threshold=3 5 88 64 38 85
is_linear=0
shrinkage=0.05


Tree=56
num_leaves=31
num_cat=10
split_feature=7 7 7 1 7 7 7 6 3 1 3 1 1 3 5 6 1 3 1 5 1 5 3 1 3 3 1 3 3 1
split_gain=1220.14 369.918 169.955 98.897 59.601 50.9104 36.7386 27.9425 36.2433 88.8422 27.9485 64.2546 57.7167 48.4726 27.3264 26.3713 27.9349 87.5598 33.0435 24.3353 23.2036 22.6285 22.5327 22.3124 26.1578 23.996 45.2817 24.3121 22.1439 36.2087
threshold=0.052769854371802073 0.024630190825150434 0.087953586857695942 0 0.039287600333278487 0.066488747448651006 0.11621054548671803 12.757262318944296 5.5000000000000009 1 3.5000000000000004 2 3 4.5000000000000009 5.5000000000000009 13.899034276792438 4 3.5000000000000004 5 5.5000000000000009 6 6.5000000000000009 4.5000000000000009 7 4.5000000000000009 2.5000000000000004 8 4.5000000000000009 2.5000000000000004 9
decision_type=2 2 2 1 2 2 2 2 2 1 2 1 1 2 2 2 1 2 1 2 1 2 2 1 2 2 1 2 2 1
left_child=1 3 5 -1 -3 15 7 8 23 -10 12 13 -9 -12 -6 16 17 18 -2 -7 -19 -16 -13 24 -4 -25 27 -27 -8 -30
right_child=2 4 6 -5 14 19 28 10 9 -11 11 22 -14 -15 21 -17 -18 20 -20 -21 -22 -23 -24 25 -26 26 -28 -29 29 -31
leaf_value=-0.00014136315223566928 9.4579771406040462e-05 -9.2009795850166685e-05 0.0003226210730484902 -0.00010941972093063101 -4.923447661267337e-05 3.9549724698157573e-05 0.00012161923410548907 8.83799214580091e-05 0.00061632649450492252 -0.00017113540527962588 0.00015562576963368513 7.4994938784050261e-05 -4.273479080804527e-05 -0.00013165783376182515 -0.00011007254883755539 -9.4193053403996216e-05 -3.5752132167083883e-05 0.00020626544227897223 -0.00010496096351812635 -1.3834682666732934e-05 1.7390740511373515e-07 -5.4292702704061492e-05 0.00019595970101524487 3.89168872687834e-05 2.5944539083952446e-05 0.00043001873032920136 8.275081637802717e-05 0.0011634181252368834 0.0007209691216580414 0.00021254138582631963
leaf_weight=34611 6828 78570 31100 7533 197671 205049 21418 83360 3972 11576 9090 28126 62234 18391 53470 23624 114907 17216 22426 95727 5338 39169 55592 26181 6216 5407 18741 2689 7530 22029
leaf_count=34611 6828 78570 31100 7533 197671 205049 21418 83360 3972 11576 9090 28126 62234 18391 53470 23624 114907 17216 22426 95727 5338 39169 55592 26181 6216 5407 18741 2689 7530 22029
internal_value=-0.000390849 -0.00264985 0.000635385 -0.0070876 -0.00214284 6.46488e-06 0.00138208 0.00120542 0.0018889 -0.00034088 0.000923604 0.00152047 0.000467739 -0.000577462 -0.0018122 -0.000633475 -0.000411931 0.000551932 -0.00125282 0.000411436 0.00289306 -0.00252081 0.00220894 0.00227268 0.00320956 0.00161236 0.0026633 0.00578584 0.00263894 0.003526
internal_weight=1.31579e+06 411024 904767 42144 368880 491115 413652 362675 105882 15548 256793 111199 145594 27481 290310 190339 166715 51808 29254 300776 22554 92639 83718 90334 37316 53018 26837 8096 50977 29559
internal_count=1315791 411024 904767 42144 368880 491115 413652 362675 105882 15548 256793 111199 145594 27481 290310 190339 166715 51808 29254 300776 22554 92639 83718 90334 37316 53018 26837 8096 50977 29559
cat_boundaries=0 1 2 3 4 5 6 7 8 9 10
cat_threshold=3 36 65 85 50 16 34 72 32 32
is_linear=0
shrinkage=0.05


Tree=57
num_leaves=31
num_cat=8
split_feature=7 7 7 1 6 5 7 7 6 5 5 3 3 1 1 2 7 1 3 3 1 0 1 5 6 5 0 2 3 3
split_gain=1108.43 314.153 194.968 89.6587 55.3166 46.3675 41.8842 36.4556 34.8661 34.8251 30.213 28.6206 28.1961 112.436 27.3798 38.3527 27.5326 26.0135 88.3458 24.041 53.7971 22.7119 21.5316 21.1818 20.7361 20.2367 19.6758 18.6992 60.3119 25.3799
threshold=0.050523761022795821 0.024630190825150434 0.071194167871942035 0 12.315433647650661 5.5000000000000009 0.039287600333278487 0.10189595550363319 12.482153937926691 6.5000000000000009 5.5000000000000009 2.5000000000000004 5.5000000000000009 1 2 20.500000000000004 0.047327318174891456 3 5.5000000000000009 5.5000000000000009 4 5 6 5.5000000000000009 13.866811852237587 6.5000000000000009 7 20.500000000000004 3.5000000000000004 4.5000000000000009
decision_type=2 2 2 1 2 2 2 2 2 2 2 2 2 1 1 2 2 1 2 2 1 1 1 2 2 2 1 2 2 2
left_child=1 3 8 27 19 7 -3 -6 12 21 24 22 -2 -14 15 16 17 -8 -19 -4 -21 -7 -11 -16 -10 -12 -13 28 -1 -29
right_child=2 6 4 -5 5 9 14 -9 10 11 25 26 13 -15 23 -17 -18 18 -20 20 -22 -23 -24 -25 -26 -27 -28 29 -30 -31
leaf_value=-0.00015837583746928542 0.00011964223044252099 -8.7409306057658319e-05 0.00030430071682946251 -0.00010394873488409947 5.4459723173331394e-05 2.3904432575430276e-05 7.4761182097219354e-05 0.0001489490392123056 -2.8897297485754733e-06 -0.00033600337336502122 -8.9109847571684783e-05 0.00019760992203393183 -0.00043755955252303987 0.00071793289617532558 -5.5057108309126626e-05 -0.00012167956683608542 -5.0426080923908838e-05 2.4024252576621692e-05 -0.00075684291862782656 -0.00025276354983078396 0.00067927249625368211 -6.5727732454902438e-05 2.0242087482658101e-05 -9.7089445688261502e-05 -6.0303745645560319e-05 -2.4913786721122991e-05 5.8821765241271613e-05 -0.00013187585335652855 -5.2371527816512391e-05 -0.00019327909916781012
leaf_weight=9531 25927 78570 41962 7533 291195 53368 14874 106724 163670 2774 53010 22079 2550 1879 113865 10462 44675 5296 892 4571 2744 53463 29726 53287 34328 38303 23453 12642 7277 5161
leaf_count=9531 25927 78570 41962 7533 291195 53368 14874 106724 163670 2774 53010 22079 2550 1879 113865 10462 44675 5296 892 4571 2744 53463 29726 53287 34328 38303 23453 12642 7277 5161
internal_value=-0.000373407 -0.00271978 0.000524153 -0.00677914 0.00103309 0.000897076 -0.00218835 0.00120106 -0.000482142 0.000242747 -0.000651289 0.00104572 0.00112992 -0.00255701 -0.00186428 -0.00107828 -0.000630923 0.000859368 -0.0018635 0.0026417 -3.41763e-06 -0.000343767 -8.76923e-05 -0.0022224 -0.000304296 -0.00140369 0.00185474 -0.00785434 -0.00666052 -0.00898585
internal_weight=1.31579e+06 364065 951726 42144 632059 582782 321921 397919 319667 184863 289311 78032 30356 4429 243351 76199 65737 21062 6188 49277 7315 106831 32500 167152 197998 91313 45532 34611 16808 17803
internal_count=1315791 364065 951726 42144 632059 582782 321921 397919 319667 184863 289311 78032 30356 4429 243351 76199 65737 21062 6188 49277 7315 106831 32500 167152 197998 91313 45532 34611 16808 17803
cat_boundaries=0 1 2 3 4 5 6 7 8
cat_threshold=3 65 120 24 68 11837224 32 14779511
is_linear=0
shrinkage=0.05


Tree=58
num_leaves=31
num_cat=9
split_feature=7 7 7 1 7 6 6 3 1 3 1 1 3 1 5 6 7 3 3 1 1 3 3 5 7 1 3 5 3 1
split_gain=1008.21 353.88 85.7909 82.4679 73.9421 35.1111 30.0416 29.9374 127.872 183.701 94.4802 81.6349 61.6845 52.9939 29.7364 26.1737 25.3937 25.1276 24.6373 56.1581 24.1093 64.4532 101.249 21.8713 21.1968 21.1836 31.4311 21.1792 30.4983 20.287
threshold=0.060317631810185908 0.024630190825150434 0.092200432267289856 0 0.042552736117973319 12.298723605796148 12.147946851847994 3.5000000000000004 1 5.5000000000000009 2 3 4.5000000000000009 4 5.5000000000000009 13.873910353681742 0.12220391884697518 4.5000000000000009 5.5000000000000009 5 6 1.5000000000000002 1.0000000180025095e-35 5.5000000000000009 0.075995310721284556 7 1.5000000000000002 6.5000000000000009 2.5000000000000004 8
decision_type=2 2 2 1 2 2 2 2 1 2 1 1 2 1 2 2 2 2 2 1 1 2 2 2 2 1 2 2 2 1
left_child=1 3 5 -1 23 18 -4 10 12 17 15 -11 -9 24 -6 -7 29 -10 25 -20 21 22 -12 -3 -14 -2 -27 -16 -29 -8
right_child=2 4 6 -5 14 7 16 8 9 11 20 -13 13 -15 27 -17 -18 -19 19 -21 -22 -23 -24 -25 -26 26 -28 28 -30 -31
leaf_value=-0.00012761425213650356 0.00034687997279723439 -6.4407163670881029e-05 0.00037479655706730845 -9.8751298139894422e-05 -3.394313345179284e-05 0.00011348736540978642 -3.0165960343244563e-05 -1.1636126004209435e-06 0.00011436342484438568 -0.00017868619726563173 -3.9495536294908642e-05 -0.00056544125541142483 0.00027349473259962663 9.6323742641465243e-05 -9.2665936443254654e-05 -2.1884659569662568e-05 0.00021231986946746025 -3.1574167036672179e-05 0.00076776112777091933 -0.00046493644684857745 -3.0418781116561822e-05 1.2146996419998974e-05 -0.00059593610264194056 -0.0001067718682252649 0.00068862936573036338 -0.00034943218809513934 0.00030199599340709622 -0.00010360728253545251 -5.9435071280040941e-07 8.4652175935387788e-05
leaf_weight=34611 12408 97023 17372 7533 227127 54898 17879 42056 17974 13329 6046 4916 7715 70777 61243 16223 33044 17889 1584 2400 139537 12209 5353 47057 4530 3190 7229 18460 25851 288328
leaf_count=34611 12408 97023 17372 7533 227127 54898 17879 42056 17974 13329 6046 4916 7715 70777 61243 16223 33044 17889 1584 2400 139537 12209 5353 47057 4530 3190 7229 18460 25851 288328
internal_value=-0.000356649 -0.00207181 0.000760209 -0.00646355 -0.0016836 0.000293291 0.00133664 0.000179586 0.000666068 -0.00136461 -0.000192516 -0.00544944 0.00154451 0.00233492 -0.00127382 0.00132818 0.00123279 0.000713131 0.00204673 -0.00158133 -0.000855475 -0.00233297 -0.00503772 -0.00262979 0.00537128 0.00267994 0.001014 -0.00196724 -0.00113459 0.00109068
internal_weight=1.31579e+06 518905 796886 42144 476761 440263 356623 413452 179186 54108 234266 18245 125078 83022 332681 71121 339251 35863 26811 3984 163145 23608 11399 144080 12245 22827 10419 105554 44311 306207
internal_count=1315791 518905 796886 42144 476761 440263 356623 413452 179186 54108 234266 18245 125078 83022 332681 71121 339251 35863 26811 3984 163145 23608 11399 144080 12245 22827 10419 105554 44311 306207
cat_boundaries=0 1 2 3 4 5 6 7 8 9
cat_threshold=3 46 81 17 32 36 32 64 8
is_linear=0
shrinkage=0.05


Tree=59
num_leaves=31
num_cat=11
split_feature=7 7 7 1 6 3 1 3 1 3 1 1 3 1 7 6 2 3 1 1 5 1 2 7 1 3 2 1 2 3
split_gain=910.841 257.263 160.46 74.1616 51.1748 51.197 133.767 123.413 108.177 64.8357 47.5821 43.2021 40.8181 142.353 36.5401 33.8265 33.4665 31.0331 28.7729 24.9921 24.8137 23.4762 32.4803 24.9234 24.0556 81.7793 23.1081 18.6599 18.4069 53.2598
threshold=0.050523761022795821 0.024630190825150434 0.069138517793051232 0 12.572492825033674 3.5000000000000004 1 5.5000000000000009 2 4.5000000000000009 3 4 5.5000000000000009 5 0.039287600333278487 13.858269235864768 17.500000000000004 4.5000000000000009 6 7 5.5000000000000009 8 20.500000000000004 0.047327318174891456 9 5.5000000000000009 16.500000000000004 10 20.500000000000004 3.5000000000000004
decision_type=2 2 2 1 2 2 1 2 1 2 1 1 2 1 2 2 2 2 1 1 2 1 2 2 1 2 2 1 2 2
left_child=1 3 15 28 12 8 9 17 -6 19 -9 -11 18 -14 -3 20 27 -8 26 -7 -2 22 23 24 -16 -26 -4 -10 29 -1
right_child=2 14 4 -5 5 6 7 10 16 11 -12 -13 13 -15 21 -17 -18 -19 -20 -21 -22 -23 -24 -25 25 -27 -28 -29 -30 -31
leaf_value=-0.00014407633298899603 2.6690045635071465e-06 -7.9250739943128635e-05 0.00017586967770243794 -9.3813733232899627e-05 0.00010666824185114021 0.00013101919273983341 0.00014495960355459907 -0.00012779416955557287 -2.5527498284419471e-05 0.00046669001962051579 -0.00043000099351068468 0.00015498196396887336 0.00081749443531679497 -0.00021718523903142934 7.3150849519357938e-05 -7.4351158827659636e-05 2.5605834076786878e-05 -1.8962569048653483e-05 4.6743431488376763e-05 -1.3730689900074561e-05 -4.587718298618669e-05 -6.2186266332496873e-05 -0.00011203442441087772 -4.5443410383536058e-05 2.6043211334202296e-05 -0.00071654201526836841 0.00038973208970986551 -0.0001023923979991931 -0.00013657710549001904 -4.3372238818861596e-05
leaf_weight=9531 162178 78570 46291 7533 99856 22282 25214 19953 85329 12047 5415 97199 4815 11886 14874 44409 87509 25054 23460 33205 76331 167152 10462 44675 5296 892 27508 41785 17803 7277
leaf_count=9531 162178 78570 46291 7533 99856 22282 25214 19953 85329 12047 5415 97199 4815 11886 14874 44409 87509 25054 23460 33205 76331 167152 10462 44675 5296 892 27508 41785 17803 7277
internal_value=-0.000338029 -0.00246501 0.00047561 -0.00613848 0.000897866 0.000699651 0.00124902 -0.000491764 0.000279748 0.00204819 -0.00333491 0.00275525 0.00186293 -0.000420633 -0.0019841 -0.00052259 -0.000352812 0.000942946 0.00225506 0.00065646 -0.000286677 -0.00168142 -0.000953628 -0.000541932 0.000875985 -0.0017425 0.00273984 -0.000870872 -0.00711635 -0.0059317
internal_weight=1.31579e+06 364065 951726 42144 668808 554848 240369 75636 314479 164733 25368 109246 113960 16701 321921 282918 214623 50268 97259 55487 238509 243351 76199 65737 21062 6188 73799 127114 34611 16808
internal_count=1315791 364065 951726 42144 668808 554848 240369 75636 314479 164733 25368 109246 113960 16701 321921 282918 214623 50268 97259 55487 238509 243351 76199 65737 21062 6188 73799 127114 34611 16808
cat_boundaries=0 1 2 3 4 5 6 7 8 9 10 11
cat_threshold=3 46 81 17 32 32 96 34 120 24 12
is_linear=0
shrinkage=0.05


Tree=60
num_leaves=31
num_cat=11
split_feature=7 7 7 1 6 3 1 3 1 1 1 3 3 3 2 7 6 5 3 1 1 1 3 3 1 2 1 2 1 7
split_gain=824.715 238.012 145.933 69.4403 44.0275 40.6419 184.697 144.348 135.395 90.8826 50.0325 43.6143 36.931 36.5827 35.1378 33.4543 28.6098 23.462 22.2902 88.8784 21.5641 20.9806 40.5489 28.5191 254.335 27.5587 26.1974 31.7641 20.131 19.9393
threshold=0.050523761022795821 0.024630190825150434 0.071194167871942035 0 12.281729595966118 3.5000000000000004 1 5.5000000000000009 2 3 4 4.5000000000000009 4.5000000000000009 4.5000000000000009 17.500000000000004 0.039287600333278487 12.429177195939355 5.5000000000000009 5.5000000000000009 5 6 7 4.5000000000000009 5.5000000000000009 8 19.500000000000004 9 15.500000000000002 10 0.046028074296676803
decision_type=2 2 2 1 2 2 1 2 1 1 1 2 2 2 2 2 2 2 2 1 1 1 2 2 1 2 1 2 1 2
left_child=1 3 16 -1 -4 8 9 11 -6 13 -9 -8 20 -7 -10 -3 18 -18 -2 -20 -11 22 26 25 -25 29 -17 -28 -26 -23
right_child=2 15 4 -5 5 6 7 10 14 12 -12 -13 -14 -15 -16 21 17 -19 19 -21 -22 23 -24 24 28 -27 27 -29 -30 -31
leaf_value=-0.00011519826422100727 0.00013192105909796208 -7.5288202945972109e-05 0.00023524185661293745 -8.9123046571254645e-05 0.00011380915492724582 0.00018288165323051623 0.0001491816505622988 -0.00011609264273951606 -5.4060001213585358e-05 0.00014651960826375689 -0.00037699092402463665 -2.8680458471469495e-05 0.0001556130473764579 0.0005879161833204444 2.7567231970419827e-05 3.6142454381550039e-05 -1.1022873563226039e-05 -5.306316799138025e-05 -0.00043764148586204949 0.00074358680123204693 -9.2471569178083367e-06 -4.630248058613996e-05 4.1413757656240743e-05 6.9433474245823856e-05 -0.00020818659797532566 0.00026405009963922764 -5.6054681778893936e-05 -0.00015951051567405472 -0.00065232543741130459 -0.00010700123776002658
leaf_weight=34611 22071 78570 42879 7533 122700 8235 30873 22237 123266 15330 9004 30998 91231 16271 87878 8896 201035 92762 2174 1625 31157 129296 19737 11048 13286 2336 34583 5116 1140 17913
leaf_count=34611 22071 78570 42879 7533 122700 8235 30873 22237 123266 15330 9004 30998 91231 16271 87878 8896 201035 92762 2174 1625 31157 129296 19737 11048 13286 2336 34583 5116 1140 17913
internal_value=-0.000322563 -0.00234649 0.000451653 -0.00587984 0.000891966 0.000779388 0.00125423 -0.000520822 0.000416212 0.00227295 -0.00329135 0.000878037 0.00177342 0.00507832 -0.000351402 -0.00188392 -0.000418952 -0.000559315 0.00117511 -0.00236246 0.000626519 -0.0015943 -0.000850868 -0.0018844 -0.00343095 -0.00162108 -0.00162723 -0.00217646 -0.00779994 -0.00170659
internal_weight=1.31579e+06 364065 951726 42144 632059 589180 255336 93112 333844 162224 31241 61871 137718 24506 211144 321921 319667 293797 25870 3799 46487 243351 68332 175019 25474 149545 48595 39699 14426 147209
internal_count=1315791 364065 951726 42144 632059 589180 255336 93112 333844 162224 31241 61871 137718 24506 211144 321921 319667 293797 25870 3799 46487 243351 68332 175019 25474 149545 48595 39699 14426 147209
cat_boundaries=0 1 2 3 4 5 6 7 8 9 10 11
cat_threshold=3 46 81 32 17 65 2 56 6 48 1
is_linear=0
shrinkage=0.05


Tree=61
num_leaves=31
num_cat=10
split_feature=7 7 7 1 7 7 5 6 5 6 3 1 3 1 5 3 1 1 3 1 3 0 5 3 1 1 1 3 3 3
split_gain=749.313 270.834 67.2763 63.4464 56.9607 28.0622 26.1908 25.196 24.2927 19.702 19.3264 28.4898 19.2889 53.0797 18.5665 26.3338 21.3073 18.4042 19.3556 18.3908 29.134 18.1047 17.9362 17.2601 84.2694 73.7259 29.7173 62.0149 24.4298 23.4197
threshold=0.060802840486139792 0.024630190825150434 0.08960462641287327 0 0.041583106592019921 0.12220391884697518 5.5000000000000009 12.32972287990661 5.5000000000000009 12.147946851847994 4.5000000000000009 1 5.5000000000000009 2 6.5000000000000009 2.5000000000000004 3 4 1.5000000000000002 5 1.5000000000000002 6 5.5000000000000009 2.5000000000000004 7 8 9 4.5000000000000009 4.5000000000000009 4.5000000000000009
decision_type=2 2 2 1 2 2 2 2 2 2 2 1 2 1 2 2 1 1 2 1 2 1 2 2 1 1 1 2 2 2
left_child=1 3 7 -1 22 9 17 12 -9 -4 -7 -12 19 -14 -8 16 -16 18 -6 -2 -21 -17 -3 25 29 -11 28 -28 -26 -25
right_child=2 4 5 -5 6 10 14 8 -10 23 11 -13 13 -15 15 21 -18 -19 -20 20 -22 -23 -24 24 26 -27 27 -29 -30 -31
leaf_value=-0.00010943835100995695 0.00028531223885563327 -5.6215420292807416e-05 0.00028741114277443112 -8.4666894242691959e-05 -0.00032157649889533527 0.00014426967419740589 -8.3031119178586526e-05 1.9762927200593987e-05 -2.6912355133115046e-05 9.5749018901920835e-05 0.0012000063027074945 0.00024609128268989199 -0.00047839813620223357 0.00051918814473483834 -0.00017803318889809684 6.3998667282323682e-05 -5.3361148864552148e-05 -3.1571917583639313e-05 0.00050821321896623521 -0.00033862423497632859 0.00024909523101752099 -3.4120406980205774e-05 -9.9035118892776974e-05 0.00021929611036789894 4.8432611087407056e-05 -6.0165615753001936e-05 0.00010609903728686713 -7.434964211484597e-05 0.00016875315682494431 0.00059579546389337964
leaf_weight=34611 12395 76628 16597 7533 819 24960 67715 253286 117805 89126 2315 7922 2227 1857 5464 9850 15054 248250 2241 3380 7571 18959 37358 9549 45392 55388 43173 43389 45464 9513
leaf_count=34611 12395 76628 16597 7533 819 24960 67715 253286 117805 89126 2315 7922 2227 1857 5464 9850 15054 248250 2241 3380 7571 18959 37358 9549 45392 55388 43173 43389 45464 9513
internal_value=-0.000311771 -0.00177737 0.000659635 -0.0056212 -0.00144152 0.00112402 -0.00113926 0.000201934 9.38449e-05 0.000991426 0.00247109 0.00430058 0.00166424 -0.00150588 -0.00175706 -0.00101922 -0.00238815 -0.000851538 0.00299674 0.0022188 0.000723018 -4.4257e-05 -0.00241828 0.000909547 0.00121463 0.000494762 0.000875003 0.000211962 0.00150661 0.0043729
internal_weight=1.31579e+06 524482 791309 42144 482338 392788 368352 398521 371091 357591 35197 10237 27430 4084 117042 49327 20518 251310 3060 23346 10951 28809 113986 340994 196480 144514 177418 86562 90856 19062
internal_count=1315791 524482 791309 42144 482338 392788 368352 398521 371091 357591 35197 10237 27430 4084 117042 49327 20518 251310 3060 23346 10951 28809 113986 340994 196480 144514 177418 86562 90856 19062
cat_boundaries=0 1 2 3 4 5 6 7 8 9 10
cat_threshold=3 32 64 6 32 66 6374708 32 85 22
is_linear=0
shrinkage=0.05


Tree=62
num_leaves=31
num_cat=10
split_feature=7 7 7 1 1 2 6 2 6 1 3 1 1 3 1 3 7 2 7 2 3 5 3 1 1 3 3 1 1 3
split_gain=680.926 194.962 119.5 57.7586 35.7496 49.6251 33.8048 33.7044 33.5699 28.6187 79.5008 86.6974 77.9733 66.9608 47.339 43.5855 44.09 32.8592 56.4024 40.8749 26.8846 26.8158 25.7217 107.946 26.1437 38.7554 20.5484 58.1045 56.9729 31.4247
threshold=0.050523761022795821 0.024630190825150434 0.079844418236537679 0 1 16.500000000000004 12.482153937926691 8.5000000000000018 12.469624665756697 2 3.5000000000000004 3 4 5.5000000000000009 5 4.5000000000000009 0.038579431872486268 19.500000000000004 0.038579431872486268 14.500000000000002 4.5000000000000009 5.5000000000000009 5.5000000000000009 6 7 1.5000000000000002 2.5000000000000004 8 9 4.5000000000000009
decision_type=2 2 2 1 1 2 2 2 2 1 2 1 1 2 1 2 2 2 2 2 2 2 2 1 1 2 2 1 1 2
left_child=1 3 6 -1 7 26 22 -4 -7 15 11 -11 20 -14 -15 16 -3 18 -17 -20 -12 -8 24 -24 -2 -26 27 -6 29 -28
right_child=2 9 4 -5 5 8 21 -9 -10 10 12 -13 13 14 -16 17 -18 -19 19 -21 -22 -23 23 -25 25 -27 28 -29 -30 -31
leaf_value=-0.00010396643345945908 0.0002348595616218363 -7.3267326649857298e-05 0.00011710366664653417 -8.0433549530557419e-05 -0.00024608521881743054 0.00034154406431972375 -3.7071591600830456e-06 1.1583871755347503e-06 0.00010939401028020325 3.1430900769089183e-05 -2.3673037548625764e-05 -9.7953788967741415e-05 -3.1321007903042933e-05 -0.00014655645967202592 -0.00069925948347568693 2.0072915014488976e-05 -3.2347028477491131e-05 -0.00015397097350185705 -0.00013335549202568366 2.5429350184778822e-05 6.2604582913993427e-05 -4.4492002037827515e-05 -0.00037823996953285336 0.00059660064222264581 -0.00018797447831588878 0.00014546609243621043 0.00013918168658112325 3.9933104410684599e-05 2.6861869825681869e-05 0.00056952904383004987
leaf_weight=34611 14591 33323 36084 7533 12030 26971 261075 148670 163469 19559 17617 69153 9957 3167 1881 8351 84241 5257 30163 3972 35280 121140 3366 2620 6370 13997 8608 52583 71523 8629
leaf_count=34611 14591 33323 36084 7533 12030 26971 261075 148670 163469 19559 17617 69153 9957 3167 1881 8351 84241 5257 30163 3972 35280 121140 3366 2620 6370 13997 8608 52583 71523 8629
internal_value=-0.000293607 -0.00213265 0.000409887 -0.00533053 0.00091119 0.00121262 -0.00021629 0.000350176 0.00175173 -0.00171401 -0.00122938 -0.00221503 5.81721e-05 -0.00312188 -0.00781498 -0.00217295 -0.00165569 -0.0034471 -0.00298569 -0.00388677 0.000960648 -0.000362558 0.00114913 -0.00187939 0.00166772 0.000509152 0.000543283 -0.000135035 0.00103707 0.00361657
internal_weight=1.31579e+06 364065 951726 42144 528567 343813 423159 184754 190440 321921 156614 88712 67902 15005 5048 165307 117564 47743 42486 34135 52897 382215 40944 5986 34958 20367 153373 64613 88760 17237
internal_count=1315791 364065 951726 42144 528567 343813 423159 184754 190440 321921 156614 88712 67902 15005 5048 165307 117564 47743 42486 34135 52897 382215 40944 5986 34958 20367 153373 64613 88760 17237
cat_boundaries=0 1 2 3 4 5 6 7 8 9 10
cat_threshold=3 9 5 80 42 16 65 64 32 32
is_linear=0
shrinkage=0.05


Tree=63
num_leaves=31
num_cat=13
split_feature=7 7 1 6 3 1 3 1 3 3 1 1 7 7 1 3 3 1 3 1 3 3 1 3 3 1 1 3 1 1
split_gain=618.468 220.269 55.772 52.1166 49.5939 91.9639 94.3199 63.6363 56.6519 45.9319 209.362 45.6327 44.8866 41.0417 33.6508 53.7824 104.897 32.9263 73.5383 50.967 45.5343 42.068 31.2325 37.1273 112.596 26.0431 25.9947 67.1839 78.5062 63.8386
threshold=0.061251379371825627 0.026788622941679611 0 12.757262318944296 3.5000000000000004 1 5.5000000000000009 2 4.5000000000000009 5.5000000000000009 3 4 0.049066712573575526 0.075995310721284556 5 1.5000000000000002 1.0000000180025095e-35 6 2.5000000000000004 7 4.5000000000000009 4.5000000000000009 8 1.5000000000000002 1.0000000180025095e-35 9 10 3.5000000000000004 11 12
decision_type=2 2 1 2 2 1 2 1 2 2 1 1 2 2 1 2 2 1 2 1 2 2 1 2 2 1 1 2 1 1
left_child=1 2 -1 9 7 8 -7 -5 25 17 13 -8 26 -11 15 16 -9 20 22 21 -2 -20 23 24 -19 -6 -3 28 -28 -29
right_child=3 12 -4 4 5 6 11 14 -10 10 -12 -13 -14 -15 -16 -17 -18 18 19 -21 -22 -23 -24 -25 -26 -27 27 29 -30 -31
leaf_value=-9.8878066647491343e-05 0.00024374011809577339 -5.8611729807625179e-05 -0.00010068239579917663 6.912245068958108e-05 0.00011416120087036803 3.9406570502670274e-05 -0.00012951013435936258 -1.5163188298904923e-05 0.00012983194022787097 -0.00061266723987398505 0.00047392762543157222 -0.00045868746325485391 -2.7664853424118688e-05 -0.00019341120214326699 -1.4338785399370739e-05 4.3519366922449563e-06 -0.00058788362023616677 9.6146408881384043e-05 0.00025517127563728996 5.7091059737592741e-05 -3.0413968140588153e-05 0.00075683284595488604 5.0303195238723262e-05 9.2897622832652249e-05 -0.00066609192288133445 -2.2816183151396636e-05 4.1347004792643281e-05 3.6818846456657295e-05 -9.3935203140598988e-05 -0.00013213013949451153
leaf_weight=34637 54761 161195 12711 89724 18670 45359 19367 5463 124747 2222 11086 3640 192198 15187 223668 11113 4792 7805 15872 27229 11072 7984 26928 7949 6839 44607 15965 43600 57131 12270
leaf_count=34637 54761 161195 12711 89724 18670 45359 19367 5463 124747 2222 11086 3640 192198 15187 223668 11113 4792 7805 15872 27229 11072 7984 26928 7949 6839 44607 15965 43600 57131 12270
internal_value=-0.000281713 -0.00160225 -0.00485659 0.000608141 0.000374355 0.000897656 -0.000672751 -2.64369e-05 0.00146862 0.00131711 -0.000537814 -0.00328052 -0.00128281 -0.00395689 -0.00044359 -0.00233885 -0.00495124 0.00163468 0.00106544 0.0023965 0.00250406 0.00408321 -0.000307445 -0.00167787 -0.00317195 0.000250091 -0.00167536 -0.00114595 -0.00214376 0.000159298
internal_weight=1.31579e+06 529707 47348 786084 591150 256390 68366 334760 188024 194934 28495 23007 482359 17409 245036 21368 10255 166439 100606 51085 65833 23856 49521 22593 14644 63277 290161 128966 73096 55870
internal_count=1315791 529707 47348 786084 591150 256390 68366 334760 188024 194934 28495 23007 482359 17409 245036 21368 10255 166439 100606 51085 65833 23856 49521 22593 14644 63277 290161 128966 73096 55870
cat_boundaries=0 1 2 3 4 5 6 7 8 9 10 11 12 13
cat_threshold=3 46 81 65 17 32 72 32 32 2 5 80 42
is_linear=0
shrinkage=0.05


Tree=64
num_leaves=31
num_cat=9
split_feature=7 7 7 7 2 3 5 3 7 6 5 3 0 5 5 0 7 3 1 0 5 5 3 1 3 1 0 3 1 0
split_gain=560.112 169.656 90.0268 35.1375 32.6351 50.0855 30.8262 26.4375 25.9316 21.2873 18.7586 23.5243 19.6432 18.3692 31.2887 18.6996 17.777 17.3853 17.1598 16.5716 16.5359 17.9848 16.3192 24.3306 16.104 17.7021 15.2433 15.1416 39.5915 14.1824
threshold=0.052294649958558363 0.022916694985247104 0.087953586857695942 0.039287600333278487 20.500000000000004 3.5000000000000004 5.5000000000000009 5.5000000000000009 0.12220391884697518 12.32972287990661 6.5000000000000009 2.5000000000000004 0 5.5000000000000009 6.5000000000000009 1 0.066488747448651006 2.5000000000000004 2 3 5.5000000000000009 6.5000000000000009 4.5000000000000009 4 2.5000000000000004 5 6 4.5000000000000009 7 8
decision_type=2 2 2 2 2 2 2 2 2 2 2 2 1 2 2 1 2 2 1 1 2 2 2 1 2 1 1 2 1 1
left_child=1 4 6 -3 5 18 9 -6 13 -2 19 12 -12 -4 15 -15 -11 -16 -1 -8 -5 -22 -10 -24 25 -23 -19 -26 -29 -13
right_child=2 3 8 20 7 -7 10 -9 22 16 11 29 -14 14 17 -17 -18 26 -20 -21 21 24 23 -25 27 -27 -28 28 -30 -31
leaf_value=-0.00012920887928872352 0.00014417542509472108 -6.3834025918573656e-05 7.4559537828362143e-05 -3.1997530361535524e-05 -9.4146845137509105e-05 -1.4027617735683403e-05 -1.3766404943505243e-05 -0.00018047744102857451 0.00012927582228935316 -1.3704658361404777e-05 1.2787234037666198e-05 0.00010091195175935177 -0.00012629206815681707 -0.00012869644871847248 1.4177137502576626e-05 9.4206374529545722e-06 2.295896665046038e-05 0.00024031335381032026 5.3201378933533106e-05 -8.1189831098676951e-05 -8.2485438781517922e-05 -0.00015377378438742942 0.0011028708521425208 0.00022182542102999332 3.6840449815919721e-05 -4.0961880107146317e-05 8.2300680552821828e-05 -0.00017512232872353377 3.1312189810230387e-05 2.4724493502718132e-06
leaf_weight=10208 21077 83867 257601 190501 14821 8432 38018 2578 24960 128473 14516 15690 13842 18449 21419 51137 191955 13741 808 53691 51667 4443 2315 7922 11117 11278 16108 4264 6705 24188
leaf_count=10208 21077 83867 257601 190501 14821 8432 38018 2578 24960 128473 14516 15690 13842 18449 21419 51137 191955 13741 808 53691 51667 4443 2315 7922 11117 11278 16108 4264 6705 24188
internal_value=-0.000268793 -0.00182779 0.000413834 -0.00150038 -0.00506079 -0.00365333 -3.65939e-05 -0.006634 0.000959865 0.000231695 -0.000609428 1.83188e-05 -0.00108259 0.000839135 0.000330564 -0.000359986 0.000130451 0.00126785 -0.00587328 -0.0010765 -0.00123145 -0.00179214 0.002258 0.00393914 -0.000963446 -0.00218657 0.00204781 -9.2819e-05 -0.00141079 0.000801194
internal_weight=1.31579e+06 400689 915102 363842 36847 19448 501450 17399 413652 341505 159945 68236 28358 378455 120854 69586 320428 51268 11016 91709 279975 89474 35197 10237 37807 15721 29849 22086 10969 39878
internal_count=1315791 400689 915102 363842 36847 19448 501450 17399 413652 341505 159945 68236 28358 378455 120854 69586 320428 51268 11016 91709 279975 89474 35197 10237 37807 15721 29849 22086 10969 39878
cat_boundaries=0 1 2 3 4 5 6 7 8 9
cat_threshold=11050267 188497 34 5541644 32 6 12928055 65 6325619
is_linear=0
shrinkage=0.05


Tree=65
num_leaves=31
num_cat=10
split_feature=7 7 6 1 7 7 1 6 3 1 3 3 1 3 1 5 5 7 1 5 3 1 3 2 3 3 5 0 0 0
split_gain=509.476 185.386 46.9539 45.4338 42.4586 37.1185 23.097 26.4545 22.5466 98.5455 190.421 85.034 82.5926 40.7176 23.7794 21.2403 31.0435 21.2181 19.6544 18.9138 18.0607 32.6478 16.7666 16.088 45.5413 26.0077 15.3169 15.2674 14.7127 14.6043
threshold=0.061251379371825627 0.026788622941679611 12.147946851847994 0 0.08960462641287327 0.042552736117973319 1 13.836985315391791 2.5000000000000004 2 5.5000000000000009 4.5000000000000009 3 4.5000000000000009 4 5.5000000000000009 6.5000000000000009 0.12056618416729371 5 5.5000000000000009 5.5000000000000009 6 2.5000000000000004 20.500000000000004 3.5000000000000004 5.5000000000000009 5.5000000000000009 7 8 9
decision_type=2 2 2 1 2 2 1 2 2 1 2 2 1 2 1 2 2 2 1 2 2 1 2 2 2 2 2 1 1 1
left_child=1 3 20 23 19 26 7 -7 12 11 13 -10 -8 -11 -12 17 27 -6 -14 -4 -2 -22 -18 24 -1 -25 -3 -17 -21 -24
right_child=2 5 4 -5 15 6 8 -9 9 10 14 -13 18 -15 -16 16 22 -19 -20 28 21 -23 29 25 -26 -27 -28 -29 -30 -31
leaf_value=-0.00010955863115752603 0.00032508972232484781 -4.185391733210649e-05 1.7659435909464505e-05 -9.3096405491746928e-05 6.5352202628767708e-05 9.8566464518567997e-05 1.202195086909795e-06 -4.7703553404329985e-05 -3.8042487369661758e-05 1.1011042544178951e-05 -0.00018163742054128247 6.2138037365408111e-05 -6.5295629839773331e-05 -9.141980210942303e-05 -0.00060495889631190171 -0.0001195716260594705 1.2613688183971822e-05 0.00019979306765424907 -0.00010908770414328195 -7.2823528473352214e-05 -0.00028728126729234832 0.00079384449990986192 0.00024174790472015554 -9.0230847672284452e-05 -1.914681667573113e-05 -0.000172976653915672 -7.6887142898244071e-05 5.4396183801198185e-06 -6.2845895270301211e-06 8.6421933993714731e-05
leaf_weight=9548 27357 93547 258919 12711 229326 17285 52080 15784 54158 35084 15612 54214 41327 17382 2054 19364 20945 25874 38503 27677 3039 1725 11487 15165 7286 2638 45329 49306 93329 17736
leaf_count=9548 27357 93547 258919 12711 229326 17285 52080 15784 54158 35084 15612 54214 41327 17382 2054 19364 20945 25874 38503 27677 3039 1725 11487 15165 7286 2638 45329 49306 93329 17736
internal_value=-0.000258533 -0.00145708 0.000549114 -0.00444264 0.000469353 -0.00116402 -0.000885124 0.000371081 -0.00101893 -0.000652646 -0.00211286 0.000292484 -0.00151467 -0.000601342 -0.00660308 0.000847507 0.00029536 0.00110462 -0.00252505 9.70586e-05 0.00242131 -0.000419815 0.00124083 -0.0053807 -0.00427409 -0.0064301 -0.00185381 -0.000395369 -0.000418987 0.00201468
internal_weight=1.31579e+06 529707 786084 47348 753963 482359 343483 33069 310414 178504 70132 108372 131910 52466 17666 374038 118838 255200 79830 379925 32121 4764 50168 34637 16834 17803 138876 68670 121006 29223
internal_count=1315791 529707 786084 47348 753963 482359 343483 33069 310414 178504 70132 108372 131910 52466 17666 374038 118838 255200 79830 379925 32121 4764 50168 34637 16834 17803 138876 68670 121006 29223
cat_boundaries=0 1 2 3 4 5 6 7 8 9 10
cat_threshold=3 48 14 65 1 8 64 4382801 745664 12665974
is_linear=0
shrinkage=0.05


Tree=66
num_leaves=31
num_cat=10
split_feature=7 7 7 1 2 6 3 1 7 1 6 5 7 1 3 3 6 1 3 6 1 3 1 6 1 1 5 3 1 6
split_gain=463.195 142.211 75.187 40.0928 30.661 31.9937 32.1071 29.8773 27.9426 27.6775 26.4582 25.3111 23.4086 23.0582 51.671 37.3894 22.4345 30.6324 54.9929 50.4146 31.831 24.5049 219.28 53.9153 27.3137 22.1228 22.1079 21.4376 123.589 20.1693
threshold=0.052294649958558363 0.024630190825150434 0.079844418236537679 0 17.500000000000004 13.05748933331842 3.5000000000000004 1 0.089200895554978468 2 13.273248445205448 5.5000000000000009 0.08756692481203783 3 1.5000000000000002 1.0000000180025095e-35 13.99691127342979 4 4.5000000000000009 13.147788404636154 5 5.5000000000000009 6 12.482153937926691 7 8 6.5000000000000009 5.5000000000000009 9 12.429177195939355
decision_type=2 2 2 1 2 2 2 1 2 1 2 2 2 1 2 2 2 1 2 2 1 2 1 2 1 1 2 2 1 2
left_child=1 3 16 -1 5 27 9 12 -9 -7 13 -3 -6 14 15 -10 17 18 20 -20 -2 23 -23 -19 -24 -17 -13 -4 -29 -5
right_child=2 11 4 29 7 6 -8 8 10 -11 -12 26 -14 -15 -16 25 -18 21 19 -21 -22 22 24 -25 -26 -27 -28 28 -30 -31
leaf_value=-8.4843210142729512e-05 8.53427580508652e-05 -3.2719119021316914e-05 7.860113548264179e-05 -0.0014245249859082812 2.8119827834056923e-05 1.8255718949494045e-05 4.9742405722479761e-05 0.00022573639892748375 0.00032396019767242382 -9.2591821488290094e-05 3.9780141772269992e-05 -8.3393605951876708e-05 -0.00020275390191450626 0.00010913203623289792 0.0005201875177728389 0.00077508801901612434 -5.6788583029063205e-05 0.0001365732963480604 0.00036163406104889055 4.4917543532348521e-05 -2.7060035176468267e-05 0.00010563205443499813 -0.000174664774171664 -2.5990925290464776e-05 -0.00056702807004852256 -0.00057892288508002224 -3.7368286208629495e-05 -0.00017826068850610168 0.00034507153034985254 3.5658535057807308e-05
leaf_weight=34611 24441 243632 162814 2860 12323 29491 55285 12970 2608 42545 84141 66162 5416 77819 13125 221 39953 19390 12551 36724 96113 14608 6265 131662 4828 2069 48751 17819 9921 4673
leaf_count=34611 24441 243632 162814 2860 12323 29491 55285 12970 2608 42545 84141 66162 5416 77819 13125 221 39953 19390 12551 36724 96113 14608 6265 131662 4828 2069 48751 17819 9921 4673
internal_value=-0.000243485 -0.0016612 0.00037728 -0.00440869 0.000764851 0.000454817 -0.00015885 0.0012326 0.00141309 -0.000854434 0.00125165 -0.00133826 -0.000731027 0.00181966 0.00343121 -0.000949367 -0.000152703 -2.33711e-05 0.000456167 0.00186352 -0.000119034 -0.000484123 -0.0019114 -0.000241308 -0.00720751 -0.00561135 -0.00194995 0.000864847 -0.000419971 -0.00109704
internal_weight=1.31579e+06 400689 915102 42144 528567 317875 127321 210692 192953 72036 179983 358545 17739 95842 18023 4898 386535 346582 169829 49275 120554 176753 25701 151052 11093 2290 114913 190554 27740 7533
internal_count=1315791 400689 915102 42144 528567 317875 127321 210692 192953 72036 179983 358545 17739 95842 18023 4898 386535 346582 169829 49275 120554 176753 25701 151052 11093 2290 114913 190554 27740 7533
cat_boundaries=0 1 2 3 4 5 6 7 8 9 10
cat_threshold=3 1 69 48 56 16 6 1 16 65
is_linear=0
shrinkage=0.05


Tree=67
num_leaves=31
num_cat=10
split_feature=7 7 7 5 5 7 2 3 6 3 3 7 6 0 1 6 3 1 3 3 1 1 3 0 1 3 1 2 1 1
split_gain=416.809 113.173 85.9587 35.4533 31.5959 27.0568 25.9694 43.0754 23.9564 23.7631 23.757 20.6333 19.714 17.5328 16.9692 18.9948 18.2854 60.582 136.925 59.6624 40.1777 32.1888 23.689 16.3583 15.2271 14.7336 14.6666 23.0115 14.3804 13.9716
threshold=0.049373452292769696 0.022916694985247104 0.074089071534796075 5.5000000000000009 6.5000000000000009 0.12220391884697518 20.500000000000004 3.5000000000000004 13.866811852237587 5.5000000000000009 2.5000000000000004 0.039287600333278487 13.694537125564372 0 1 12.32972287990661 2.5000000000000004 2 5.5000000000000009 4.5000000000000009 3 4 4.5000000000000009 5 6 5.5000000000000009 7 16.500000000000004 8 9
decision_type=2 2 2 2 2 2 2 2 2 2 2 2 2 1 1 2 2 1 2 2 1 1 2 1 1 2 1 2 1 1
left_child=1 6 8 5 23 12 7 28 14 -8 24 -3 26 -12 -2 -16 21 18 22 -19 -20 -17 -18 -5 -6 -21 27 -4 -1 -13
right_child=2 11 3 4 10 -7 9 -9 -10 -11 13 29 -14 -15 15 16 17 19 20 25 -22 -23 -24 -25 -26 -27 -28 -29 -30 -31
leaf_value=-0.00011233362318474015 6.7846584604855031e-05 -5.5698902628656403e-05 6.4682122224564428e-05 2.1674628962953595e-05 8.2622943644239743e-05 0.00021323960243033806 -8.0685799989882977e-05 -7.6497586513868756e-06 -4.824310611781166e-05 -0.00015856257577422564 4.2845188854303412e-05 -1.5150096609846051e-05 -1.0981063934246972e-06 0.00017560724089257242 9.9881914826887964e-05 -3.4040302917343058e-06 4.163045044139821e-05 -2.2805517570337157e-05 -0.00016563340779206272 4.396557830802506e-05 -0.00057806837274046105 -7.9285051339434559e-05 -8.3512326549081703e-05 -6.0654410754889743e-05 -7.1235608500649924e-05 0.00012320541017632954 4.7348467603507836e-05 0.00019487272780918457 5.7350020594787965e-05 -4.2962323673950353e-05
leaf_weight=10208 20367 83867 61967 42916 13360 24126 14821 8432 64477 2578 23038 50338 57685 23948 21110 66771 20381 59374 7366 29557 2733 50147 9981 65144 20065 30001 218523 40015 808 171687
leaf_count=10208 20367 83867 61967 42916 13360 24126 14821 8432 64477 2578 23038 50338 57685 23948 21110 66771 20381 59374 7366 29557 2733 50147 9981 65144 20065 30001 218523 40015 808 171687
internal_value=-0.000231097 -0.00173054 0.000297055 0.000675074 0.000109168 0.000940181 -0.00434839 -0.00309286 -0.00028717 -0.00575177 0.000859646 -0.00141521 0.000836617 0.00158451 -0.000108878 -0.000204501 -0.000314953 3.3408e-05 -0.00163759 0.000601974 -0.00668135 -0.00078987 3.95231e-05 -0.000449287 -0.000159312 0.00172017 0.000989766 0.00148492 -0.0051516 -0.00116282
internal_weight=1.31579e+06 342739 973052 590787 188471 402316 36847 19448 382265 17399 80411 305892 378190 46986 317788 297421 276311 159393 40461 118932 10099 116918 30362 108060 33425 59558 320505 101982 11016 222025
internal_count=1315791 342739 973052 590787 188471 402316 36847 19448 382265 17399 80411 305892 378190 46986 317788 297421 276311 159393 40461 118932 10099 116918 30362 108060 33425 59558 320505 101982 11016 222025
cat_boundaries=0 1 2 3 4 5 6 7 8 9 10
cat_threshold=1883016 16 65 1 73 3415816 81 112 34 56
is_linear=0
shrinkage=0.05


Tree=68
num_leaves=31
num_cat=12
split_feature=7 7 6 3 1 3 1 3 1 3 1 1 5 1 3 3 1 3 1 3 3 1 3 3 1 5 3 1 1 7
split_gain=380.082 134.88 41.7727 38.4009 80.4775 80.8512 52.7245 48.4612 40.6666 36.1097 173.608 33.5687 32.805 32.3678 47.3362 95.3238 27.5659 64.0797 45.0745 40.3297 37.609 27.8469 31.9281 100.035 27.1631 23.7754 26.6444 27.0881 22.3083 22.0366
threshold=0.061251379371825627 0.026788622941679611 12.757262318944296 3.5000000000000004 0 5.5000000000000009 1 4.5000000000000009 2 5.5000000000000009 3 4 5.5000000000000009 5 1.5000000000000002 1.0000000180025095e-35 6 2.5000000000000004 7 4.5000000000000009 4.5000000000000009 8 1.5000000000000002 1.0000000180025095e-35 9 6.5000000000000009 2.5000000000000004 10 11 0.075995310721284556
decision_type=2 2 2 2 1 2 1 2 1 2 1 1 2 1 2 2 1 2 1 2 2 1 2 2 1 2 2 1 1 2
left_child=1 11 9 6 7 -6 -4 28 -7 16 -11 -1 -3 14 15 -8 19 21 20 -2 -19 22 23 -18 -12 -14 27 -27 -5 -9
right_child=2 12 3 4 5 8 13 29 -10 10 24 -13 25 -15 -16 -17 17 18 -20 -21 -22 -23 -24 -25 -26 26 -28 -29 -30 -31
leaf_value=-7.6974120130235592e-05 0.00021678800280233864 -2.3854600152212885e-05 5.9916455287197666e-05 9.8473889374786982e-05 3.0372512219017242e-05 -0.00012602582514706294 -1.642546141415735e-05 4.4948291175537021e-05 -0.00042123119437070919 0.00047026773989702138 -5.299165829195235e-05 -7.923937513704925e-05 -7.3203356930124153e-05 -1.6632627985013403e-05 -5.5165546859588249e-06 -0.00055944274548297077 7.7039312690086598e-05 0.00022565893860089956 4.3965824969212365e-05 -4.3289370136773836e-05 0.00069351062987500116 4.0088249909678997e-05 7.7898587254892493e-05 -0.00063754058598681227 -0.00033155158225482814 -3.743517385162952e-05 -1.1892785509892702e-06 -0.00014088616999457116 -2.6246844210665173e-05 0.00015680917502628247
leaf_weight=34637 54761 327999 89724 18670 45359 19367 5463 40748 3640 10031 7128 12711 88843 223668 11113 4792 7805 15872 27229 11072 7984 26928 7949 6839 11336 18981 38309 8227 44607 83999
leaf_count=34637 54761 327999 89724 18670 45359 19367 5463 40748 3640 10031 7128 12711 88843 223668 11113 4792 7805 15872 27229 11072 7984 26928 7949 6839 11336 18981 38309 8227 44607 83999
internal_value=-0.000221939 -0.00125716 0.000475649 0.000266345 0.000726822 -0.000742219 -8.63305e-05 0.00126094 -0.00315665 0.00111038 -0.000534304 -0.00380375 -0.00100719 -0.000466035 -0.00232482 -0.00477572 0.00139195 0.000871134 0.00211363 0.0021874 0.00369982 -0.000410432 -0.00170442 -0.00309 -0.0034102 -0.00160825 -0.000885648 -0.00208211 0.000133935 0.00183271
internal_weight=1.31579e+06 529707 786084 591150 256390 68366 334760 188024 23007 194934 28495 47348 482359 245036 21368 10255 166439 100606 51085 65833 23856 49521 22593 14644 18464 154360 65517 27208 63277 124747
internal_count=1315791 529707 786084 591150 256390 68366 334760 188024 23007 194934 28495 47348 482359 245036 21368 10255 166439 100606 51085 65833 23856 49521 22593 14644 18464 154360 65517 27208 63277 124747
cat_boundaries=0 1 2 3 4 5 6 7 8 9 10 11 12
cat_threshold=46 81 17 44 3 32 72 32 32 3 89 2
is_linear=0
shrinkage=0.05


Tree=69
num_leaves=31
num_cat=8
split_feature=7 7 7 1 3 5 1 3 6 5 5 6 5 5 7 5 3 0 0 3 1 2 6 1 3 3 1 3 6 1
split_gain=343.912 100.038 58.3718 31.1014 51.338 25.3843 22.7106 21.7899 20.345 20.1829 17.4764 17.3432 17.1069 26.5684 16.918 16.6311 18.1828 18.0356 16.4887 15.9552 21.4734 15.0037 14.9184 16.0132 71.981 59.0902 81.6718 33.1026 30.895 30.3806
threshold=0.052294649958558363 0.026788622941679611 0.08960462641287327 0 3.5000000000000004 5.5000000000000009 1 5.5000000000000009 12.147946851847994 5.5000000000000009 6.5000000000000009 13.866811852237587 5.5000000000000009 6.5000000000000009 0.12056618416729371 6.5000000000000009 2.5000000000000004 2 3 2.5000000000000004 4 17.500000000000004 12.031923105590947 5 4.5000000000000009 4.5000000000000009 6 5.5000000000000009 13.028117530947315 7
decision_type=2 2 2 1 2 2 1 2 2 2 2 2 2 2 2 2 2 1 1 2 1 2 2 1 2 2 1 2 2 1
left_child=1 3 5 7 6 11 -5 -1 -4 -3 -11 22 14 -14 -10 18 17 -17 -7 20 -12 -13 -2 24 29 -25 -27 -28 -26 -24
right_child=2 9 8 4 -6 15 -8 -9 12 10 19 21 13 -15 -16 16 -18 -19 -20 -21 -22 -23 23 25 28 26 27 -29 -30 -31
leaf_value=-7.3627490123698996e-05 0.00029639560634669927 -2.7322930930266319e-05 0.00027195279900458851 -3.5718274949293577e-05 -4.7797503308246243e-06 2.1216214959422776e-07 -0.00011427516804513923 -0.00014830882591752878 5.4141031249085875e-05 -7.2373825526207689e-05 -3.1495084447627848e-05 -4.3975130004880042e-05 -2.8743156921511029e-05 8.2047624795915386e-05 0.000172078321629119 -0.00012007008740105678 3.8924159164829139e-05 8.8656919990541542e-06 -7.0614073659181631e-05 -6.6875087959314412e-06 -0.00012799930374774831 5.2199030790541293e-05 0.00012605569281419761 2.7136426256710659e-05 0.00034498900493082981 7.6291907411692869e-05 -8.387944352870221e-05 -0.00024891431834600834 8.4318161990486198e-05 -1.5806188476055751e-05
leaf_weight=15165 6811 240156 18750 3636 12872 30185 13037 2638 229326 65237 13681 46807 68670 50168 25874 12826 41528 16779 65297 28005 6262 10780 13581 88790 10462 11619 11712 11106 37178 106853
leaf_count=15165 6811 240156 18750 3636 12872 30185 13037 2638 229326 65237 13681 46807 68670 50168 25874 12826 41528 16779 65297 28005 6262 10780 13581 88790 10462 11619 11712 11106 37178 106853
internal_value=-0.000210615 -0.00143222 0.000324281 -0.00359044 -0.00259262 -2.20174e-05 -0.00442482 -0.00524196 0.000784774 -0.00114302 -0.00169347 0.000216545 0.000704207 0.000208687 0.000934953 -0.000531315 4.74463e-05 -0.000899341 -0.000962485 -0.000968758 -0.00204959 -0.000577821 0.000369995 0.00031591 0.000633314 -0.000117051 -0.00187516 -0.00361179 0.00227855 -1.74369e-05
internal_weight=1.31579e+06 400689 915102 47348 29545 522314 16673 17803 392788 353341 113185 355699 374038 118838 255200 166615 71133 29605 95482 47948 19943 57587 298112 291301 168074 123227 34437 22818 47640 120434
internal_count=1315791 400689 915102 47348 29545 522314 16673 17803 392788 353341 113185 355699 374038 118838 255200 166615 71133 29605 95482 47948 19943 57587 298112 291301 168074 123227 34437 22818 47640 120434
cat_boundaries=0 1 2 3 4 5 6 7 8
cat_threshold=1 84 5726820 1347336 89 58 4 16
is_linear=0
shrinkage=0.05


Tree=70
num_leaves=31
num_cat=9
split_feature=7 7 7 6 5 5 6 1 3 3 7 1 1 3 1 3 1 1 3 1 3 7 7 6 7 2 1 3 3 1
split_gain=309.549 78.5887 66.8546 29.9737 27.0035 27.9655 26.7528 26.1444 46.3794 20.4153 20.3765 20.3325 19.494 18.6116 18.2465 49.9611 69.8961 56.4665 60.8691 43.1708 37.4041 26.9071 25.1101 21.0021 18.6038 32.6051 17.2199 71.9802 56.8019 97.0795
threshold=0.049373452292769696 0.026788622941679611 0.069138517793051232 12.147946851847994 5.5000000000000009 6.5000000000000009 13.712304109497831 0 3.5000000000000004 2.5000000000000004 0.12056618416729371 1 2 5.5000000000000009 3 3.5000000000000004 4 5 5.5000000000000009 6 4.5000000000000009 0.03111032678968928 0.038579431872486268 13.402230870373574 0.033321867509809124 14.500000000000002 7 4.5000000000000009 5.5000000000000009 8
decision_type=2 2 2 2 2 2 2 1 2 2 2 1 1 2 1 2 1 1 2 1 2 2 2 2 2 2 1 2 2 1
left_child=1 7 6 -4 10 -6 26 13 11 12 -5 -9 -7 -1 20 16 -16 23 -19 -20 22 -22 24 -17 25 -3 27 -2 -28 -30
right_child=2 14 3 4 5 9 -8 8 -10 -11 -12 -13 -14 -15 15 17 -18 18 19 -21 21 -23 -24 -25 -26 -27 28 -29 29 -31
leaf_value=-6.9946115617514068e-05 -2.0581060843355078e-05 -6.9417610891729485e-05 0.00023924366378086405 3.6554756251927505e-05 -3.1608208059768707e-05 -0.00030512092959055008 -4.8591302999985951e-05 -3.3932361201828836e-05 -4.540762814283367e-06 9.2488534511959297e-05 0.00016347440554766239 -0.00010856140964288219 9.3188406815651617e-06 -0.00014089338462165232 5.340870522070572e-05 7.9212335221859684e-05 -7.4795956858057447e-05 -5.2068488577715347e-06 -0.00011817267882275017 -0.00062865666703131149 9.8550958636964294e-06 -8.7948024894372349e-05 -1.8517256923952788e-05 3.2616828248172373e-06 -0.00013536872270994879 9.3779000830730024e-06 -3.1762695036510401e-06 0.0001128256513327897 9.8069860133854711e-05 -0.0002293724129159132
leaf_weight=15165 83369 17243 27898 411165 117540 3513 73338 3636 12872 50340 25874 13037 32478 2638 16451 22208 59471 8361 2505 1769 5625 40998 82548 23208 4473 10531 96988 34156 5628 10765
leaf_count=15165 83369 17243 27898 411165 117540 3513 73338 3636 12872 50340 25874 13037 32478 2638 16451 22208 59471 8361 2505 1769 5625 40998 82548 23208 4473 10531 96988 34156 5628 10765
internal_value=-0.000199101 -0.0014913 0.00025605 0.00053558 0.000465744 -9.44225e-06 -0.000358429 -0.0033824 -0.00246743 0.00067386 0.00068741 -0.0042089 -0.000235476 -0.0048967 -0.00118817 -0.000756626 -0.00160099 0.000347539 -0.00260775 -0.00746373 -0.0015462 -0.0027406 -0.00106124 0.00117003 -0.00224439 -0.00176244 -9.41942e-05 0.000329902 -0.000533773 -0.00325596
internal_weight=1.31579e+06 342739 973052 668808 640910 203871 304244 47348 29545 86331 437039 16673 35991 17803 295391 133973 75922 58051 12635 4274 161418 46623 114795 45416 32247 27774 230906 117525 113381 16393
internal_count=1315791 342739 973052 668808 640910 203871 304244 47348 29545 86331 437039 16673 35991 17803 295391 133973 75922 58051 12635 4274 161418 46623 114795 45416 32247 27774 230906 117525 113381 16393
cat_boundaries=0 1 2 3 4 5 6 7 8 9
cat_threshold=1 84 32 5 80 42 16 58 4
is_linear=0
shrinkage=0.05


Tree=71
num_leaves=31
num_cat=11
split_feature=7 7 7 2 6 3 1 7 1 3 6 1 7 6 1 3 1 5 3 3 1 1 3 1 3 1 1 3 1 3
split_gain=282.015 71.3049 61.9702 25.5124 26.5685 26.023 25.1202 26.8938 24.4944 41.4555 23.0197 22.9456 21.6047 21.5329 19.2199 45.6132 18.1764 18.0873 17.9184 31.052 17.7393 17.3317 17.0458 16.9544 44.3993 62.594 51.3376 55.5541 39.4475 34.227
threshold=0.049373452292769696 0.026788622941679611 0.079844418236537679 17.500000000000004 13.05748933331842 3.5000000000000004 0 0.089200895554978468 1 3.5000000000000004 12.381949521562431 2 0.08756692481203783 13.273248445205448 3 4.5000000000000009 4 5.5000000000000009 1.5000000000000002 1.0000000180025095e-35 5 6 4.5000000000000009 7 3.5000000000000004 8 9 5.5000000000000009 10 4.5000000000000009
decision_type=2 2 2 2 2 2 1 2 1 2 2 1 2 2 1 2 1 2 2 2 1 1 2 1 2 1 1 2 1 2
left_child=1 8 10 4 -4 11 12 -8 22 16 -2 -6 -5 14 15 18 -10 -12 19 -9 -7 -21 -1 29 25 -25 -26 -28 -29 -3
right_child=2 23 3 6 5 20 7 13 9 -11 17 -13 -14 -15 -16 -17 -18 -19 -20 21 -22 -23 -24 24 26 -27 27 28 -30 -31
leaf_value=-6.2175715599787672e-05 8.4952609559212089e-05 -2.7924624934313332e-05 4.9350634171877948e-05 2.3918173583001997e-05 1.1570344914825504e-05 -0.00021534479925841359 0.00020705652031937188 0.00028723682881607351 -3.2235743141737463e-05 -4.313724673569129e-06 -2.9059124743043704e-06 -8.9879827530348077e-05 -0.0001947256891362069 2.8488967954406338e-05 9.168100721912362e-05 0.00078159534869026021 -0.00010313333916073809 -3.4672518497287988e-05 0.00028968506985458319 0.00071905936953544779 5.0743439958510221e-05 -0.0005322973007871074 -0.00011008180470736765 5.0738269959670416e-05 3.8705586031221803e-05 -7.1056159015154416e-05 -4.9465064148830621e-06 -0.00011226404488161278 -0.00059722383367974592 -7.1264694210070384e-05
leaf_weight=12642 31463 114795 190554 12323 29491 2175 12970 2608 3636 12872 282367 42545 5416 84141 77819 5317 13037 130655 7808 221 53110 2069 5161 16451 45416 59471 8361 2505 1769 46623
leaf_count=12642 31463 114795 190554 12323 29491 2175 12970 2608 3636 12872 282367 42545 5416 84141 77819 5317 13037 130655 7808 221 53110 2069 5161 16451 45416 59471 8361 2505 1769 46623
internal_value=-0.000191387 -0.00142477 0.00024305 0.000608958 0.00032615 -0.000233072 0.00103563 0.00120114 -0.00322611 -0.00234055 -0.000192076 -0.000859293 -0.000764832 0.00104274 0.00155516 0.0030264 -0.00398698 -0.000291389 0.00140091 -0.000969784 0.000582889 -0.00521834 -0.0046918 -0.00113604 -0.000720054 -0.00151603 0.000320839 -0.00249703 -0.00713617 -0.00148116
internal_weight=1.31579e+06 342739 973052 528567 317875 127321 210692 192953 47348 29545 444485 72036 17739 179983 95842 18023 16673 413022 12706 4898 55285 2290 17803 295391 133973 75922 58051 12635 4274 161418
internal_count=1315791 342739 973052 528567 317875 127321 210692 192953 47348 29545 444485 72036 17739 179983 95842 18023 16673 413022 12706 4898 55285 2290 17803 295391 133973 75922 58051 12635 4274 161418
cat_boundaries=0 1 2 3 4 5 6 7 8 9 10 11
cat_threshold=1 1 69 48 84 80 16 5 80 42 16
is_linear=0
shrinkage=0.05


Tree=72
num_leaves=31
num_cat=12
split_feature=7 7 6 3 1 1 1 1 3 3 1 1 3 1 3 3 7 1 3 3 1 3 3 5 6 1 1 5 3 0
split_gain=256.614 86.7038 34.9953 31.0766 109.85 43.1088 28.2506 27.5892 42.9415 26.3611 209.712 36.4815 47.6898 55.7662 39.5477 38.4952 32.3798 31.9057 37.22 110.187 26.3305 37.1033 63.9707 25.7619 23.1156 20.319 18.549 18.2593 20.2002 19.9656
threshold=0.061251379371825627 0.029154964549149176 12.902084468380513 4.5000000000000009 0 1 2 3 4.5000000000000009 5.5000000000000009 4 5 2.5000000000000004 6 4.5000000000000009 4.5000000000000009 0.076536027880184682 7 1.5000000000000002 1.0000000180025095e-35 8 1.5000000000000002 1.0000000180025095e-35 5.5000000000000009 13.858269235864768 9 10 6.5000000000000009 2.5000000000000004 11
decision_type=2 2 2 2 1 1 1 1 2 2 1 1 2 1 2 2 2 1 2 2 1 2 2 2 2 1 1 2 2 1
left_child=1 7 9 5 -5 24 -6 -1 -9 11 16 14 17 15 -2 -14 -11 18 19 -13 21 22 -7 -3 -4 -12 -10 -25 29 -29
right_child=2 23 3 4 6 20 -8 8 26 10 25 12 13 -15 -16 -17 -18 -19 -20 -21 -22 -23 -24 27 -26 -27 -28 28 -30 -31
leaf_value=-7.2852673417670748e-05 0.00018872649540970789 -1.8332090141639016e-05 9.6706104732691492e-05 9.3559334870313435e-05 -6.5138980993807724e-05 -2.8369655157493153e-05 -0.00029705795619985181 -7.551107622718288e-05 -0.00012330343628023482 -0.00050810426199116097 0.00053741394114440529 5.301756746107847e-05 0.00018083335410689074 2.6280655903167946e-05 -3.8714400349931099e-05 0.00060385730780260151 -0.0001854859331150538 3.182124109049542e-05 7.2990712971322813e-05 -0.00057983375057666167 -1.4001800976814333e-05 -2.7838104980920655e-05 -0.00053663076711138111 -6.2960066655485053e-05 -1.4989470300416295e-05 0.00012368706977959991 3.3023186642267524e-05 -1.2197326402189208e-05 1.7509864073721183e-06 -0.0001053075956366216
leaf_weight=17900 64351 321025 55074 113382 33509 3913 4104 28126 1856 2608 9655 9355 19071 46179 12916 9549 18823 45754 9546 8188 270862 12006 3443 87032 26548 7248 9687 12541 37475 14065
leaf_count=17900 64351 321025 55074 113382 33509 3913 4104 28126 1856 2608 9655 9355 19071 46179 12916 9549 18823 45754 9546 8188 270862 12006 3443 87032 26548 7248 9687 12541 37475 14065
internal_value=-0.000182267 -0.00103288 0.000390925 0.000154206 0.000759131 -9.14357e-05 -0.00158214 -0.00286482 -0.0021277 0.000861087 -0.000350863 0.00106765 0.000606832 0.00149367 0.00194786 0.00322738 -0.00363439 -0.000303735 -0.00166335 -0.00303112 -0.000376937 -0.00215775 -0.00495514 -0.000809509 0.000923657 0.00381216 0.00043966 -0.00134783 -0.000707308 -0.00176088
internal_weight=1.31579e+06 529707 786084 522841 150995 371846 37613 57569 39669 263243 38334 224909 147642 74799 77267 28620 21431 72843 27089 17543 290224 19362 7356 472138 81622 16903 11543 151113 64081 26606
internal_count=1315791 529707 786084 522841 150995 371846 37613 57569 39669 263243 38334 224909 147642 74799 77267 28620 21431 72843 27089 17543 290224 19362 7356 472138 81622 16903 11543 151113 64081 26606
cat_boundaries=0 1 2 3 4 5 6 7 8 9 10 11 12
cat_threshold=46 17 17 1 65 88 32 32 32 48 80 9035027
is_linear=0
shrinkage=0.05


Tree=73
num_leaves=31
num_cat=12
split_feature=7 7 7 6 1 3 5 1 3 1 5 2 2 3 1 3 1 1 1 3 1 3 3 1 5 0 2 1 7 1
split_gain=232.348 67.0619 42.6612 21.933 21.0669 35.2162 19.3042 17.8757 21.0286 17.6431 16.3503 16.1283 19.3391 15.6675 38.5096 15.6409 42.8651 18.2416 17.8788 23.1846 15.4181 26.3482 15.1904 14.5436 14.0822 14.0172 13.999 25.9499 26.9519 15.9346
threshold=0.052294649958558363 0.026788622941679611 0.092533608887427149 12.32972287990661 0 2.5000000000000004 5.5000000000000009 1 4.5000000000000009 2 5.5000000000000009 17.500000000000004 8.5000000000000018 5.5000000000000009 3 3.5000000000000004 4 5 6 5.5000000000000009 7 1.5000000000000002 4.5000000000000009 8 6.5000000000000009 9 12.500000000000002 10 0.09894634392332223 11
decision_type=2 2 2 2 1 2 2 1 2 1 2 2 2 2 1 2 1 1 1 2 1 2 2 1 2 1 2 1 2 1
left_child=1 4 3 13 22 23 -5 8 -8 -4 -3 12 -11 20 -15 17 -17 -13 -18 -20 -2 -22 -1 -6 -12 -26 27 -14 -29 -28
right_child=2 10 9 6 5 -7 7 -9 -10 11 24 15 26 14 -16 16 18 -19 19 -21 21 -23 -24 -25 25 -27 29 28 -30 -31
leaf_value=-5.5424296148914694e-05 0.00021833442333454303 -2.1755868032848072e-05 -5.3457769296243882e-05 5.8680582474907044e-06 4.2374429364961523e-06 -1.5054309902170009e-05 -2.8230921558691086e-05 -5.3628420176575833e-05 5.9458618396977803e-05 9.3098706249783802e-05 -6.2183049361700868e-05 0.0001632402382714622 -0.00024050272078463865 0.0004869723216478002 -0.00029714836239088472 0.00054552055249594143 0.00013680626888000342 2.1579307625290216e-05 0.00010101591279578909 -0.0002089297968005166 -0.00024793710006373523 0.00016924428995279789 -0.00010093508080111571 -0.00010522918839413615 -5.5786392003371113e-05 -7.2991620756242968e-07 9.4674402101554983e-05 5.6461049759414661e-05 -9.7105701335943598e-05 -1.7322240651273385e-05
leaf_weight=12642 16173 240156 16475 359425 1750 17131 62679 77566 27047 48914 65237 19058 5758 2119 3364 7855 40953 63198 9843 4985 4694 10486 5161 10664 21160 26788 45037 36982 22820 29671
leaf_count=12642 16173 240156 16475 359425 1750 17131 62679 77566 27047 48914 65237 19058 5758 2119 3364 7855 40953 63198 9843 4985 4694 10486 5161 10664 21160 26788 45037 36982 22820 29671
internal_value=-0.000174059 -0.00117816 0.000265599 -4.03689e-06 -0.00294521 -0.00212401 -8.65265e-05 -0.000530211 -4.95899e-05 0.00069784 -0.000941371 0.000776372 0.000471768 0.00117548 -0.00129035 0.00117141 0.00176001 0.000716057 0.00127216 -0.000215662 0.0016067 0.000460829 -0.00430444 -0.00415257 -0.00143681 -0.000786268 0.00017324 -0.000359976 -5.09931e-05 0.000641163
internal_weight=1.31579e+06 400689 915102 563553 47348 29545 526717 167292 89726 351549 353341 335074 189182 36836 5483 145892 63636 82256 55781 14828 31353 15180 17803 12414 113185 47948 140268 65560 59802 74708
internal_count=1315791 400689 915102 563553 47348 29545 526717 167292 89726 351549 353341 335074 189182 36836 5483 145892 63636 82256 55781 14828 31353 15180 17803 12414 113185 47948 140268 65560 59802 74708
cat_boundaries=0 1 2 3 4 5 6 7 8 9 10 11 12
cat_threshold=1 56 8 36 32 80 6 66 80 6171336 2 98
is_linear=0
shrinkage=0.05


Tree=74
num_leaves=31
num_cat=9
split_feature=7 7 1 3 1 1 6 7 7 3 5 5 3 7 0 3 1 3 0 6 3 1 5 5 6 3 0 3 1 3
split_gain=210.466 77.7362 31.5116 29.8785 47.4733 40.2698 29.3118 24.9554 25.889 34.5291 23.9194 28.7637 23.2681 19.2746 17.9573 17.8286 18.6455 17.8739 26.6774 17.8265 17.2934 20.8141 16.8654 16.0454 14.9667 14.6527 14.6048 14.3943 14.633 13.6633
threshold=0.064430754603633414 0.039287600333278487 0 4.5000000000000009 1 2 12.147946851847994 0.033321867509809124 0.029154964549149176 5.5000000000000009 5.5000000000000009 6.5000000000000009 5.5000000000000009 0.10189595550363319 3 2.5000000000000004 4 1.5000000000000002 5 12.32972287990661 5.5000000000000009 6 5.5000000000000009 5.5000000000000009 13.846957140209947 1.0000000180025095e-35 7 1.0000000180025095e-35 8 1.0000000180025095e-35
decision_type=2 2 1 2 1 1 2 2 2 2 2 2 2 2 1 2 1 2 1 2 2 1 2 2 2 2 1 2 1 2
left_child=1 2 7 5 -5 24 -2 8 22 -10 13 14 -6 29 -12 16 -13 -18 -19 20 -3 -22 -1 -21 -4 -16 -17 28 -25 -8
right_child=6 19 3 4 12 -7 10 -9 9 -11 11 15 -14 -15 25 26 17 18 -20 23 21 -23 -24 27 -26 -27 -28 -29 -30 -31
leaf_value=-4.2023714692095673e-05 0.00020856415731990293 0.00010475202716740303 8.7042375612919956e-05 5.731611824167475e-05 -2.4318499266930834e-05 -7.8514645612289691e-05 6.2334860490928691e-05 -0.00016246871424846558 3.5321052331230979e-06 -0.00013435364360258885 -8.5357414882785912e-05 -0.00026905515247765483 -0.00030300496522503857 8.2645230432400543e-05 -0.00010269110450102475 1.4141034214819326e-05 5.8943903942308004e-05 -0.00034379571165006118 -1.3189358580149858e-05 -1.5615977122238924e-05 -0.00022388898037620439 0.00061787628188171508 -8.6080916625576673e-05 -0.00018168849657957536 -4.7823206469077911e-05 6.3567337807463044e-06 0.00011871466988502972 -3.2333055837974188e-05 -6.310257561698754e-05 1.2910481649958812e-05
leaf_weight=23663 30517 14300 7783 14771 2373 36061 50764 3837 12576 2185 43156 4151 2379 111812 13958 23627 23425 2694 9811 295202 1867 683 11071 3622 4015 73719 32408 118059 16548 324754
leaf_count=23663 30517 14300 7783 14771 2373 36061 50764 3837 12576 2185 43156 4151 2379 111812 13958 23627 23425 2694 9811 295202 1867 683 11071 3622 4015 73719 32408 118059 16548 324754
internal_value=-0.000166535 -0.000888756 -0.00201551 -0.00129615 0.000352149 -0.0019688 0.000387153 -0.00292359 -0.00262299 -0.000868844 0.000322318 -0.000101675 -0.00398992 0.000519771 -0.000584142 0.000555058 -0.000250119 0.000116861 -0.00140944 -0.000586689 0.0010089 -0.00278431 -0.00336846 -0.000648719 0.000567412 -0.000173059 0.00113099 -0.00109329 -0.00232771 0.000348186
internal_weight=1.31579e+06 570995 120714 67382 19523 47859 744796 53332 49495 14761 714279 226949 4752 487330 130833 96116 40081 35930 12505 450281 16850 2550 34734 433431 11798 87677 56035 138229 20170 375518
internal_count=1315791 570995 120714 67382 19523 47859 744796 53332 49495 14761 714279 226949 4752 487330 130833 96116 40081 35930 12505 450281 16850 2550 34734 433431 11798 87677 56035 138229 20170 375518
cat_boundaries=0 1 2 3 4 5 6 7 8 9
cat_threshold=3 44 80 712913 32 5636480 65 1718920 34
is_linear=0
shrinkage=0.05


Tree=75
num_leaves=31
num_cat=11
split_feature=7 7 7 2 6 6 1 7 1 7 1 3 3 3 3 1 1 3 1 6 1 6 1 7 3 3 1 3 1 1
split_gain=190.887 51.0533 43.4888 21.4456 22.4267 21.3307 21.1856 26.6395 24.1924 20.1724 17.5238 33.824 16.0313 15.3735 14.8296 63.381 43.333 51.1037 112.466 34.049 26.7019 18.088 17.4986 22.4408 15.1042 14.6084 14.5519 38.5523 52.6997 44.8938
threshold=0.049373452292769696 0.026788622941679611 0.079844418236537679 17.500000000000004 13.296787582034348 13.99691127342979 0 0.090365501787713229 1 0.088353374510385843 2 3.5000000000000004 4.5000000000000009 3.5000000000000004 2.5000000000000004 3 4 5.5000000000000009 5 13.157220255891877 6 12.55648741036959 7 0.064782105815951105 4.5000000000000009 5.5000000000000009 8 3.5000000000000004 9 10
decision_type=2 2 2 2 2 2 1 2 1 2 1 2 2 2 2 1 1 2 1 2 1 2 1 2 2 2 1 2 1 1
left_child=1 10 5 4 -4 14 9 -8 -9 12 25 -12 -5 -6 15 -2 19 21 -19 24 -20 -18 23 -17 -16 -1 -3 28 -28 -29
right_child=2 26 3 6 13 -7 7 8 -10 -11 11 -13 -14 -15 16 22 17 18 20 -21 -22 -23 -24 -25 -26 -27 27 29 -30 -31
leaf_value=-5.3305071401942368e-05 4.5215485986742528e-05 -3.4319513747362639e-05 3.3434044021691395e-05 7.1784199772941681e-05 -6.510976267050973e-05 -4.8403812569254582e-05 0.00017688109163227391 -3.0005457695283375e-05 8.4293258975077712e-05 -0.00021959380498768333 -7.7070542877579959e-05 -2.4716282403941527e-07 -0.00015755892913123619 1.8691490106270693e-05 6.3843704715549349e-05 -5.4877421550784267e-05 8.7706530070528341e-05 9.2818204738365223e-05 -0.00012994261153232971 1.3501862775264218e-05 -0.0004709565744355122 -1.799023527456027e-05 -7.8412793535185404e-05 3.502482157944284e-05 0.0002061442455766647 -0.00011716554909218828 5.1267569699440728e-05 4.0467745102781494e-05 -6.2518544943243606e-05 -9.4262290776273895e-05
leaf_weight=15165 54746 161418 242121 9861 42964 49484 18374 25789 148790 3906 16673 12872 3972 32790 18040 26081 13724 7777 7788 109549 5130 47835 61798 24439 18094 2638 16451 45416 59471 12635
leaf_count=15165 54746 161418 242121 9861 42964 49484 18374 25789 148790 3906 16673 12872 3972 32790 18040 26081 13724 7777 7788 109549 5130 47835 61798 24439 18094 2638 16451 45416 59471 12635
internal_value=-0.000158099 -0.00117283 0.000199321 0.000505849 0.000246559 -0.000165191 0.000897044 0.00104904 0.000858494 -0.000756381 -0.00269705 -0.00194806 0.00013916 -0.000504264 -4.25948e-05 -0.000400445 0.000219688 -0.000697754 -0.00284731 0.000737681 -0.00570467 2.4773e-05 -0.00108032 -0.000389867 0.00206869 -0.00393673 -0.000928515 -0.000543166 -0.00128487 0.00042678
internal_weight=1.31579e+06 342739 973052 528567 317875 444485 210692 192953 174579 17739 47348 29545 13833 75754 395001 167064 227937 82254 20695 145683 12918 61559 112318 50520 36134 17803 295391 133973 75922 58051
internal_count=1315791 342739 973052 528567 317875 444485 210692 192953 174579 17739 47348 29545 13833 75754 395001 167064 227937 82254 20695 145683 12918 61559 112318 50520 36134 17803 295391 133973 75922 58051
cat_boundaries=0 1 2 3 4 5 6 7 8 9 10 11
cat_threshold=1 8 1 81 58 4 1 8 5 80 42
is_linear=0
shrinkage=0.05


Tree=76
num_leaves=31
num_cat=13
split_feature=7 7 6 5 5 0 3 0 6 7 0 3 0 1 3 1 3 1 1 3 1 1 3 1 3 1 1 3 6 6
split_gain=173.3 46.9676 40.289 32.5195 37.8127 25.8506 24.2564 24.1086 23.8809 21.3534 20.3292 16.303 18.3206 16.0203 31.0302 15.8575 14.2238 13.4922 13.3643 34.8853 47.0579 40.3729 47.8534 38.0164 33.4994 162.416 59.0121 26.8459 18.2433 13.9086
threshold=0.049373452292769696 0.026788622941679611 13.858269235864768 5.5000000000000009 6.5000000000000009 0 2.5000000000000004 1 12.147946851847994 0.074089071534796075 2 1.5000000000000002 3 4 3.5000000000000004 5 4.5000000000000009 6 7 3.5000000000000004 8 9 5.5000000000000009 10 4.5000000000000009 11 12 5.5000000000000009 13.402230870373574 13.846957140209947
decision_type=2 2 2 2 2 1 2 1 2 2 1 2 1 1 2 1 2 1 1 2 1 1 2 1 2 1 1 2 2 2
left_child=1 13 3 8 5 -5 10 -8 -2 -10 -6 15 -13 16 17 -12 -1 -15 24 20 29 28 -23 -24 26 -26 -3 -27 -21 -20
right_child=2 18 -4 4 6 -7 7 -9 9 -11 11 12 -14 14 -16 -17 -18 -19 19 21 -22 22 23 -25 25 27 -28 -29 -30 -31
leaf_value=-4.7119417094330673e-05 0.00021638276469120103 1.7096273807616636e-06 -3.1722724225716899e-05 2.0881797028593497e-05 4.3774789000072814e-05 -5.9773103493856658e-05 2.6780349498108092e-06 0.00011918170940192243 2.5718407369947767e-06 4.6175423045852205e-05 -0.00038088083592142458 -4.3534855843165021e-05 -0.00030852323181336901 -2.1312131210198158e-05 -2.3480468283737511e-07 1.0886528577445238e-05 -8.8919027359683943e-05 -8.2994377527524649e-05 0.00010409828823655446 7.4474295205842836e-05 -5.9392617696081564e-05 3.0162894443488273e-06 -9.2061871453525551e-05 -0.00055735825026297819 5.360681307840475e-05 -7.8616204367395857e-05 -6.3426687865683615e-05 -0.00015355009142201844 3.4174286482144961e-06 -3.4374326077704809e-05
leaf_weight=12642 23965 77078 120287 45953 23197 110164 28828 39376 207732 348089 1907 4359 4378 3636 12872 14817 5161 13037 11491 22208 59471 8361 2505 1769 15259 15514 37717 15850 23208 4960
leaf_count=12642 23965 77078 120287 45953 23197 110164 28828 39376 207732 348089 1907 4359 4378 3636 12872 14817 5161 13037 11491 22208 59471 8361 2505 1769 15259 15514 37717 15850 23208 4960
internal_value=-0.000154185 -0.00112104 0.000186372 0.000307207 -0.000142777 -0.000651915 0.000537386 0.00114583 0.000519071 0.000452439 -0.000315467 -0.00129068 -0.00304166 -0.002583 -0.00186686 -0.000376704 -0.00376832 -0.00329125 -0.000886706 -0.000517416 -0.00122297 0.000405247 -0.00209371 -0.00639916 -0.0011931 -0.00232342 -0.000734135 -0.00438102 0.00110069 0.00114361
internal_weight=1.31579e+06 342739 973052 852765 272979 156117 116862 68204 579786 555821 48658 25461 8737 47348 29545 16724 17803 16673 295391 133973 75922 58051 12635 4274 161418 46623 114795 31364 45416 16451
internal_count=1315791 342739 973052 852765 272979 156117 116862 68204 579786 555821 48658 25461 8737 47348 29545 16724 17803 16673 295391 133973 75922 58051 12635 4274 161418 46623 114795 31364 45416 16451
cat_boundaries=0 1 2 3 4 5 6 7 8 9 10 11 12 13
cat_threshold=1314568 1718920 9034779 2236996 1 32 84 5 80 42 16 4 1
is_linear=0
shrinkage=0.05


Tree=77
num_leaves=31
num_cat=9
split_feature=7 7 6 1 3 1 1 7 7 3 3 1 1 3 3 3 1 1 3 3 7 2 3 1 2 3 5 1 6 6
split_gain=158.773 60.9677 26.1119 23.8497 25.383 38.7726 31.721 24.4415 19.4957 30.4682 18.9133 85.7538 77.4599 46.6924 131.282 41.8768 41.4912 35.9583 153.531 31.5652 26.6429 25.703 31.3795 20.1649 19.077 18.7597 16.6465 16.0935 20.8906 16.0716
threshold=0.064782105815951105 0.039287600333278487 12.068607812365963 0 4.5000000000000009 1 2 0.033321867509809124 0.029154964549149176 5.5000000000000009 2.5000000000000004 3 4 1.0000000180025095e-35 1.5000000000000002 4.5000000000000009 5 6 4.5000000000000009 4.5000000000000009 0.07367656427701233 9.5000000000000018 5.5000000000000009 7 15.500000000000002 5.5000000000000009 5.5000000000000009 8 13.836985315391791 13.652693937087976
decision_type=2 2 2 1 2 1 1 2 2 2 2 1 1 2 2 2 1 1 2 2 2 2 2 1 2 2 2 1 2 2
left_child=1 3 -2 7 6 -6 -5 8 26 -10 12 15 13 -4 -15 -12 -14 18 -13 -19 -17 -20 -23 -21 -24 -7 -1 28 -3 -29
right_child=2 27 10 4 5 25 -8 -9 9 -11 11 17 16 14 -16 20 -18 19 21 23 -22 22 24 -25 -26 -27 -28 29 -30 -31
leaf_value=-3.5144375565423698e-05 0.00023937767393891093 7.3531708878622073e-05 1.7310011873535384e-05 1.7811365798048664e-05 5.3178827092483991e-05 -2.1321407310528029e-05 -6.9942156031216338e-05 -0.00015238399558843187 5.4442922413218757e-06 -0.00011824248116399043 8.3003299846264034e-05 9.2527206064338746e-05 6.852787455014567e-05 -0.00052798550753524085 -2.6888677407799213e-06 8.3556925928198614e-05 -1.3115081754027856e-05 1.1475057370986808e-06 -3.9378864283497189e-05 -2.881885695776368e-05 0.0004649229888060571 -0.000111767110386065 -0.0003613351362029633 8.5267107372476181e-05 -0.00020031166464817146 -0.00027416922894834482 -7.6363025879690711e-05 -1.6386307187101628e-05 -3.3157325370747687e-05 -4.6930725215048319e-05
leaf_weight=23663 22672 27993 11248 11798 14771 2373 36061 3837 12576 2185 23099 54762 106445 9848 11448 6056 164682 128859 15405 16781 16976 19806 7226 111714 12876 2379 11071 333639 23597 69945
leaf_count=23663 22672 27993 11248 11798 14771 2373 36061 3837 12576 2185 23099 54762 106445 9848 11448 6056 164682 128859 15405 16781 16976 19806 7226 111714 12876 2379 11071 333639 23597 69945
internal_value=-0.000148333 -0.000770896 0.000336227 -0.00176989 -0.00114405 0.000375198 -0.00176404 -0.0025599 -0.00226235 -0.000740126 0.000283416 0.000503434 -1.62182e-05 -0.00232076 -0.00369788 0.00253516 0.000260477 0.000248273 -0.000508017 0.000571758 0.00404437 -0.00236608 -0.00303573 0.00112631 -0.00442742 -0.00354893 -0.00290925 -0.00050596 0.000325581 -0.000612249
internal_weight=1.31579e+06 575888 739903 120714 67382 19523 47859 53332 49495 14761 717231 413560 303671 32544 21296 46131 271127 367429 110075 257354 23032 55313 39908 128495 20102 4752 34734 455174 51590 403584
internal_count=1315791 575888 739903 120714 67382 19523 47859 53332 49495 14761 717231 413560 303671 32544 21296 46131 271127 367429 110075 257354 23032 55313 39908 128495 20102 4752 34734 455174 51590 403584
cat_boundaries=0 1 2 3 4 5 6 7 8 9
cat_threshold=3 44 80 32 32 81 65 16 48
is_linear=0
shrinkage=0.05


Tree=78
num_leaves=31
num_cat=9
split_feature=7 7 6 5 5 5 7 3 3 1 3 1 3 1 1 1 3 3 6 3 1 6 5 2 1 0 3 0 3 3
split_gain=143.794 58.0553 22.5188 21.1086 19.192 22.0032 15.8422 16.1642 22.6216 61.4389 84.112 50.6031 26.0392 25.8772 18.7717 15.8115 86.0511 20.1034 15.4744 16.0261 28.102 14.947 14.7768 14.382 14.2702 14.0644 14.0351 15.4791 13.7038 13.4597
threshold=0.067426327462205657 0.039287600333278487 12.031923105590947 5.5000000000000009 5.5000000000000009 6.5000000000000009 0.12220391884697518 1.0000000180025095e-35 2.5000000000000004 0 1.5000000000000002 1 4.5000000000000009 2 3 4 4.5000000000000009 4.5000000000000009 12.32972287990661 5.5000000000000009 5 13.712304109497831 5.5000000000000009 9.5000000000000018 6 7 1.0000000180025095e-35 8 5.5000000000000009 2.5000000000000004
decision_type=2 2 2 2 2 2 2 2 2 1 2 1 2 1 1 1 2 2 2 2 1 2 2 2 1 1 2 1 2 2
left_child=1 3 -2 -1 6 25 7 14 9 10 -9 12 -10 -11 -4 16 -13 -17 19 -3 -21 -19 -20 -18 -5 -6 27 -24 -25 -7
right_child=2 18 4 24 5 29 -8 8 11 13 -12 15 -14 -15 -16 17 23 21 22 20 -22 -23 26 28 -26 -27 -28 -29 -30 -31
leaf_value=-2.7405944423876654e-05 0.00027072879065135859 9.6240069990763402e-05 0.00025859633301296322 -2.7094082127609304e-05 1.9691899490844464e-05 -1.3554672881705214e-05 0.00014162551654281 -0.00053005869602213709 8.4842372760969564e-05 6.6678706046462141e-05 1.2098353662464562e-05 9.7217276963121682e-05 0.00035932419320709941 -3.0094448437015948e-05 5.0516187021655556e-05 3.8258810617419762e-06 -2.4183212842718296e-05 0.0001085805330690394 -1.1672231444507381e-05 0.00057598732523955753 -0.00024856367824331387 5.0937508068359121e-06 -0.00013631882863478998 -0.00010294415010309172 -7.0189957679011981e-05 -5.1698818777842773e-05 -2.6510935875379006e-05 -4.045407606123146e-05 -0.00021497090790823794 6.9961174668499096e-05
leaf_weight=81866 17948 17207 7598 8956 37280 38220 23072 5710 13491 48500 6785 37854 12986 67172 52202 77981 10247 53697 324099 933 2103 21124 7642 13549 29892 87603 129467 14422 12777 53408
leaf_count=81866 17948 17207 7598 8956 37280 38220 23072 5710 13491 48500 6785 37854 12986 67172 52202 77981 10247 53697 324099 933 2103 21124 7642 13549 29892 87603 129467 14422 12777 53408
internal_value=-0.000141303 -0.000697914 0.00034954 -0.00168125 0.000303484 -8.53305e-05 0.000484621 0.0004179 0.000298201 -0.000243237 -0.00357257 0.000571725 0.00263997 0.000116699 0.00118227 0.000330599 -0.000267004 0.000621679 -0.000458535 0.000895371 -0.00245389 0.00120721 -0.000516158 -0.00199669 -0.00264106 -0.000517084 -0.000923738 -0.00208938 -0.00261529 0.000503121
internal_weight=1.31579e+06 616587 699204 120714 681256 216511 464745 441673 381873 128167 12495 253706 26477 115672 59800 227229 74427 152802 495873 20243 3036 74821 475630 36573 38848 124883 151531 22064 26326 91628
internal_count=1315791 616587 699204 120714 681256 216511 464745 441673 381873 128167 12495 253706 26477 115672 59800 227229 74427 152802 495873 20243 3036 74821 475630 36573 38848 124883 151531 22064 26326 91628
cat_boundaries=0 1 2 3 4 5 6 7 8 9
cat_threshold=32 32 81 64 65 38 88 3411464 2515616
is_linear=0
shrinkage=0.05


Tree=79
num_leaves=31
num_cat=12
split_feature=7 6 3 1 7 3 1 3 1 3 1 3 1 3 3 1 1 3 3 7 1 7 1 3 3 1 1 5 6 1
split_gain=130.79 36.2779 35.5241 219.225 34.6456 33.1912 62.6646 62.2374 47.5815 41.3879 33.0651 36.4827 54.1009 34.3274 29.9022 26.5087 24.9463 35.0203 97.5078 22.2702 22.1783 27.3204 20.6201 20.2537 48.692 18.4521 16.8156 14.675 14.1033 12.0571
threshold=0.049373452292769696 12.902084468380513 5.5000000000000009 0 0.028165668868557519 3.5000000000000004 1 5.5000000000000009 2 4.5000000000000009 3 2.5000000000000004 4 4.5000000000000009 4.5000000000000009 5 6 1.5000000000000002 1.0000000180025095e-35 0.076536027880184682 7 0.061251379371825627 8 1.5000000000000002 1.0000000180025095e-35 9 10 5.5000000000000009 14.037908028093151 11
decision_type=2 2 2 1 2 2 1 2 1 2 1 2 1 2 2 1 1 2 2 2 1 2 1 2 2 1 1 2 2 1
left_child=4 2 10 19 27 8 9 -8 28 22 13 16 14 -2 -13 -9 17 18 -12 26 23 -22 -7 24 -10 -5 -4 -1 -3 -6
right_child=1 5 3 25 29 6 7 15 20 -11 11 12 -14 -15 -16 -17 -18 -19 -20 -21 21 -23 -24 -25 -26 -27 -28 -29 -30 -31
leaf_value=-3.2083630499746275e-05 0.00015623232059613635 4.911938958712132e-05 -0.00012468168062771957 0.00048814487000203096 -2.8619776103633659e-05 7.1631481405515921e-05 7.4189585916047136e-06 -0.00011136423323186637 -2.9487841938136834e-05 7.2578373969545146e-05 4.8744524079034902e-05 0.0001677624373669473 1.4810614605675205e-05 -4.5371041821018135e-05 0.00053302940176247211 -0.00038850812018723807 1.7467427426269556e-05 7.3533094525378439e-05 -0.00052734936976918465 -0.00016752650443015786 -6.1120445234901652e-05 -1.7241760321072899e-05 -3.7806037945388107e-05 -4.6356992166474847e-05 -0.00047006025191321594 0.00011075639864864279 -0.00044829681921051658 -7.1763414433963056e-05 -3.9440669026113469e-05 -1.413609574046331e-05
leaf_weight=35792 70819 75994 4203 10346 158606 19274 50674 23434 3942 139465 10003 20483 61659 14216 10235 2250 61149 10269 8776 18823 51915 215440 51341 7966 3467 8266 3869 16699 14774 131642
leaf_count=35792 70819 75994 4203 10346 158606 19274 50674 23434 3942 139465 10003 20483 61659 14216 10235 2250 61149 10269 8776 18823 51915 215440 51341 7966 3467 8266 3869 16699 14774 131642
internal_value=-0.000135945 0.000159909 0.000603131 -0.000688356 -0.000975888 -5.03837e-05 0.000354527 -0.000872093 -0.000360912 0.000800371 0.000822749 0.000443358 0.00114179 0.00163707 0.0028557 -0.00287728 -0.000271905 -0.00147808 -0.00276239 -0.00357461 -0.000680661 -0.000574402 -0.000185867 -0.00252681 -0.00441018 0.00348244 -0.00577304 -0.00215799 0.000635066 -0.000762107
internal_weight=1.31579e+06 973052 313116 45507 342739 659936 286438 76358 373498 210080 267609 182574 92377 85035 30718 25684 90197 29048 18779 26895 282730 267355 70615 15375 7409 18612 8072 52491 90768 290248
internal_count=1315791 973052 313116 45507 342739 659936 286438 76358 373498 210080 267609 182574 92377 85035 30718 25684 90197 29048 18779 26895 282730 267355 70615 15375 7409 18612 8072 52491 90768 290248
cat_boundaries=0 1 2 3 4 5 6 7 8 9 10 11 12
cat_threshold=65 46 17 88 32 17 32 32 2 48 1 5
is_linear=0
shrinkage=0.05


Tree=80
num_leaves=31
num_cat=11
split_feature=7 7 5 6 5 3 3 0 0 5 5 0 6 1 3 1 1 6 3 1 3 7 3 3 1 3 1 3 1 1
split_gain=119.08 47.2941 20.1455 19.8749 18.6154 17.7332 20.2034 18.8279 18.7943 16.8137 20.1466 16.3714 15.0637 27.6021 36.5401 202.26 20.4448 20.0107 18.8989 14.9686 34.417 14.5895 14.478 19.0919 51.329 70.6264 40.8588 21.9682 21.3525 15.5359
threshold=0.067426327462205657 0.029154964549149176 5.5000000000000009 12.031923105590947 6.5000000000000009 2.5000000000000004 1.5000000000000002 0 1 5.5000000000000009 6.5000000000000009 2 13.435334469880846 3 5.5000000000000009 4 5 12.55648741036959 4.5000000000000009 6 4.5000000000000009 0.12220391884697518 1.0000000180025095e-35 2.5000000000000004 7 1.5000000000000002 8 4.5000000000000009 9 10
decision_type=2 2 2 2 2 2 2 1 1 2 2 1 2 1 2 1 1 2 2 1 2 2 2 2 1 2 1 2 1 1
left_child=1 19 12 -2 11 6 -6 -8 -7 21 -11 -4 13 18 17 -16 -17 -15 -3 -1 -21 22 29 24 25 -24 27 -25 -26 -5
right_child=3 2 4 9 5 8 7 -9 -10 10 -12 -13 -14 14 15 16 -18 -19 -20 20 -22 -23 23 26 28 -27 -28 -29 -30 -31
leaf_value=-5.0073664136086275e-05 0.00025219639889978164 1.8770610532932788e-05 -2.7047127543118957e-05 0.00014814723254276131 -1.1669372798786549e-05 -2.6279701878610327e-05 -0.00021669996482085038 -5.3599011143516502e-05 5.1724522275091882e-05 -3.0135037647068682e-05 3.2076402249879567e-05 -7.066723103086228e-05 -2.6117498787144729e-05 4.624288712410836e-05 0.00010707578632468893 -0.0001279232382511022 -0.00048057000514317786 -8.1822971307328469e-06 0.0001544679141860763 -5.5114565908582352e-05 1.9788422435194563e-05 0.00013315149409558018 -0.00047765634468858315 7.6844129548623441e-05 6.0177517000732308e-05 1.3104851529496114e-05 1.8559862766558134e-05 0.00032833453113568503 -2.7827543347906659e-05 3.1291729327925095e-05
leaf_weight=17900 17948 27974 51690 21677 20586 22559 3403 7634 21918 124883 91628 51166 125280 28853 12041 14644 2800 157453 11017 28126 11543 23072 5710 13491 48500 6785 227229 12986 67172 38123
leaf_count=17900 17948 27974 51690 21677 20586 22559 3403 7634 21918 124883 91628 51166 125280 28853 12041 14644 2800 157453 11017 28126 11543 23072 5710 13491 48500 6785 227229 12986 67172 38123
internal_value=-0.000127813 -0.000634339 -0.000493812 0.000318863 -0.000931234 -0.000338371 -0.00124356 -0.00296956 0.000305214 0.000275594 -8.83327e-05 -0.00136988 -0.000287848 -6.71162e-05 -0.000288344 -0.00192386 -0.00536267 -2.95213e-05 0.00115702 -0.00199891 -0.00145606 0.000445137 0.000381108 0.000267825 -0.000229583 -0.00327269 0.000519105 0.00237758 9.94105e-05 0.00110452
internal_weight=1.31579e+06 616587 559018 699204 178956 76100 31623 11037 44477 681256 216511 102856 380062 254782 215791 29485 17444 186306 38991 57569 39669 464745 441673 381873 128167 12495 253706 26477 115672 59800
internal_count=1315791 616587 559018 699204 178956 76100 31623 11037 44477 681256 216511 102856 380062 254782 215791 29485 17444 186306 38991 57569 39669 464745 441673 381873 128167 12495 253706 26477 115672 59800
cat_boundaries=0 1 2 3 4 5 6 7 8 9 10 11
cat_threshold=5636576 10107529 15769356 56 6 1 1 32 32 81 84
is_linear=0
shrinkage=0.05


Tree=81
num_leaves=31
num_cat=11
split_feature=7 6 2 1 3 3 1 6 3 1 5 5 5 0 3 0 7 2 3 1 0 7 2 3 0 3 0 0 0 2
split_gain=108.169 31.7708 30.8287 25.5394 115.186 86.6921 114.006 38.2081 54.3398 23.5083 20.5351 20.1676 26.1763 19.1717 16.2663 15.0039 13.0346 10.8219 10.5712 18.5588 10.3157 9.89306 9.69443 11.8432 12.7617 12.0874 12.9253 9.69113 9.69075 9.50875
threshold=0.049373452292769696 13.858269235864768 20.500000000000004 0 1.5000000000000002 1.0000000180025095e-35 1 12.937343182529457 4.5000000000000009 2 5.5000000000000009 5.5000000000000009 6.5000000000000009 3 1.0000000180025095e-35 4 0.10297475800934078 21.500000000000004 1.0000000180025095e-35 5 6 0.034521400803542678 16.500000000000004 4.5000000000000009 7 2.5000000000000004 8 9 10 17.500000000000004
decision_type=2 2 2 1 2 2 1 2 2 1 2 2 2 1 2 1 2 2 2 1 1 2 2 2 1 2 1 1 1 2
left_child=2 3 9 4 5 -2 -7 8 -6 -1 -11 16 13 -13 27 -14 18 -4 19 -5 -21 -19 23 25 -25 -17 -27 -12 -20 -3
right_child=1 29 17 11 7 6 -8 -9 -10 10 14 12 15 -15 -16 22 -18 21 28 20 -22 -23 -24 24 -26 26 -28 -29 -30 -31
leaf_value=7.4041377861607843e-06 5.645040062976156e-05 -3.966336261453027e-05 -5.1422833286900002e-05 0.00020635614036353738 0.00012505021570233325 0.00011380454431001164 -0.00047130235676798998 3.9703533082430936e-05 0.00045791618890915942 -1.6472514039768058e-05 -0.00014115764535142553 1.1988370106439522e-05 6.997428698733085e-05 -6.0666100619061367e-05 -3.8132626436956744e-05 -5.3419345815114606e-05 6.6012072315068529e-05 0.00020979642453617753 2.5212248483735824e-05 -8.3737486258302085e-05 3.565286852291322e-05 -3.7763264853534108e-05 3.6646024261709383e-05 1.3965450247871436e-05 -0.0002012425264981516 -7.2164045512501139e-05 0.00012985731587946762 -6.2178278465730916e-05 -3.8991502268000137e-06 5.1930021651196843e-06
leaf_weight=59482 19541 86615 36079 8016 32714 5437 12243 44886 21822 163097 4567 38426 34271 92698 65668 15388 85643 830 103563 4595 41490 6506 26790 4026 6598 3390 7443 6510 243785 33672
leaf_count=59482 19541 86615 36079 8016 32714 5437 12243 44886 21822 163097 4567 38426 34271 92698 65668 15388 85643 830 103563 4595 41490 6506 26790 4026 6598 3390 7443 6510 243785 33672
internal_value=-0.000123329 0.000145727 -0.000887191 0.00025303 0.000879417 -0.00149311 -0.00402998 0.00176772 0.00265696 -0.000706592 -0.000927238 0.000133495 -0.00025346 -0.000715353 -0.00160173 0.000365146 0.000315443 -0.00213233 0.000195978 0.000846103 0.000459377 -0.000381679 -8.91665e-05 -0.000615416 -0.00202372 -4.48114e-05 0.00123465 -0.00337411 9.47177e-05 -0.000614987
internal_weight=1.31579e+06 973052 342739 852765 136643 37221 17680 99422 54536 299324 239842 716122 229030 131124 76745 97906 487092 43415 401449 54101 46085 7336 63635 36845 10624 26221 10833 11077 347348 120287
internal_count=1315791 973052 342739 852765 136643 37221 17680 99422 54536 299324 239842 716122 229030 131124 76745 97906 487092 43415 401449 54101 46085 7336 63635 36845 10624 26221 10833 11077 347348 120287
cat_boundaries=0 1 2 3 4 5 6 7 8 9 10 11
cat_threshold=48 16 88 1314568 14779667 64 262145 526504 2696 422562 8638985
is_linear=0
shrinkage=0.05


Tree=82
num_leaves=31
num_cat=9
split_feature=7 7 6 5 2 2 6 1 3 3 1 1 6 6 1 7 1 1 3 3 1 7 7 7 1 7 6 6 3 1
split_gain=99.5338 38.6695 17.2114 16.0638 15.8681 20.0033 14.3452 30.4348 38.2034 36.0527 238.495 28.6287 27.8472 15.323 14.2886 19.8122 13.9713 12.6894 44.4647 42.0608 18.4002 15.6348 12.3855 28.1025 14.0074 12.8051 12.7565 11.672 12.1414 36.4044
threshold=0.067132975390762337 0.039287600333278487 12.031923105590947 5.5000000000000009 17.500000000000004 8.5000000000000018 13.652693937087976 0 4.5000000000000009 5.5000000000000009 1 2 12.55648741036959 13.132493889510007 3 0.088353374510385843 4 5 3.5000000000000004 4.5000000000000009 6 0.060317631810185908 0.081409608983975507 0.088766613791931293 7 0.071505760598021786 13.273248445205448 12.572492825033674 5.5000000000000009 8
decision_type=2 2 2 2 2 2 2 1 2 2 1 1 2 2 1 2 1 1 2 2 1 2 2 2 1 2 2 2 2 1
left_child=1 3 -2 -1 5 -4 7 8 16 12 -11 -12 -9 -10 15 -6 -3 19 21 -14 -20 -19 24 -24 25 -16 -25 28 -7 -30
right_child=2 6 4 -5 14 27 -8 9 13 10 11 -13 17 -15 22 -17 -18 18 20 -21 -22 -23 23 26 -26 -27 -28 -29 29 -31
leaf_value=-2.2070789697234156e-05 0.00023458590575541616 0.00011527976725748818 4.8707814100783232e-05 -5.4512233735779398e-05 5.9549077701497033e-06 5.8358972444434032e-05 -3.4215647448306018e-05 4.0721475811365126e-05 0.00031559965537010032 8.853826705756512e-05 -0.00012852545790001529 -0.00045829969247953298 1.2152977898491346e-05 6.2644821073889331e-05 7.8672392512898345e-05 -0.00021704969262929775 -1.5664328985615095e-05 -6.4727581138441723e-05 5.7321081827005352e-05 -7.527131771556568e-05 -2.48141470650054e-05 -1.245771723957026e-05 0.00020918702507703412 8.5732391317479978e-05 -0.00015190413504772294 -3.1081844516977349e-05 1.6913651202948162e-05 -1.2661717362646986e-05 0.00031058831152429859 -0.00018481807283427174
leaf_weight=81866 18062 6779 80648 38848 14044 58629 107863 36253 6875 19092 20745 3531 91446 17639 9673 3858 53443 54580 20371 18054 16457 17772 10416 92029 5864 14435 85643 300765 3297 6814
leaf_count=81866 18062 6779 80648 38848 14044 58629 107863 36253 6875 19092 20745 3531 91446 17639 9673 3858 53443 54580 20371 18054 16457 17772 10416 92029 5864 14435 85643 300765 3297 6814
internal_value=-0.000118389 -0.000585009 0.000286895 -0.00138675 0.000246788 7.26975e-05 -0.000387859 -0.000244428 0.000591768 -0.000481963 -0.0018147 -0.0051017 -0.000255263 0.00225585 0.000578907 -0.000778808 -8.55169e-05 -0.000468035 -0.000849437 -8.76632e-05 0.000564788 -0.00156941 0.000690375 0.00084083 -0.00025357 0.000279874 0.00069285 -8.30165e-05 0.000504801 -0.00109534
internal_weight=1.31579e+06 611614 704177 120714 686115 450153 490900 383037 84736 298301 43368 24276 254933 24514 235962 17902 60222 218680 109180 109500 36828 72352 218060 188088 29972 24108 177672 369505 68740 10111
internal_count=1315791 611614 704177 120714 686115 450153 490900 383037 84736 298301 43368 24276 254933 24514 235962 17902 60222 218680 109180 109500 36828 72352 218060 188088 29972 24108 177672 369505 68740 10111
cat_boundaries=0 1 2 3 4 5 6 7 8 9
cat_threshold=56 6 1 1 16 65 2 88 36
is_linear=0
shrinkage=0.05


Tree=83
num_leaves=31
num_cat=6
split_feature=7 7 2 1 2 7 6 5 2 1 6 1 6 2 7 0 2 3 1 3 2 6 3 3 1 6 7 6 7 5
split_gain=90.4608 35.0409 15.9016 23.4775 20.2858 18.475 15.3326 14.4532 13.5608 16.1273 13.5179 15.8064 13.4887 12.5495 12.4923 11.6837 11.5553 13.0676 26.2748 20.6911 16.8506 11.1366 11.0033 10.9007 29.0294 10.8541 11.1316 13.1509 10.789 10.3863
threshold=0.067132975390762337 0.039287600333278487 16.500000000000004 0 8.5000000000000018 0.10454569582555139 13.866811852237587 5.5000000000000009 18.500000000000004 1 13.99691127342979 2 12.572492825033674 19.500000000000004 0.11437927845860141 3 13.500000000000002 3.5000000000000004 4 5.5000000000000009 12.500000000000002 12.031923105590947 1.0000000180025095e-35 5.5000000000000009 5 12.458740034030809 0.1067207236017453 13.073741248551789 0.091140839254393188 5.5000000000000009
decision_type=2 2 2 1 2 2 2 2 2 1 2 1 2 2 2 1 2 2 1 2 2 2 2 2 1 2 2 2 2 2
left_child=1 7 4 6 -2 12 8 -1 25 -10 11 -3 23 28 -5 -12 17 -14 19 -19 -20 -13 -9 -6 -25 -4 27 -27 -11 -23
right_child=2 10 3 14 5 -7 -8 22 9 13 15 21 16 -15 -16 -17 -18 18 20 -21 -22 29 -24 24 -26 26 -28 -29 -30 -31
leaf_value=-2.0967250212372385e-05 4.6272423395744144e-05 3.2652063615800506e-05 0.00031190678925976521 6.1297987732304021e-06 6.6187280732354919e-05 -0.00017514468613440484 -4.3966388923007835e-06 -0.00010692703791744044 0.00016817401627603965 0.00033707183875291151 -9.3057059820735388e-05 0.00015578434640030944 -2.4895731297308599e-05 -0.00015105293444388874 8.9310743944048817e-05 -2.6994287863694666e-05 -4.9873194706444302e-05 -4.0637442414075132e-05 2.7668887234645612e-05 -0.00035187062706456103 0.00020243690672954731 -8.4172899696038576e-06 -4.2287312035946964e-05 0.00016430021492690809 -0.00020739265075077099 0.00033467751316793308 5.8408295765172845e-05 8.2547289575025939e-05 1.7673404153897843e-05 -2.8354568460015571e-05
leaf_weight=81866 80962 46421 16388 195078 54423 9183 19362 5581 10223 1471 10816 3712 97193 4430 34517 25745 50125 4487 60021 2198 7773 274932 33267 4063 5332 4173 17752 7181 17842 129274
leaf_count=81866 80962 46421 16388 195078 54423 9183 19362 5581 10223 1471 10816 3712 97193 4430 34517 25745 50125 4487 60021 2198 7773 274932 33267 4063 5332 4173 17752 7181 17842 129274
internal_value=-0.000113677 -0.000558522 0.000272694 0.000526845 5.05642e-05 -0.000141962 0.00117118 -0.00132172 0.00147873 0.000722782 -0.000370849 -0.00029642 -7.09872e-05 7.36749e-06 0.00024945 -0.00129578 -0.000255301 -6.02894e-05 0.000438043 -0.00255041 0.000732995 -0.000395903 -0.00211594 0.000569589 -0.00100319 0.00204313 0.00146362 0.00268628 0.000557914 -0.000420949
internal_weight=1.31579e+06 611614 704177 328417 375760 294798 98822 120714 79460 33966 490900 454339 285615 23743 229595 36561 221797 171672 74479 6685 67794 407918 38848 63818 9395 45494 29106 11354 19313 404206
internal_count=1315791 611614 704177 328417 375760 294798 98822 120714 79460 33966 490900 454339 285615 23743 229595 36561 221797 171672 74479 6685 67794 407918 38848 63818 9395 45494 29106 11354 19313 404206
cat_boundaries=0 1 2 3 4 5 6
cat_threshold=112 16 48 10232016 64 37
is_linear=0
shrinkage=0.05


Tree=84
num_leaves=31
num_cat=11
split_feature=7 7 6 6 1 3 1 1 3 6 3 1 1 7 2 2 3 1 3 3 1 1 7 1 5 6 3 1 1 3
split_gain=82.288 31.57 15.3934 15.0673 39.7032 51.0875 258.193 34.6177 29.8516 29.4704 18.2557 39.418 30.5423 17.9442 13.983 16.5589 13.8146 33.2153 15.2264 15.2105 13.9543 12.9016 17.366 12.7358 11.2414 10.8361 12.9203 71.0967 12.5462 25.671
threshold=0.067132975390762337 0.029154964549149176 11.903400437239741 13.440146702021273 0 5.5000000000000009 1 2 4.5000000000000009 12.55648741036959 4.5000000000000009 3 4 0.042996086059864193 17.500000000000004 8.5000000000000018 2.5000000000000004 5 5.5000000000000009 4.5000000000000009 6 7 0.088353374510385843 8 5.5000000000000009 12.902084468380513 5.5000000000000009 9 10 2.5000000000000004
decision_type=2 2 2 2 1 2 1 1 2 2 2 1 1 2 2 2 2 1 2 2 1 1 2 1 2 2 2 1 1 2
left_child=1 16 -2 4 8 9 -7 -8 -3 23 12 -12 -5 -14 15 -4 20 19 -19 -18 -1 22 -16 -6 -11 26 28 -28 -17 -30
right_child=2 3 14 10 5 6 7 -9 -10 24 11 -13 13 -15 21 25 17 18 -20 -21 -22 -23 -24 -25 -26 -27 27 -29 29 -31
leaf_value=-8.3070230705190916e-05 0.0003001986351805503 1.1634109624797732e-05 4.3979163187340621e-05 9.248439517095184e-06 0.00014695527569871648 8.8022333932425567e-05 -0.00012144467068314746 -0.00046967345196269068 0.00014275763944859472 -6.1482855672905652e-06 3.1391305317140031e-05 -8.7066870441940459e-05 -8.2445075079343703e-05 -4.5818076754521563e-05 5.3410640642730102e-06 7.5012947460995774e-05 -2.3065790878578404e-05 -3.3110031397186845e-05 -9.9187633053014236e-05 4.0557304024482074e-05 -3.0576575244285582e-05 4.4438064990110289e-05 -0.0002065834112484781 1.2009187597406684e-05 -3.1352289750950088e-05 -1.5737544249244327e-05 0.00027155036008903944 -0.000176417650159022 -6.1612202467241017e-05 7.3956292075820853e-05
leaf_weight=10350 10802 41019 80726 33236 15062 18997 22960 4224 16760 157007 37882 13806 14746 79356 14071 51002 9636 10353 3566 9687 13977 219824 3873 28181 70809 229592 7328 13939 35868 37152
leaf_count=10350 10802 41019 80726 33236 15062 18997 22960 4224 16760 157007 37882 13806 14746 79356 14071 51002 9636 10353 3566 9687 13977 219824 3873 28181 70809 229592 7328 13939 35868 37152
internal_value=-0.000107597 -0.000531871 0.000260907 -0.000416076 -0.000235921 -0.000455477 -0.0019927 -0.00511694 0.000969475 -0.000193593 -0.00079346 -9.67343e-07 -0.00111514 -0.00157525 0.000231729 6.95226e-05 -0.00164629 -0.000983695 -0.00284478 0.000358196 -0.00255169 0.000542546 -0.000746352 0.00100305 -0.000420734 -7.03557e-05 0.00026757 -0.000871068 0.000462821 4.24483e-05
internal_weight=1.31579e+06 611614 704177 554045 375019 317240 46181 27184 57779 271059 179026 51688 127338 94102 693375 455607 57569 33242 13919 19323 24327 237768 17944 43243 227816 374881 145289 21267 124022 73020
internal_count=1315791 611614 704177 554045 375019 317240 46181 27184 57779 271059 179026 51688 127338 94102 693375 455607 57569 33242 13919 19323 24327 237768 17944 43243 227816 374881 145289 21267 124022 73020
cat_boundaries=0 1 2 3 4 5 6 7 8 9 10 11
cat_threshold=56 6 1 46 17 46 34 1 64 60 88
is_linear=0
shrinkage=0.05


Tree=85
num_leaves=31
num_cat=13
split_feature=7 6 3 1 3 1 3 3 1 1 1 3 3 1 2 3 1 3 3 1 1 0 3 1 3 1 3 1 7 3
split_gain=73.9716 26.2783 27.3963 51.4166 54.0272 38.3602 34.3102 27.1917 162.913 25.2632 25.0864 31.4429 27.469 43.2786 22.8748 22.0262 21.367 27.505 77.1659 20.7117 19.076 18.5841 16.8318 96.7005 100.902 58.3773 23.8297 16.4111 17.9957 16.3799
threshold=0.049373452292769696 12.902084468380513 3.5000000000000004 0 5.5000000000000009 1 4.5000000000000009 5.5000000000000009 2 3 4 4.5000000000000009 2.5000000000000004 5 20.500000000000004 4.5000000000000009 6 1.5000000000000002 1.0000000180025095e-35 7 8 9 3.5000000000000004 10 4.5000000000000009 11 4.5000000000000009 12 0.061251379371825627 5.5000000000000009
decision_type=2 2 2 1 2 1 2 2 1 1 1 2 2 1 2 2 1 2 2 1 1 1 2 1 2 1 2 1 2 2
left_child=14 7 5 6 -5 -3 21 10 19 -6 11 -2 16 15 20 -14 17 18 -12 -9 -1 -4 25 24 -24 -22 -25 -7 -29 -26
right_child=1 2 3 4 9 27 -8 8 -10 -11 12 -13 13 -15 -16 -17 -18 -19 -20 -21 22 -23 23 26 29 -27 -28 28 -30 -31
leaf_value=9.3437746997181163e-06 0.00013527319350929991 3.0702032526287204e-05 -9.02545049177847e-05 7.657331032236148e-06 -0.00010227507144279971 -0.00012748580423893908 6.5582859572924093e-05 -8.0172047525062245e-05 0.00023591339000693311 -0.00035355578248199573 3.8545333956440529e-05 -5.6049321049026284e-05 0.00014393749535647344 1.1168889242974685e-05 -4.0047377562017246e-05 0.00045991865684122878 1.4583901313917902e-05 6.1249320641162258e-05 -0.00047630056242883319 -0.00027950004942484569 -5.7241511108516167e-08 1.4671851989641119e-05 3.5084081840150615e-05 -1.0919555072983964e-05 -6.6708981330640581e-05 -5.5711375757177065e-05 5.1342040396691604e-05 -5.2196432306545609e-05 -1.8092534098135272e-05 -0.00012271215813054026
leaf_weight=59482 70819 90768 17611 50674 23434 15375 139465 12705 18612 2250 10003 14216 20483 61659 43415 10235 61149 10269 8776 14190 61378 53004 15700 19045 15514 74305 38050 51915 215440 15850
leaf_count=59482 70819 90768 17611 50674 23434 15375 139465 12705 18612 2250 10003 14216 20483 61659 43415 10235 61149 10269 8776 14190 61378 53004 15700 19045 15514 74305 38050 51915 215440 15850
internal_value=-0.000101023 0.000121473 -5.75056e-05 0.000310364 -0.000800728 -0.000339627 0.000714218 0.000498697 -0.000631222 -0.00266898 0.00069084 0.00140014 0.000360382 0.00096642 -0.0007327 0.00249935 -0.000260264 -0.00137656 -0.00251478 -0.00311931 -0.000577134 -0.000183743 -0.000775895 -0.000297862 -0.00197561 -0.00114292 0.00108528 -0.000626724 -0.000535317 -0.00361402
internal_weight=1.31579e+06 973052 659936 286438 76358 373498 210080 313116 45507 25684 267609 85035 182574 92377 342739 30718 90197 29048 18779 26895 299324 70615 239842 104159 47064 135683 57095 282730 267355 31364
internal_count=1315791 973052 659936 286438 76358 373498 210080 313116 45507 25684 267609 85035 182574 92377 342739 30718 90197 29048 18779 26895 299324 70615 239842 104159 47064 135683 57095 282730 267355 31364
cat_boundaries=0 1 2 3 4 5 6 7 8 9 10 11 12 13
cat_threshold=46 17 65 17 88 32 32 1 88 4980952 1 1 32
is_linear=0
shrinkage=0.05


Tree=86
num_leaves=31
num_cat=13
split_feature=7 7 7 5 5 5 6 1 0 6 1 1 3 0 3 0 0 0 3 0 1 3 3 3 1 3 1 3 1 3
split_gain=67.9092 26.1544 15.3144 13.6203 12.0541 17.717 11.9308 12.6993 11.8453 11.7858 15.1714 11.5398 11.0428 14.0421 13.1406 14.8723 11.5064 10.4618 10.1312 18.7328 11.3199 10.1038 10.103 17.8994 45.3531 59.7943 36.8928 20.6343 17.423 73.7398
threshold=0.067132975390762337 0.039287600333278487 0.12902617738043118 5.5000000000000009 5.5000000000000009 6.5000000000000009 13.99691127342979 0 1 13.703726398863079 2 3 2.5000000000000004 4 1.5000000000000002 5 6 7 5.5000000000000009 8 9 1.0000000180025095e-35 1.0000000180025095e-35 2.5000000000000004 10 1.5000000000000002 11 4.5000000000000009 12 4.5000000000000009
decision_type=2 2 2 2 2 2 2 1 1 2 1 1 2 1 2 1 1 1 2 1 1 2 2 2 1 2 1 2 1 2
left_child=1 3 4 -1 9 8 7 -3 11 10 -2 -6 13 14 -7 -16 18 -8 -14 -20 -21 -10 -12 24 25 -24 27 -25 -28 -30
right_child=2 6 -4 -5 5 12 17 -9 21 -11 22 -13 16 -15 15 -17 -18 -19 19 20 -22 -23 23 26 -26 -27 28 -29 29 -31
leaf_value=-1.7771407965061059e-05 0.00016673552383158208 3.0762142695755366e-05 0.00019220190697970125 -4.5664448020415853e-05 8.7640380214824852e-06 -2.0260783625934699e-05 -8.5935600940521489e-05 -1.1737395792226804e-05 -8.8612525472496487e-05 -1.1024345312719841e-05 6.9581240222586083e-05 -0.00012899236352237331 4.9733224832824307e-05 3.6305007482825143e-05 -0.00044732430240470303 -8.8801176666291479e-05 0.00010596959595913503 -2.3777576051561835e-05 -0.00038489910280020624 -0.00021173302160147137 0.00012870295311968248 3.0668217652136955e-06 -0.00042865806103216874 7.2783457883374145e-05 1.1684029555900782e-05 1.6437225453973943e-05 4.5765217947069808e-05 0.00031271880583692607 8.5347502499178235e-05 -0.00011283257180828253
leaf_weight=81866 10347 46421 9900 38848 9938 11177 11103 407918 14730 78237 52059 25469 20411 22257 1995 3733 27611 25458 2245 1334 3140 77215 6559 15502 97149 7761 111502 14926 40174 38806
leaf_count=81866 10347 46421 9900 38848 9938 11177 11103 407918 14730 78237 52059 25469 20411 22257 1995 3733 27611 25458 2245 1334 3140 77215 6559 15502 97149 7761 111502 14926 40174 38806
internal_value=-9.55129e-05 -0.000480941 0.000239251 -0.0011403 0.000211407 -9.32182e-05 -0.000318802 -0.000248878 -0.000477417 0.000353895 0.000465 -0.00125434 0.000427835 -0.000213217 -0.00129914 -0.00324721 0.000886447 -0.00118774 0.000154753 -0.00152925 0.000345674 -0.000178076 0.0004141 0.00031267 -0.000203868 -0.00282973 0.00057331 0.0021897 0.000314974 -0.000253197
internal_weight=1.31579e+06 611614 704177 120714 694277 221255 490900 454339 127352 473022 394785 35407 93903 39162 16905 5728 54741 36561 27130 6719 4474 91945 384438 332379 111469 14320 220910 30428 190482 78980
internal_count=1315791 611614 704177 120714 694277 221255 490900 454339 127352 473022 394785 35407 93903 39162 16905 5728 54741 36561 27130 6719 4474 91945 384438 332379 111469 14320 220910 30428 190482 78980
cat_boundaries=0 1 2 3 4 5 6 7 8 9 10 11 12 13
cat_threshold=48 4382801 16 24 5661028 5505280 1866632 10363088 1069568 65 32 32 14
is_linear=0
shrinkage=0.05


Tree=87
num_leaves=31
num_cat=10
split_feature=7 7 6 5 5 0 0 2 2 6 6 1 3 1 1 6 3 1 3 2 1 7 7 7 1 6 1 7 3 1
split_gain=62.0704 24.855 14.855 13.955 16.1601 15.5081 15.0835 12.1371 15.7215 11.0194 10.9086 17.8949 25.0299 139.219 15.641 13.7391 11.9418 10.7663 22.6277 13.9653 10.6983 15.7814 10.2454 27.0122 17.175 11.7153 10.8506 11.204 10.3119 20.8168
threshold=0.067426327462205657 0.029154964549149176 12.147946851847994 5.5000000000000009 6.5000000000000009 0 1 17.500000000000004 8.5000000000000018 12.281729595966118 13.435334469880846 2 5.5000000000000009 3 4 12.429177195939355 4.5000000000000009 5 4.5000000000000009 8.5000000000000018 6 0.08756692481203783 0.081799373544184761 0.090365501787713229 7 13.660409926842986 8 0.071505760598021786 3.5000000000000004 9
decision_type=2 2 2 2 2 1 1 2 2 2 2 1 2 1 1 2 2 1 2 2 1 2 2 2 1 2 1 2 2 1
left_child=1 9 -2 10 6 -6 -5 8 -4 -1 11 16 15 -14 -15 -13 -3 -11 -19 -20 21 -9 26 25 -25 -24 27 -22 -26 -30
right_child=2 3 7 4 5 -7 -8 20 -10 17 -12 12 13 14 -16 -17 -18 18 19 -21 22 -23 23 24 28 -27 -28 -29 29 -31
leaf_value=-0.00036469487175249657 0.00015050610264001412 2.0019778429090744e-05 4.0700844597464998e-05 -6.1573527507771854e-05 2.8459877933523226e-05 -2.5197038820399392e-05 -2.1994353799001042e-05 1.4758971827281282e-05 -6.6915229555097882e-06 -3.5345821454163366e-05 -2.0016866634895577e-05 6.318640992235767e-05 9.1841966458595597e-05 -0.00010266805022951997 -0.00040299102430844117 -3.1759750757184848e-06 0.00012399699239963556 -3.485502107985986e-05 -8.527114796936467e-05 4.0434077675251952e-05 6.3972296372922369e-05 -0.00016561614727206924 0.00029856385406349317 -3.6155069338390798e-05 2.52312615771938e-05 9.8843295176170509e-05 -0.00014423713896161497 -3.4419657677146193e-05 0.00016098525233812744 9.336065462609705e-06
leaf_weight=2873 28835 27974 80148 45928 28236 47864 56928 12495 357737 17425 125280 16311 12041 14644 2800 169995 11017 26405 1777 9089 9383 5327 5833 25789 80342 11392 5201 14583 36312 25827
leaf_count=2873 28835 27974 80148 45928 28236 47864 56928 12495 357737 17425 125280 16311 12041 14644 2800 169995 11017 26405 1777 9089 9383 5327 5833 25789 80342 11392 5201 14583 36312 25827
internal_value=-9.07249e-05 -0.000456424 0.000231764 -0.00035455 -0.000718612 -0.000166229 -0.0011273 0.000183966 2.8946e-05 -0.00144566 -0.000183128 4.70991e-06 -0.000173424 -0.00152705 -0.00438008 4.07931e-05 0.000990359 -0.00128711 -0.000806711 0.00111357 0.000475947 -0.000700987 0.000573666 0.000710666 0.00051762 0.00259652 -0.000297425 0.000152236 0.000732502 0.00121622
internal_weight=1.31579e+06 616587 699204 559018 178956 76100 102856 670369 437885 57569 380062 254782 215791 29485 17444 186306 38991 54696 37271 10866 232484 17822 214662 185495 168270 17225 29167 23966 142481 62139
internal_count=1315791 616587 699204 559018 178956 76100 102856 670369 437885 57569 380062 254782 215791 29485 17444 186306 38991 54696 37271 10866 232484 17822 214662 185495 168270 17225 29167 23966 142481 62139
cat_boundaries=0 1 2 3 4 5 6 7 8 9 10
cat_threshold=2147635 221427 56 6 1 1 1 8 88 34
is_linear=0
shrinkage=0.05


Tree=88
num_leaves=31
num_cat=13
split_feature=7 6 3 1 3 3 1 3 1 1 1 3 3 1 1 3 2 1 1 3 3 1 3 1 3 1 3 7 3 0
split_gain=55.7312 23.7994 25.813 33.7508 37.5018 27.0048 26.7003 23.5849 166.196 25.2097 23.9531 29.743 23.8475 37.8824 24.7664 20.4055 18.5124 16.6925 16.2987 15.3867 46.6529 36.9347 15.2055 84.3613 88.1025 51.37 20.3819 12.3345 12.2837 12.2408
threshold=0.049373452292769696 12.977402343100168 3.5000000000000004 0 5.5000000000000009 5.5000000000000009 1 5.5000000000000009 2 3 4 4.5000000000000009 2.5000000000000004 5 6 4.5000000000000009 20.500000000000004 7 8 1.5000000000000002 1.0000000180025095e-35 9 3.5000000000000004 10 4.5000000000000009 11 4.5000000000000009 0.075995310721284556 5.5000000000000009 12
decision_type=2 2 2 1 2 2 1 2 1 1 1 2 2 1 1 2 2 1 1 2 2 1 2 1 2 1 2 2 2 1
left_child=16 7 6 5 -5 18 -3 10 9 -9 11 -2 14 15 -12 -14 17 -1 -4 20 -16 -22 25 24 -24 -19 -25 -11 -26 -8
right_child=1 2 3 4 -6 -7 29 8 -10 27 12 -13 13 -15 19 -17 -18 22 -20 -21 21 -23 23 26 28 -27 -28 -29 -30 -31
leaf_value=1.053111193924372e-05 0.00012208017323963561 2.3706560560680241e-05 6.7451160177494507e-05 7.4898806025458515e-06 -0.00011025597818641389 7.9070025736837154e-05 -9.574146946632334e-06 -7.5856941232418245e-05 0.00020523302274772019 -0.00036670028668307834 2.1204009688741145e-05 -5.6690588464422889e-05 0.00012053531653994781 1.2109090853459903e-05 9.9674403015365124e-06 0.00040282339812290971 -3.5329790614745811e-05 1.2200787633215999e-06 -8.4046707058298146e-06 1.2190765174095037e-05 1.1718019419503303e-05 -0.00043915894755539449 3.4396672214088986e-05 -8.5268555887030313e-06 -6.2818200858002872e-05 -5.0974756642375996e-05 4.8337898696987523e-05 -0.00023126347985368868 -0.00011241812902752034 -4.5417696550098534e-05
leaf_weight=59482 77343 79843 36851 43317 22096 65784 103834 15260 22907 4025 66743 15494 22448 78186 14506 11230 43415 61378 95061 14891 3750 9580 15700 19045 15514 74305 38050 11030 15850 158873
leaf_count=59482 77343 79843 36851 43317 22096 65784 103834 15260 22907 4025 66743 15494 22448 78186 14506 11230 43415 61378 95061 14891 3750 9580 15700 19045 15514 74305 38050 11030 15850 158873
internal_value=-8.59369e-05 0.000107189 -8.54028e-05 0.000287048 -0.000697385 0.000612779 -0.000371479 0.000424681 -0.000548645 -0.00297692 0.000589567 0.00126364 0.000306762 0.000820192 -0.000217868 0.00222186 -0.000634229 -0.00049428 0.000200133 -0.00115766 -0.00185192 -0.00398725 -0.000680211 -0.000225857 -0.00179292 -0.00102905 0.00106602 -0.00442914 -0.00332387 -0.000614825
internal_weight=1.31579e+06 973052 605659 263109 65413 197696 342550 367393 53222 30315 314171 92837 221334 111864 109470 33678 342739 299324 131912 42727 27836 13330 239842 104159 47064 135683 57095 15055 31364 262707
internal_count=1315791 973052 605659 263109 65413 197696 342550 367393 53222 30315 314171 92837 221334 111864 109470 33678 342739 299324 131912 42727 27836 13330 239842 104159 47064 135683 57095 15055 31364 262707
cat_boundaries=0 1 2 3 4 5 6 7 8 9 10 11 12 13
cat_threshold=46 17 65 1 88 32 5 88 2 2 1 1 13272796
is_linear=0
shrinkage=0.05


Tree=89
num_leaves=31
num_cat=9
split_feature=7 7 6 5 3 0 5 5 0 1 5 0 0 3 6 5 3 3 1 3 1 7 3 0 1 3 3 6 6 6
split_gain=51.9821 20.6048 13.5141 12.2999 15.5208 17.8624 11.772 15.8775 12.3446 13.0303 11.7553 19.6451 13.5421 11.2678 11.0519 10.9765 10.2992 14.3147 31.0703 44.6679 28.4662 19.835 16.949 13.494 12.1806 48.486 16.0614 11.7814 11.2376 10.295
threshold=0.067426327462205657 0.028165668868557519 12.147946851847994 5.5000000000000009 1.0000000180025095e-35 0 5.5000000000000009 6.5000000000000009 1 2 6.5000000000000009 3 4 1.0000000180025095e-35 11.990580988694822 5.5000000000000009 1.0000000180025095e-35 2.5000000000000004 5 1.5000000000000002 6 0.07367656427701233 4.5000000000000009 7 8 4.5000000000000009 4.5000000000000009 13.028117530947315 13.712304109497831 13.435334469880846
decision_type=2 2 2 2 2 1 2 2 1 1 2 1 1 2 2 2 2 2 1 2 1 2 2 1 1 2 2 2 2 2
left_child=1 14 -2 29 5 -5 16 8 9 -8 11 -6 -12 -10 -1 -16 23 18 19 -18 21 -19 -23 -4 25 -22 -26 -20 -28 -3
right_child=2 3 6 4 10 -7 7 -9 13 -11 12 -13 -14 -15 15 -17 17 20 27 -21 24 22 -24 -25 26 -27 28 -29 -30 -31
leaf_value=-0.0012563527018654482 0.00014263263806070861 5.9804087606807337e-07 -8.4252086418004296e-05 -0.0001139000043845817 -0.00010440029335429188 -2.4790661038465514e-05 9.4963363761330077e-06 2.4023578082621455e-05 -9.7016608022612585e-05 -0.00013069529656935011 2.8210165709638068e-05 -2.1158787539627031e-05 -2.420112537743456e-05 3.3990174317013316e-06 -1.5460297166336458e-05 -4.7889654690195206e-05 -0.00037483831612919222 -5.3079205399877985e-05 4.846335011261874e-05 1.7084541448345036e-05 6.5596282578947804e-05 9.3594422617240139e-05 0.00035712735339538186 6.9435155268746809e-05 4.7739649561978627e-08 -9.8973063734444239e-05 8.9372306618280839e-05 -1.8605254169812641e-05 1.3732269994681801e-06 -1.9050428369376228e-05
leaf_weight=901 28835 257577 5488 10653 10147 15605 9889 90105 14257 24286 33305 77160 33771 74530 35213 16377 6037 5529 43579 7208 36250 11585 11140 56485 83159 35077 58522 75808 21435 125878
leaf_count=901 28835 257577 5488 10653 10147 15605 9889 90105 14257 24286 33305 77160 33771 74530 35213 16377 6037 5529 43579 7208 36250 11585 11140 56485 83159 35077 58522 75808 21435 125878
internal_value=-8.13769e-05 -0.00041604 0.000213743 -0.00032787 -0.000668038 -0.00179183 0.000168154 -0.000138806 -0.000508287 -0.00131564 -0.000476898 -0.000859324 2.08718e-05 -0.00019736 -0.00136357 -0.00126769 0.000311173 0.000217224 -0.00020621 -0.00250283 0.00043101 0.00193002 0.00258416 0.000910477 0.000250263 -0.000294728 0.000488579 4.87868e-05 0.000994597 -0.000167621
internal_weight=1.31579e+06 616587 699204 564096 180641 26258 670369 213067 122962 34175 154383 87307 67076 88787 52491 51590 457302 395329 132632 13245 262697 28254 22725 61973 234443 71327 163116 119387 79957 383455
internal_count=1315791 616587 699204 564096 180641 26258 670369 213067 122962 34175 154383 87307 67076 88787 52491 51590 457302 395329 132632 13245 262697 28254 22725 61973 234443 71327 163116 119387 79957 383455
cat_boundaries=0 1 2 3 4 5 6 7 8 9
cat_threshold=2515618 712785 24 82000 10601783 32 32 262145 65
is_linear=0
shrinkage=0.05


Tree=90
num_leaves=31
num_cat=13
split_feature=7 7 6 3 1 1 7 3 1 1 3 3 1 3 1 7 1 5 5 1 3 1 3 1 1 3 1 1 7 3
split_gain=46.4752 19.7972 13.3644 16.9873 27.2506 25.3991 14.1954 13.6956 65.1022 14.7811 19.7248 17.0615 28.523 16.6229 15.9627 12.8526 12.737 11.1859 11.2675 10.6813 69.5489 60.8534 42.4634 34.7317 31.7463 26.1408 18.13 10.5848 15.7738 15.3627
threshold=0.071194167871942035 0.041583106592019921 12.902084468380513 3.5000000000000004 0 1 0.12746364113264988 5.5000000000000009 2 3 4.5000000000000009 2.5000000000000004 4 4.5000000000000009 5 0.11311322974291106 6 5.5000000000000009 6.5000000000000009 7 4.5000000000000009 8 4.5000000000000009 9 10 5.5000000000000009 11 12 0.063296034266724199 2.5000000000000004
decision_type=2 2 2 2 1 1 2 2 1 1 2 2 1 2 1 2 1 2 2 1 2 1 2 1 1 2 1 1 2 2
left_child=1 17 6 5 -5 -4 7 9 15 10 -2 14 13 -13 -11 -9 -6 -1 -19 22 23 -22 27 -21 -24 -23 -27 -3 29 -29
right_child=2 19 3 4 16 -7 -8 8 -10 11 -12 12 -14 -15 -16 -17 -18 18 -20 20 21 25 24 -25 -26 26 -28 28 -30 -31
leaf_value=-1.3795029715485409e-05 0.0001310764172522877 2.1434851952254961e-05 4.1996537128584715e-05 -0.00018629274292913183 8.4905999498843121e-05 -3.0880725689640469e-05 0.00035029800590600932 -0.0001206135625024047 0.0002032495175184012 2.2411594876544511e-05 -5.2582344627470637e-05 0.00013831472598731381 1.0414323862491249e-05 0.00050283954118955925 -0.00010130875367284667 -0.00059094498266421902 1.7274832716503846e-05 -5.3559794242100636e-05 -1.431650220452994e-05 2.0057974095581863e-05 2.541274418844282e-05 -6.0307579296237096e-05 -5.8532840460720145e-05 -4.599989840026603e-05 5.526322161408318e-05 -9.8959701363375227e-05 -0.00034960283959633806 -4.589605675910311e-05 7.2477395491099553e-06 -8.6440430043646658e-06
leaf_weight=105363 54687 33435 61664 5205 48767 169924 5983 18537 12134 35870 10975 13010 41127 6523 23342 1012 123299 28829 21938 112348 16418 22450 13798 40879 76810 18476 4360 77466 58491 52671
leaf_count=105363 54687 33435 61664 5205 48767 169924 5983 18537 12134 35870 10975 13010 41127 6523 23342 1012 123299 28829 21938 112348 16418 22450 13798 40879 76810 18476 4360 77466 58491 52671
internal_value=-7.70069e-05 -0.000362715 0.000232059 6.21853e-05 0.000430555 -0.000219787 0.000543235 0.000477058 -0.000483698 0.000641122 0.00124406 0.000310722 0.000900099 0.00247275 -0.000293015 -0.00226878 0.000538425 -0.000857298 -0.001467 -0.000216356 -0.000487692 -0.00190506 -2.98227e-05 8.30467e-05 0.000882372 -0.00285014 -0.00404186 -0.000402026 -0.000547345 -0.000853908
internal_weight=1.31579e+06 683732 632059 408859 177271 231588 223200 217217 31683 185534 65662 119872 60660 19533 59212 19549 172066 156130 50767 527602 214931 61704 312671 153227 90608 45286 22836 222063 188628 130137
internal_count=1315791 683732 632059 408859 177271 231588 223200 217217 31683 185534 65662 119872 60660 19533 59212 19549 172066 156130 50767 527602 214931 61704 312671 153227 90608 45286 22836 222063 188628 130137
cat_boundaries=0 1 2 3 4 5 6 7 8 9 10 11 12 13
cat_threshold=64 81 65 88 32 5 34 58 4 65 16 1 16
is_linear=0
shrinkage=0.05


Tree=91
num_leaves=31
num_cat=13
split_feature=7 7 6 3 1 1 7 3 1 1 3 3 1 6 3 1 1 2 7 5 5 1 1 6 1 3 1 3 1 1
split_gain=41.7397 18.0286 12.3505 15.4866 24.7554 22.8724 13.5127 12.129 58.3793 13.3802 17.4962 15.5115 25.9303 15.2924 14.8613 11.8231 11.2375 10.6772 11.5316 10.5552 10.5284 10.4087 10.0342 9.79123 11.9389 57.6766 56.9403 35.1862 27.7105 27.2491
threshold=0.071194167871942035 0.041583106592019921 12.902084468380513 3.5000000000000004 0 1 0.12746364113264988 5.5000000000000009 2 3 4.5000000000000009 2.5000000000000004 4 12.44545660439722 4.5000000000000009 5 6 16.500000000000004 0.094931619874216874 5.5000000000000009 6.5000000000000009 7 8 12.2093123918769 9 4.5000000000000009 10 4.5000000000000009 11 12
decision_type=2 2 2 2 1 1 2 2 1 1 2 2 1 2 2 1 1 2 2 2 2 1 1 2 1 2 1 2 1 1
left_child=1 19 6 5 -5 -4 7 9 15 10 17 13 14 -11 -13 -9 -6 18 -2 -1 -21 -15 -7 -3 27 28 -27 -25 -26 -29
right_child=2 23 3 4 16 22 -8 8 -10 11 -12 12 -14 21 -16 -17 -18 -19 -20 20 -22 -23 -24 24 25 26 -28 29 -30 -31
leaf_value=-1.3105278229711206e-05 0.00012973316412195139 9.6910153913406724e-05 3.9896710272155705e-05 -0.00017697810578267553 8.0660699523901075e-05 -0.00012273221695737434 0.00033278310561070948 -4.4789973925147419e-05 0.0001930870416424809 -0.00014440267501385912 -4.9953227396096894e-05 0.00013139898968794785 9.8936076693666164e-06 4.3095664422241475e-05 0.00047769756413008142 -0.00020957810320576184 1.6411091080678619e-05 0.00020288821914536508 -1.7982357456797911e-05 -5.0881804529995592e-05 -1.3600677094303526e-05 -7.0009223763121964e-05 -2.3284932459107652e-05 -1.542813789779489e-05 1.5343544934292435e-05 2.4142106979020349e-05 -9.106283370194021e-05 -5.5606198437684053e-05 -4.4602341013505117e-05 4.9911464721791313e-05
leaf_weight=105363 23079 13723 61664 5205 48767 11194 5983 8503 12134 13633 10975 13010 41127 30980 6523 11046 123299 19742 11866 28829 21938 14599 158730 218860 106247 16264 42770 13798 40461 75479
leaf_count=105363 23079 13723 61664 5205 48767 11194 5983 8503 12134 13633 10975 13010 41127 30980 6523 11046 123299 19742 11866 28829 21938 14599 158730 218860 106247 16264 42770 13798 40461 75479
internal_value=-7.38909e-05 -0.000344653 0.000219006 5.57038e-05 0.000407427 -0.000213526 0.000518145 0.000453579 -0.000450557 0.000607975 0.00118163 0.000293622 0.000855589 -0.000282037 0.00235506 -0.00214096 0.00051024 0.00154744 0.00102232 -0.000816627 -0.00140889 0.000157419 -0.000512846 -0.000204984 -0.000240183 -0.00053511 -0.00185486 -4.32423e-05 -4.08976e-06 0.000793317
internal_weight=1.31579e+06 683732 632059 408859 177271 231588 223200 217217 31683 185534 65662 119872 60660 59212 19533 19549 172066 54687 34945 156130 50767 45579 169924 527602 513879 205742 59034 308137 146708 89277
internal_count=1315791 683732 632059 408859 177271 231588 223200 217217 31683 185534 65662 119872 60660 59212 19533 19549 172066 54687 34945 156130 50767 45579 169924 527602 513879 205742 59034 308137 146708 89277
cat_boundaries=0 1 2 3 4 5 6 7 8 9 10 11 12 13
cat_threshold=64 81 65 88 32 1 34 5 32 58 4 65 16
is_linear=0
shrinkage=0.05


Tree=92
num_leaves=31
num_cat=6
split_feature=7 7 2 1 6 2 7 0 6 2 2 7 7 1 7 7 6 3 2 1 3 3 2 7 3 1 3 2 1 6
split_gain=37.6532 16.0594 11.77 17.3281 14.0176 11.4434 14.6626 9.68634 9.4672 11.3921 11.8661 24.5773 14.9368 9.01746 29.7985 15.2892 11.8641 9.57224 27.2913 17.2547 15.5989 9.14297 10.2412 9.05556 8.78594 16.2739 13.5771 8.52337 9.96267 9.44783
threshold=0.071194167871942035 0.039287600333278487 16.500000000000004 0 13.866811852237587 9.5000000000000018 0.10454569582555139 1 12.572492825033674 10.500000000000002 12.500000000000002 0.094931619874216874 0.081799373544184761 2 0.033321867509809124 0.028165668868557519 11.990580988694822 4.5000000000000009 9.5000000000000018 3 5.5000000000000009 5.5000000000000009 19.500000000000004 0.034521400803542678 3.5000000000000004 4 4.5000000000000009 18.500000000000004 5 12.469624665756697
decision_type=2 2 2 1 2 2 2 1 2 2 2 2 2 1 2 2 2 2 2 1 2 2 2 2 2 1 2 2 1 2
left_child=1 13 5 4 27 -2 8 -3 9 -7 11 -11 -12 14 15 16 -1 19 20 -15 -19 -17 -23 -22 -5 26 -26 29 -29 -4
right_child=2 7 3 24 -6 6 -8 -9 -10 10 12 -13 -14 17 -16 21 -18 18 -20 -21 23 22 -24 -25 25 -27 -28 28 -30 -31
leaf_value=-0.0012014789741501169 2.4397410756620693e-05 -2.1692410277959591e-05 0.00027178182033145843 -6.4628506455180479e-06 -1.2362191584212868e-05 -0.00018449520977085467 -0.00016590271382660969 -3.8525395933686202e-06 -2.0799323887975981e-05 0.00033968055630396597 0.00010690305505469956 7.2541385031668631e-06 -6.9997886617800825e-05 0.00015187191391946334 -0.00013062895757419944 1.4351445478299162e-05 -3.2556569212166887e-05 -1.707327758001514e-05 2.6134399911345241e-05 -2.5158698778587896e-05 -0.00016796379266979973 0.00030849563844803293 -7.3506773679554027e-05 -0.00069307767669899789 8.0161630752430965e-05 5.8508020182874987e-05 -0.00011700840838915275 0.00013998676706178105 4.4602223186012561e-06 8.605394436399309e-05
leaf_weight=675 122892 138220 16839 119063 18911 2460 8558 424798 143400 7614 12128 10841 19217 3748 3821 13940 24433 1808 18109 49952 1282 245 2194 507 5102 75389 10405 9927 21000 28313
leaf_count=675 122892 138220 16839 119063 18911 2460 8558 424798 143400 7614 12128 10841 19217 3748 3821 13940 24433 1808 18109 49952 1282 245 2194 507 5102 75389 10405 9927 21000 28313
internal_value=-6.98629e-05 -0.000327029 0.000208327 0.000431794 0.000992105 0 -0.000229412 -0.000214824 -0.000140805 0.000435323 0.000599398 0.00160526 7.17818e-06 -0.000850357 -0.00140783 -0.00101899 -0.00179425 -0.000515143 0.000370865 -0.000873371 -0.00360717 0.000169424 -0.00265478 -0.00691727 0.000178241 0.000548429 -0.000926403 0.00129504 0.000655576 0.00173304
internal_weight=1.31579e+06 683732 632059 304949 94990 327110 204218 563018 195660 52260 49800 18455 31345 120714 45308 41487 25108 75406 21706 53700 3597 16379 2439 1789 209959 90896 15507 76079 30927 45152
internal_count=1315791 683732 632059 304949 94990 327110 204218 563018 195660 52260 49800 18455 31345 120714 45308 41487 25108 75406 21706 53700 3597 16379 2439 1789 209959 90896 15507 76079 30927 45152
cat_boundaries=0 1 2 3 4 5 6
cat_threshold=112 1925184 33 64 1 16
is_linear=0
shrinkage=0.05


Tree=93
num_leaves=31
num_cat=12
split_feature=7 6 5 5 0 0 2 1 3 1 3 1 3 3 3 3 1 1 3 6 1 1 0 2 3 0 3 6 0 3
split_gain=34.9943 20.733 17.5076 22.8302 19.2786 15.2166 13.4396 14.2887 13.5914 68.8163 71.0245 39.0426 15.6919 13.0401 12.6523 19.5685 43.7817 36.109 68.6636 23.2409 17.9278 17.1222 11.8409 11.3011 11.1257 10.5223 10.4662 10.6227 10.2911 10.1227
threshold=0.049373452292769696 13.858269235864768 5.5000000000000009 6.5000000000000009 0 1 20.500000000000004 2 3.5000000000000004 3 4.5000000000000009 4 4.5000000000000009 2.5000000000000004 1.0000000180025095e-35 2.5000000000000004 5 6 1.5000000000000002 12.55648741036959 7 8 9 9.5000000000000018 4.5000000000000009 10 1.5000000000000002 12.469624665756697 11 5.5000000000000009
decision_type=2 2 2 2 1 1 2 1 2 1 2 1 2 2 2 2 1 1 2 2 1 1 1 2 2 1 2 2 1 2
left_child=6 2 14 4 -4 13 7 -1 11 10 28 -9 -11 -5 21 17 19 18 -16 24 -19 -2 -23 26 -17 -18 -13 -28 -10 -12
right_child=1 -3 3 5 -6 -7 -8 8 9 12 29 23 -14 -15 15 16 25 20 -20 -21 -22 22 -24 -25 -26 -27 27 -29 -30 -31
leaf_value=1.2462397406550093e-05 0.00017334266052297932 -2.4987144229641698e-05 -8.4795190377841981e-05 4.2936471748605822e-06 -1.1782331424047694e-05 -7.6069470705777966e-06 -2.9236972710628559e-05 1.3293771151759796e-06 -8.0992180886651367e-06 -4.6084834665456603e-06 -5.4008004865225595e-05 -0.0006570924237352142 4.5625014521799742e-05 0.00010136750976654646 -0.00039036044186051906 0.00015458033677921007 -1.6551218367109183e-05 4.214197892722337e-05 3.8416822836647579e-05 5.9041823377591415e-05 -2.0608419444961836e-05 -8.0555280788476716e-05 4.1690362099041509e-05 -3.8393883536394502e-05 0.00044774326482575623 2.2265476125400002e-05 -0.0011489139913585399 2.579157296110843e-05 5.7420781717923766e-05 -9.8833425741564135e-05
leaf_weight=59482 13814 120287 42785 20832 113332 66693 43415 61378 6787 19045 15514 2357 38050 29337 8429 9145 113218 62231 9935 94290 87526 5991 58902 69431 8854 107451 964 1553 8913 15850
leaf_count=59482 13814 120287 42785 20832 113332 66693 43415 61378 6787 19045 15514 2357 38050 29337 8429 9145 113218 62231 9935 94290 87526 5991 58902 69431 8854 107451 964 1553 8913 15850
internal_value=-6.49609e-05 8.80734e-05 0.000174755 -0.000155415 -0.000551029 0.00037309 -0.000499433 -0.00038019 -0.000552216 -0.000122649 -0.001538 -0.000882019 0.00104413 0.00103081 0.000330208 0.000237637 0.000459668 -0.000202087 -0.002294 0.00126337 5.45848e-05 0.00091955 0.000578941 -0.00165276 0.00290988 5.06392e-05 -0.0039803 -0.00173818 0.00120701 -0.00291257
internal_weight=1.31579e+06 973052 852765 272979 156117 116862 342739 299324 239842 104159 47064 135683 57095 50169 579786 501079 332958 168121 18364 112289 149757 78707 64893 74305 17999 220669 4874 2517 15700 31364
internal_count=1315791 973052 852765 272979 156117 116862 342739 299324 239842 104159 47064 135683 57095 50169 579786 501079 332958 168121 18364 112289 149757 78707 64893 74305 17999 220669 4874 2517 15700 31364
cat_boundaries=0 1 2 3 4 5 6 7 8 9 10 11 12
cat_threshold=4874321 14796083 88 1 1 50 32 81 80 262145 6031734 7078526
is_linear=0
shrinkage=0.05


Tree=94
num_leaves=31
num_cat=13
split_feature=7 5 3 0 1 3 1 1 3 1 6 3 5 0 0 0 5 0 6 1 0 3 2 6 3 3 3 3 1 1
split_gain=32.8787 14.7276 19.4903 16.9775 12.4998 17.4676 51.5323 35.0001 17.3586 13.4629 11.4871 10.3448 13.6356 15.0768 14.557 10.9054 10.0691 10.8473 10.1262 10.8788 9.57731 9.54894 9.14564 8.9705 8.82683 8.68642 8.49002 12.9188 33.5841 28.3314
threshold=0.071194167871942035 5.5000000000000009 1.0000000180025095e-35 0 1 4.5000000000000009 2 3 5.5000000000000009 4 11.903400437239741 4.5000000000000009 6.5000000000000009 5 6 7 5.5000000000000009 8 13.63147563377021 9 10 2.5000000000000004 20.500000000000004 14.200316706876533 2.5000000000000004 5.5000000000000009 1.0000000180025095e-35 2.5000000000000004 11 12
decision_type=2 2 2 1 1 2 1 1 2 1 2 2 2 1 1 1 2 1 2 1 1 2 2 2 2 2 2 2 1 1
left_child=1 23 3 -3 11 7 25 -6 20 -10 -2 12 13 21 -14 -13 18 -18 19 -12 -8 -4 -5 -1 -16 -7 -21 29 -29 -28
right_child=10 2 4 22 5 6 8 -9 9 -11 16 15 14 -15 24 -17 17 -19 -20 26 -22 -23 -24 -25 -26 -27 27 28 -30 -31
leaf_value=-3.8381911788233981e-06 0.00025549933264200738 -0.00011336632567336275 -3.0642908251219197e-05 -2.5192943328596757e-05 1.9239916900383113e-05 -2.5407536086991675e-05 -0.0001256612056903094 -6.8722350027195485e-05 -9.7794401618511728e-05 -0.000404739115552601 0.00017871457940560331 -3.7914696637633698e-05 -4.2963464263813539e-05 -5.402061360975687e-06 5.6127956106653484e-06 4.4391998331620547e-05 -8.0271374346636837e-05 7.4404329245131304e-07 -1.0784423596048311e-05 6.4777163619050498e-05 -1.8783368500395125e-05 -0.00012228455864253461 -0.0001104588024122057 -5.7472801462331304e-05 8.4162694418171008e-05 7.3502604372917112e-05 -0.00017717233961815211 0.00018150724413808981 1.7398938047186868e-05 9.1744567659958479e-06
leaf_weight=455648 10010 10035 7031 19721 38305 5970 3117 23698 9499 1908 7064 7900 9575 17770 8238 24210 23056 175519 80850 45542 6434 7458 1953 9772 8334 7156 12279 25989 166727 85023
leaf_count=455648 10010 10035 7031 19721 38305 5970 3117 23698 9499 1908 7064 7900 9575 17770 8238 24210 23056 175519 80850 45542 6434 7458 1953 9772 8334 7156 12279 25989 166727 85023
internal_value=-6.21489e-05 -0.000302458 -0.000641284 -0.00178735 -0.000446536 -0.000843679 -0.00175302 -0.000343935 -0.00329073 -0.00460901 0.000197806 -2.48547e-05 -0.00042119 -0.00110899 0.000427391 0.000696045 0.000170766 -0.000123001 0.00030852 0.000427291 -0.00171972 -0.00230533 -0.000998432 -0.000143526 0.00132372 0.000704172 0.000386358 0.000286706 0.000523828 -0.000182936
internal_weight=1.31579e+06 683732 218312 31709 186603 96087 34084 62003 20958 11407 632059 90516 58406 32259 26147 32110 622049 198575 423474 342624 9551 14489 21674 465420 16572 13126 335560 290018 192716 97302
internal_count=1315791 683732 218312 31709 186603 96087 34084 62003 20958 11407 632059 90516 58406 32259 26147 32110 622049 198575 423474 342624 9551 14489 21674 465420 16572 13126 335560 290018 192716 97302
cat_boundaries=0 1 2 3 4 5 6 7 8 9 10 11 12 13
cat_threshold=2499232 26 36 65 1 876661 6031768 28674 24640 16 8579712 32 32
is_linear=0
shrinkage=0.05


Tree=95
num_leaves=31
num_cat=9
split_feature=7 6 1 6 5 5 0 3 0 0 2 1 7 6 5 3 1 3 3 7 2 3 1 7 7 3 3 1 1 3
split_gain=29.6226 17.9399 14.7536 20.5302 15.5704 20.3347 18.1548 13.3805 16.5317 15.9188 12.2466 12.8079 13.7577 11.2571 11.1825 10.7043 16.3173 9.6787 9.6319 9.50091 22.7648 38.4736 29.4115 11.769 11.1235 8.80693 16.6347 28.7598 24.9907 53.2157
threshold=0.049373452292769696 13.858269235864768 0 13.402230870373574 5.5000000000000009 6.5000000000000009 1 2.5000000000000004 2 3 20.500000000000004 4 0.046618293312646497 12.147946851847994 5.5000000000000009 4.5000000000000009 5 1.0000000180025095e-35 5.5000000000000009 0.047698780274746 12.500000000000002 5.5000000000000009 6 0.045536734602365347 0.039287600333278487 1.0000000180025095e-35 2.5000000000000004 7 8 1.5000000000000002
decision_type=2 2 1 2 2 2 1 2 1 1 2 1 2 2 2 2 1 2 2 2 2 2 1 2 2 2 2 1 1 2
left_child=10 2 3 -2 13 6 -6 9 -9 -7 11 19 14 -4 -13 -10 -17 -16 -5 20 21 -1 24 -22 -23 -15 28 -28 29 -27
right_child=1 -3 4 18 5 7 -8 8 15 -11 -12 12 -14 25 17 16 -18 -19 -20 -21 23 22 -24 -25 -26 26 27 -29 -30 -31
leaf_value=2.359136091129588e-05 0.00025378702668596502 -2.3047872518495996e-05 0.00014278633509337281 5.0156549059995893e-05 2.9347523791703468e-06 -8.8815305417799459e-05 -6.0374675717019686e-05 -1.0146414450169436e-05 0.00013708267021731029 2.5561404431266588e-05 -2.7137078832372048e-05 -4.8523612074588902e-06 -7.2511963965033593e-05 3.9278217886693645e-05 -6.6124656241598083e-05 -9.4000840481880959e-05 0.00010258169598094531 -2.0044131208385096e-05 -8.7861536426201572e-05 -1.7304166753633229e-05 0.00020614472436502677 -0.00012455379767487658 -0.00046474245764879297 5.2050654840147403e-05 0.00017553398444754495 -0.00033808208030482217 6.9151264944054139e-05 1.5191639454993634e-06 -3.6617721011593385e-06 3.5097817602136594e-05
leaf_weight=19003 9080 120287 23965 25639 63235 20038 85797 27421 18882 26227 43415 155468 10985 71876 10588 6238 12367 62801 4351 22370 4383 1052 1474 10543 657 7418 93015 211019 137346 8851
leaf_count=19003 9080 120287 23965 25639 63235 20038 85797 27421 18882 26227 43415 155468 10985 71876 10588 6238 12367 62801 4351 22370 4383 1052 1474 10543 657 7418 93015 211019 137346 8851
internal_value=-5.98689e-05 8.09309e-05 0.000161563 0.00111054 0.000115982 -0.000203013 -0.000584774 0.000308753 0.000771862 -0.00034097 -0.000459606 -0.000345779 -0.000508647 0.000265949 -0.000425703 0.00145412 0.000603332 -0.000934404 0.00048016 0.000310966 0.000801628 -0.000214099 -0.0053016 0.0023114 -0.000799884 0.000217978 0.000137168 0.000351441 -0.000286919 -0.00213926
internal_weight=1.31579e+06 973052 852765 39070 813695 260205 149032 111173 64908 46265 342739 299324 239842 553490 228857 37487 18605 73389 29990 59482 37112 22186 3183 14926 1709 529525 457649 304034 153615 16269
internal_count=1315791 973052 852765 39070 813695 260205 149032 111173 64908 46265 342739 299324 239842 553490 228857 37487 18605 73389 29990 59482 37112 22186 3183 14926 1709 529525 457649 304034 153615 16269
cat_boundaries=0 1 2 3 4 5 6 7 8 9
cat_threshold=16 3411724 1718920 7757924 88 65 24 34 32
is_linear=0
shrinkage=0.05


Tree=96
num_leaves=31
num_cat=9
split_feature=7 7 5 3 0 0 2 6 2 7 1 7 5 2 7 1 3 1 3 1 1 3 7 2 3 1 6 1 6 6
split_gain=27.4924 13.8962 11.5114 16.0826 15.1908 10.8297 10.785 15.4232 11.0971 14.1496 10.7192 12.4994 9.69916 9.61008 9.75388 9.27757 27.7448 22.2237 15.8761 15.4309 10.5614 9.67709 8.82045 8.43723 8.38734 12.7364 8.37381 8.30545 7.73496 7.40367
threshold=0.071194167871942035 0.020498863159263622 5.5000000000000009 1.0000000180025095e-35 0 1 16.500000000000004 12.068607812365963 9.5000000000000018 0.10579941122073669 2 0.097199760371366545 6.5000000000000009 19.500000000000004 0.079002874386179409 3 4.5000000000000009 4 5.5000000000000009 5 6 4.5000000000000009 0.074516782080893587 20.500000000000004 4.5000000000000009 7 14.200316706876533 8 11.990580988694822 12.572492825033674
decision_type=2 2 2 2 1 1 2 2 2 2 1 2 2 2 2 1 2 1 2 1 1 2 2 2 2 1 2 1 2 2
left_child=1 28 26 4 -4 12 8 -8 -2 29 11 13 24 14 -9 21 19 -18 -19 -17 -20 -7 -15 -6 27 -26 -3 -5 -1 -10
right_child=6 2 3 5 23 15 7 10 9 -11 -12 -13 -14 22 -16 16 17 18 20 -21 -22 -23 -24 -25 25 -27 -28 -29 -30 -31
leaf_value=-0.00108352479825537 2.2990879588350931e-05 -2.6792664867728025e-06 -0.00010434440954449378 -3.3983596406868617e-05 -2.0797676336796814e-05 -8.157178338367467e-06 0.00030592693870245755 0.00016731297123102548 2.3517935819685963e-05 -0.00021082815517407921 4.0141375034303059e-05 -0.00010329142555294234 -6.6338961743028092e-06 -2.8106080088829979e-05 9.66456607265423e-06 2.4826328411666628e-05 8.4541553611969255e-06 -4.3671198240010767e-05 -9.6452485802555482e-05 -4.0717767639233961e-05 -0.00038353816928855431 3.644603527052856e-05 -0.00022957693889404316 -0.00010838237898851125 3.9360174338723412e-05 -9.1210033036942189e-05 -5.3729936183174663e-05 -0.00012914789388460482 -3.2930679303613128e-05 -2.1367422814620037e-05
leaf_weight=456 122892 448368 9893 5857 19507 51040 7840 3443 53220 5392 197860 10622 15826 6912 76365 29878 7573 7536 7383 13635 1515 28256 1907 1812 4305 3309 9772 7651 10160 145606
leaf_count=456 122892 448368 9893 5857 19507 51040 7840 3443 53220 5392 197860 10622 15826 6912 76365 29878 7573 7536 7383 13635 1515 28256 1907 1812 4305 3309 9772 7651 10160 145606
internal_value=-5.77029e-05 -0.000277448 -0.00024914 -0.000550992 -0.00160035 -0.000372761 0.000180007 0.000393918 -1.94124e-05 -0.000245326 0.000336156 -8.79013e-05 -0.00113778 0.000106345 0.000279421 -0.000180145 -0.00061084 -0.00197547 -0.00300718 0.000141912 -0.0044392 0.000186619 -0.00145992 -0.000847438 -0.00183931 -0.000512214 -0.0001075 -0.00258736 -0.00207234 -0.000176788
internal_weight=1.31579e+06 683732 673116 214976 31212 183764 632059 304949 327110 204218 297109 99249 36948 88627 79808 146816 67520 24007 16434 43513 8898 79296 8819 21319 21122 7614 458140 13508 10616 198826
internal_count=1315791 683732 673116 214976 31212 183764 632059 304949 327110 204218 297109 99249 36948 88627 79808 146816 67520 24007 16434 43513 8898 79296 8819 21319 21122 7614 458140 13508 10616 198826
cat_boundaries=0 1 2 3 4 5 6 7 8 9
cat_threshold=2499232 614480 9 58 4 65 1 46 81
is_linear=0
shrinkage=0.05


Tree=97
num_leaves=31
num_cat=13
split_feature=7 6 1 6 5 5 0 0 7 7 3 3 3 1 1 3 1 1 3 3 1 3 2 7 0 0 0 2 0 0
split_gain=24.8695 16.0909 13.1307 19.0324 14.0607 18.8716 16.7738 12.7669 10.9439 10.0059 9.77525 8.83618 15.4476 27.2393 25.9683 52.544 14.67 14.2748 72.1603 26.5244 14.2381 13.0258 10.4437 10.4395 9.96987 9.18661 9.16627 8.58376 8.30437 7.85822
threshold=0.049373452292769696 13.866811852237587 0 13.402230870373574 5.5000000000000009 6.5000000000000009 1 2 0.020498863159263622 0.12220391884697518 5.5000000000000009 1.0000000180025095e-35 2.5000000000000004 3 4 1.5000000000000002 5 6 4.5000000000000009 4.5000000000000009 7 4.5000000000000009 19.500000000000004 0.05694086532003715 8 9 10 16.500000000000004 11 12
decision_type=2 2 1 2 2 2 1 1 2 2 2 2 2 1 1 2 1 1 2 2 1 2 2 2 1 1 1 2 1 1
left_child=8 2 3 -2 9 6 -6 -7 -1 11 -5 16 14 21 15 -13 -4 19 28 -15 -16 -14 24 -24 -20 -21 -18 -9 -19 -17
right_child=1 -3 4 10 5 7 -8 27 -10 -11 -12 12 13 17 20 29 26 18 22 25 -22 -23 23 -25 -26 -27 -28 -29 -30 -31
leaf_value=-3.8090728563100735e-05 0.00024031973224592393 -2.2540752206284129e-05 0.00017899017184847961 4.7588843595109538e-05 2.5929118040037005e-06 6.0237917696354115e-05 -5.763271740134267e-05 -3.4570908246354254e-05 -1.0225130183237619e-05 0.00010270517768189644 -8.6479616701785203e-05 -0.00034414291389780371 4.9343344368971841e-05 -8.8593041136460219e-06 3.4222588683237992e-05 -0.00015506298476251348 -7.6394457898534493e-05 9.1900253847564819e-05 -2.9306190734544604e-05 2.5669479666475675e-05 -2.3709347610230415e-05 0.00022674928214441172 -0.00015042717726190745 -0.00055748495911961198 -0.00010735825765615867 8.2400754919248476e-05 3.2479657286692276e-05 3.2921529922502403e-05 2.254400922737515e-05 9.5004905886010235e-05
leaf_weight=10616 9080 116070 10077 26630 63377 39691 86218 42135 332123 23782 4492 7747 18168 83433 54393 2393 5704 25974 17772 29941 82901 17447 1162 471 32776 50109 56277 29810 28262 6760
leaf_count=10616 9080 116070 10077 26630 63377 39691 86218 42135 332123 23782 4492 7747 18168 83433 54393 2393 5704 25974 17772 29941 82901 17447 1162 471 32776 50109 56277 29810 28262 6760
internal_value=-5.51189e-05 7.38912e-05 0.00014872 0.00103079 0.00010529 -0.000197239 -0.000564357 0.000294708 -0.000421385 0.000247548 0.000443416 0.000202673 0.000121979 0.000327889 -0.000286003 -0.00213483 0.000717478 0.000156348 -0.000294333 0.000449713 -5.82649e-05 0.00162737 -0.00162176 -0.00555726 -0.00149462 0.00109994 0.000429498 -0.000102495 0.000982742 0.000428821
internal_weight=1.31579e+06 973052 856982 40202 816780 261231 149595 111636 342739 555549 31122 531767 459709 305515 154194 16900 72058 269900 106417 163483 137294 35615 52181 1633 50548 80050 61981 71945 54236 9153
internal_count=1315791 973052 856982 40202 816780 261231 149595 111636 342739 555549 31122 531767 459709 305515 154194 16900 72058 269900 106417 163483 137294 35615 52181 1633 50548 80050 61981 71945 54236 9153
cat_boundaries=0 1 2 3 4 5 6 7 8 9 10 11 12 13
cat_threshold=16 3411724 14779667 32 32 64 14 65 12637195 7899220 262145 12296361 1184896
is_linear=0
shrinkage=0.05


Tree=98
num_leaves=31
num_cat=8
split_feature=7 2 2 1 7 7 2 7 5 3 0 0 6 7 2 7 1 3 1 3 6 6 2 0 6 7 1 7 3 1
split_gain=23.4333 12.2865 19.667 15.3835 14.3636 12.0399 11.5455 31.7521 10.8617 15.4417 17.3581 11.4384 10.479 10.304 9.19594 18.0833 8.80663 19.8058 18.5542 15.7223 13.8445 8.22957 7.92171 8.38069 7.89266 7.5851 13.4012 13.2492 7.1552 14.5964
threshold=0.0794326935991055 16.500000000000004 8.5000000000000018 0 0.10579941122073669 0.020498863159263622 7.5000000000000009 0.10579941122073669 5.5000000000000009 1.0000000180025095e-35 1 2 12.908474988866919 0.10992261969582411 18.500000000000004 0.1067207236017453 3 4.5000000000000009 4 5.5000000000000009 12.987159730030582 14.200316706876533 20.500000000000004 5 11.990580988694822 0.087152745487173097 6 0.096486407859378218 3.5000000000000004 7
decision_type=2 2 2 1 2 2 2 2 2 2 1 1 2 2 2 2 1 2 1 2 2 2 2 1 2 2 1 2 2 1
left_child=5 2 6 12 -4 24 25 -8 21 10 -10 -11 14 -9 15 -3 -13 20 -19 -20 -18 -7 23 -12 -1 -2 27 -27 -5 -30
right_child=1 3 4 28 -6 8 7 13 9 11 22 16 -14 -15 -16 -17 17 18 19 -21 -22 -23 -24 -25 -26 26 -28 -29 29 -31
leaf_value=-0.0010274440219144464 7.5547159400284069e-05 0.00038522042110948618 -1.5114139926169363e-05 -4.5068353267771479e-06 -0.00020767047482748296 -1.5250694153744541e-06 0.00030298352887155706 0.00010525283977772665 -0.00010434434568934865 -3.1297462373078812e-05 6.5476937809609478e-05 1.0145083078753372e-05 2.4822894498370553e-05 -4.307030935761722e-05 4.1955570436402745e-05 0.00014070376657042486 2.7091456458844083e-05 1.1934861200580197e-05 -3.4318441475427334e-05 -0.00012218961977277103 -3.56330320469906e-05 -4.8491667721862686e-05 -0.0001028972190847792 -3.1204890945354427e-05 -2.9379608910277446e-05 0.00010874747829777917 -0.0001600244068293351 -5.6564580732718779e-05 -5.3060452887176285e-05 5.9975055372047531e-05
leaf_weight=456 7530 5128 187109 110623 5659 511614 7646 13719 11301 60614 3592 87242 35357 10508 15693 26057 26268 7293 6898 8164 14498 13239 1985 18894 10160 8323 6171 9703 15421 68926
leaf_count=456 7530 5128 187109 110623 5659 511614 7646 13719 11301 60614 3592 87242 35357 10508 15693 26057 26268 7293 6898 8164 14498 13239 1985 18894 10160 8323 6171 9703 15421 68926
internal_value=-5.14329e-05 0.000204049 -4.54425e-05 0.000434787 -0.000296989 -0.000225704 0.000716981 0.00138911 -0.000202695 -0.000476294 -0.00143688 -0.000313423 0.00100827 0.000502538 0.00149857 0.00199535 -7.96353e-05 -0.000529455 -0.00172556 -0.00272691 0.000126331 -7.40684e-05 -0.000687268 -0.000420261 -0.00189808 4.17625e-05 -0.000389511 0.000299401 0.00019284 0.000539735
internal_weight=1.31579e+06 533573 256368 277205 192768 782218 63600 31873 771602 246749 35772 210977 82235 24227 46878 31185 150363 63121 22355 15062 40766 524853 24471 22486 10616 31727 24197 18026 194970 84347
internal_count=1315791 533573 256368 277205 192768 782218 63600 31873 771602 246749 35772 210977 82235 24227 46878 31185 150363 63121 22355 15062 40766 524853 24471 22486 10616 31727 24197 18026 194970 84347
cat_boundaries=0 1 2 3 4 5 6 7 8
cat_threshold=112 2499232 942288 58 4 558096 1 1
is_linear=0
shrinkage=0.05


Tree=99
num_leaves=31
num_cat=10
split_feature=7 7 7 6 1 3 1 1 3 7 6 3 1 1 7 7 6 1 3 3 0 3 1 0 2 7 6 7 6 1
split_gain=21.5141 10.6106 9.1357 8.52595 8.73936 20.3801 40.1512 38.543 74.7001 23.2695 22.5757 19.8644 79.4764 27.3688 16.7602 13.4774 13.0781 12.9289 11.2747 10.3892 11.7515 9.03144 8.96266 8.73247 8.47453 14.6207 8.33792 8.13767 8.1137 7.90816
threshold=0.07183032156407522 0.020498863159263622 0.12902617738043118 14.200316706876533 0 3.5000000000000004 1 2 5.5000000000000009 0.064049632428339623 13.638640315673452 4.5000000000000009 3 4 0.067132975390762337 0.062505067222812016 13.147788404636154 5 5.5000000000000009 3.5000000000000004 6 5.5000000000000009 7 8 20.500000000000004 0.034521400803542678 12.647436448413044 0.024630190825150434 11.990580988694822 9
decision_type=2 2 2 2 1 2 1 1 2 2 2 2 1 1 2 2 2 1 2 2 1 2 1 1 2 2 2 2 2 1
left_child=1 28 -2 4 11 6 26 8 -7 24 14 13 15 19 16 21 -9 -11 -14 -3 -21 -13 -16 -12 29 -26 -6 -15 -1 -8
right_child=2 3 -4 -5 5 7 9 10 -10 17 23 12 18 27 22 -17 -18 -19 -20 20 -22 -23 -24 -25 25 -27 -28 -29 -30 -31
leaf_value=-0.0009760718208187242 9.1563011783118993e-06 2.0169005171851231e-06 0.00014210795193325514 -4.7913111259276742e-05 0.00012111557116514256 2.5619794122990795e-05 -1.8858518108149856e-05 0.00010900623897424598 -0.00033542653397939054 5.3994778304915578e-05 2.6475245150989898e-05 1.6356180014443985e-05 -4.3324766846832013e-05 0.00017931021513051105 6.4053858752996873e-05 -3.6595090645180629e-05 3.3446418044201508e-05 -2.313966109781171e-05 -7.8645070981327522e-05 -2.251363386727278e-05 4.8970594033989974e-05 7.8521769265409513e-05 -5.4293196662218855e-05 -2.5982487320966657e-05 0.00020582548333870148 -7.2887746898364116e-05 2.2669599720960554e-05 -3.1967162152630665e-05 -2.7910628464763651e-05 -4.0234705014569749e-05
leaf_weight=456 612012 99708 9900 14726 14622 10978 59301 25865 5556 19184 18735 10513 25024 463 6290 6411 52801 28701 25572 5768 19690 10839 13894 38102 589 19090 36359 68385 10160 46097
leaf_count=456 612012 99708 9900 14726 14622 10978 59301 25865 5556 19184 18735 10513 25024 463 6290 6411 52801 28701 25572 5768 19690 10839 13894 38102 589 19090 36359 68385 10160 46097
internal_value=-4.85829e-05 -0.000239991 0.000164975 -0.00021562 -0.000189406 -3.95028e-05 -0.000353996 0.000369438 -0.00192517 -0.000717457 0.00061321 -0.000407423 -0.00107933 -0.000136073 0.0010698 0.00107028 0.00139959 0.000219797 -0.00225863 0.000304371 0.00120591 0.00167432 -0.000215517 -0.00018078 -0.00107634 -0.00202881 0.000879077 -0.00093671 -0.00180859 -0.000898499
internal_weight=1.31579e+06 693879 621912 683263 668537 396164 223943 172221 16534 172962 155687 272373 78359 194014 98850 27763 78666 47885 50596 125166 25458 21352 20184 56837 125077 19679 50981 68848 10616 105398
internal_count=1315791 693879 621912 683263 668537 396164 223943 172221 16534 172962 155687 272373 78359 194014 98850 27763 78666 47885 50596 125166 25458 21352 20184 56837 125077 19679 50981 68848 10616 105398
cat_boundaries=0 1 2 3 4 5 6 7 8 9 10
cat_threshold=5 80 64 4 1 8 4718682 24 12763433 8
is_linear=0
shrinkage=0.05


Tree=100
num_leaves=31
num_cat=9
split_feature=7 2 2 1 7 5 3 0 2 7 0 6 7 2 7 1 6 7 1 7 0 7 3 1 3 0 7 1 7 3
split_gain=19.6554 11.2306 17.8534 14.0044 13.7358 10.6532 14.7055 16.2202 10.4958 28.8693 9.82828 9.69393 9.28945 8.45974 19.0896 7.15558 6.90727 6.90504 12.0634 11.9923 6.77784 6.9021 6.74768 13.3529 11.4277 8.05708 6.54649 8.96188 10.8683 7.04522
threshold=0.0794326935991055 16.500000000000004 8.5000000000000018 0 0.10579941122073669 5.5000000000000009 1.0000000180025095e-35 1 7.5000000000000009 0.10579941122073669 2 12.968424008565655 0.10992261969582411 18.500000000000004 0.10335342902000616 3 14.200316706876533 0.087152745487173097 4 0.096486407859378218 5 0.028165668868557519 3.5000000000000004 6 4.5000000000000009 7 0.092845830888495504 8 0.11621054548671803 4.5000000000000009
decision_type=2 2 2 1 2 2 2 1 2 2 1 2 2 2 2 1 2 2 1 2 1 2 2 1 2 1 2 1 2 2
left_child=5 2 8 11 -4 16 7 -7 17 -10 -8 13 -11 14 -3 -12 -1 -2 19 -19 -9 -22 -5 24 -24 -25 29 28 -28 -15
right_child=1 3 4 22 -6 6 10 20 9 12 15 -13 -14 26 -16 -17 -18 18 -20 -21 21 -23 23 25 -26 -27 27 -29 -30 -31
leaf_value=-1.8530801436225654e-06 7.1311986371354327e-05 0.00055050543518588154 -1.4816247988776871e-05 -5.047822039679767e-06 -0.00019774476614502491 -9.9602306759969883e-05 -2.6509134431298988e-05 9.8351409588028418e-05 0.00028737653736906379 9.9532382729924937e-05 1.2091707984487888e-05 1.9615201252104823e-05 -4.1374608948652192e-05 0.00035860181472005331 0.00014254929829128141 -1.5297194001308127e-05 -4.4271418696964493e-05 0.00010285228932397431 -0.00015248100154678439 -5.4194166754998471e-05 -7.4287767772017541e-05 -2.5660980381502636e-05 7.6407608452309927e-05 9.0214676117606618e-05 -0.00010834821080225322 1.3293632513597735e-05 0.00025904876287812656 -8.6704207984231185e-05 -0.00017571639088681258 -0.00011188854227524096
leaf_weight=518894 7530 2249 187109 110623 5659 11443 79179 1339 7646 13719 68997 32264 10508 1619 30929 65640 13239 8323 6171 9703 1542 21945 5073 37982 10348 30944 5081 7399 2045 649
leaf_count=518894 7530 2249 187109 110623 5659 11443 79179 1339 7646 13719 68997 32264 10508 1619 30929 65640 13239 8323 6171 9703 1542 21945 5073 37982 10348 30944 5081 7399 2045 649
internal_value=-4.57709e-05 0.000188212 -5.03183e-05 0.000408813 -0.000289986 -0.000205378 -0.000474539 -0.00140547 0.000676101 0.00131695 -0.000316627 0.000955985 0.000471581 0.00139231 0.00185514 -5.66296e-05 -7.88807e-05 3.23069e-05 -0.000379179 0.000274451 -0.000686503 -0.000884155 0.000177967 0.000514838 -0.000814918 0.000812348 0.000477878 8.77797e-05 0.0013523 0.00297619
internal_weight=1.31579e+06 533573 256368 277205 192768 782218 250085 36269 63600 31873 213816 82235 24227 49971 33178 134637 532133 31727 24197 18026 24826 23487 194970 84347 15421 68926 16793 14525 7126 2268
internal_count=1315791 533573 256368 277205 192768 782218 250085 36269 63600 31873 213816 82235 24227 49971 33178 134637 532133 31727 24197 18026 24826 23487 194970 84347 15421 68926 16793 14525 7126 2268
cat_boundaries=0 1 2 3 4 5 6 7 8 9
cat_threshold=112 2499232 1007825 26 1 16 1 1080681 48
is_linear=0
shrinkage=0.05


Tree=101
num_leaves=31
num_cat=13
split_feature=7 6 3 1 1 1 1 3 3 1 1 3 1 1 3 3 3 1 0 2 1 7 7 0 7 2 3 1 7 7
split_gain=17.7726 14.052 15.7124 108.416 20.7107 15.7105 14.1639 18.9304 15.3837 22.595 16.5269 13.058 42.101 19.9298 12.6894 11.9267 33.2371 27.8027 10.4427 9.2439 10.1992 13.3293 9.07677 8.85694 8.80459 20.328 32.0502 23.1966 10.691 8.92287
threshold=0.049373452292769696 12.977402343100168 5.5000000000000009 0 1 2 3 4.5000000000000009 2.5000000000000004 4 5 4.5000000000000009 6 7 4.5000000000000009 1.5000000000000002 1.0000000180025095e-35 8 9 20.500000000000004 10 0.046028074296676803 0.078539738675614132 11 0.047698780274746 12.500000000000002 5.5000000000000009 12 0.045536734602365347 0.039287600333278487
decision_type=2 2 2 1 1 1 1 2 2 1 1 2 1 1 2 2 2 1 1 2 1 2 2 1 2 2 2 1 2 2
left_child=19 2 6 4 -4 -3 7 -2 10 14 -8 13 23 -7 -10 16 -12 -18 -5 20 24 -22 -16 -13 25 26 -1 29 -27 -28
right_child=1 5 3 18 -6 11 8 -9 9 -11 15 12 -14 -15 22 -17 17 -19 -20 -21 21 -23 -24 -25 -26 28 27 -29 -30 -31
leaf_value=2.3238249074150621e-05 9.3970209556588224e-05 -7.5525158905840478e-05 -5.3157530150928223e-05 4.26347186197433e-05 -0.00022851534101418216 2.2892385863581417e-05 1.5841786622922476e-05 -4.7546814854081137e-05 8.5188495387326577e-05 8.8801227113313726e-06 6.3002847154654956e-06 6.2793022135166848e-05 -5.3035644364070154e-05 -1.9426890170850565e-05 0.00013197392924321031 1.4117559342594066e-05 1.4132793261089661e-05 -0.00036994147933758822 0.00022043976990562976 -2.221025026179109e-05 -7.6295800390186956e-06 -5.4084316179984185e-05 0.00049226585825616967 1.9209299731874979e-05 -1.4701305530961593e-05 0.00019602951942385567 -0.0001144293358602843 -0.00041294860772662819 5.0712498026053365e-05 0.00016478558579600608
leaf_weight=19003 77343 29854 15260 7605 15055 100245 66743 15494 22448 78186 14506 69904 40986 309262 4588 14891 3750 9580 15302 43415 221836 18006 6642 55408 22370 4383 1052 1474 10543 657
leaf_count=19003 77343 29854 15260 7605 15055 100245 66743 15494 22448 78186 14506 69904 40986 309262 4588 14891 3750 9580 15302 43415 221836 18006 6642 55408 22370 4383 1052 1474 10543 657
internal_value=-4.33389e-05 6.57211e-05 0.000309682 -0.000484762 -0.002446 -8.22658e-05 0.000444264 0.000962605 0.000226796 0.000639169 -0.000194574 -2.42699e-05 0.000349373 -0.000176004 0.00172168 -0.000962281 -0.0015735 -0.00337584 0.00211088 -0.000352965 -0.000254073 -0.000399413 0.00309439 0.000804328 0.000331977 0.000804322 -0.000155503 -0.00479893 0.00223101 -0.000799884
internal_weight=1.31579e+06 973052 367393 53222 30315 605659 314171 92837 221334 111864 109470 575805 166298 409507 33678 42727 27836 13330 22907 342739 299324 239842 11230 125312 59482 37112 22186 3183 14926 1709
internal_count=1315791 973052 367393 53222 30315 605659 314171 92837 221334 111864 109470 575805 166298 409507 33678 42727 27836 13330 22907 342739 299324 239842 11230 125312 59482 37112 22186 3183 14926 1709
cat_boundaries=0 1 2 3 4 5 6 7 8 9 10 11 12 13
cat_threshold=65 1 96 88 32 5 14 17 2 191060 88 4464121 24
is_linear=0
shrinkage=0.05


Tree=102
num_leaves=31
num_cat=11
split_feature=7 7 6 6 1 6 5 3 0 7 3 1 6 0 7 5 0 6 3 1 0 3 3 1 1 3 0 0 3 6
split_gain=16.623 9.19463 9.00185 7.93723 14.9595 26.9182 11.7797 10.3282 12.5962 9.54253 9.07384 20.2044 7.90929 7.85493 7.68352 7.64177 9.15546 6.98319 10.4796 13.9796 6.98718 6.97492 10.8538 25.7301 20.2969 32.1277 11.2313 9.63624 9.50235 8.79746
threshold=0.07183032156407522 0.020498863159263622 11.903400437239741 13.873910353681742 0 13.232467225603605 5.5000000000000009 1.0000000180025095e-35 1 0.066162824367806392 4.5000000000000009 2 11.990580988694822 3 0.061251379371825627 5.5000000000000009 4 12.564743969732836 5.5000000000000009 5 6 1.0000000180025095e-35 2.5000000000000004 7 8 1.5000000000000002 9 10 4.5000000000000009 13.033384065256834
decision_type=2 2 2 2 1 2 2 2 1 2 2 1 2 1 2 2 1 2 2 1 1 2 2 1 1 2 1 1 2 2
left_child=1 12 -2 4 5 -3 -6 8 -8 10 11 -7 -1 -5 -12 21 -17 18 -9 -20 -19 27 24 28 25 -23 -25 -4 -24 -26
right_child=2 3 15 13 6 9 7 17 -10 -11 14 -13 -14 -15 -16 16 -18 20 19 -21 -22 22 23 26 29 -27 -28 -29 -30 -31
leaf_value=-0.0009267940967686559 0.00022516952089885156 0.00010105246926902286 -6.4024803381817e-05 -4.2619402905291066e-05 -2.8812197744755925e-06 5.2755255654987799e-05 -0.00010365397230032271 3.4139579955212719e-05 -2.5020885611553961e-05 4.8369223279062791e-05 3.5465403643974995e-05 -3.146686769531712e-05 -2.5093102157264065e-05 -8.2089345492950692e-06 -6.9933764558876085e-05 -7.3001255328521497e-05 -9.0765259713881949e-07 -4.4789900318476659e-05 0.00028027163189289984 -0.00012395685762725504 -1.2771989488335328e-05 -0.00033575815013597995 6.2094617405005978e-05 4.130442158048198e-05 3.6697546747980343e-05 2.1115994268682689e-05 -6.7251293492630315e-06 6.4223127481244377e-05 0.00026894788725237949 -2.1985109280394169e-05
leaf_weight=456 9918 17746 6452 35231 310936 16154 8242 18337 12897 23990 26893 59358 10160 42630 3964 22666 172715 24284 1141 3171 78289 5509 12940 78323 43871 6518 135517 50005 12516 64962
leaf_count=456 9918 17746 6452 35231 310936 16154 8242 18337 12897 23990 26893 59358 10160 42630 3964 22666 172715 24284 1141 3171 78289 5509 12940 78323 43871 6518 135517 50005 12516 64962
internal_value=-4.35669e-05 -0.000211816 0.000144152 -0.000189129 -0.000128014 0.000308713 -0.000269458 -0.000639344 -0.00166162 6.00265e-05 -0.000143134 -0.000438341 -0.001672 -0.000664325 0.000579285 0.000119936 -0.000138064 -0.000466771 0.000327829 -0.00189007 -0.000642226 0.000240931 0.000159931 0.000355 -0.000226295 -0.00217455 0.000176058 0.000757656 0.00185738 -1.07954e-05
internal_weight=1.31579e+06 693879 621912 683263 605402 148105 457297 146361 21139 130359 106369 75512 10616 77861 30857 611994 195381 125222 22649 4312 102573 416613 360156 239296 120860 12027 213840 56457 25456 108833
internal_count=1315791 693879 621912 683263 605402 148105 457297 146361 21139 130359 106369 75512 10616 77861 30857 611994 195381 125222 22649 4312 102573 416613 360156 239296 120860 12027 213840 56457 25456 108833
cat_boundaries=0 1 2 3 4 5 6 7 8 9 10 11
cat_threshold=24 2323104 16 4075729 24640 36 548946 32 32 9561609 262209
is_linear=0
shrinkage=0.05


Tree=103
num_leaves=31
num_cat=11
split_feature=7 2 2 7 1 3 3 3 2 7 5 1 3 1 5 3 0 0 0 0 6 1 0 6 3 7 0 7 1 7
split_gain=14.7232 10.747 16.4623 12.7031 11.8963 29.307 12.6349 22.8476 9.30247 26.2186 8.74851 12.3485 14.4454 19.849 16.6593 21.7913 16.791 16.7197 14.098 12.6953 11.6804 10.4163 9.08464 8.50727 8.08924 7.85937 6.65028 6.52094 6.50203 11.4509
threshold=0.0794326935991055 16.500000000000004 8.5000000000000018 0.10579941122073669 0 4.5000000000000009 1.5000000000000002 1.0000000180025095e-35 7.5000000000000009 0.10626256099500953 5.5000000000000009 1 2.5000000000000004 2 6.5000000000000009 4.5000000000000009 3 4 5 6 13.540103834011935 7 8 12.458740034030809 4.5000000000000009 0.11133455822118264 9 0.083565634922534757 10 0.097199760371366545
decision_type=2 2 2 2 1 2 2 2 2 2 2 1 2 1 2 2 1 1 1 1 2 1 1 2 2 2 1 2 1 2
left_child=10 2 8 -4 5 6 7 -3 27 -10 -1 20 13 22 17 16 -16 24 -17 -15 -12 -20 -13 -7 -14 -11 -9 -2 29 -6
right_child=1 4 3 -5 28 23 -8 26 9 25 11 12 14 19 15 18 -18 -19 21 -21 -22 -23 -24 -25 -26 -27 -28 -29 -30 -31
leaf_value=-2.2779460852493869e-06 0.00016877770007971347 0.00012376078514034355 -1.4913389969171271e-05 -0.00018965300730129783 7.8789566496033365e-06 0.00086597941541351545 0.00011841056932856628 -0.0005412923019191884 0.00025213008437567597 6.9345222074010393e-05 3.2526917531783624e-05 2.3521841687458579e-05 -0.00010645502773076188 -0.00010995334396970754 -3.4869151725999692e-05 -0.00011276177992084053 7.9532354610666403e-05 -3.7473497341840995e-06 -4.6702302038769112e-05 -4.7595116076222006e-05 -1.7026261605782023e-05 4.6745176253379025e-05 -3.0336193878672918e-05 0.0002403574028914505 -3.7937532769067103e-05 -6.8877106783144662e-05 -0.00014107531731895261 -1.0643053038345701e-05 3.1916429104216289e-05 -9.7190385218307729e-05
leaf_weight=532133 1751 3811 187109 5659 75627 2894 11759 1680 8988 16386 41940 11729 9363 14606 4305 4437 13968 28279 5360 22404 61940 8282 12267 4966 11205 6499 1674 29976 164046 10748
leaf_count=532133 1751 3811 187109 5659 75627 2894 11759 1680 8988 16386 41940 11729 9363 14606 4305 4437 13968 28279 5360 22404 61940 8282 12267 4966 11205 6499 1674 29976 164046 10748
internal_value=-4.2503e-05 0.000160006 -7.33321e-05 -0.000303474 0.000375805 0.00137717 0.000311773 -0.00134334 0.000624214 0.00122753 -0.00018064 -0.000424556 -0.000720685 -0.00130807 -0.00030018 0.000510288 0.00172796 -0.000903331 -0.000720449 -0.00203404 -7.70045e-06 7.69118e-05 -0.000187453 0.00394402 -0.00198756 0.000328818 -0.00435301 1.81234e-05 0.000268637 -8.24796e-05
internal_weight=1.31579e+06 533573 256368 192768 277205 26784 18924 7165 63600 31873 782218 250085 146205 61006 85199 36352 18273 48847 18079 37010 103880 13642 23996 7860 20568 22885 3354 31727 250421 86375
internal_count=1315791 533573 256368 192768 277205 26784 18924 7165 63600 31873 782218 250085 146205 61006 85199 36352 18273 48847 18079 37010 103880 13642 23996 7860 20568 22885 3354 31727 250421 86375
cat_boundaries=0 1 2 3 4 5 6 7 8 9 10 11
cat_threshold=32 88 1 527496 9289815 176641 5202400 1 13409562 4273843 9
is_linear=0
shrinkage=0.05


Tree=104
num_leaves=31
num_cat=11
split_feature=7 6 6 3 1 3 1 3 0 6 1 3 1 0 7 0 1 7 6 1 5 7 3 1 5 1 3 3 7 3
split_gain=13.8552 14.1779 10.6756 10.2683 78.6072 114.929 47.2835 23.4872 26.8071 23.1968 21.5169 17.1393 22.533 16.5498 11.6627 11.1961 10.5219 10.3624 10.1036 9.22493 8.72867 8.68856 8.48649 18.3125 8.33805 8.23844 22.1103 48.0291 7.84489 6.85134
threshold=0.041583106592019921 12.2093123918769 14.174977275137024 3.5000000000000004 0 4.5000000000000009 1 4.5000000000000009 2 13.278062857159549 3 5.5000000000000009 4 5 0.092200432267289856 6 7 0.087152745487173097 12.845505840595335 8 3.5000000000000004 0.061251379371825627 5.5000000000000009 9 6.5000000000000009 10 1.5000000000000002 1.0000000180025095e-35 0.11311322974291106 1.5000000000000002
decision_type=2 2 2 2 1 2 1 2 1 2 1 2 1 1 2 1 1 2 2 1 2 2 2 1 2 1 2 2 2 2
left_child=-1 22 3 6 5 13 15 8 -6 19 24 -7 14 20 -13 29 -11 18 -14 -9 -5 -8 -2 -24 -10 26 27 -23 -19 -3
right_child=1 2 -4 4 7 11 21 9 10 16 -12 12 17 -15 -16 -17 -18 28 -20 -21 -22 25 23 -25 -26 -27 -28 -29 -30 -31
leaf_value=-1.1536600589192019e-05 0.00011832948820838241 5.3472572127092649e-05 -4.2936036696524654e-05 -0.00014134377393062742 -6.9740847405776185e-05 -5.5558222532785946e-05 -2.9021490423522189e-05 0.00016294124367088533 5.1192040809075473e-05 3.327532077147741e-05 -1.6238568899449094e-05 -7.8268832091052924e-05 -0.00024779129799954239 7.7567755983132443e-05 -2.4870428012940815e-05 3.3622363662430546e-06 -2.8862287899861922e-05 -0.00014862537402602906 -0.00035368802685284385 5.7640008267204057e-05 2.3108133731058328e-05 5.1684717190282614e-06 0.00054028974179611423 -0.00015826371877165381 0.00017307617399081929 -1.0353053052188089e-05 9.908692390987046e-06 -0.00028712152562572967 -0.00063244609201467067 1.9865321493785573e-05
leaf_weight=156130 40101 62352 28055 3170 26737 45996 111065 33261 35047 104509 43538 23742 4526 34948 9788 102530 22477 6442 1447 60173 8315 11555 2029 4946 5542 230721 23457 10073 565 62554
leaf_count=156130 40101 62352 28055 3170 26737 45996 111065 33261 35047 104509 43538 23742 4526 34948 9788 102530 22477 6442 1447 60173 8315 11555 2029 4946 5542 230721 23457 10073 565 62554
internal_value=-4.1705e-05 1.78285e-05 -1.81334e-05 6.77713e-06 0.000182626 -0.000815587 -0.000127827 0.000601279 7.66705e-06 0.000899873 0.000445999 -0.00183448 -0.00251129 0.00121411 -0.00182469 0.000444281 0.000459893 -0.00428022 -0.00581366 0.00149785 -0.000432797 -0.000464161 0.000867746 -0.000741935 0.00127405 -0.000313808 -0.000931921 -0.00208526 -0.00297916 0.000762112
internal_weight=1.31579e+06 1.15966e+06 1.11258e+06 1.08453e+06 470223 138939 614307 331284 110864 220420 84127 92506 46510 46433 33530 227436 126986 12980 5973 93434 11485 386871 47076 6975 40589 275806 45085 21628 7007 124906
internal_count=1315791 1159661 1112585 1084530 470223 138939 614307 331284 110864 220420 84127 92506 46510 46433 33530 227436 126986 12980 5973 93434 11485 386871 47076 6975 40589 275806 45085 21628 7007 124906
cat_boundaries=0 1 2 3 4 5 6 7 8 9 10 11
cat_threshold=65 81 4980952 50 1 4980826 6327804 14 56 32 32
is_linear=0
shrinkage=0.05


Tree=105
num_leaves=31
num_cat=17
split_feature=5 5 3 3 0 3 1 0 0 0 0 3 2 2 6 1 6 7 0 1 0 3 1 1 0 0 6 0 0 0
split_gain=13.6941 21.8327 20.5704 28.4918 40.635 23.1586 32.8593 31.341 25.1819 21.6931 16.3987 14.783 17.1705 13.0269 11.9582 16.7937 11.4136 11.3794 11.1871 11.0562 9.97431 9.71511 22.4463 18.6635 9.66813 9.45199 8.24444 7.89605 7.84755 7.62851
threshold=5.5000000000000009 6.5000000000000009 2.5000000000000004 1.5000000000000002 0 4.5000000000000009 1 2 3 4 5 1.0000000180025095e-35 12.500000000000002 8.5000000000000018 13.440146702021273 6 13.407846408716152 0.081026486669150619 7 8 9 4.5000000000000009 10 11 12 13 12.824983095337226 14 15 16
decision_type=2 2 2 2 1 2 1 1 1 1 1 2 2 2 2 1 2 2 1 1 1 2 1 1 1 1 2 1 1 1
left_child=14 10 3 9 18 7 25 -4 -8 11 21 28 -13 -6 15 29 -9 -17 -5 -11 -15 23 -23 -2 -10 -7 -21 -24 -3 -1
right_child=1 2 5 4 13 6 8 16 24 19 -12 12 -14 20 -16 17 -18 -19 -20 26 -22 22 27 -25 -26 -27 -28 -29 -30 -31
leaf_value=1.9524409449845487e-05 -2.9359592242649522e-05 -0.00021047909211970028 -5.8047217844747065e-05 -0.00013367736128659641 0.00013416097845949729 -0.00015462290345056966 -0.00011746583771943993 0.00011563670312727173 0.00010554716116760142 -0.0001915106341995659 -1.0882060525771107e-05 -0.00011809701818801394 7.95492973324449e-05 4.0062776133094856e-05 -9.0708323839869966e-06 -2.8403818305232367e-06 3.0972563414293634e-05 2.5051207332574267e-05 -0.00031641002941233193 0.00013311187157903049 -8.142561670861568e-05 -9.4753359407262841e-05 -6.251504314371826e-05 -0.00011587756245264176 2.2119647207449224e-05 -5.2154470641969843e-05 3.4324186427041324e-05 4.8802216440183882e-05 -5.4942781775767918e-05 8.325645519744845e-05
leaf_weight=28008 41140 4315 10257 5407 1644 5129 6079 29318 14120 2184 143247 3703 6503 5206 270287 312431 12933 258466 3760 6579 9941 9433 4652 26355 15369 11136 20263 16644 4875 26407
leaf_count=28008 41140 4315 10257 5407 1644 5129 6079 29318 14120 2184 143247 3703 6503 5206 270287 312431 12933 258466 3760 6579 9941 9433 4652 26355 15369 11136 20263 16644 4875 26407
internal_value=-3.9501e-05 -0.000274993 0.000143939 -0.000491396 -0.00182795 0.000596841 -0.000152895 0.00133694 0.000698465 0.000225104 -0.00058506 -0.00106926 0.000240055 -0.000364562 7.0986e-05 0.000191105 0.00193855 0.000111095 -0.00450311 0.00109003 -0.000823595 -0.00108262 -0.000345765 -0.00141825 0.00130259 -0.00201382 0.00136861 0.000553835 -0.00252448 0.00103032
internal_weight=1.31579e+06 420192 178721 74380 25958 104341 51833 52508 35568 48422 241471 19396 10206 16791 895599 625312 42251 570897 9167 29026 15147 98224 30729 67495 29489 16265 26842 21296 9190 54415
internal_count=1315791 420192 178721 74380 25958 104341 51833 52508 35568 48422 241471 19396 10206 16791 895599 625312 42251 570897 9167 29026 15147 98224 30729 67495 29489 16265 26842 21296 9190 54415
cat_boundaries=0 1 2 3 4 5 6 7 8 9 10 11 12 13 14 15 16 17
cat_threshold=5636592 65 526472 143872 2189924 745587 24 131312 32 101889 65 89 6294968 13644353 16386 2084 14948431
is_linear=0
shrinkage=0.05


Tree=106
num_leaves=31
num_cat=11
split_feature=7 6 2 2 7 0 0 1 7 3 5 5 1 0 3 1 6 3 0 0 3 1 1 1 3 3 7 2 3 7
split_gain=11.83 13.1624 9.88723 8.78046 10.0826 8.41094 7.58499 7.45035 8.03695 8.01415 6.96711 11.417 8.22373 10.2166 7.63539 6.57112 11.388 6.21969 9.34926 7.09904 6.15292 36.3843 17.8524 10.3129 36.985 12.1564 8.75569 12.0745 8.78939 8.59673
threshold=0.041583106592019921 12.031923105590947 16.500000000000004 9.5000000000000018 0.10579941122073669 0 1 2 0.046314219883237036 5.5000000000000009 6.5000000000000009 5.5000000000000009 3 4 3.5000000000000004 5 11.583360624843122 3.5000000000000004 6 7 3.5000000000000004 8 9 10 5.5000000000000009 4.5000000000000009 0.060317631810185908 11.500000000000002 5.5000000000000009 0.066162824367806392
decision_type=2 2 2 2 2 1 1 1 2 2 2 2 1 1 2 1 2 2 1 1 2 1 1 1 2 2 2 2 2 2
left_child=15 5 3 7 6 -2 -5 8 9 -3 11 -4 -13 -14 -15 -1 -17 18 -12 -19 22 -22 -8 26 25 -25 28 -28 -23 -29
right_child=1 2 10 4 -6 -7 20 -9 -10 -11 17 12 13 14 -16 16 -18 19 -20 -21 21 23 -24 24 -26 -27 27 29 -30 -31
leaf_value=-3.0545502535143584e-06 0.00031623689212314582 -9.1790344925759416e-06 1.5741091042661969e-05 -1.8961514968410254e-05 -0.00017434984998341633 5.2061777948397143e-05 1.5626542573916188e-05 1.2291461187948285e-05 -0.0003723155747111693 -0.00025091706568979857 -5.1983283313960379e-05 2.0554879516325106e-05 -0.00010066395415700442 2.6579088752840507e-05 -7.3359167255555163e-05 -0.00088713061142090379 -1.6877471381627001e-05 6.63965334563206e-06 5.7287211600578689e-05 0.00011830209674359924 7.0160391222220952e-05 2.932120109853942e-06 -2.5750955099084621e-05 4.4217184082349584e-05 -0.00010459958045153546 -3.6299253580937897e-05 1.9266859952869061e-05 -5.1169705125012067e-05 6.5990352977500158e-05 -0.00018623169845604986
leaf_weight=77844 8380 2304 267019 186542 4582 15025 83472 171276 298 399 11113 20598 20918 16120 13955 245 78041 8102 18526 15002 46103 23731 131238 16845 16659 16711 18930 11829 12021 1963
leaf_count=77844 8380 2304 267019 186542 4582 15025 83472 171276 298 399 11113 20598 20918 16120 13955 245 78041 8102 18526 15002 46103 23731 131238 16845 16659 16711 18930 11829 12021 1963
internal_value=-3.5587e-05 1.94238e-05 -4.75245e-06 -0.000111659 -0.000206528 0.00119312 -0.000187618 0.000198965 -0.00226669 -0.00141509 0.000198734 0.000115472 -0.000445238 -0.000785738 -0.00019528 -0.000444181 -0.0007676 0.000733273 0.000253888 0.00134825 -5.92867e-05 0.000170518 -0.000235667 -0.000292547 -0.000836735 0.000119204 0.000106594 -0.000484384 0.000647516 -0.00160963
internal_weight=1.31579e+06 1.15966e+06 1.13626e+06 744903 570626 23405 566044 174277 3001 2703 391353 338610 71591 50993 30075 156130 78286 52743 29639 23104 379502 164792 214710 118689 50215 33556 68474 32722 35752 13792
internal_count=1315791 1159661 1136256 744903 570626 23405 566044 174277 3001 2703 391353 338610 71591 50993 30075 156130 78286 52743 29639 23104 379502 164792 214710 118689 50215 33556 68474 32722 35752 13792
cat_boundaries=0 1 2 3 4 5 6 7 8 9 10 11
cat_threshold=7184769 13459664 64 24 9074369 86 1059108 1716872 34 81 28
is_linear=0
shrinkage=0.05


Tree=107
num_leaves=31
num_cat=15
split_feature=5 5 3 3 0 3 1 0 0 0 0 3 0 3 2 3 1 2 1 6 1 6 2 0 7 0 1 3 0 0
split_gain=11.9499 19.2258 17.332 25.8053 36.2667 21.3636 29.1255 28.7765 22.2125 19.751 14.7614 13.7297 22.0149 13.4834 17.025 11.7726 13.3854 11.5569 10.7492 10.7441 15.4564 10.0659 9.80227 9.64761 9.60421 8.90483 8.70056 8.66814 12.3054 12.234
threshold=5.5000000000000009 6.5000000000000009 2.5000000000000004 1.5000000000000002 0 4.5000000000000009 1 2 3 4 5 1.0000000180025095e-35 6 1.0000000180025095e-35 12.500000000000002 4.5000000000000009 7 8.5000000000000018 8 13.440146702021273 9 13.407846408716152 16.500000000000004 10 0.081026486669150619 11 12 5.5000000000000009 13 14
decision_type=2 2 2 2 1 2 1 1 1 1 1 2 1 2 2 2 1 2 1 2 1 2 2 1 2 1 1 2 1 1
left_child=19 10 3 9 23 7 27 -4 -8 13 15 12 -12 -3 -15 16 -2 -6 -17 20 -1 -9 -10 -5 -22 -19 -11 29 -29 -7
right_child=1 2 5 4 17 6 8 21 22 26 11 -13 -14 14 -16 18 -18 25 -20 -21 24 -23 -24 -25 -26 -27 -28 28 -30 -31
leaf_value=4.7240209469091163e-05 -3.6757488330290898e-05 -0.00011590496225333571 -5.5751200091025416e-05 -0.00012654254216329513 0.00012683835647712486 -0.00021833359580141349 8.6567030430107991e-05 0.00010909984061557593 -7.5446004216162693e-05 -0.00017998844562015087 7.9821191479492744e-06 -5.6063675625765703e-06 -0.00012106917460002372 -0.00011244942292277117 7.7653398468413576e-05 3.2789601355229929e-05 -0.00013075291122417593 3.7385858775488766e-05 -6.324330632622028e-05 -8.5946672232446734e-06 -2.4644452809870212e-06 2.8214125856427034e-05 5.6431186971232268e-05 -0.0002999371030550865 2.33128257711622e-05 -7.7405275805190327e-05 5.7326261099456549e-05 -0.00022540963007750445 -6.9138372636112086e-05 7.5672196154050188e-06
leaf_weight=54415 25238 9042 10257 5407 1644 1503 18056 29318 11154 2177 13173 153123 15784 3690 6465 10719 15817 5206 7617 270287 312431 12933 6358 3760 258466 9941 27048 2256 5929 6577
leaf_count=54415 25238 9042 10257 5407 1644 1503 18056 29318 11154 2177 13173 153123 15784 3690 6465 10719 15817 5206 7617 270287 312431 12933 6358 3760 258466 9941 27048 2256 5929 6577
internal_value=-3.2281e-05 -0.000252266 0.000140862 -0.000442323 -0.00171431 0.000556588 -0.000163506 0.00126743 0.000638035 0.000239561 -0.000543233 -0.000319897 -0.00131833 -0.00100614 0.000243722 -0.00122767 -0.00169833 -0.000331825 -0.00017452 7.09302e-05 0.000184788 0.0018439 -0.000630636 -0.00424158 0.00010803 -0.000764178 0.00105781 -0.00191551 -0.00306353 -0.00075495
internal_weight=1.31579e+06 420192 178721 74380 25958 104341 51833 52508 35568 48422 241471 182080 28957 19197 10155 59391 41055 16791 18336 895599 625312 42251 17512 9167 570897 15147 29225 16265 8185 8080
internal_count=1315791 420192 178721 74380 25958 104341 51833 52508 35568 48422 241471 182080 28957 19197 10155 59391 41055 16791 18336 895599 625312 42251 17512 9167 570897 15147 29225 16265 8185 8080
cat_boundaries=0 1 2 3 4 5 6 7 8 9 10 11 12 13 14 15
cat_threshold=5636592 65 526472 14749114 2304612 90193 14191628 89 46 24 131312 101889 32 5640832 8413249
is_linear=0
shrinkage=0.05


Tree=108
num_leaves=31
num_cat=12
split_feature=6 1 6 3 1 3 1 3 3 1 1 0 0 1 2 7 7 3 6 1 7 5 1 7 0 5 7 3 7 0
split_gain=11.1487 12.3675 16.5249 14.443 113.61 141.005 49.0716 43.4178 22.8962 21.7635 20.3949 19.7749 18.4971 17.3097 15.9564 15.8193 14.7708 13.1459 12.573 11.5561 11.49 10.2228 9.175 11.4729 10.3108 8.78649 8.63032 8.5359 8.33344 8.0946
threshold=13.99691127342979 0 13.412720618397271 3.5000000000000004 1 4.5000000000000009 2 4.5000000000000009 5.5000000000000009 3 4 5 6 7 10.500000000000002 0.042552736117973319 0.048049715389804147 5.5000000000000009 12.068607812365963 8 0.058434729769309891 3.5000000000000004 9 0.11621054548671803 10 6.5000000000000009 0.11437927845860141 1.0000000180025095e-35 0.074994913060566937 11
decision_type=2 1 2 2 1 2 1 2 2 1 1 1 1 1 2 2 2 2 2 1 2 2 1 2 1 2 2 2 2 1
left_child=1 2 -1 6 5 12 19 11 -7 -9 16 -6 21 25 -12 18 -10 -4 -8 27 -11 -5 -17 24 -24 -13 -16 -3 -22 -21
right_child=-2 3 17 4 7 8 15 9 10 20 14 13 -14 -15 26 22 -18 -19 -20 29 28 -23 23 -25 -26 -27 -28 -29 -30 -31
leaf_value=0.00016788443131859933 -2.5887788727251179e-05 0.00014437164420479429 3.1940176302075636e-05 -8.1120671134721212e-05 -6.2045690154110408e-05 -4.8610508372811875e-05 -0.00087720061027965761 0.00021465459170068226 -6.929403398111865e-05 4.5127801670441941e-05 -0.00034302248546520949 3.7678866331972151e-05 7.2100945400959982e-05 -1.5426155766341646e-05 -0.0001800723451330498 -7.9670663647654627e-06 -5.0619504467126422e-05 -7.6003929157288108e-05 -3.0112820693557057e-05 2.1945844294406389e-05 1.8035080386401976e-06 2.9220963376600656e-05 -8.4414070582052554e-05 2.243243942787257e-05 -3.409967393812937e-05 0.00015899662696967416 -0.00064177069046418469 4.398696628045672e-05 6.3576712472217253e-05 -3.7364210510992119e-06
leaf_weight=12732 82650 16806 50466 5671 26648 59055 658 31254 18450 67204 2991 31241 38802 46356 14455 206023 23304 8587 49622 59234 39384 14991 23356 25891 117828 4948 772 53646 78397 104369
leaf_count=12732 82650 16806 50466 5671 26648 59055 658 31254 18450 67204 2991 31241 38802 46356 14455 206023 23304 8587 49622 59234 39384 14991 23356 25891 117828 4948 772 53646 78397 104369
internal_value=-3.0685e-05 6.99433e-06 0.000643847 -3.23757e-05 0.000169024 -0.000844673 -0.000186749 0.000725014 -0.00183803 0.00113543 -0.00252618 -8.76888e-05 0.00114355 0.000294652 -0.00392254 -0.000507927 -0.00191553 0.000291687 -0.00134049 0.000394228 0.000929079 -6.53057e-05 -0.000395741 -0.000671066 -0.000848538 0.00111398 -0.00326886 0.000929579 0.000631469 0.000163648
internal_weight=1.31579e+06 1.23314e+06 71785 1.16136e+06 503923 178491 657433 325432 119027 216239 59972 109193 59464 82545 18218 423378 41754 59053 50280 234055 184985 20662 373098 167075 141184 36189 15227 70452 117781 163603
internal_count=1315791 1233141 71785 1161356 503923 178491 657433 325432 119027 216239 59972 109193 59464 82545 18218 423378 41754 59053 50280 234055 184985 20662 373098 167075 141184 36189 15227 70452 117781 163603
cat_boundaries=0 1 2 3 4 5 6 7 8 9 10 11 12
cat_threshold=16 65 65 32 1 4980952 4981342 34 64 12 8413216 6324636
is_linear=0
shrinkage=0.05


Tree=109
num_leaves=31
num_cat=15
split_feature=5 5 3 3 0 3 0 0 1 0 0 2 3 3 0 2 3 1 1 6 1 6 0 1 7 0 0 6 0 3
split_gain=10.5378 16.9491 14.4136 23.591 32.3717 19.3961 27.9238 25.697 21.7023 17.9499 13.1393 12.7278 17.5491 11.4128 19.7385 10.3903 9.73304 11.433 11.4296 9.66373 13.0635 9.01251 8.83972 8.38868 8.15127 8.12575 7.8199 7.59331 7.30583 10.1002
threshold=5.5000000000000009 6.5000000000000009 2.5000000000000004 1.5000000000000002 0 4.5000000000000009 1 2 3 4 5 12.500000000000002 1.0000000180025095e-35 1.0000000180025095e-35 6 8.5000000000000018 4.5000000000000009 7 8 13.440146702021273 9 13.407846408716152 10 11 0.081026486669150619 12 13 13.21989835225312 14 2.5000000000000004
decision_type=2 2 2 2 1 2 1 1 1 1 1 2 2 2 1 2 2 1 1 2 1 2 1 1 2 1 1 2 1 2
left_child=19 10 3 9 22 7 -7 -4 -8 23 16 -11 -13 14 -12 -6 17 -2 -18 20 27 -9 -5 -3 -22 -17 -10 -1 29 -15
right_child=1 2 5 4 15 6 8 21 26 11 13 12 -14 28 -16 25 18 -19 -20 -21 24 -23 -24 -25 -26 -27 -28 -29 -30 -31
leaf_value=9.2360404299863394e-05 -3.4630044822128728e-05 -0.00016947112008352494 -5.3478948351998878e-05 -0.00032570116830079064 0.00012058558959631132 -0.00012922252786263521 -5.336060072751968e-05 0.00010260985231346238 9.2722468735652503e-05 -0.00010477789311985073 3.3950019601417493e-05 -8.1908117099512706e-05 7.4201772661465669e-05 2.0463419349603213e-05 -9.9346051676273145e-05 3.5558923246891556e-05 5.3305311922391411e-05 -0.00011905784108880106 -4.9615136480501717e-05 -7.8743544553467465e-06 -2.1996954264188324e-06 2.7405061246783825e-05 -0.00012805624647957911 6.5969945037765848e-05 2.144579826901527e-05 -7.2242513543834685e-05 1.5221026080912416e-05 2.0063695298516707e-05 4.9615926212753445e-06 -5.6483006168973895e-05
leaf_weight=19514 27125 1928 10257 2898 1644 8700 13644 29318 14120 8936 9037 7193 8228 14380 19276 5206 8357 17140 11440 270287 312431 12933 6269 22137 258466 9941 15369 34901 103611 31105
leaf_count=19514 27125 1928 10257 2898 1644 8700 13644 29318 14120 8936 9037 7193 8228 14380 19276 5206 8357 17140 11440 270287 312431 12933 6269 22137 258466 9941 15369 34901 103611 31105
internal_value=-2.8671e-05 -0.00023525 0.000133868 -0.000397956 -0.00161415 0.000512981 -0.000173152 0.00119029 0.00034826 0.000254017 -0.000508446 -0.000702795 0.00016698 -0.000286751 -0.00120704 -0.000308017 -0.00112218 -0.00153451 -0.000200788 6.82504e-05 0.000176232 0.00173505 -0.00400185 0.00122222 0.000105665 -0.000717964 0.00111105 0.000916399 -0.000112008 -0.00064018
internal_weight=1.31579e+06 420192 178721 74380 25958 104341 51833 52508 43133 48422 241471 24357 15421 177409 28313 16791 64062 44265 19797 895599 625312 42251 9167 24065 570897 15147 29489 54415 149096 45485
internal_count=1315791 420192 178721 74380 25958 104341 51833 52508 43133 48422 241471 24357 15421 177409 28313 16791 64062 44265 19797 895599 625312 42251 9167 24065 570897 15147 29489 54415 149096 45485
cat_boundaries=0 1 2 3 4 5 6 7 8 9 10 11 12 13 14 15
cat_threshold=5636592 143872 526472 65 14194067 221265 13143044 89 42 24 5505024 32 101889 6294968 13139974
is_linear=0
shrinkage=0.05


Tree=110
num_leaves=31
num_cat=14
split_feature=6 5 5 3 3 0 3 0 0 1 0 0 2 3 3 0 3 1 3 0 3 1 3 1 3 6 1 3 1 1
split_gain=10.1967 9.89205 16.4815 13.3924 21.6591 26.7653 15.7965 24.6036 23.6572 21.4055 15.7071 12.3954 11.5812 16.324 10.866 19.1082 10.5771 8.79196 8.77583 18.174 15.0001 40.9101 82.2576 31.7642 30.2596 27.8182 14.8323 48.3239 14.7284 13.1256
threshold=14.174977275137024 5.5000000000000009 6.5000000000000009 2.5000000000000004 1.5000000000000002 0 4.5000000000000009 1 2 3 4 5 12.500000000000002 1.0000000180025095e-35 1.0000000180025095e-35 6 4.5000000000000009 7 1.0000000180025095e-35 8 2.5000000000000004 9 4.5000000000000009 10 4.5000000000000009 13.256440058740017 11 1.5000000000000002 12 13
decision_type=2 2 2 2 2 1 2 1 1 1 1 1 2 2 2 1 2 1 2 1 2 1 2 1 2 2 1 2 1 1
left_child=1 18 11 4 10 -6 8 -8 -5 -9 -4 16 -12 -14 15 -13 17 -3 19 -1 23 22 -22 -20 -23 -26 27 -25 -21 -27
right_child=-2 2 3 6 5 -7 7 9 -10 -11 12 14 13 -15 -16 -17 -18 -19 20 28 21 24 -24 26 25 29 -28 -29 -30 -31
leaf_value=-6.0176001311840029e-05 -3.7840837722874499e-05 -3.6332033635072535e-05 5.3769698266354846e-05 -4.3532031743920463e-05 -0.00017117067428348081 -1.2725753252411377e-05 -0.00012160299297555395 -5.0692570691143575e-05 7.6182494537299129e-05 5.7778839752284204e-05 -9.9205408646257413e-05 8.2906776816195359e-06 -7.783872256882374e-05 7.4221653237103319e-05 -5.5275399472257819e-06 -0.00010886629647652649 -4.4781553311574325e-06 -0.00011649269619942379 1.8663033814441885e-05 0.00012455396062231104 2.6566008604233214e-05 1.3976301436673111e-06 -6.3105056829572582e-05 -0.00031502953848956808 9.2971315359652307e-05 -4.2035091193370035e-05 -2.2987566688574201e-05 2.3253933148388586e-05 1.641967425740857e-05 3.2562736834024918e-05
leaf_weight=11074 30628 21786 23600 10903 9553 15797 8506 13644 40386 28548 8742 13819 7037 8033 153734 15383 16132 14600 100063 18327 81714 173986 79060 9188 69797 16152 133741 10790 89270 81798
leaf_count=11074 30628 21786 23600 10903 9553 15797 8506 13644 40386 28548 8742 13819 7037 8033 153734 15383 16132 14600 100063 18327 81714 173986 79060 9188 69797 16152 133741 10790 89270 81798
internal_value=-2.7265e-05 -5.77748e-06 -0.000208372 0.000159515 -0.000358704 -0.00153846 0.000529234 -9.66508e-05 0.00114791 0.000398085 0.000272083 -0.00048141 -0.000633868 0.000205707 -0.00028697 -0.00117115 -0.00115843 -0.00163112 8.92041e-05 0.000488957 2.6478e-05 0.000184724 -0.000472995 -0.00028686 0.000494158 0.000973341 -0.00073815 -0.00200871 0.000687455 0.000429811
internal_weight=1.31579e+06 1.28516e+06 410203 174749 72762 25350 101987 50698 51289 42192 47412 235454 23812 15070 182936 29202 52518 36386 874960 118671 756289 502507 160774 253782 341733 167747 153719 19978 107597 97950
internal_count=1315791 1285163 410203 174749 72762 25350 101987 50698 51289 42192 47412 235454 23812 15070 182936 29202 52518 36386 874960 118671 756289 502507 160774 253782 341733 167747 153719 19978 107597 97950
cat_boundaries=0 1 2 3 4 5 6 7 8 9 10 11 12 13 14
cat_threshold=14025200 143872 526984 65 14194067 24657 14257164 89 262145 65 81 32 80 16
is_linear=0
shrinkage=0.05


Tree=111
num_leaves=31
num_cat=14
split_feature=6 3 1 7 1 3 1 3 3 1 3 1 0 0 1 2 2 3 0 6 7 0 1 7 0 5 6 1 2 0
split_gain=9.71831 21.2673 45.3926 17.0037 13.8665 10.6836 59.007 74.7126 38.0857 25.5741 24.1223 18.8362 17.1985 15.3142 14.8484 12.7927 11.6546 11.5073 12.6927 11.4439 11.1407 10.1071 9.40745 9.40503 8.83081 8.80756 8.51049 8.38148 9.92632 7.98571
threshold=12.599324305273347 5.5000000000000009 0 0.029154964549149176 1 3.5000000000000004 2 4.5000000000000009 5.5000000000000009 3 5.5000000000000009 4 5 6 7 20.500000000000004 17.500000000000004 4.5000000000000009 8 13.147788404636154 0.087152745487173097 9 10 0.034521400803542678 11 3.5000000000000004 11.990580988694822 12 9.5000000000000018 13
decision_type=2 2 1 2 1 2 1 2 2 1 2 1 1 1 1 2 2 2 1 2 2 1 1 2 1 2 2 1 2 1
left_child=1 3 -3 4 -1 9 8 12 14 -2 -9 21 -8 25 29 16 -11 18 -16 -15 -13 -12 -5 -17 -19 -10 -6 -4 -29 -7
right_child=5 2 27 22 26 6 7 10 13 15 11 20 -14 19 17 23 -18 24 -20 -21 -22 -23 -24 -25 -26 -27 -28 28 -30 -31
leaf_value=2.8202770152001811e-06 9.5418848786148897e-06 0.00020776417223284939 -3.9322402638087077e-05 7.1140280584599744e-05 -0.00083501176375627055 5.3155043858404974e-05 -4.2541356242056794e-05 -2.8024370447177208e-05 7.7058407673260418e-05 -2.0613154494116167e-05 -0.00010845675531195691 -0.00027539556963959347 4.7211833785198307e-05 0.00013657267064152504 -9.7407234137447682e-05 0.00019231005630333394 7.8846101004954868e-06 5.1842575347214176e-05 -1.6954823529983371e-05 5.9549104934064796e-05 -0.0001539075480129021 -4.8406670598641088e-05 2.7142523513065328e-06 -6.1535580032922801e-05 -2.7064059101408053e-06 2.9892710202927831e-06 -0.0010354536550091207 -0.00049204554079070126 -0.00018160827861570981 6.1783944283508314e-06
leaf_weight=4782 214952 8871 10282 112160 533 32156 9101 53914 11205 294601 13077 3324 45667 20227 9917 589 88757 20467 65139 44350 3518 35068 56982 28680 52914 29849 3241 932 10444 30092
leaf_count=4782 214952 8871 10282 112160 533 32156 9101 53914 11205 294601 13077 3324 45667 20227 9917 589 88757 20467 65139 44350 3518 35068 56982 28680 52914 29849 3241 932 10444 30092
internal_value=-2.5365e-05 0.000288027 -0.000931082 0.000497473 -0.00167719 -8.42841e-05 9.32842e-05 -0.000677393 0.000492056 -0.000220092 -0.00143502 -0.00217188 0.000828951 0.00126691 0.000103591 -0.000450456 -0.000373541 -0.000168242 -0.000603549 0.00174687 -0.00462639 -0.00182172 0.000607478 -0.00145803 0.000276979 0.000511397 -0.00393763 -0.00216448 -0.0031003 0.000751711
internal_weight=1.31579e+06 208227 30529 177698 8556 1.10756e+06 479985 163669 316316 627579 108901 54987 54768 105631 210685 412627 383358 148437 75056 64577 6842 48145 169142 29269 73381 41054 3774 21658 11376 62248
internal_count=1315791 208227 30529 177698 8556 1107564 479985 163669 316316 627579 108901 54987 54768 105631 210685 412627 383358 148437 75056 64577 6842 48145 169142 29269 73381 41054 3774 21658 11376 62248
cat_boundaries=0 1 2 3 4 5 6 7 8 9 10 11 12 13 14
cat_threshold=36 69 46 81 17 4456536 9179734 2 4718616 740164 100 267632 3 229161
is_linear=0
shrinkage=0.05


Tree=112
num_leaves=31
num_cat=11
split_feature=6 1 3 5 5 3 3 0 0 3 1 0 0 0 3 2 3 1 2 0 7 0 2 6 6 1 2 3 2 2
split_gain=9.22587 14.6008 12.3347 10.3175 14.4821 11.5364 16.9293 22.3601 15.3446 14.8353 20.313 18.7608 15.4408 11.0786 12.1872 9.52571 15.1388 9.2002 8.55735 8.39292 8.1804 8.12798 8.01916 7.98657 7.49275 6.76001 6.73103 6.71326 7.49921 8.50739
threshold=13.873910353681742 0 5.5000000000000009 5.5000000000000009 6.5000000000000009 2.5000000000000004 1.5000000000000002 1 2 4.5000000000000009 3 4 5 6 3.5000000000000004 12.500000000000002 1.0000000180025095e-35 7 9.5000000000000018 8 0.12220391884697518 9 16.500000000000004 12.824983095337226 13.402230870373574 10 19.500000000000004 2.5000000000000004 18.500000000000004 11.500000000000002
decision_type=2 1 2 2 2 2 2 1 1 2 1 1 1 1 2 2 2 1 2 1 2 1 2 2 2 1 2 2 2 2
left_child=1 2 24 20 13 6 8 -8 15 11 21 -7 22 14 27 -6 -17 -10 -9 -16 26 -11 -12 -19 -1 -18 -3 -5 29 -29
right_child=-2 3 -4 4 5 9 7 18 17 10 12 -13 -14 -15 19 16 25 23 -20 -21 -22 -23 -24 -25 -26 -27 -28 28 -30 -31
leaf_value=0.00017404778031450096 -1.8210588374735492e-05 5.0704469798695115e-06 -4.6021899075886134e-05 -6.3981243747388697e-05 -0.00010877109096752731 -4.7734544095731117e-05 -0.00016266823259237473 0.0001303296758979576 -0.00017641532593364528 -0.00012262836840746857 -7.0401825051599759e-05 7.2704065707537854e-05 8.44087221628008e-05 -1.3991062981050934e-05 2.4241610756180633e-05 -9.1143230746814754e-05 -5.1819679353064167e-05 0.00013993247804222741 -3.6135612837714588e-05 -7.1468770035441892e-05 8.0585318492083091e-05 -3.1221116983257484e-05 6.3512432558261546e-05 2.949452179434528e-05 4.3133367992527484e-05 0.00010925426264304615 -1.1347570592522976e-05 -8.7860799334694289e-05 8.3552970219342989e-06 -0.00025918048505879768
leaf_weight=10207 134237 653693 7718 18350 7109 8956 8791 2127 1931 5975 8814 36463 14929 162776 11558 5558 1598 5906 11453 8331 23807 10290 4934 14808 34588 4975 89817 1831 1199 3062
leaf_count=10207 134237 653693 7718 18350 7109 8956 8791 2127 1931 5975 8814 36463 14929 162776 11558 5558 1598 5906 11453 8331 23807 10290 4934 14808 34588 4975 89817 1831 1199 3062
internal_value=-2.4187e-05 2.04392e-05 0.000835348 -1.74704e-05 -0.000237612 0.000128543 -0.000383622 -0.00149412 0.000209502 0.000492746 -0.000151306 0.00113003 0.000649249 -0.000510968 -0.00121163 -0.000828571 2.26692e-05 0.00109137 -0.000220751 -0.000292875 8.63072e-05 -0.00156221 -0.000559674 0.00139934 0.00115359 0.00164689 5.70941e-05 -0.00195974 -0.0033979 -0.0042663
internal_weight=1.31579e+06 1.18155e+06 52513 1.12904e+06 361724 154617 64256 22371 41885 90361 44942 45419 28677 207107 44331 19240 12131 22645 13580 19889 767317 16265 13748 20714 44795 6573 743510 24442 6092 4893
internal_count=1315791 1181554 52513 1129041 361724 154617 64256 22371 41885 90361 44942 45419 28677 207107 44331 19240 12131 22645 13580 19889 767317 16265 13748 20714 44795 6573 743510 24442 6092 4893
cat_boundaries=0 1 2 3 4 5 6 7 8 9 10 11
cat_threshold=16 14549488 2174572 65 526472 2011717 4284481 32 8193 13726273 36
is_linear=0
shrinkage=0.05


Tree=113
num_leaves=31
num_cat=14
split_feature=6 3 1 7 1 6 3 1 3 3 1 3 1 0 0 1 2 3 0 7 6 2 0 7 1 1 0 5 0 7
split_gain=9.05786 19.3617 40.9377 13.7838 11.583 9.3951 9.12891 52.7139 67.3445 34.8588 22.2623 21.1686 17.4309 15.1852 13.4216 12.7715 11.593 10.6977 11.9539 10.2668 10.0282 9.99297 8.93605 8.91981 8.66606 8.53315 8.3925 8.19415 7.96123 7.87617
threshold=12.599324305273347 5.5000000000000009 0 0.029154964549149176 1 11.990580988694822 3.5000000000000004 2 4.5000000000000009 5.5000000000000009 3 5.5000000000000009 4 5 6 7 20.500000000000004 4.5000000000000009 8 0.093791546260364872 13.147788404636154 17.500000000000004 9 0.034521400803542678 10 11 12 3.5000000000000004 13 0.043980777748548618
decision_type=2 2 1 2 1 2 2 1 2 2 1 2 1 1 1 1 2 2 1 2 2 2 1 2 1 1 1 2 1 2
left_child=1 3 -3 4 5 -1 10 9 13 15 28 -10 22 -9 27 -8 21 18 -17 -14 -16 -12 -13 -18 29 -5 -19 -11 -2 -4
right_child=6 2 24 25 -6 -7 7 8 11 14 16 12 19 -15 20 17 23 26 -20 -21 -22 -23 -24 -25 -26 -27 -28 -29 -30 -31
leaf_value=-0.00079256162241940443 -5.4067759066861112e-06 0.00026669451631187411 -0.00046590772886073717 7.1833262354236563e-05 1.9192872491724176e-06 -0.001116459587072742 2.9551956816321542e-05 -4.0348937942584488e-05 -2.6412060768450998e-05 7.2405330561324538e-05 -1.9299999294683513e-05 -0.0001021233881276222 -0.00025081949969146046 4.4573091999003395e-05 0.000126654713026394 -9.2363443673341294e-05 0.00018326193201779334 3.5201217099029364e-05 -1.590837108499943e-05 -0.0001175548508284309 5.6328569755408414e-05 7.5056269165395265e-06 -4.576587836422116e-05 -5.8178937803080381e-05 -3.4187780382041041e-05 4.1031346754004385e-06 -1.7201323436762118e-05 5.5903964451993475e-07 2.0084912981031304e-05 -0.00017119112057554961
leaf_weight=533 96414 7518 938 105371 5046 2977 62248 9101 53914 10563 294601 13077 4201 45667 20962 9917 589 43290 65139 2641 45913 88757 35068 28680 11635 63771 30091 28193 118538 10438
leaf_count=533 96414 7518 938 105371 5046 2977 62248 9101 53914 10563 294601 13077 4201 45667 20962 9917 589 43290 65139 2641 45913 88757 35068 28680 11635 63771 30091 28193 118538 10438
internal_value=-2.2933e-05 0.000279623 -0.000883586 0.000479465 -0.00147849 -0.00367898 -7.98148e-05 8.43256e-05 -0.000644096 0.000461233 -0.000205353 -0.00136339 -0.00205367 0.000786043 0.00120254 8.95887e-05 -0.000420285 -0.000162516 -0.000582232 -0.00441477 0.00163153 -0.000347065 -0.00171685 -0.00137945 -0.00192976 0.000578508 0.000266758 0.000461745 0.000207246 -0.00291147
internal_weight=1.31579e+06 208227 30529 177698 8556 3510 1.10756e+06 479985 163669 316316 627579 108901 54987 54768 105631 210685 412627 148437 75056 6842 66875 383358 48145 29269 23011 169142 73381 38756 214952 11376
internal_count=1315791 208227 30529 177698 8556 3510 1107564 479985 163669 316316 627579 108901 54987 54768 105631 210685 412627 148437 75056 6842 66875 383358 48145 29269 23011 169142 73381 38756 214952 11376
cat_boundaries=0 1 2 3 4 5 6 7 8 9 10 11 12 13 14
cat_threshold=32 32 46 81 17 4456536 791126 2 4718616 740164 64 96 276343 9925123
is_linear=0
shrinkage=0.05


Tree=114
num_leaves=31
num_cat=13
split_feature=6 1 3 5 5 0 3 2 2 0 3 3 3 0 0 0 7 6 3 0 3 1 3 3 1 1 3 1 0 0
split_gain=8.31296 14.9 10.3221 8.8822 12.0034 10.2974 10.5028 9.2968 14.5104 9.85078 10.0904 16.6184 17.5829 8.16103 7.89008 7.04684 6.94 6.41616 6.29998 12.5803 12.0944 33.4297 61.6155 29.4169 23.5923 13.4443 38.575 11.3403 10.8843 10.6858
threshold=13.836985315391791 0 5.5000000000000009 5.5000000000000009 6.5000000000000009 1 3.5000000000000004 16.500000000000004 8.5000000000000018 2 4.5000000000000009 2.5000000000000004 1.5000000000000002 3 4 5 0.12220391884697518 12.725631027497728 1.0000000180025095e-35 6 2.5000000000000004 7 4.5000000000000009 4.5000000000000009 8 9 1.5000000000000002 10 11 12
decision_type=2 1 2 2 2 1 2 2 2 1 2 2 2 1 1 1 2 2 2 1 2 1 2 2 1 1 2 1 1 1
left_child=1 2 -1 16 5 6 -5 8 -6 10 11 12 -10 -8 -2 -9 18 -18 19 -3 24 22 -22 29 -20 26 -26 -21 -25 -23
right_child=14 3 -4 4 7 -7 13 15 9 -11 -12 -13 -14 -15 -16 -17 17 -19 20 27 21 23 -24 28 25 -27 -28 -29 -30 -31
leaf_value=6.8020596642328834e-05 1.5901643471170902e-06 -5.1945503819453637e-05 -4.1204537929406471e-05 -8.6844648166679696e-05 6.0858260402782419e-05 -1.3114832759200668e-05 2.3199640990020227e-05 7.6688809545383008e-05 -1.2524202256264556e-05 -7.7287991545778312e-08 -0.00010603079418502193 4.3406702665922325e-05 -0.00016841331523278301 -7.9005905129436726e-05 -2.9633232074962464e-05 1.7763944812614412e-05 0.00026448599972811671 3.1530347128890666e-05 1.5746907619426306e-05 0.00015162921898277844 2.2848075940130193e-05 -3.4947696556851189e-05 -5.5311446240474686e-05 7.1463821331963463e-05 -0.00029028495106491609 -2.1835748184379641e-05 1.2508498279527325e-05 1.5824600346675892e-05 2.8876365811628462e-05 1.0822031826278333e-05
leaf_weight=39852 69989 9179 6847 21890 14647 164929 11389 13744 8838 53702 9197 9154 4540 6257 85184 38693 5327 18322 81892 10384 81387 36996 78757 66440 8506 112353 10008 79883 61372 96133
leaf_count=39852 69989 9179 6847 21890 14647 164929 11389 13744 8838 53702 9197 9154 4540 6257 85184 38693 5327 18322 81892 10384 81387 36996 78757 66440 8506 112353 10008 79883 61372 96133
internal_value=-2.2173e-05 2.37804e-05 0.000898649 -1.29048e-05 -0.0002185 -0.000468907 -0.00119355 0.000117202 -0.000165371 -0.000414662 -0.00111298 -0.000543671 -0.00166692 -0.000286184 -0.000365882 0.000656502 8.40557e-05 0.000927101 5.6867e-05 0.000426865 -1.18326e-06 0.000154066 -0.000414601 0.000503064 -0.000308448 -0.000724917 -0.00197312 0.00060619 0.00104489 -1.70887e-05
internal_weight=1.31579e+06 1.16062e+06 46699 1.11392e+06 356980 204465 39536 152515 100078 85431 31729 22532 13378 17646 155173 52437 756939 23649 733290 99446 633844 421085 160144 260941 212759 130867 18514 90267 127812 133129
internal_count=1315791 1160618 46699 1113919 356980 204465 39536 152515 100078 85431 31729 22532 13378 17646 155173 52437 756939 23649 733290 99446 633844 421085 160144 260941 212759 130867 18514 90267 127812 133129
cat_boundaries=0 1 2 3 4 5 6 7 8 9 10 11 12 13
cat_threshold=16 4218945 9843392 8193 12702060 8897601 262145 65 65 32 64 4552075 12845362
is_linear=0
shrinkage=0.05


Tree=115
num_leaves=31
num_cat=13
split_feature=6 3 1 1 3 3 1 3 3 1 1 0 0 6 0 2 7 6 0 0 0 7 7 2 5 0 3 3 0 5
split_gain=8.2581 17.8803 97.1167 16.6308 15.676 12.4299 19.5324 27.1401 22.3228 12.2516 11.9894 11.9708 11.0782 10.6105 10.4845 9.27431 9.11096 10.708 9.04246 8.51147 8.47186 8.3728 8.11831 7.97009 7.55037 8.04013 7.23459 9.66376 7.10112 7.01055
threshold=12.977402343100168 5.5000000000000009 0 1 4.5000000000000009 3.5000000000000004 2 5.5000000000000009 5.5000000000000009 3 4 5 6 13.418732110989612 7 9.5000000000000018 0.030551983978343782 12.147946851847994 8 9 10 0.048049715389804147 0.11437927845860141 20.500000000000004 2.5000000000000004 11 1.5000000000000002 2.5000000000000004 12 3.5000000000000004
decision_type=2 2 1 1 2 2 1 2 2 1 1 1 1 2 1 2 2 2 1 1 1 2 2 2 2 1 2 2 1 2
left_child=1 3 10 4 28 9 8 19 12 13 21 29 -7 -2 24 -12 17 18 -5 -8 -4 -3 -17 -16 25 26 -11 -28 -1 -10
right_child=5 2 20 16 -6 6 7 -9 11 14 15 -13 -14 -15 23 22 -18 -19 -20 -21 -22 -23 -24 -25 -26 -27 27 -29 -30 -31
leaf_value=0.00014493964187269268 0.00015860286865683506 -5.667220531155558e-05 0.00016474871844101985 -0.00075534750899814568 -4.1212926949145416e-05 1.8581700927725045e-05 3.340893355849167e-05 -6.6189009193488865e-05 5.9683267594447602e-05 -1.7561904945589611e-05 -0.00034268548920926708 6.5659941533350447e-05 -1.5897266604900097e-05 7.0818440329904756e-06 -2.2909371082632803e-05 -0.00015288751028898624 7.6394219317753656e-06 -1.3676661095339896e-05 -5.1531046317723588e-06 -1.4951923104138816e-05 5.3332400953519203e-05 -3.0556138182231272e-05 -0.00058795151410451294 -5.2607710466378958e-05 -2.2174362509196077e-07 -2.7855159483808345e-05 -0.00057446444171444725 -0.00010578798482075696 6.1127926150084466e-05 -1.4255466983594153e-05
leaf_weight=17812 6480 12167 12535 713 17451 77516 23305 31511 8244 1038 1371 56695 95807 54067 205821 14586 299354 24892 526 38246 16322 15289 759 16938 161995 12198 657 689 69139 21668
leaf_count=17812 6480 12167 12535 713 17451 77516 23305 31511 8244 1038 1371 56695 95807 54067 205821 14586 299354 24892 526 38246 16322 15289 759 16938 161995 12198 657 689 69139 21668
internal_value=-2.0957e-05 0.000138293 -0.000585042 0.000261173 0.000810252 -0.000119483 0.000103685 -0.000517879 0.000326229 -0.00029078 -0.00205853 0.000981734 -1.29815e-06 0.000371964 -0.000391265 -0.00311491 8.50243e-05 -0.00081034 -0.00534705 9.30123e-05 0.00167059 -0.00141448 -0.00276474 -0.000619364 -0.00010349 -0.00119325 -0.00384294 -0.00627786 0.00108481 0.000172114
internal_weight=1.31579e+06 502916 73029 429887 104402 812875 352992 93062 259930 459883 44172 86607 173323 60547 399336 16716 325485 26131 1239 61551 28857 27456 15345 222759 176577 14582 2384 1346 86951 29912
internal_count=1315791 502916 73029 429887 104402 812875 352992 93062 259930 459883 44172 86607 173323 60547 399336 16716 325485 26131 1239 61551 28857 27456 15345 222759 176577 14582 2384 1346 86951 29912
cat_boundaries=0 1 2 3 4 5 6 7 8 9 10 11 12 13
cat_threshold=65 88 46 16 1 856598 483105 4886236 381068 2880258 4128811 32896 3637256
is_linear=0
shrinkage=0.05


Tree=116
num_leaves=31
num_cat=17
split_feature=6 7 1 5 3 0 0 1 3 0 5 3 1 3 3 1 6 0 0 3 1 3 0 0 0 0 0 1 0 3
split_gain=7.86702 16.5286 7.83916 7.41564 12.2345 18.6138 10.5843 9.49958 7.5393 14.1476 9.99067 8.34822 26.3858 49.7581 28.9411 15.8351 11.2648 10.946 10.0836 10.5842 10.0586 30.1849 8.93184 8.26657 8.24071 7.44351 7.34931 7.10886 6.98956 6.8093
threshold=12.2093123918769 0.029154964549149176 0 5.5000000000000009 1.0000000180025095e-35 1 2 3 1.0000000180025095e-35 4 3.5000000000000004 2.5000000000000004 5 4.5000000000000009 4.5000000000000009 6 13.137882825286564 7 8 5.5000000000000009 9 1.5000000000000002 10 11 12 13 14 15 16 5.5000000000000009
decision_type=2 2 1 2 2 1 1 1 2 1 2 2 1 2 2 1 2 1 1 2 1 2 1 1 1 1 1 1 1 2
left_child=1 2 -1 8 5 -5 -6 -7 9 10 -2 15 14 17 22 26 -16 -14 -15 -20 21 -17 -13 -18 -21 -22 -10 -11 -23 -3
right_child=3 29 -4 4 6 7 -8 -9 11 27 -12 12 13 18 16 20 23 -19 19 24 25 28 -24 -25 -26 -27 -28 -29 -30 -31
leaf_value=-0.00075711152427849408 -0.00013562396133521439 9.56440903331711e-05 -1.5306345251898773e-06 7.6941542125495016e-05 -3.0123307069987448e-05 -0.00011322060562197773 6.8924575701359569e-07 -4.0622989929389734e-05 4.1416868233634319e-05 5.7494300563971927e-05 1.1450199957603949e-06 -3.2399400435118453e-05 3.9767191405760613e-05 -6.9320952321375723e-06 8.3184622043727327e-05 -0.00024288631317344602 -5.9809590345821787e-06 -3.5270878168430777e-06 -3.779354288999592e-05 -0.00014175553199951736 -3.4529797456067314e-05 -0.00014613933210443406 5.6962885757343155e-06 3.9731177344797067e-05 -6.5554554924834345e-05 -2.0338731138656515e-06 -2.3426807066566359e-07 9.095828679367424e-06 7.0053512319272904e-05 -5.3948076581919821e-05
leaf_weight=1236 4686 43049 854 6207 61583 9174 282217 42913 23621 41442 6118 44562 47007 20997 49324 7870 30193 49535 37566 6348 68405 2449 110687 69438 28815 67136 73508 64475 6904 7472
leaf_count=1236 4686 43049 854 6207 61583 9174 282217 42913 23621 41442 6118 44562 47007 20997 49324 7870 30193 49535 37566 6348 68405 2449 110687 69438 28815 67136 73508 64475 6904 7472
internal_value=-2.1717e-05 0.000577351 -0.0037799 -4.66679e-05 -0.000223953 -0.000893745 -0.000110384 -0.00120208 3.61172e-05 0.000409738 -0.00131311 -2.24688e-05 9.65677e-05 -0.000365255 0.000385419 -0.00025801 0.00088332 0.000431418 -0.0011859 -0.00146448 -0.00057536 -0.00171328 -9.22711e-05 0.000577381 -0.00208813 -0.00043065 0.000241149 0.000585545 0.000205816 0.000757606
internal_weight=1.31579e+06 52611 2090 1.26318e+06 402094 58294 343800 52087 861086 116721 10804 744365 494472 190268 304204 249893 148955 96542 93726 72729 152764 17223 155249 99631 35163 135541 97129 105917 9353 50521
internal_count=1315791 52611 2090 1263180 402094 58294 343800 52087 861086 116721 10804 744365 494472 190268 304204 249893 148955 96542 93726 72729 152764 17223 155249 99631 35163 135541 97129 105917 9353 50521
cat_boundaries=0 1 2 3 4 5 6 7 8 9 10 11 12 13 14 15 16 17
cat_threshold=32 558096 548944 2 262145 46 81 12133029 4243467 32 12845362 3770884 836 2160042 295544 116 9573504
is_linear=0
shrinkage=0.05


Tree=117
num_leaves=31
num_cat=12
split_feature=6 1 6 3 7 6 2 6 0 0 5 3 0 0 0 1 3 6 1 3 3 6 0 0 0 1 3 3 2 2
split_gain=7.44583 13.3335 8.67194 9.07277 7.84162 8.95941 8.27559 8.07972 7.83488 7.46844 6.91406 10.7166 16.4592 9.44712 7.75002 6.95145 21.5248 13.8473 11.5208 9.45765 7.5964 7.42407 7.23493 6.27592 6.1468 6.04066 24.6749 7.37035 5.69321 5.61014
threshold=13.836985315391791 0 13.412720618397271 5.5000000000000009 0.020498863159263622 12.031923105590947 9.5000000000000018 11.990580988694822 1 2 5.5000000000000009 1.0000000180025095e-35 3 4 5 6 4.5000000000000009 12.987159730030582 7 4.5000000000000009 5.5000000000000009 13.331380416993229 8 9 10 11 1.5000000000000002 1.5000000000000002 9.5000000000000018 12.500000000000002
decision_type=2 1 2 2 2 2 2 2 1 1 2 2 1 1 1 1 2 2 1 2 2 2 1 1 1 1 2 2 2 2
left_child=1 2 28 -4 7 6 -6 -3 -8 -2 -7 12 -12 -13 -14 19 17 -17 24 25 -20 23 -22 -21 -18 27 -27 29 -1 -15
right_child=9 4 3 -5 5 10 8 -9 -10 -11 11 13 14 15 -16 16 18 -19 20 21 22 -23 -24 -25 -26 26 -28 -29 -30 -31
leaf_value=-3.527125877107514e-05 -3.1059050699491428e-05 -0.00064254372777538041 4.1590658645813271e-05 -7.1194831601585279e-05 -0.00027999841528405719 2.7937419057591159e-06 3.860906259000319e-05 -1.9816981282495989e-05 0.00022966831867432189 -2.232275828659841e-06 6.0825738176654989e-05 -2.673911084332542e-05 -0.00011797253388042967 -8.4349955929229066e-06 -4.1188802896854897e-05 3.2332172813778066e-05 6.7876117091397042e-05 -2.4760667851340609e-05 -3.3180865917062376e-05 -8.8129166092715269e-07 -0.00015072941339306975 1.1872443062200742e-05 -6.4466817608727076e-05 0.00013275582828348176 -2.7320865658014837e-05 -0.00031377320965544599 1.6113880156459759e-05 -3.5766753853826162e-06 0.00017466715165134761 8.3500588221577251e-05
leaf_weight=1719 64766 456 29011 4956 2111 733393 13073 9785 10381 90407 7057 65287 8706 4239 34287 50484 4557 28844 13559 4378 4015 17926 11849 15607 9681 3096 10407 41160 11013 9581
leaf_count=1719 64766 456 29011 4956 2111 733393 13073 9785 10381 90407 7057 65287 8706 4239 34287 50484 4557 28844 13559 4378 4015 17926 11849 15607 9681 3096 10407 41160 11013 9581
internal_value=-2.0615e-05 2.28757e-05 0.000850478 0.000433509 -1.18275e-05 9.51364e-07 0.000926071 -0.00138902 0.00119596 -0.000345904 -2.09857e-05 -0.000205674 -0.000882118 -9.07795e-05 -0.00124933 6.02678e-05 -0.000195733 0.000294978 -0.00108735 0.00035619 -0.00165206 0.000989818 -0.00239536 0.00165249 8.07131e-05 5.47581e-06 -0.000941686 0.000238225 0.00196356 0.00123734
internal_weight=1.31579e+06 1.16062e+06 46699 33967 1.11392e+06 1.10368e+06 25565 10241 23454 155173 1.07811e+06 344720 50050 294670 42993 229383 122989 79328 43661 106394 29423 37911 15864 19985 14238 68483 13503 54980 12732 13820
internal_count=1315791 1160618 46699 33967 1113919 1103678 25565 10241 23454 155173 1078113 344720 50050 294670 42993 229383 122989 79328 43661 106394 29423 37911 15864 19985 14238 68483 13503 54980 12732 13820
cat_boundaries=0 1 2 3 4 5 6 7 8 9 10 11 12
cat_threshold=16 1071230 3941521 558352 13131856 139808 42 4 332290 299009 332072 10
is_linear=0
shrinkage=0.05


Tree=118
num_leaves=31
num_cat=8
split_feature=7 6 7 6 6 3 1 1 3 6 3 1 3 1 1 3 1 6 2 6 2 7 0 2 7 7 6 0 7 3
split_gain=7.24768 6.88557 6.39522 8.45548 6.53239 14.1676 27.3617 9.13239 13.7453 12.4085 11.9632 11.6055 10.9822 8.04729 7.69015 14.9429 15.1519 11.8211 11.0759 9.60949 8.94812 8.24118 7.18038 6.8299 14.5058 11.8779 6.82127 6.80443 6.72708 6.22947
threshold=0.12902617738043118 14.174977275137024 0.020498863159263622 11.990580988694822 12.599324305273347 5.5000000000000009 0 1 2.5000000000000004 12.482153937926691 4.5000000000000009 2 4.5000000000000009 3 4 3.5000000000000004 5 13.157220255891877 20.500000000000004 13.412720618397271 9.5000000000000018 0.034521400803542678 6 18.500000000000004 0.10535545766871728 0.069138517793051232 13.05748933331842 7 0.080649833531499404 4.5000000000000009
decision_type=2 2 2 2 2 2 1 1 2 2 2 1 2 1 1 2 1 2 2 2 2 2 1 2 2 2 2 1 2 2
left_child=1 2 3 -1 5 7 -7 10 9 -9 -4 12 27 -8 15 16 19 -17 23 -6 -16 -20 -19 24 -18 -25 -22 -10 -14 -13
right_child=-2 -3 4 -5 14 6 13 8 11 -11 -12 29 28 -15 20 17 18 22 21 -21 26 -23 -24 25 -26 -27 -28 -29 -30 -31
leaf_value=-0.00061041654138661134 0.0001096858434506201 -3.2994367331625962e-05 9.2488170409960394e-05 -1.7666988780528673e-05 0.00017302565783978153 0.0002269038350948601 -0.00016740571024376986 -6.0812917905154683e-05 -5.5176429114430636e-05 1.8652653026196218e-05 -4.6245559876572501e-05 2.7298495042945085e-05 0.00020107772603638366 -2.35021309219291e-05 1.2941964398351796e-05 5.7412226736586454e-05 -9.906025046022178e-06 2.5174968656687183e-05 0.00017733759035246899 1.883985213919793e-05 -5.7350661029687003e-06 -5.2524583203305067e-05 -1.6352916868793421e-06 0.00018429235691578527 -0.00021311032549979278 1.358294725333914e-05 -2.0553628021331186e-05 0.00018551860855069505 0.00056653483204885944 -3.531375471102043e-05
leaf_weight=456 9900 30628 54162 10160 7261 6940 11358 30641 6119 21821 10952 22197 3542 11259 103045 36500 197520 93064 589 43754 251071 28219 112791 2212 3788 32975 150269 7747 3433 11418
leaf_count=456 9900 30628 54162 10160 7261 6940 11358 30641 6119 21821 10952 22197 3542 11259 103045 36500 197520 93064 589 43754 251071 28219 112791 2212 3788 32975 150269 7747 3433 11418
internal_value=-1.9475e-05 -2.96924e-05 -1.18995e-05 -0.00123399 -1.64077e-06 0.000259315 -0.000751937 0.000433059 0.000148698 -0.000428882 0.000899822 0.000705156 0.00163182 -0.00159433 -5.11261e-05 7.66535e-05 -0.000149691 0.000372078 -0.000301436 0.000639392 -0.000192657 -0.00122709 0.000225037 -0.000188693 -0.000301031 0.000454003 -0.000299372 0.000818549 0.0032509 0.000130112
internal_weight=1.31579e+06 1.30589e+06 1.27526e+06 10616 1.26465e+06 201589 29557 172032 106918 52462 65114 54456 20841 22617 1.06306e+06 558673 316318 242355 265303 51015 504385 28808 205855 236495 201308 35187 401340 13866 6975 33615
internal_count=1315791 1305891 1275263 10616 1264647 201589 29557 172032 106918 52462 65114 54456 20841 22617 1063058 558673 316318 242355 265303 51015 504385 28808 205855 236495 201308 35187 401340 13866 6975 33615
cat_boundaries=0 1 2 3 4 5 6 7 8
cat_threshold=32 64 32 64 26 16 1235241 45117
is_linear=0
shrinkage=0.05


Tree=119
num_leaves=31
num_cat=13
split_feature=6 0 5 5 0 3 3 3 0 0 0 2 0 1 3 2 3 1 3 0 3 1 3 3 1 1 3 6 0 5
split_gain=6.70737 8.42508 6.4333 11.2508 9.52265 9.6592 9.24732 16.8863 24.2709 13.2391 13.0578 10.8764 9.15491 8.96061 8.84273 13.0136 8.14637 9.4474 7.67084 13.2625 9.52601 25.8876 24.2405 22.1283 30.8937 19.9794 36.239 12.0987 11.5049 24.3156
threshold=14.200316706876533 0 5.5000000000000009 6.5000000000000009 1 1.0000000180025095e-35 2.5000000000000004 1.5000000000000002 2 3 4 9.5000000000000018 5 6 1.0000000180025095e-35 12.500000000000002 4.5000000000000009 7 1.0000000180025095e-35 8 2.5000000000000004 9 4.5000000000000009 4.5000000000000009 10 11 1.5000000000000002 13.052806418276131 12 3.5000000000000004
decision_type=2 1 2 2 1 2 2 2 1 1 1 2 1 1 2 2 2 1 2 1 2 1 2 2 1 1 2 2 1 2
left_child=2 -2 18 4 5 -4 7 10 -9 -8 14 -10 -13 -14 -5 -16 17 -11 19 -1 25 22 -22 28 -25 26 -20 -27 29 -23
right_child=1 -3 3 6 -6 -7 9 8 11 16 -12 12 13 -15 15 -17 -18 -19 20 -21 21 23 -24 24 -26 27 -28 -29 -30 -31
leaf_value=-4.8351684424588312e-05 -0.00020448930436599462 -2.5025641120359281e-05 -4.8853783612469971e-05 -8.5278044863853347e-05 -2.83856299699398e-05 8.2825426971737393e-06 -4.5165915164391978e-06 -0.00025069002686327785 8.7801537841724833e-05 1.5460254865933345e-05 4.3139572539831891e-05 2.8899934276124112e-05 -3.0199155368414515e-05 -0.00012023213353328822 -9.5472987257044965e-05 7.1133063933302539e-05 1.8967568981703536e-05 0.00011152558643577823 -0.00027085782191115057 2.667212264456931e-05 1.4262793442736122e-06 -0.00013567429975067414 5.6545078598482101e-05 2.0242787600508602e-05 -4.4777349558949164e-05 1.3863382202872373e-05 1.9153065527701894e-05 -1.6546728726832618e-05 1.8942623712876058e-05 2.3385933648998117e-05
leaf_weight=11074 1183 24286 16016 9526 137112 83511 51632 3680 3417 9343 27574 4777 6237 7330 3817 6690 25174 16265 9188 108013 103611 8504 99619 51013 97147 96268 10790 138403 132011 12580
leaf_count=11074 1183 24286 16016 9526 137112 83511 51632 3680 3417 9343 27574 4777 6237 7330 3817 6690 25174 16265 9188 108013 103611 8504 99619 51013 97147 96268 10790 138403 132011 12580
internal_value=-1.8069e-05 -0.000821587 -2.20875e-06 -0.00016519 -0.000390151 -1.78326e-05 0.000138207 -0.000291589 -0.00133151 0.000444763 0.000264142 -0.000694732 -0.0011775 -0.00183951 -0.000707229 0.000292662 0.00101788 0.00164597 7.42695e-05 0.000447362 1.57416e-05 0.00014158 0.000577642 -0.000152607 -0.000588215 -0.000233557 -0.00175105 -0.000104291 0.000268951 -0.000815398
internal_weight=1.31579e+06 25469 1.29032e+06 412101 236639 99527 175462 73048 25441 102414 47607 21761 18344 13567 20033 10507 50782 25608 878221 119087 759134 504485 203230 301255 148160 254649 19978 234671 153095 21084
internal_count=1315791 25469 1290322 412101 236639 99527 175462 73048 25441 102414 47607 21761 18344 13567 20033 10507 50782 25608 878221 119087 759134 504485 203230 301255 148160 254649 19978 234671 153095 21084
cat_boundaries=0 1 2 3 4 5 6 7 8 9 10 11 12 13
cat_threshold=128 3153800 5505280 10107529 2320996 101889 120 12 262145 38 8 32 4456514
is_linear=0
shrinkage=0.05


Tree=120
num_leaves=31
num_cat=14
split_feature=6 3 1 7 1 6 1 7 0 1 7 0 1 3 7 3 1 3 3 1 0 0 1 2 0 3 0 2 7 3
split_gain=6.65443 11.8486 28.188 10.5916 10.7185 10.1541 6.55628 8.13659 9.80117 6.26554 6.18928 6.75936 5.66753 34.8025 8.97269 8.85776 20.1486 33.9872 25.275 13.2813 11.6715 10.842 10.1347 9.06369 8.25842 7.75999 8.12915 7.68415 7.63354 7.19445
threshold=12.599324305273347 5.5000000000000009 0 0.029154964549149176 1 11.990580988694822 2 0.053728384080022847 3 4 0.034521400803542678 5 6 5.5000000000000009 0.093791546260364872 3.5000000000000004 7 4.5000000000000009 5.5000000000000009 8 9 10 11 20.500000000000004 12 5.5000000000000009 13 17.500000000000004 0.034521400803542678 4.5000000000000009
decision_type=2 2 1 2 1 2 1 2 1 1 2 1 1 2 2 2 1 2 2 1 1 1 1 2 1 2 1 2 2 2
left_child=1 3 -3 4 5 -1 10 -8 -9 -4 -5 -12 13 -2 -15 19 17 20 22 -14 -17 -20 24 27 -18 -19 -27 -21 -25 -24
right_child=12 2 9 6 -6 -7 7 8 -10 -11 11 -13 15 14 -16 16 18 25 21 23 -22 -23 29 28 -26 26 -28 -29 -30 -31
leaf_value=-0.00060320974594143964 -2.8436245394471846e-06 0.0002301330441017862 -2.161413071351537e-05 0.00033224987324887567 3.4247737860215038e-06 -0.0010273521555549093 1.9250324962091087e-05 4.6940156685625765e-05 -6.0770649092548729e-05 -0.00015166829448298274 9.1900919713685389e-05 2.8888800821264342e-05 6.8574589047624982e-06 -0.00022306319338871763 -9.7531496606168011e-05 -4.2283960470941924e-05 -3.6240089374584351e-05 -1.6274827163873742e-05 7.3626223537248691e-05 -1.5503762778089349e-05 3.9396688605106841e-05 2.3618450640380819e-05 -2.5755303958000486e-05 0.00017331145820791879 3.2275231377422618e-05 -8.6342083556033289e-05 -3.4573425606227157e-05 9.1704113567715746e-06 -4.921523345824044e-05 6.8214164714752725e-06
leaf_weight=533 41195 7518 10978 1570 5046 2977 27619 8328 21035 12033 41225 69365 187791 4201 2641 6678 12285 47052 48441 294601 40918 57190 66804 589 66232 13077 35068 88757 28680 65364
leaf_count=533 41195 7518 10978 1570 5046 2977 27619 8328 21035 12033 41225 69365 187791 4201 2641 6678 12285 47052 48441 294601 40918 57190 66804 589 66232 13077 35068 88757 28680 65364
internal_value=-2.0045e-05 0.000239282 -0.000670674 0.000395615 -0.00132071 -0.0034375 0.000482435 4.56204e-05 -0.000533835 -0.00153881 0.000704288 0.000660096 -6.87996e-05 -0.000599933 -0.00390237 -4.47129e-05 0.000120614 -0.000372366 0.000343159 -0.000171131 0.000718548 0.000974383 2.66986e-05 -0.000329769 0.000476588 -0.000917834 -0.00136411 -0.000265026 -0.00117787 -0.000240585
internal_weight=1.31579e+06 208227 30529 177698 8556 3510 169142 56982 29363 23011 112160 110590 1.10756e+06 48037 6842 1.05953e+06 459109 142793 316316 600418 47596 105631 210685 412627 78517 95197 48145 383358 29269 132168
internal_count=1315791 208227 30529 177698 8556 3510 169142 56982 29363 23011 112160 110590 1107564 48037 6842 1059527 459109 142793 316316 600418 47596 105631 210685 412627 78517 95197 48145 383358 29269 132168
cat_boundaries=0 1 2 3 4 5 6 7 8 9 10 11 12 13 14
cat_threshold=32 32 100 9020184 5 2853130 64 17 17 4194392 7522473 34 4718800 740164
is_linear=0
shrinkage=0.05


Tree=121
num_leaves=31
num_cat=14
split_feature=6 1 3 1 7 1 1 6 1 2 7 6 7 3 0 1 3 3 0 0 0 0 0 7 5 5 0 3 3 0
split_gain=6.48464 13.6803 12.5516 64.0196 9.4563 8.71427 8.63458 8.25586 10.2513 7.81467 8.09549 7.75428 6.94979 6.59188 8.40391 8.26174 16.8906 14.1596 9.45108 8.46506 6.81998 6.5186 6.4025 6.27977 6.17152 5.85313 8.17425 7.79823 10.385 5.69574
threshold=12.977402343100168 0 5.5000000000000009 1 0.030551983978343782 2 3 12.147946851847994 4 10.500000000000002 0.11437927845860141 12.2093123918769 0.024630190825150434 3.5000000000000004 5 6 5.5000000000000009 5.5000000000000009 7 8 9 10 11 0.047698780274746 3.5000000000000004 2.5000000000000004 12 1.5000000000000002 2.5000000000000004 13
decision_type=2 1 2 1 2 1 1 2 1 2 2 2 2 2 1 1 2 2 1 1 1 1 1 2 2 2 1 2 2 1
left_child=1 -1 4 22 7 23 12 8 -3 -7 -11 -6 -2 14 -8 17 29 19 24 -15 -18 -14 -4 -5 -19 26 27 -16 -29 -17
right_child=6 2 3 5 11 9 13 -9 -10 10 -12 -13 21 15 25 16 20 18 -20 -21 -22 -23 -24 -25 -26 -27 -28 28 -30 -31
leaf_value=0.00013734708472675912 0.00018225295811442256 -0.00061055897886268631 0.00013845933023325723 -4.6356766546721241e-05 8.2884208012905255e-05 -0.00026894482074217731 -1.7052493948098608e-05 -1.1568117402432911e-05 8.0825353747719051e-05 -0.00011451949021607996 -0.0005373307807538454 8.5237198829215415e-06 -9.5304547306088871e-05 1.5433207710603867e-05 -1.0717966680685172e-05 4.2034437111430728e-05 -3.7630448006698016e-06 5.135703074317377e-05 5.3719645243006932e-05 -1.486129371929268e-05 -6.6561160610290748e-05 -1.2699450326771056e-05 3.2217243260795893e-05 -2.1906399075219583e-05 -1.8617640129043808e-05 4.4593507578171225e-06 -1.5279488753538496e-05 -0.00054100073264956572 -9.9373113992082699e-05 -4.3366003587341776e-06
leaf_weight=7377 250 889 14381 12158 42861 2746 231964 24959 606 13211 759 354307 17064 74736 1117 13432 8990 7985 54345 91885 21019 15273 13364 15298 20935 192548 14682 702 738 45210
leaf_count=7377 250 889 14381 12158 42861 2746 231964 24959 606 13211 759 354307 17064 74736 1117 13432 8990 7985 54345 91885 21019 15273 13364 15298 20935 192548 14682 702 738 45210
internal_value=-1.9627e-05 0.000121491 8.9648e-05 -0.000521087 0.000193333 -0.00170318 -0.000106935 -0.000722008 -0.0043311 -0.00260373 -0.00212598 0.0002543 -0.000904224 -7.36257e-05 -0.000200848 9.23828e-05 -0.000322295 0.0002395 0.000771933 -2.65573e-05 -0.00128711 -0.000968705 0.00136102 -0.00115415 4.14794e-05 2.84799e-05 -0.000854168 -0.00345734 -0.00590278 0.000171379
internal_weight=1.31579e+06 502916 495539 71917 423622 44172 812875 26454 1495 16716 13970 397168 32587 780288 441751 338537 88651 249886 83265 166621 30009 32337 27745 27456 28920 209787 17239 2557 1440 58642
internal_count=1315791 502916 495539 71917 423622 44172 812875 26454 1495 16716 13970 397168 32587 780288 441751 338537 88651 249886 83265 166621 30009 32337 27745 27456 28920 209787 17239 2557 1440 58642
cat_boundaries=0 1 2 3 4 5 6 7 8 9 10 11 12 13 14
cat_threshold=24 38 1 96 32 9859363 14 856598 483105 5541905 1386681 4129195 32896 2343682
is_linear=0
shrinkage=0.05


Tree=122
num_leaves=31
num_cat=13
split_feature=7 6 1 6 3 5 5 2 2 0 0 3 0 0 0 1 2 0 3 1 3 1 3 1 3 3 6 6 0 0
split_gain=6.45926 5.74285 10.95 8.05698 7.0772 6.67822 9.53616 8.29286 12.9452 7.94398 7.1894 6.22975 8.03625 7.92564 5.64829 5.16263 5.16164 4.97668 4.85269 10.2299 8.81481 21.7664 37.0729 18.2929 31.7155 17.7579 10.8118 9.65369 8.86837 8.49621
threshold=0.12902617738043118 13.873910353681742 0 13.412720618397271 5.5000000000000009 5.5000000000000009 6.5000000000000009 8.5000000000000018 16.500000000000004 1 2 3.5000000000000004 3 4 5 6 9.5000000000000018 7 1.0000000180025095e-35 8 2.5000000000000004 9 4.5000000000000009 10 1.5000000000000002 4.5000000000000009 13.073741248551789 13.137882825286564 11 12
decision_type=2 2 1 2 2 2 2 2 2 1 1 2 1 1 1 1 2 1 2 1 2 1 2 1 2 2 2 2 1 1
left_child=1 2 3 16 -5 18 10 -8 9 -9 -7 13 -13 -10 -3 -12 -1 -17 19 -4 23 22 -22 24 -20 -23 -25 -27 -24 -21
right_child=-2 14 5 4 -6 6 7 8 11 -11 15 12 -14 -15 -16 17 -18 -19 20 29 21 25 28 26 -26 27 -28 -29 -30 -31
leaf_value=-3.6090934450613149e-05 0.00010091435608966283 1.4730132846325213e-06 0.00012358024760992308 3.4257336034628286e-05 -5.6629127157476269e-05 1.140391518066053e-06 5.7640536849502824e-05 -4.5939531819398986e-05 -5.9276401141642594e-05 -3.5630370801866681e-06 6.6555564777054383e-07 9.1900989244293053e-06 0.00010316995200205359 3.3356380497103284e-05 -2.554409234970384e-05 -8.7350144260313001e-05 0.00016097685703103659 -2.7924065218370295e-05 -0.00025687972229805552 -2.0479344695577621e-05 1.7397850525789368e-05 5.9050104413141057e-07 -1.5233641363462253e-05 1.1053448626785478e-05 1.270439170613022e-05 7.7707836991162705e-05 -1.835752066367911e-05 2.2910717408579536e-05 -5.8896356701156066e-05 2.0632294179225713e-05
leaf_weight=1719 9900 57262 11229 33954 5827 60529 14908 26477 8259 60081 26300 10840 11736 20793 76897 8963 11013 109672 8873 28184 81572 140918 30664 99032 10447 51552 102236 83936 48249 63769
leaf_count=1719 9900 57262 11229 33954 5827 60529 14908 26477 8259 60081 26300 10840 11736 20793 76897 8963 11013 109672 8873 28184 81572 140918 30664 99032 10447 51552 102236 83936 48249 63769
internal_value=-1.9817e-05 -2.94626e-05 6.01673e-06 0.000711593 0.000361353 -2.70945e-05 -0.000204988 9.37333e-05 -2.71373e-05 -0.000400887 -0.000427569 0.000599481 0.00122254 0.00011531 -0.000339336 -0.000618683 0.00180647 -0.000759198 5.67598e-05 0.00037555 6.73025e-06 0.000136819 -0.000326334 -0.00025092 -0.00172012 0.000405729 -0.000109798 0.000814463 -0.001099 0.00020144
internal_weight=1.31579e+06 1.30589e+06 1.17173e+06 52513 39781 1.11922e+06 358558 153094 138186 86558 205464 51628 22576 29052 134159 144935 12732 118635 760661 103182 657479 436891 160485 220588 19320 276406 201268 135488 78913 91953
internal_count=1315791 1305891 1171732 52513 39781 1119219 358558 153094 138186 86558 205464 51628 22576 29052 134159 144935 12732 118635 760661 103182 657479 436891 160485 220588 19320 276406 201268 135488 78913 91953
cat_boundaries=0 1 2 3 4 5 6 7 8 9 10 11 12 13
cat_threshold=16 9839296 1314568 3781258 2348 12698988 8 16448 64 65 32 12899339 8654937
is_linear=0
shrinkage=0.05


Tree=123
num_leaves=31
num_cat=12
split_feature=7 7 6 6 3 1 1 3 1 3 1 3 0 3 7 7 0 6 3 1 3 7 3 1 6 1 1 6 0 0
split_gain=5.98778 5.75727 8.57548 6.1957 12.5835 27.8748 7.77167 9.3685 17.3135 26.4821 9.58727 10.3656 8.95362 8.54152 6.99485 8.35932 6.97097 6.6294 6.56922 5.89209 21.3253 8.37477 7.48319 12.1961 11.7826 10.8553 9.65339 8.53723 7.42632 6.80693
threshold=0.12902617738043118 0.020498863159263622 11.990580988694822 12.757262318944296 5.5000000000000009 0 1 1.5000000000000002 2 1.0000000180025095e-35 3 4.5000000000000009 4 4.5000000000000009 0.11437927845860141 0.076536027880184682 5 11.990580988694822 4.5000000000000009 6 5.5000000000000009 0.091140839254393188 3.5000000000000004 7 13.458420527144716 8 9 13.147788404636154 10 11
decision_type=2 2 2 2 2 1 1 2 1 2 1 2 1 2 2 2 1 2 2 1 2 2 2 1 2 1 1 2 1 1
left_child=1 2 -1 4 6 14 13 8 12 -10 11 -9 -8 17 15 -6 -7 -3 -12 20 -5 -22 23 24 26 27 -21 -24 -25 -26
right_child=-2 3 -4 19 5 16 7 10 9 -11 18 -13 -14 -15 -16 -17 -18 -19 -20 22 21 -23 25 28 29 -27 -28 -29 -30 -31
leaf_value=-0.00051930811709649473 9.5868638285179577e-05 0.00025307335186642232 -1.6102053215825368e-05 -1.4096957518808934e-05 -6.837479660406054e-05 0.00018504185503073704 5.188643755226208e-05 5.0157373486134361e-05 7.8129053973828574e-06 -0.00033701509087950696 1.2343533491060433e-05 0.00026906533328787747 -1.2278392842286248e-05 -2.2812318733058184e-05 -0.00048667737758530534 -3.2722396101330517e-05 4.9813872866469325e-06 4.6741583530593608e-05 -3.1344903995886994e-05 4.4710114372506146e-05 -0.0002488252063860892 -8.9641347628885426e-05 5.2022440753533508e-05 -4.7313004940729987e-05 4.801622435032793e-06 -6.4083886571364436e-06 2.2423774137502946e-06 9.5962555616625415e-06 -1.3091452278147717e-05 -2.3738139813053728e-05
leaf_weight=456 9900 8714 10160 26355 14564 7220 10047 26239 8550 7503 51953 8788 24069 16498 737 14370 6425 73900 17406 50539 2355 2013 42195 46145 74809 195579 95106 181568 186449 95179
leaf_count=456 9900 8714 10160 26355 14564 7220 10047 26239 8550 7503 51953 8788 24069 16498 737 14370 6425 73900 17406 50539 2355 2013 42195 46145 74809 195579 95106 181568 186449 95179
internal_value=-1.7955e-05 -2.72419e-05 -0.00118689 -1.77375e-05 0.000182755 -0.000604857 0.000317247 9.55909e-05 -0.000465925 -0.0018194 0.00036547 0.00103962 0.000171424 0.00066282 -0.00146474 -0.00134271 0.0012651 0.000870313 2.4867e-05 -7.73822e-05 -0.000758956 -0.00399496 -5.57319e-05 -0.000177344 2.51075e-05 0.000103257 0.000355144 0.000341082 -0.000452056 -0.000257665
internal_weight=1.31579e+06 1.30589e+06 10616 1.29528e+06 296983 43316 253667 154555 50169 16053 104386 35027 34116 99112 29671 28934 13645 82614 69359 998292 30723 4368 967569 548227 315633 419342 145645 223763 232594 169988
internal_count=1315791 1305891 10616 1295275 296983 43316 253667 154555 50169 16053 104386 35027 34116 99112 29671 28934 13645 82614 69359 998292 30723 4368 967569 548227 315633 419342 145645 223763 232594 169988
cat_boundaries=0 1 2 3 4 5 6 7 8 9 10 11 12
cat_threshold=65 76 3 32 6324952 6166795 64 25 42 24 2121760 14751092
is_linear=0
shrinkage=0.05


Tree=124
num_leaves=31
num_cat=13
split_feature=7 6 6 0 2 6 1 6 0 6 3 1 1 5 7 7 0 3 0 0 2 7 0 3 1 1 0 0 7 7
split_gain=5.64363 11.4479 8.21214 6.96717 6.12523 5.47519 27.0996 9.46617 7.42826 6.62324 10.7548 35.4307 10.5088 7.99078 6.83626 10.3196 6.65117 5.69052 6.29682 5.64456 5.51289 5.35223 5.15622 4.79109 5.99851 4.76052 4.58307 4.48495 4.47841 9.78376
threshold=0.029154964549149176 12.147946851847994 11.903400437239741 0 10.500000000000002 13.445790538661404 1 13.132493889510007 2 12.902084468380513 5.5000000000000009 3 4 5.5000000000000009 0.092533608887427149 0.11311322974291106 5 1.0000000180025095e-35 6 7 20.500000000000004 0.034521400803542678 8 5.5000000000000009 9 10 11 12 0.042103882772743233 0.045536734602365347
decision_type=2 2 2 1 2 2 1 2 1 2 2 1 1 2 2 2 1 2 1 1 2 2 1 2 1 1 1 1 2 2
left_child=1 3 4 -1 -2 6 7 8 -4 10 -8 25 13 -11 19 -16 -14 18 20 -13 -15 -9 23 -6 -25 -12 -19 -27 -23 -30
right_child=2 -3 5 -5 22 -7 9 21 -10 12 11 14 16 17 15 -17 -18 26 -20 -21 -22 28 -24 24 -26 27 -28 -29 29 -31
leaf_value=-0.00053685536824363386 -9.8817069998073662e-05 -6.9494238588343332e-06 1.9888376177365499e-05 -2.5064227161994242e-05 0.0001527914188747953 -7.5133060401879477e-06 1.1177891781934991e-05 0.00019296885734863511 0.00015889808952412356 3.3121127615394486e-06 0.00019193789472474396 -9.8486452000040415e-05 -1.5837454291244697e-06 5.8080681671495578e-06 -2.5407959040185668e-06 -0.00043962743824736347 -7.4595098360816237e-05 -4.4114517715659369e-05 -9.0309119606350749e-05 -4.3692696279390089e-05 -0.00030440517108802287 -3.2351129637682095e-05 0.00027025137359909214 0.0010167543139667362 -0.00070674590525732217 -5.4351136441094935e-05 -5.0166180522137964e-06 5.36560315992949e-05 0.0001556462386942445 2.8642471987088899e-05
leaf_weight=963 2255 55999 5301 607 5283 377922 326785 664 10980 243953 9658 11590 14205 6860 10723 891 29579 18504 8973 12555 430 3992 6444 273 657 2897 77206 7220 2168 60254
leaf_count=963 2255 55999 5301 607 5283 377922 326785 664 10980 243953 9658 11590 14205 6860 10723 891 29579 18504 8973 12555 430 3992 6444 273 657 2897 77206 7220 2168 60254
internal_value=-1.8335e-05 -0.000502441 3.81491e-06 -0.00471338 0.0011702 -1.01745e-05 5.91642e-05 0.000916108 0.00199773 -3.21915e-05 0.000116591 -0.000526704 -0.000174502 -8.45658e-05 -0.00146565 -0.000469261 -0.000905375 -0.000434256 -0.00129896 -0.00194554 -0.000205479 0.000653717 0.00159793 0.000566447 -0.00274194 0.00117134 -0.000287326 0.000412264 0.000609058 0.00071289
internal_weight=1.31579e+06 57569 1.25822e+06 1570 14912 1.24331e+06 865388 83359 16281 782029 382319 55534 399710 355926 35759 11614 43784 111973 16263 24145 7290 67078 12657 6213 930 19775 95710 10117 66414 62422
internal_count=1315791 57569 1258222 1570 14912 1243310 865388 83359 16281 782029 382319 55534 399710 355926 35759 11614 43784 111973 16263 24145 7290 67078 12657 6213 930 19775 95710 10117 66414 62422
cat_boundaries=0 1 2 3 4 5 6 7 8 9 10 11 12 13
cat_threshold=1429645 24 526342 38 7 2802758 5868885 1579476 1328142 32 32 9028162 37104
is_linear=0
shrinkage=0.05


Tree=125
num_leaves=31
num_cat=9
split_feature=6 0 1 3 1 6 3 3 7 7 0 3 7 0 6 0 6 3 2 7 7 7 7 0 5 3 3 2 0 0
split_gain=5.34051 7.43419 5.51451 23.4574 27.0229 16.7054 13.4297 43.1518 8.77042 7.26125 7.03168 6.36708 6.25583 5.78432 5.65559 5.61352 5.56431 11.5425 5.95824 7.92934 6.32104 10.042 5.90029 4.622 4.60251 5.91162 18.5976 20.0091 12.737 7.32226
threshold=14.200316706876533 0 1 2.5000000000000004 2 13.062473235789007 1.0000000180025095e-35 1.5000000000000002 0.12610115003671465 0.020498863159263622 3 4.5000000000000009 0.061251379371825627 4 13.597834221510492 5 11.990580988694822 4.5000000000000009 9.5000000000000018 0.034521400803542678 0.062923896024368639 0.068592070238769523 0.11311322974291106 6 5.5000000000000009 1.0000000180025095e-35 1.5000000000000002 12.500000000000002 7 8
decision_type=2 1 1 2 1 2 2 2 2 2 1 2 2 1 2 1 2 2 2 2 2 2 2 1 2 2 2 2 1 1
left_child=2 -2 3 4 14 8 9 12 11 -6 -9 15 -8 -11 -1 -5 17 -4 19 -18 -21 -22 -23 -14 -20 28 27 -27 -26 -28
right_child=1 -3 16 5 6 -7 7 10 -10 13 -12 -13 23 -15 -16 -17 18 -19 24 20 21 22 -24 -25 25 26 29 -29 -30 -31
leaf_value=0.00010288448732240912 -0.00019055202775498589 -2.2346093914268549e-05 0.00020568901500243251 -2.6700445222894303e-05 -0.00053036032475016568 6.4914160124733909e-06 -0.00058897897660330548 -0.00014858940615876081 0.00050062080021534561 -7.4806156719633637e-05 4.0765661082024789e-05 0.00017319448416235097 -0.00016238980400301725 6.6818108340896418e-05 1.0340918317792298e-05 0.0001056879336893149 0.00029024462882199718 -0.00012732616088063505 -1.3431062760679848e-06 -1.1164088005779713e-05 0.00015884657626057398 2.1141131611680799e-05 -0.0001414092013597712 -0.00029645648542606654 2.9417485735345334e-05 -3.8795926600246337e-05 5.0737763314656632e-07 5.8894738841375541e-05 -5.484250140599546e-05 -2.4633274722866627e-05
leaf_weight=9573 1183 24286 9519 10371 210 62106 1706 4232 2911 6839 11255 25652 4694 8199 29978 15008 1141 4055 614049 43802 2605 125064 2839 6937 9288 9995 77090 29669 32226 129309
leaf_count=9573 1183 24286 9519 10371 210 62106 1706 4232 2911 6839 11255 25652 4694 8199 29978 15008 1141 4055 614049 43802 2605 125064 2839 6937 9288 9995 77090 29669 32226 129309
internal_value=-1.8221e-05 -0.000735208 -4.06875e-06 0.000237504 -0.000400906 0.000697556 -0.00125221 -0.00188732 0.00134126 -5.24659e-05 -9.20127e-05 0.00118898 -0.00397203 7.64729e-05 0.000547888 0.000627487 -4.82964e-05 0.000957713 -6.09752e-05 0.000205613 0.000178418 0.000352852 0.000290259 -0.0035573 -0.000112852 -0.000277926 -0.00018481 0.000806777 -0.000829841 -0.000375365
internal_weight=1.31579e+06 25469 1.29032e+06 199671 83623 116048 44072 28824 53942 15248 15487 51031 13337 15038 39551 25379 1.09065e+06 13574 1.07708e+06 175451 174310 130508 127903 11631 901626 287577 246063 39664 41514 206399
internal_count=1315791 25469 1290322 199671 83623 116048 44072 28824 53942 15248 15487 51031 13337 15038 39551 25379 1090651 13574 1077077 175451 174310 130508 127903 11631 901626 287577 246063 39664 41514 206399
cat_boundaries=0 1 2 3 4 5 6 7 8 9
cat_threshold=128 48 16 1234048 10771141 45115 8028700 13141080 2232232
is_linear=0
shrinkage=0.05


Tree=126
num_leaves=31
num_cat=14
split_feature=7 6 6 2 7 5 3 0 1 1 6 3 0 5 3 2 3 1 0 0 1 0 0 0 0 3 0 0 5 3
split_gain=5.2913 9.19699 5.79001 8.33697 5.40923 4.69123 8.16743 14.0635 7.55355 7.15124 9.53834 6.31917 10.999 9.54591 6.15851 7.68012 6.15056 8.94324 7.41124 6.22344 6.08227 5.91459 5.72327 5.5626 5.40583 5.05313 7.64571 6.49344 5.5599 10.614
threshold=0.019763022229152726 11.990580988694822 12.2093123918769 9.5000000000000018 0.12479566511779129 5.5000000000000009 1.0000000180025095e-35 0 1 2 12.902084468380513 1.0000000180025095e-35 3 3.5000000000000004 1.5000000000000002 12.500000000000002 5.5000000000000009 4 5 6 7 8 9 10 11 4.5000000000000009 12 13 6.5000000000000009 2.5000000000000004
decision_type=2 2 2 2 2 2 2 1 1 1 2 2 1 2 2 2 2 1 1 1 1 1 1 1 1 2 1 1 2 2
left_child=1 -1 3 -2 -5 11 7 -7 -9 14 16 12 13 -4 15 -8 19 -18 -19 -11 -14 -13 -16 -17 -12 26 28 -27 29 -24
right_child=2 -3 5 4 -6 6 9 8 -10 10 24 21 20 -15 22 23 17 18 -20 -21 -22 -23 25 -25 -26 27 -28 -29 -30 -31
leaf_value=-0.00046750759921616565 -0.00010999663890879606 -2.3778343354666048e-05 -0.00012612040933498975 5.459904258075174e-05 0.00045455202396708916 6.9886444571654394e-05 -1.2493379612313859e-05 -9.6919511283693509e-05 -3.0978253096831512e-05 -2.1846413524804349e-05 -1.2309890018885433e-05 1.1246398825222587e-05 5.0848126934291418e-05 6.2933836855054269e-06 4.1779360373944696e-05 0.00010985828143309992 5.4175372170908731e-05 -1.987729095488597e-05 -0.00010118089746578157 2.5096071916213844e-05 8.1375707122480209e-06 -3.8592531898039994e-06 2.9439321136992026e-05 3.2258824264925352e-05 -4.3869280068168861e-05 -1.80019793244314e-05 -7.2256828947814617e-06 3.1972710332069808e-05 -2.2105674596186247e-05 -0.00018370199101662901
leaf_weight=388 4930 4755 4668 45095 1879 6179 8581 9072 42838 20907 46828 143832 41375 6090 15764 6797 5956 6619 5561 55430 64184 597874 1694 10935 37409 18934 60842 32420 4347 3608
leaf_count=388 4930 4755 4668 45095 1879 6179 8581 9072 42838 20907 46828 143832 41375 6090 15764 6797 5956 6619 5561 55430 64184 597874 1694 10935 37409 18934 60842 32420 4347 3608
internal_value=-1.8069e-05 -0.00161871 -1.17881e-05 0.000505741 0.000711032 -3.31283e-05 -0.000174373 -0.000722598 -0.000990948 -8.14285e-05 -0.00030019 3.28371e-05 0.000375483 -0.00114692 0.000157077 0.000857941 4.47218e-05 -0.000782973 -0.00155865 0.000241364 0.000530696 -2.08978e-05 2.30726e-05 0.00145218 -0.00068705 -9.29383e-05 -0.000367777 0.000284301 -0.0016746 -0.00276311
internal_weight=1.31579e+06 5143 1.31065e+06 51904 46974 1.25874e+06 400721 58089 51910 342632 178710 858023 116317 10758 163922 26313 94473 18136 12180 76337 105559 741706 137609 17732 84237 121845 70491 51354 9649 5302
internal_count=1315791 5143 1310648 51904 46974 1258744 400721 58089 51910 342632 178710 858023 116317 10758 163922 26313 94473 18136 12180 76337 105559 741706 137609 17732 84237 121845 70491 51354 9649 5302
cat_boundaries=0 1 2 3 4 5 6 7 8 9 10 11 12 13 14
cat_threshold=558096 2 26 262145 36 8563821 4743281 116 115209 800 15962697 7347633 786512 8450178
is_linear=0
shrinkage=0.05


Tree=127
num_leaves=31
num_cat=12
split_feature=6 1 6 7 6 6 3 1 1 3 1 3 3 0 1 2 5 5 0 1 7 7 0 6 1 0 7 2 0 5
split_gain=5.25543 6.99886 7.56051 5.36165 9.10469 5.74757 9.32925 25.0205 8.65763 7.53566 16.6114 29.8799 17.4219 14.2528 10.3022 8.76194 8.7303 12.0115 8.06719 7.15831 7.15278 7.05804 6.89634 6.67832 6.63832 6.89176 6.07578 13.1531 5.93342 8.07792
threshold=13.99691127342979 0 13.412720618397271 0.019763022229152726 11.990580988694822 12.757262318944296 5.5000000000000009 1 2 3.5000000000000004 3 4.5000000000000009 4.5000000000000009 4 5 20.500000000000004 3.5000000000000004 5.5000000000000009 6 7 0.068864900929182002 0.10121563202033958 8 13.481295072946859 9 10 0.045308045100993642 9.5000000000000018 11 5.5000000000000009
decision_type=2 1 2 2 2 2 2 1 1 2 1 2 2 1 1 2 2 2 1 1 2 2 1 2 1 1 2 2 1 2
left_child=1 2 -1 4 -3 6 -5 -8 20 15 11 18 13 16 -15 19 -12 -18 -11 23 -9 -22 -19 -7 25 -13 27 -14 29 -21
right_child=-2 3 -4 5 -6 9 7 8 -10 10 12 24 26 14 -16 -17 17 22 -20 28 21 -23 -24 -25 -26 -27 -28 -29 -30 -31
leaf_value=0.00011557262447305668 -1.6713154990810263e-05 -0.00044413221925535744 1.2848057174567885e-05 1.5119919644267233e-05 -2.3652484936849581e-05 1.011574986550922e-05 0.00018841723957557164 -0.00024144513830640283 -1.6578275729951105e-05 -1.681653234178876e-05 -0.00013496113215147112 -7.4421591243863802e-05 0.00026866749956852202 4.073599184636623e-05 -1.4958286955669629e-05 -2.9287278360189736e-05 1.7797182716663454e-05 1.8778550168269126e-05 4.6653687778144308e-05 -1.610743595428718e-05 -3.3980037742065844e-05 -0.00024474970987101825 -0.00015172828374457916 -1.3745357375933959e-05 -0.00012422245972151387 -2.1246089005814898e-05 2.4178515555617689e-05 2.6818050086914806e-05 -6.1104082872201482e-06 -6.1288633759225966e-05
leaf_weight=12732 82650 388 59053 258738 4503 150512 9400 3706 20918 9256 6418 9617 1258 22258 48599 32922 9754 1865 20298 56026 6994 3150 5512 81300 8761 40680 155510 30324 136863 25826
leaf_count=12732 82650 388 59053 258738 4503 150512 9400 3706 20918 9256 6418 9617 1258 22258 48599 32922 9754 1865 20298 56026 6994 3150 5512 81300 8761 40680 155510 30324 136863 25826
internal_value=-1.5713e-05 1.0157e-05 0.00048924 -1.94598e-05 -0.00167144 -1.24734e-05 0.000174642 -0.000496966 -0.00111565 -7.88756e-05 9.09189e-05 -0.000506082 0.000278855 -0.000274877 7.9374e-05 -0.000208864 -0.00134025 -0.000751561 0.000791771 -0.000151323 -0.00208514 -0.00139984 -0.00227396 4.22738e-05 -0.00115564 -0.000933767 0.000558281 0.00119055 -0.000356498 -0.00069324
internal_weight=1.31579e+06 1.23314e+06 71785 1.16136e+06 4891 1.15646e+06 302906 44168 34768 853559 370110 88612 281498 94406 70857 483449 23549 17131 29554 450527 13850 10144 7377 231812 59058 50297 187092 31582 218715 81852
internal_count=1315791 1233141 71785 1161356 4891 1156465 302906 44168 34768 853559 370110 88612 281498 94406 70857 483449 23549 17131 29554 450527 13850 10144 7377 231812 59058 50297 187092 31582 218715 81852
cat_boundaries=0 1 2 3 4 5 6 7 8 9 10 11 12
cat_threshold=16 40 64 65 4980952 2 4981854 73 4456448 1 2296384 2222370
is_linear=0
shrinkage=0.05


Tree=128
num_leaves=31
num_cat=14
split_feature=6 1 3 5 5 2 2 3 3 3 0 0 2 0 3 0 0 2 0 3 1 0 1 3 0 0 3 0 2 0
split_gain=4.66602 7.99851 5.56781 5.10817 8.53852 7.47348 11.6319 7.53847 22.2096 15.8727 15.164 15.0552 14.3156 10.5941 9.30176 11.0268 9.17532 8.22911 6.9875 7.86876 6.76834 6.54158 5.9828 5.66449 7.39272 7.21226 5.49585 5.19733 4.99524 4.94389
threshold=13.873910353681742 0 5.5000000000000009 5.5000000000000009 6.5000000000000009 16.500000000000004 8.5000000000000018 4.5000000000000009 2.5000000000000004 1.5000000000000002 1 2 12.500000000000002 3 1.0000000180025095e-35 4 5 12.500000000000002 6 1.0000000180025095e-35 7 8 9 3.5000000000000004 10 11 1.0000000180025095e-35 12 11.500000000000002 13
decision_type=2 1 2 2 2 2 2 2 2 2 1 1 2 1 2 1 1 2 1 2 1 1 1 2 1 1 2 1 2 1
left_child=1 2 -1 -3 18 6 -6 8 9 12 -11 -9 13 26 15 -14 -10 -12 19 27 -13 -22 -16 25 -25 -7 -8 28 -5 -2
right_child=29 3 -4 4 5 23 7 11 16 10 17 20 14 -15 22 -17 -18 -19 -20 -21 21 -23 -24 24 -26 -27 -28 -29 -30 -31
leaf_value=4.6968986337295877e-05 -2.5513638240514792e-05 2.6431541459506077e-06 -2.8539135521418735e-05 -9.5630398437136777e-05 5.4662215423701907e-05 -4.6833841165806744e-05 0.00013735083799548651 -0.0001175287391722301 5.7832258941004777e-06 -0.00019830839275087402 2.2341660262661241e-05 7.5176494456646187e-05 0.00013887609018050241 -0.00010954811489713863 -0.00013587111369485242 -7.6675537776921268e-05 8.8181744469973029e-05 -0.00010885537996067341 -2.7602719381745675e-05 6.2871705248369193e-06 5.9030375566518357e-05 -4.9000742514073581e-05 0.00011060451550608946 0.0001065238148122651 1.4535476869569769e-05 3.6091940441224106e-05 -4.3764760227011859e-05 -9.5749385347435053e-05 2.6169363418188792e-05 -1.025656346799464e-06
leaf_weight=44795 59664 767317 7718 2512 14919 10194 1734 9914 12560 3965 4253 4515 1406 7897 604 4219 12934 4371 113048 78982 2590 8213 5707 11159 12110 19677 1676 6886 5679 74573
leaf_count=44795 59664 767317 7718 2512 14919 10194 1734 9914 12560 3965 4253 4515 1406 7897 604 4219 12934 4371 113048 78982 2590 8213 5707 11159 12110 19677 1676 6886 5679 74573
internal_value=-1.6587e-05 1.51495e-05 0.000618301 -1.29091e-05 -0.000167807 0.000113345 -0.000138209 -0.000360452 -6.11486e-05 -0.000863753 -0.00229367 -0.0010879 -8.92742e-05 -0.0013642 0.00111847 -0.00036 0.00106692 -0.00111188 -0.000377703 -5.9265e-05 -0.000104384 -0.000783779 0.00243622 0.000593715 0.00117861 0.000138094 0.000964912 -0.00110599 -0.000253018 -0.000295932
internal_weight=1.31579e+06 1.18155e+06 52513 1.12904e+06 361724 154617 101477 86558 61326 35832 12589 25232 23243 11307 11936 5625 25494 8624 207107 94059 15318 10803 6311 53140 23269 29871 3410 15077 8191 134237
internal_count=1315791 1181554 52513 1129041 361724 154617 101477 86558 61326 35832 12589 25232 23243 11307 11936 5625 25494 8624 207107 94059 15318 10803 6311 53140 23269 29871 3410 15077 8191 134237
cat_boundaries=0 1 2 3 4 5 6 7 8 9 10 11 12 13 14
cat_threshold=16 14033040 438853 5820800 524411 11800218 3415944 40 56 32 12995941 1050924 3148808 4075651
is_linear=0
shrinkage=0.05


Tree=129
num_leaves=31
num_cat=15
split_feature=7 7 6 6 1 6 0 5 6 3 1 0 0 0 1 3 0 6 3 0 5 1 0 5 0 5 0 5 0 0
split_gain=4.65954 4.45774 9.51374 4.60847 22.5019 7.8343 5.92797 5.89305 7.8197 8.09556 10.0104 7.69169 7.68844 5.52797 5.46491 6.884 5.35639 4.37099 4.36723 8.38914 5.54305 5.26464 5.07376 9.63629 9.52843 5.24101 8.19501 4.41122 11.745 11.3751
threshold=0.12902617738043118 0.019763022229152726 11.990580988694822 13.445790538661404 0 13.132493889510007 1 5.5000000000000009 12.902084468380513 5.5000000000000009 2 3 4 5 6 5.5000000000000009 7 13.238405342681794 1.0000000180025095e-35 8 3.5000000000000004 9 10 2.5000000000000004 11 2.5000000000000004 12 4.5000000000000009 13 14
decision_type=2 2 2 2 1 2 1 2 2 2 1 1 1 1 1 2 1 2 2 1 2 1 1 2 1 2 1 2 1 1
left_child=1 2 -1 4 5 6 -3 18 9 11 13 -9 -12 -11 15 -10 -16 -4 19 20 -6 -21 23 24 -20 26 -24 29 -29 -27
right_child=-2 3 17 -5 7 -7 -8 8 14 10 12 -13 -14 -15 16 -17 -18 -19 22 21 -22 -23 25 -25 -26 27 -28 28 -30 -31
leaf_value=-0.00042223996681883141 8.3147621332275298e-05 2.99322925931933e-05 -2.9458859787231952e-05 -6.9325539411880041e-06 -5.6789088078906813e-05 2.7813013104791008e-05 0.00014083649480913925 3.4953002363451173e-05 -7.9698202905984828e-05 -4.4962187183039685e-05 -0.00013687891704957934 -6.5273533018803818e-06 -3.1224767549027643e-05 0.00012871639677590891 -3.5953401878029491e-05 -0.00023571397683252518 -8.6930505728334894e-06 7.6089080968568326e-05 4.5271837768659506e-06 0.00012748604378574787 1.2310499857888514e-05 1.9712483669583405e-05 -2.1702256835197387e-05 1.4268228342511833e-05 -9.1391946761721152e-05 3.630941250082516e-06 4.6675660894034827e-05 3.4776172756791071e-05 -1.479559779454312e-05 -3.2433778742549205e-05
leaf_weight=388 9900 6261 4389 386332 8306 67749 10203 46695 3954 2479 4787 66605 10819 4249 40440 801 85802 366 11523 8774 10929 48325 12796 160803 8579 85820 21541 33798 58722 93656
leaf_count=388 9900 6261 4389 386332 8306 67749 10203 46695 3954 2479 4787 66605 10819 4249 40440 801 85802 366 11523 8774 10929 48325 12796 160803 8579 85820 21541 33798 58722 93656
internal_value=-1.4991e-05 -2.31834e-05 -0.00149232 -1.73746e-05 4.37984e-05 0.000822519 0.0018009 -3.52018e-05 -0.000228874 3.72326e-05 -0.000832811 0.000208738 -0.00152728 0.000779163 -0.000504401 -0.00216684 -0.000441577 -0.000878023 5.64258e-05 0.000408075 -0.000494934 0.000712234 1.33405e-06 0.000211287 -0.000820814 -0.000122657 0.000459417 -0.000196143 8.43061e-05 -0.000340714
internal_weight=1.31579e+06 1.30589e+06 5143 1.30075e+06 914416 84213 16464 830203 266631 135634 22334 113300 15606 6728 130997 4755 126242 4755 563572 76334 19235 57099 487238 180905 20102 306333 34337 271996 92520 179476
internal_count=1315791 1305891 5143 1300748 914416 84213 16464 830203 266631 135634 22334 113300 15606 6728 130997 4755 126242 4755 563572 76334 19235 57099 487238 180905 20102 306333 34337 271996 92520 179476
cat_boundaries=0 1 2 3 4 5 6 7 8 9 10 11 12 13 14 15
cat_threshold=24 526470 36 9799562 5968642 7393857 64 8774218 8671809 64 4641417 4214793 1639492 9314 11601924
is_linear=0
shrinkage=0.05


Tree=130
num_leaves=31
num_cat=9
split_feature=7 7 1 7 7 7 6 1 6 6 1 0 6 2 2 7 7 2 0 0 2 7 7 7 1 7 1 3 1 7
split_gain=4.2874 8.29642 27.0368 10.2628 9.22365 18.3275 9.16168 8.03497 8.01116 7.96532 7.5865 5.17193 5.06909 7.38244 6.51664 6.95416 5.61528 4.81866 5.15938 4.36177 4.2226 6.71478 7.45292 11.584 11.4216 10.6421 8.40062 8.19349 7.97679 5.99846
threshold=0.039287600333278487 0.033321867509809124 0 0.03111032678968928 0.037634030996358557 0.034521400803542678 12.413077667390478 1 11.990580988694822 11.903400437239741 2 3 12.951153258800586 14.500000000000002 12.500000000000002 0.034521400803542678 0.034521400803542678 16.500000000000004 4 5 16.500000000000004 0.043980777748548618 0.054777123202907098 0.061649426708659048 6 0.057428253650754317 7 3.5000000000000004 8 0.056500935961983231
decision_type=2 2 1 2 2 2 2 1 2 2 1 1 2 2 2 2 2 2 1 1 2 2 2 2 1 2 1 2 1 2
left_child=1 3 4 6 5 -3 7 11 -9 17 -5 -1 19 14 -14 -16 -15 18 -2 -4 -11 -22 28 24 25 -24 -26 -28 -23 -29
right_child=9 2 12 10 -6 -7 -8 8 -10 20 -12 -13 13 16 15 -17 -18 -19 -20 -21 21 22 23 -25 26 -27 27 29 -30 -31
leaf_value=0.00026956105762988858 0.0002853745532223312 -9.5421524677193761e-05 0.00011389664741469647 1.3233703144496096e-05 1.3577095977260548e-05 -0.00042736747615451935 -3.7277484675577941e-06 -0.00043276188915288829 -0.00092654379129001512 -2.990225590486853e-06 0.00018529130274614545 -1.7849487454351526e-05 2.7111174346467623e-06 0.00011709057543111691 -0.00013426609928710777 -0.00047467612274936302 -2.4283233917610919e-05 0.00032026474883281483 -1.7752703327228447e-05 -1.5945084266818025e-05 -3.2197723915003074e-05 0.00013024566302332203 -6.5593166771726535e-05 1.1951048681028282e-05 0.00013129245873506613 -0.00030367826466971143 -6.4116522550233465e-05 7.6864202183030668e-05 2.7199139802555791e-05 -3.3612889830583399e-05
leaf_weight=159 2015 2722 2664 19563 601 498 66962 634 2356 778344 1853 2683 558 847 832 135 13707 5066 7072 3940 10434 2636 2164 344771 1541 1587 11998 3846 18390 5213
leaf_count=159 2015 2722 2664 19563 601 498 66962 634 2356 778344 1853 2683 558 847 832 135 13707 5066 7072 3940 10434 2636 2164 344771 1541 1587 11998 3846 18390 5213
internal_value=-1.5485e-05 -0.000299468 -0.00108097 -7.96094e-05 -0.00496607 -0.00604037 -0.000362667 -0.00226337 -0.00406667 1.32e-05 0.000882518 -0.000350631 -0.00042414 -0.000903352 -0.00421311 -0.00669597 -0.000556548 0.00119233 0.000503466 0.000741975 -9.31474e-07 0.000130533 0.000163842 0.000111958 -0.000898516 -0.00344988 -0.000473284 -0.000734561 0.00107962 0.000400155
internal_weight=1.31579e+06 120714 26504 94210 3821 3220 72794 5832 2990 1.19508e+06 21416 2842 22683 16079 1525 967 14554 14153 9087 6604 1.18092e+06 402580 392146 371120 26349 3751 22598 21057 21026 9059
internal_count=1315791 120714 26504 94210 3821 3220 72794 5832 2990 1195077 21416 2842 22683 16079 1525 967 14554 14153 9087 6604 1180924 402580 392146 371120 26349 3751 22598 21057 21026 9059
cat_boundaries=0 1 2 3 4 5 6 7 8 9
cat_threshold=33 69 5 409600 2097553 13852897 64 4 38
is_linear=0
shrinkage=0.05


Tree=131
num_leaves=31
num_cat=10
split_feature=6 0 1 3 6 7 0 3 1 3 1 6 3 0 5 0 0 0 7 2 2 6 7 6 7 6 7 6 1 7
split_gain=4.35045 6.60724 4.19601 10.3497 6.5679 5.44219 5.1807 5.0156 31.6719 52.7929 17.471 17.2076 17.2923 13.2117 10.5532 9.98577 9.19795 8.60365 6.9588 6.85087 8.56142 8.34353 11.7326 6.76145 7.56741 6.33772 6.12303 5.96189 5.82711 5.65898
threshold=14.200316706876533 0 1 5.5000000000000009 13.677005387928636 0.1037406997740149 2 3.5000000000000004 3 4.5000000000000009 4 12.734244204878513 5.5000000000000009 5 3.5000000000000004 6 7 8 0.11437927845860141 20.500000000000004 17.500000000000004 11.990580988694822 0.019763022229152726 12.031923105590947 0.032066082824426932 13.147788404636154 0.10535545766871728 11.990580988694822 9 0.081799373544184761
decision_type=2 1 1 2 2 2 1 2 1 2 1 2 2 1 2 1 1 1 2 2 2 2 2 2 2 2 2 2 1 2
left_child=2 -2 3 4 -1 -6 -5 10 9 13 16 23 17 14 -9 -14 27 28 -11 20 21 22 -12 24 -10 -17 -21 -4 -13 -23
right_child=1 -3 7 6 5 -7 -8 8 11 18 19 12 15 -15 -16 25 -18 -19 -20 26 -22 29 -24 -25 -26 -27 -28 -29 -30 -31
leaf_value=7.3901835931657414e-05 -0.0001784200054795862 -2.0024441747791382e-05 0.00025103347011617738 1.3582174214125249e-05 1.514112738435977e-05 -0.0002977705834233218 -7.6815960366335639e-05 -7.6201326551107387e-05 -0.00064431228643109268 -3.8877906401144083e-05 -0.00036603075290592661 3.432371232585732e-05 2.0493211980249227e-06 5.3578487694466714e-05 2.1856454122842763e-05 9.4922036631764879e-05 -3.6605550314025573e-06 -1.5827273157929116e-05 -0.00033277290607225954 -3.1105245108857887e-05 1.037987529842882e-05 -7.4101059310471493e-06 -0.00042952930421081041 8.0580723430918012e-05 0.00067319442889899922 3.8503345647573911e-05 -0.00024073106240252509 1.8473989096981332e-05 1.4950768611483173e-06 -4.4048378448885086e-05
leaf_weight=23364 1183 24286 4442 5309 55217 870 8306 6287 397 117240 201 32397 32419 36555 16622 19862 111790 99002 1787 27228 96678 230846 3214 36470 3818 47974 2045 117823 68729 83430
leaf_count=23364 1183 24286 4442 5309 55217 870 8306 6287 397 117240 201 32397 32419 36555 16622 19862 111790 99002 1787 27228 96678 230846 3214 36470 3818 47974 2045 117823 68729 83430
internal_value=-1.5447e-05 -0.00066257 -2.67375e-06 0.000320706 0.000539011 0.000245601 -0.000952993 -2.78134e-05 8.90659e-05 -0.000450558 -0.00011742 0.000371469 0.000240776 0.00076601 -0.000175618 0.000776769 0.000232094 -2.77323e-05 -0.00105837 -0.000301813 -0.000249596 -0.000374971 -0.00283309 0.00133649 0.0032325 0.00112166 -0.00104106 0.000531793 0.00029663 -0.000348261
internal_weight=1.31579e+06 25469 1.29032e+06 93066 79451 56087 13615 1.19726e+06 519559 178491 677697 341068 300383 59464 22909 100255 234055 200128 119027 443642 414369 317691 3415 40685 4215 67836 29273 122265 101126 314276
internal_count=1315791 25469 1290322 93066 79451 56087 13615 1197256 519559 178491 677697 341068 300383 59464 22909 100255 234055 200128 119027 443642 414369 317691 3415 40685 4215 67836 29273 122265 101126 314276
cat_boundaries=0 1 2 3 4 5 6 7 8 9 10
cat_threshold=128 16 13938776 65 65 7078494 528982 7506332 491297 2
is_linear=0
shrinkage=0.05


Tree=132
num_leaves=31
num_cat=8
split_feature=7 6 6 1 6 6 0 7 0 7 7 2 7 2 7 1 0 2 2 7 2 1 3 1 7 1 7 2 7 7
split_gain=4.06571 8.80239 4.44912 19.9784 6.89999 5.58814 6.43522 5.23349 5.15328 4.56092 4.55394 9.69913 8.20529 5.8076 6.79922 7.14675 5.67115 5.51726 8.18942 8.87494 13.5679 9.71919 5.76203 6.51795 5.99283 5.17656 18.0477 8.23853 12.3493 7.61189
threshold=0.020498863159263622 11.990580988694822 13.445790538661404 0 13.126087434098727 12.599324305273347 1 0.090759750263787312 2 0.026788622941679611 0.055735845590990436 21.500000000000004 0.059873605089285568 21.500000000000004 0.065131907865817476 3 4 13.500000000000002 10.500000000000002 0.0794326935991055 12.500000000000002 5 4.5000000000000009 6 0.085291690123489292 7 0.074089071534796075 9.5000000000000018 0.078034230429874021 0.074089071534796075
decision_type=2 2 2 1 2 2 1 2 1 2 2 2 2 2 2 1 1 2 2 2 2 1 2 1 2 1 2 2 2 2
left_child=1 -1 3 4 8 6 -5 10 -2 -10 11 -7 -12 14 15 16 -14 18 25 -20 21 -21 23 -19 -24 26 -16 -28 -29 -27
right_child=2 -3 -4 5 -6 7 -8 -9 9 -11 12 -13 13 -15 17 -17 -18 22 19 20 -22 -23 24 -25 -26 29 27 28 -30 -31
leaf_value=-0.00035719696862266949 3.5101034988984858e-06 -1.3097887777402656e-05 -6.4321965543357944e-06 -6.2183599809997188e-06 2.6455241822606959e-05 -2.6725640936705635e-06 2.5113702232424166e-05 6.7839089146946868e-06 -0.0013534210154510233 0.00013465776278656448 -5.9522558791289679e-05 8.3756525933382378e-05 3.1470283103846723e-05 -0.00017232897184740715 0.0001660753912176287 1.1722490394885413e-05 0.0002184133073223113 -1.1400336728927679e-06 0.0002743971021079206 0.00037220503288859269 -6.5497425402752737e-05 5.4935647903079855e-05 -4.9116420904311149e-05 -5.9266319842409683e-05 -0.00015107294354887654 -5.6768190948898114e-05 1.8215866296727307e-05 -3.2328525929195552e-05 -0.00026265669125840745 -0.0004010865745898349
leaf_weight=456 3696 10160 387286 90718 68638 236796 113932 224613 133 11668 17852 3816 1120 832 2563 17844 1125 40738 1825 1910 6522 5118 18276 17119 5105 6170 10690 6010 2452 608
leaf_count=456 3696 10160 387286 90718 68638 236796 113932 224613 133 11668 17852 3816 1120 832 2563 17844 1125 40738 1825 1910 6522 5118 18276 17119 5105 6170 10690 6010 2452 608
internal_value=-1.4535e-05 -0.000989073 -6.60831e-06 5.33561e-05 0.000787628 -2.07493e-05 0.000206206 -9.4579e-05 0.00174066 0.00225002 -0.000202044 -6.35879e-05 -0.00040533 -0.000281626 -0.000257757 0.000596097 0.00324834 -0.000394865 5.69891e-05 0.000986992 0.000546125 0.00207029 -0.000638864 -0.000371174 -0.00130127 -0.000444846 -6.78941e-05 -0.000595238 -0.00176081 -0.00164997
internal_weight=1.31579e+06 10616 1.30518e+06 917889 84135 833754 204650 629104 15497 11801 404491 240612 163879 146027 145195 20089 2245 125106 43868 15375 13550 7028 81238 57857 23381 28493 21715 19152 8462 6778
internal_count=1315791 10616 1305175 917889 84135 833754 204650 629104 15497 11801 404491 240612 163879 146027 145195 20089 2245 125106 43868 15375 13550 7028 81238 57857 23381 28493 21715 19152 8462 6778
cat_boundaries=0 1 2 3 4 5 6 7 8
cat_threshold=24 1070821 524294 2 11820416 96 67 5
is_linear=0
shrinkage=0.05


Tree=133
num_leaves=31
num_cat=14
split_feature=6 0 1 3 6 5 5 3 3 0 0 3 0 0 2 0 2 1 3 2 0 0 0 3 0 0 3 3 2 0
split_gain=3.84159 5.58092 3.92629 9.79122 6.06152 5.07498 7.79623 7.10358 12.9774 20.4465 13.168 10.5628 17.2233 14.8618 8.21875 8.18731 7.27086 7.04988 6.88248 10.7743 9.19348 8.5444 5.95024 6.14553 26.3573 7.41188 11.365 12.6163 6.53003 5.85935
threshold=14.200316706876533 0 1 5.5000000000000009 13.677005387928636 5.5000000000000009 6.5000000000000009 2.5000000000000004 1.5000000000000002 2 3 4.5000000000000009 4 5 16.500000000000004 6 9.5000000000000018 7 1.0000000180025095e-35 12.500000000000002 8 9 10 1.0000000180025095e-35 11 12 2.5000000000000004 4.5000000000000009 13.500000000000002 13
decision_type=2 1 1 2 2 2 2 2 2 1 1 2 1 1 2 1 2 1 2 2 1 1 1 2 1 1 2 2 2 1
left_child=2 -2 3 4 -1 -4 22 8 10 -10 18 13 -13 -9 15 -14 -11 -12 20 21 -8 -20 -7 24 -24 26 -25 29 -29 -28
right_child=1 -3 5 -5 -6 6 7 11 9 16 17 12 14 -15 -16 -17 -18 -19 19 -21 -22 -23 23 25 -26 -27 27 28 -30 -31
leaf_value=6.9266765278647172e-05 -0.00016917739537789002 -1.8701609832685353e-05 1.9410534078969507e-06 -4.2554369774108759e-05 1.1477172465242451e-05 -6.9110970711120867e-05 -0.00017549591628631712 -1.0722724081969025e-05 -0.00017235936868480184 8.7623686643837666e-05 -0.00015433409493341885 -8.8187959274327332e-05 6.6562369888262249e-05 6.9907449904392868e-05 6.8516660881119692e-05 -2.7721659643015382e-05 -3.7154696740889474e-05 5.2917004854763362e-05 -2.503099859044525e-06 5.7355747209572247e-05 -1.699536672642027e-05 -0.00021552486282038971 5.2682074356858596e-05 1.5714546924975282e-05 -8.3131210579843331e-05 8.9555866809067079e-07 -0.00018443113458912927 3.6842755130729773e-05 -4.7001272897966018e-05 -7.2229321811335612e-05
leaf_weight=23364 1183 24286 814660 13615 56087 10892 3948 17972 6107 2760 1931 10696 5761 29869 12551 18246 14722 21931 2441 6923 5381 1592 9817 16690 23163 122095 4905 8817 11193 12193
leaf_count=23364 1183 24286 814660 13615 56087 10892 3948 17972 6107 2760 1931 10696 5761 29869 12551 18246 14722 21931 2441 6923 5381 1592 9817 16690 23163 122095 4905 8817 11193 12193
internal_value=-1.3243e-05 -0.000621344 -1.24e-06 0.000311573 0.000523908 -2.55582e-05 -0.000175773 8.64393e-05 -0.00030486 -0.00125164 0.000201033 0.000365161 -0.000165065 0.000888882 0.0003514 -0.000190569 -0.000380174 0.000996984 -0.000735403 0.000114093 -0.00173384 -0.00194024 -0.000370054 -0.000310581 -0.000936931 -0.000193157 -0.000682055 -0.00116956 -0.000317341 -0.00216692
internal_weight=1.31579e+06 25469 1.29032e+06 93066 79451 1.19726e+06 382596 162831 67736 23589 44147 95095 47254 47841 36558 24007 17482 23862 20285 10956 9329 4033 219765 208873 32980 175893 53798 37108 20010 17098
internal_count=1315791 25469 1290322 93066 79451 1197256 382596 162831 67736 23589 44147 95095 47254 47841 36558 24007 17482 23862 20285 10956 9329 4033 219765 208873 32980 175893 53798 37108 20010 17098
cat_boundaries=0 1 2 3 4 5 6 7 8 9 10 11 12 13 14
cat_threshold=128 16 6029712 2174572 143873 1575578 2097208 32 2084 2108420 16448 9014292 13205525 589840
is_linear=0
shrinkage=0.05


Tree=134
num_leaves=31
num_cat=8
split_feature=7 6 6 2 7 0 1 6 2 7 7 7 7 0 2 7 7 7 1 7 1 7 7 1 7 3 1 7 1 2
split_gain=3.88367 9.78595 4.30095 7.19111 4.68197 4.47922 4.2654 4.18049 3.62352 4.69423 5.26329 10.3567 8.29761 4.5981 4.38485 9.58766 7.86204 14.5045 28.2545 18.8401 11.255 6.06742 8.20389 9.3262 7.94349 7.3276 6.99583 5.95432 13.2241 8.17474
threshold=0.019763022229152726 11.990580988694822 12.2093123918769 9.5000000000000018 0.12479566511779129 0 1 13.238405342681794 9.5000000000000018 0.11311322974291106 0.062923896024368639 0.055735845590990436 0.068592070238769523 2 16.500000000000004 0.10579941122073669 0.045081121153866428 0.033321867509809124 3 0.034521400803542678 4 0.054777123202907098 0.061649426708659048 5 0.057428253650754317 3.5000000000000004 6 0.062084727255255469 7 13.500000000000002
decision_type=2 2 2 2 2 1 1 2 2 2 2 2 2 1 2 2 2 2 1 2 1 2 2 1 2 2 1 2 1 2
left_child=1 -1 3 6 5 -5 -2 -3 9 10 11 -4 -12 -11 15 27 17 20 19 -19 -16 26 23 24 -23 -25 -18 28 -10 -29
right_child=2 7 8 4 -6 -7 -8 -9 14 13 12 -13 -14 -15 16 -17 21 18 -20 -21 -22 22 -24 25 -26 -27 -28 29 -30 -31
leaf_value=-0.0003433732658772201 -0.00075134803954052026 -2.6098589070678788e-05 -3.683232869684458e-06 0.00014374483146330878 0.00041652324871520042 3.1197995333040116e-05 -4.35403681246142e-05 7.4070974757763357e-05 0.00019236918379257617 3.6520550283254682e-06 0.00014475892958039344 -0.00028316927929514512 2.0776663145834207e-05 -0.00029531293493973468 0.00021955048933520443 -0.00017955410361481343 2.507894952055584e-05 -9.0367219512435028e-05 -2.1015656384175407e-05 -0.00042566964433921539 1.368542291033982e-06 -5.6618517287815656e-05 1.0007530133843841e-05 -4.6870175596599486e-05 -0.0002695344472308958 2.6778752650759297e-05 0.00011981897614707638 -5.9906532317070831e-06 -9.3001296782692716e-07 -3.7138668023802002e-05
leaf_weight=388 717 4389 64756 7322 1879 37773 4213 366 4301 1410 2702 437 125233 1314 982 4144 16708 2664 24701 445 30917 1925 335330 12688 1465 9585 2559 168765 347430 98283
leaf_count=388 717 4389 64756 7322 1879 37773 4213 366 4301 1410 2702 437 125233 1314 982 4144 16708 2664 24701 445 30917 1925 335330 12688 1465 9585 2559 168765 347430 98283
internal_value=-1.4079e-05 -0.00138538 -8.69799e-06 0.000437346 0.000628007 0.000526112 -0.00137931 -0.000762355 -2.70905e-05 0.000170537 0.000199609 -0.000166045 0.000385938 -0.0018906 -6.3506e-05 -0.000148855 5.73336e-05 -0.000476059 -0.00131068 -0.00579513 0.000251575 0.000141088 9.49464e-05 -0.000766668 -0.00320588 -0.000393798 0.00100561 -0.000132802 2.34554e-06 -0.000310806
internal_weight=1.31579e+06 5143 1.31065e+06 51904 46974 45095 4930 4755 1.25874e+06 195852 193128 65193 127935 2724 1.06289e+06 622923 439969 59709 27810 3109 31899 380260 360993 25663 3390 22273 19267 618779 351731 267048
internal_count=1315791 5143 1310648 51904 46974 45095 4930 4755 1258744 195852 193128 65193 127935 2724 1062892 622923 439969 59709 27810 3109 31899 380260 360993 25663 3390 22273 19267 618779 351731 267048
cat_boundaries=0 1 2 3 4 5 6 7 8
cat_threshold=11141377 32 11690535 1 24 64 81 96
is_linear=0
shrinkage=0.05


Tree=135
num_leaves=31
num_cat=16
split_feature=7 6 6 1 3 1 1 0 0 7 3 1 1 1 7 0 6 3 0 0 3 6 0 3 3 1 5 0 0 0
split_gain=3.68947 8.92482 4.34048 11.3873 5.92844 19.7388 8.82839 6.65834 6.61929 5.71759 6.19253 56.9995 16.1585 7.34733 6.10717 5.43685 5.34233 5.28948 7.57942 6.31581 5.27648 7.31508 6.79626 5.72662 10.947 11.5177 5.37173 9.75726 5.43618 5.26733
threshold=0.020498863159263622 11.990580988694822 13.052806418276131 0 4.5000000000000009 1 2 3 4 0.12746364113264988 4.5000000000000009 5 6 7 0.11621054548671803 8 11.990580988694822 5.5000000000000009 9 10 2.5000000000000004 12.493456861052696 11 1.0000000180025095e-35 1.5000000000000002 12 6.5000000000000009 13 14 15
decision_type=2 2 2 1 2 1 1 1 1 2 2 1 1 1 2 1 2 2 1 1 2 2 1 2 2 1 2 1 1 1
left_child=1 -1 3 -2 6 -6 8 -8 -4 10 12 13 16 29 15 -13 -5 18 -7 -19 21 23 -23 -14 25 -25 28 -28 -22 -12
right_child=2 -3 4 9 5 17 7 -9 -10 -11 11 14 20 -15 -16 -17 -18 19 -20 -21 26 22 -24 24 -26 -27 27 -29 -30 -31
leaf_value=-0.00032058111918200147 9.5699978458961565e-05 -1.1595415121499336e-05 -1.3106418420555378e-05 0.00018129573046514192 1.8999064132131652e-05 3.9846942094875701e-05 -6.0102980947890355e-05 -1.6713922716323806e-05 3.0304410186386689e-06 0.00015499438633130165 0.00024188767776049948 -2.2101792151836555e-05 -2.0315108591528915e-05 2.3950662189760331e-05 -0.0004219538757907808 -5.4663689340075583e-05 1.5955458168197269e-05 -1.6213668745605759e-05 -3.1302665090829354e-05 -7.8013867047512658e-05 2.9618079786441177e-05 7.9095799556699885e-06 -3.931911424581245e-05 7.2241509517244343e-05 -4.754486133449806e-05 -0.00042971322074266544 -5.448350538766918e-05 0.00014049453875066841 -2.6637366702255383e-05 9.5145780769645766e-05
leaf_weight=456 11075 10160 170041 8811 161086 9961 20369 69846 264099 7192 11677 47035 6528 37641 1100 48096 229587 13275 15905 13055 21430 40847 30232 855 6782 4893 3538 5813 31792 12614
leaf_count=456 11075 10160 170041 8811 161086 9961 20369 69846 264099 7192 11677 47035 6528 37641 1100 48096 229587 13275 15905 13055 21430 40847 30232 855 6782 4893 3538 5813 31792 12614
internal_value=-1.3623e-05 -0.000941974 -6.07198e-06 9.78789e-05 -8.60518e-05 0.000136205 -0.000176455 -0.000626489 -8.29206e-05 6.62656e-05 4.79272e-05 -0.000216075 0.000154689 0.000967034 -0.000977494 -0.000934764 0.000411899 -0.000708731 -0.000201036 -0.00120775 -0.000246857 -0.000491751 -0.000258515 -0.00136163 -0.00198723 -0.00359255 0.000105876 0.0012111 -8.83093e-05 0.00164499
internal_weight=1.31579e+06 10616 1.30518e+06 567538 737637 213282 524355 90215 434140 556463 549271 158163 391108 61932 96231 95131 238398 52196 25866 26330 152710 90137 71079 19058 12530 5748 62573 9351 53222 24291
internal_count=1315791 10616 1305175 567538 737637 213282 524355 90215 434140 556463 549271 158163 391108 61932 96231 95131 238398 52196 25866 26330 152710 90137 71079 19058 12530 5748 62573 9351 53222 24291
cat_boundaries=0 1 2 3 4 5 6 7 8 9 10 11 12 13 14 15 16
cat_threshold=24 46 27 4788280 1320019 38 65 32 6718651 645962 13938745 5509919 4 2754780 3567232 6575530
is_linear=0
shrinkage=0.05


Tree=136
num_leaves=31
num_cat=15
split_feature=7 6 6 6 1 7 3 1 1 7 0 1 3 7 7 3 1 1 3 0 0 3 0 0 1 0 0 0 2 5
split_gain=3.56091 9.93605 3.86159 3.71162 10.5296 5.62546 5.57601 35.1889 8.92109 7.00941 6.79798 6.107 9.71504 5.71504 6.52517 5.50197 17.8561 7.93629 6.38591 6.93113 6.02608 5.48598 6.51377 5.19454 5.07298 4.9798 4.45553 4.28495 4.13138 4.09119
threshold=0.019763022229152726 11.990580988694822 13.238405342681794 13.052806418276131 0 0.12746364113264988 5.5000000000000009 1 2 0.068017392552716618 3 4 4.5000000000000009 0.10414963761858197 0.092533608887427149 4.5000000000000009 5 6 1.0000000180025095e-35 7 8 1.0000000180025095e-35 9 10 11 12 13 14 16.500000000000004 4.5000000000000009
decision_type=2 2 2 2 1 2 2 1 1 2 1 1 2 2 2 2 1 1 2 1 1 2 1 1 1 1 1 1 2 2
left_child=1 -1 -3 4 27 6 11 10 -9 -10 -8 12 21 14 -11 17 26 20 29 -20 -5 22 -6 -16 25 -18 -17 -2 -28 -19
right_child=3 2 -4 15 5 -7 7 8 9 13 -12 -13 -14 -15 23 16 24 18 19 -21 -22 -23 -24 -25 -26 -27 28 -29 -30 -31
leaf_value=-0.00031017554662425903 3.073587946534513e-05 -2.4213888861069831e-05 7.0947196775950159e-05 -1.3661930823567759e-05 0.00025613111537469427 0.0001472446670147367 -8.6882070729391032e-06 -2.1340445366507117e-05 -0.00020017021269789077 -0.00012770613987754184 8.9234707771138077e-05 5.0648997934662347e-07 -4.1005634034996419e-05 -0.00026294464504806637 -6.5376821482673883e-05 -6.8773623962577191e-07 -2.6195670040115099e-06 4.1697252210632503e-05 -7.1387629984641723e-06 -4.9978050838393569e-05 2.0650203733464655e-06 3.3308072313939511e-05 7.678847699650223e-05 0.00013278231377841719 -0.0001614280724170249 -4.2597696575295484e-05 1.3539660357063736e-05 0.00014582644016798187 5.3599886195938172e-05 -1.8814311754042184e-05
leaf_weight=388 5052 4389 366 143741 2275 7192 9089 31451 4347 5595 22513 370598 17048 2978 2348 48188 24715 8389 27350 45402 291635 68795 13806 2125 1560 26083 71797 6048 41452 9076
leaf_count=388 5052 4389 366 143741 2275 7192 9089 31451 4347 5595 22513 370598 17048 2978 2348 48188 24715 8389 27350 45402 291635 68795 13806 2125 1560 26083 71797 6048 41452 9076
internal_value=-1.3965e-05 -0.00132705 -0.000699264 -8.81243e-06 8.69131e-05 5.66792e-05 3.86098e-05 -0.000346195 -0.00118721 -0.0020959 0.000953752 0.000104122 0.000446858 -0.00151771 -0.00094855 -8.27712e-05 0.000131084 -0.000169761 -0.000596551 -0.000802727 -8.13072e-05 0.000665677 0.00149711 0.000475073 -0.000671211 -0.000584554 0.000391305 0.00161116 0.000562648 0.000261952
internal_weight=1.31579e+06 5143 4755 1.31065e+06 571260 560160 552968 80446 48844 17393 31602 472522 101924 13046 10068 739388 213795 525593 90217 72752 435376 84876 16081 4473 52358 50798 161437 11100 113249 17465
internal_count=1315791 5143 4755 1310648 571260 560160 552968 80446 48844 17393 31602 472522 101924 13046 10068 739388 213795 525593 90217 72752 435376 84876 16081 4473 52358 50798 161437 11100 113249 17465
cat_boundaries=0 1 2 3 4 5 6 7 8 9 10 11 12 13 14 15
cat_threshold=24 38 1 4236884 64 46 27 8799813 1319939 4228176 4270927 17 6142026 11239942 542854
is_linear=0
shrinkage=0.05


Tree=137
num_leaves=31
num_cat=8
split_feature=6 1 6 0 7 7 2 7 2 7 7 2 2 7 7 7 7 5 0 7 3 1 6 3 1 1 1 0 5 6
split_gain=3.56339 5.52061 5.23848 4.99663 4.73135 4.46062 5.01333 6.62729 4.37616 9.81762 7.84173 4.34105 9.76838 11.525 11.1533 13.1203 11.5478 5.82351 7.86192 5.72376 5.23793 26.346 14.6192 13.4352 23.1508 14.054 13.403 12.1261 10.321 8.13547
threshold=13.99691127342979 0 13.412720618397271 1 0.057428253650754317 0.10297475800934078 18.500000000000004 0.091495601640996252 17.500000000000004 0.078034230429874021 0.086028002281719626 8.5000000000000018 7.5000000000000009 0.10992261969582411 0.097933576906992295 0.07367656427701233 0.10535545766871728 6.5000000000000009 2 0.10261254377763239 3.5000000000000004 3 12.550115261411239 4.5000000000000009 4 5 6 7 3.5000000000000004 12.458740034030809
decision_type=2 1 2 1 2 2 2 2 2 2 2 2 2 2 2 2 2 2 1 2 2 1 2 2 1 1 1 1 2 2
left_child=1 2 4 -2 -1 6 7 8 9 -4 -10 12 17 14 15 -14 -16 19 -19 -3 26 22 -22 25 -25 27 -13 28 -23 -28
right_child=3 11 5 -5 -6 -7 -8 -9 10 -11 -12 20 13 -15 16 -17 -18 18 -20 -21 21 23 -24 24 -26 -27 29 -29 -30 -31
leaf_value=3.2561516400846095e-06 -3.59686470979885e-05 -1.0694194658354e-05 1.0577443340632764e-05 -2.3912858683035333e-06 0.00015602004430528423 -0.00015580155521975755 6.276647485414025e-05 -0.00022091638332276918 0.00035045455745997823 -0.00012355529926945247 8.3047885696518893e-06 3.7748632459913731e-05 4.3290801968777493e-05 -4.1333534390321923e-05 0.00029097256562451784 -0.00013658112458357006 8.9092881966638265e-05 0.00013161535557962775 6.1136374699052864e-06 -0.00032977380492374143 0.00017978541986650096 -8.1304465169050949e-05 1.5535091794096832e-05 1.426062044277629e-05 -3.8161922288100508e-05 -3.1835638933332656e-05 -5.5545793300817992e-05 5.0700081175714817e-05 1.900472636843023e-05 -7.1474785789966272e-06
leaf_weight=4635 25239 55827 35608 57411 8097 1951 13797 938 1000 3740 2019 70452 12463 10508 6315 2931 14920 2689 6086 478 22059 5275 207064 47211 103599 24014 36756 32501 13979 486229
leaf_count=4635 25239 55827 35608 57411 8097 1951 13797 938 1000 3740 2019 70452 12463 10508 6315 2931 14920 2689 6086 478 22059 5275 207064 47211 103599 24014 36756 32501 13979 486229
internal_value=-1.1875e-05 9.42715e-06 0.000434919 -0.000329704 0.00135485 0.000236652 0.000316977 5.25343e-05 0.00014457 3.81214e-06 0.00197913 -1.68767e-05 0.000278701 0.000826845 0.0012456 0.000220865 0.00198846 -0.000118316 0.00107977 -0.000305035 -4.84921e-05 7.8999e-05 0.000457049 -0.000303302 -0.000576222 0.000239874 -0.000146393 0.000703661 -0.000290698 -0.000233606
internal_weight=1.31579e+06 1.23314e+06 71785 82650 12732 59053 57102 43305 42367 39348 3019 1.16136e+06 112217 47137 36629 15394 21235 65080 8775 56305 1.04914e+06 455702 229123 226579 150810 75769 593437 51755 19254 522985
internal_count=1315791 1233141 71785 82650 12732 59053 57102 43305 42367 39348 3019 1161356 112217 47137 36629 15394 21235 65080 8775 56305 1049139 455702 229123 226579 150810 75769 593437 51755 19254 522985
cat_boundaries=0 1 2 3 4 5 6 7 8
cat_threshold=16 1859713 828690 42 4 65 64 7077982
is_linear=0
shrinkage=0.05


Tree=138
num_leaves=31
num_cat=16
split_feature=5 5 2 2 0 0 3 0 5 1 3 1 1 3 3 6 3 1 0 0 0 0 0 7 0 0 3 0 0 3
split_gain=3.44336 6.17366 6.73036 8.5965 7.346 6.2648 5.75454 10.3526 8.38271 5.9707 5.60126 14.5433 11.5296 23.3104 10.5859 9.42221 8.78339 12.9033 9.66815 8.62578 8.46115 7.37028 7.29886 6.46542 6.43415 5.57273 5.45916 23.7361 7.44047 11.8438
threshold=5.5000000000000009 6.5000000000000009 16.500000000000004 8.5000000000000018 0 1 1.0000000180025095e-35 2 3.5000000000000004 3 2.5000000000000004 4 5 1.5000000000000002 4.5000000000000009 12.031923105590947 4.5000000000000009 6 7 8 9 10 11 0.12479566511779129 12 13 1.0000000180025095e-35 14 15 2.5000000000000004
decision_type=2 2 2 2 1 1 2 1 2 1 2 1 1 2 2 2 2 1 1 1 1 1 1 2 1 1 2 1 1 2
left_child=6 5 3 -3 -5 -2 7 8 -1 -9 12 14 13 25 -12 23 18 19 -13 -18 -19 -15 -14 -16 -17 -8 27 -7 29 -28
right_child=1 2 -4 4 -6 26 10 9 -10 -11 11 16 22 21 15 24 17 20 -20 -21 -22 -23 -24 -25 -26 -27 28 -29 -30 -31
leaf_value=-0.00011728810666596264 -6.4558420153740251e-05 3.9779874143517153e-05 2.7488457378324618e-05 -5.06250090096019e-05 -4.032339061053533e-06 5.4041788348009953e-05 -0.00034469407255010751 5.1862540504016286e-05 4.4377377938777456e-06 9.7438851544794792e-06 2.74787295380316e-06 -1.8662781083906774e-05 -2.1870708814025407e-05 -0.0001444452332611146 0.00065973894795262166 5.6717681260648472e-05 -3.0285814962196027e-05 2.2404114277119192e-07 1.7039508717956941e-05 3.0934550564686024e-05 -4.0396757454621429e-05 7.9253775840831827e-05 3.1037593973255383e-06 0.0018959620360330916 1.5042399977509974e-05 -0.00015347673173456231 1.8025589840888617e-05 -7.0599903415015722e-05 2.7901447186548526e-06 -4.9187496601338022e-05
leaf_weight=4829 11733 17067 62189 18146 81319 9911 2942 35643 6324 74596 103611 47739 70378 2845 1608 49386 18485 28211 110543 34186 72001 7945 169456 204 48421 6246 17027 26415 138059 38326
leaf_count=4829 11733 17067 62189 18146 81319 9911 2942 35643 6324 74596 103611 47739 70378 2845 1608 49386 18485 28211 110543 34186 72001 7945 169456 204 48421 6246 17027 26415 138059 38326
internal_value=-1.0545e-05 -0.000128632 9.41411e-05 -0.000130007 -0.000307897 -0.000293514 4.48582e-05 0.000364933 -0.00108618 0.000511796 -5.32803e-06 9.02517e-05 -0.000194564 -0.00134831 0.000419209 0.000787249 -0.000124608 -0.00039491 0.000136465 0.000238701 -0.000727884 0.000227062 -9.83973e-05 0.00435982 0.000721063 -0.00319983 -0.000235911 -0.000798326 -0.000130292 -0.000619999
internal_weight=1.31579e+06 420192 178721 116532 99465 241471 895599 121392 11153 110239 774207 514395 259812 19978 203230 99619 311165 152883 158282 52671 100212 10790 239834 1812 97807 9188 229738 36326 193412 55353
internal_count=1315791 420192 178721 116532 99465 241471 895599 121392 11153 110239 774207 514395 259812 19978 203230 99619 311165 152883 158282 52671 100212 10790 239834 1812 97807 9188 229738 36326 193412 55353
cat_boundaries=0 1 2 3 4 5 6 7 8 9 10 11 12 13 14 15 16
cat_threshold=9707520 16448 262145 84 38 32 8 4591954 3738244 12894219 1217664 11036032 5338251 8737985 12618772 12681237
is_linear=0
shrinkage=0.05


Tree=139
num_leaves=31
num_cat=15
split_feature=6 1 6 5 6 3 1 0 0 0 0 7 7 7 0 0 0 7 1 3 1 0 2 1 2 1 2 6 3 0
split_gain=3.39683 11.6997 8.43701 6.96055 7.09616 5.57603 7.7768 6.92159 5.61233 5.28951 5.24194 4.81766 5.88467 4.69102 4.6711 4.60413 4.57116 4.31627 4.1893 3.75396 4.63327 4.46809 3.7197 3.94267 4.50988 3.62107 3.5334 3.29267 3.26796 5.78021
threshold=13.623457705198346 0 13.126087434098727 5.5000000000000009 12.902084468380513 5.5000000000000009 1 2 3 4 5 0.074516782080893587 0.066162824367806392 0.030551983978343782 6 7 8 0.026788622941679611 9 1.0000000180025095e-35 10 11 13.500000000000002 12 10.500000000000002 13 12.500000000000002 11.583360624843122 1.0000000180025095e-35 14
decision_type=2 1 2 2 2 2 1 1 1 1 1 2 2 2 1 1 1 2 1 2 1 1 2 1 2 1 2 2 2 1
left_child=1 2 15 11 5 7 10 18 -8 -6 -7 12 -3 -9 27 -1 -14 -17 -5 20 -16 -22 23 -18 -25 -15 -27 -13 29 -11
right_child=-2 3 -4 4 9 6 8 13 -10 28 -12 14 16 25 19 17 22 -19 -20 -21 21 -23 -24 24 -26 26 -28 -29 -30 -31
leaf_value=-1.3675036309220708e-07 -7.2604501210778161e-06 3.4038696303442113e-07 1.3841746423092807e-05 2.1138701122394924e-06 -3.9539534094486244e-05 -4.9287200915167781e-05 4.3459725179376135e-05 -2.6088618932648516e-05 -3.2589039128078784e-05 0.00012604732860085205 -0.00024648282921327819 0.00078948686423383071 -5.9801874267529159e-05 6.6801904144598098e-05 0.00012935320493452778 -0.001293657375186903 0.00014111913037072112 0.00012057128714010741 -5.0639151091813954e-05 3.0388624810973042e-07 -3.7429844002259341e-05 5.2761858685109954e-05 -2.3077430594226761e-05 -3.100059446278156e-05 0.00055752273810202727 3.9591152297309591e-05 -6.7060507406260104e-06 3.2782088161864567e-05 -6.4883714282398811e-06 -5.1834860242286346e-05
leaf_weight=3696 273456 269166 130898 34900 41445 2973 6782 4145 10217 1153 2792 749 20886 25216 5750 255 1448 11668 17171 186544 8314 15244 19958 3721 508 13686 20431 76559 91715 14345
leaf_count=3696 273456 269166 130898 34900 41445 2973 6782 4145 10217 1153 2792 749 20886 25216 5750 255 1448 11668 17171 186544 8314 15244 19958 3721 508 13686 20431 76559 91715 14345
internal_value=-9.17699e-06 3.19715e-05 0.000446164 -3.5777e-05 -0.000238787 1.89787e-05 -0.000696275 0.000159889 -0.00015727 -0.000478615 -0.00228139 5.99083e-05 -7.56287e-05 0.000510333 0.00020586 0.00154459 -0.000594893 0.0020217 -0.000267372 8.63978e-05 0.000612461 0.000301256 -0.000147202 0.000982033 0.000206417 0.00062402 0.000287895 0.000539331 -0.000293081 -0.000964641
internal_weight=1.31579e+06 1.04234e+06 146517 895818 286971 138313 22764 115549 16999 148658 5765 608847 315687 63478 293160 15619 46521 11923 52071 215852 29308 23558 25635 5677 4229 59333 34117 77308 107213 15498
internal_count=1315791 1042335 146517 895818 286971 138313 22764 115549 16999 148658 5765 608847 315687 63478 293160 15619 46521 11923 52071 215852 29308 23558 25635 5677 4229 59333 34117 77308 107213 15498
cat_boundaries=0 1 2 3 4 5 6 7 8 9 10 11 12 13 14 15
cat_threshold=24 64 4745333 8463788 8774210 437612 1105929 524294 1418644 65 64 266836 4 70 524304
is_linear=0
shrinkage=0.05


Tree=140
num_leaves=31
num_cat=13
split_feature=7 6 6 6 0 1 3 0 3 0 1 2 1 0 5 0 3 3 0 0 0 7 7 7 7 7 1 7 0 2
split_gain=3.32222 10.062 3.77973 3.44796 5.47005 3.42771 15.6441 5.94925 4.11964 8.02913 7.51437 8.5695 6.4497 6.23587 5.82093 8.09894 10.7053 13.45 13.067 8.19278 5.05667 4.9866 16.2767 5.88898 7.39128 5.48541 3.99147 3.87746 3.79567 3.74875
threshold=0.019763022229152726 11.990580988694822 13.238405342681794 12.599324305273347 0 1 5.5000000000000009 2 3.5000000000000004 3 4 9.5000000000000018 5 6 2.5000000000000004 7 1.5000000000000002 2.5000000000000004 8 9 10 0.076536027880184682 0.067132975390762337 0.051569334445929753 0.056500935961983231 0.045536734602365347 11 0.093791546260364872 12 18.500000000000004
decision_type=2 2 2 2 1 1 2 1 2 1 1 2 1 1 2 1 2 2 1 1 1 2 2 2 2 2 1 2 1 2
left_child=1 -1 -3 4 -2 6 29 27 9 14 11 28 -11 -13 15 16 -7 19 -19 -18 -12 22 23 25 -25 -15 -17 -8 -10 -5
right_child=3 2 -4 5 -6 8 7 -9 10 12 20 13 -14 21 -16 26 17 18 -20 -21 -22 -23 -24 24 -26 -27 -28 -29 -30 -31
leaf_value=-0.00029193009475290922 -7.1207011437198627e-06 -2.3141321276214448e-05 6.7792223996288129e-05 7.8828423546381532e-06 2.226931370110999e-05 1.232550339484717e-05 -0.00020735198227722924 -4.5827885197458065e-05 9.5083735332747096e-05 -2.496720892557307e-05 7.3168543588984784e-06 -7.638003703103886e-06 -4.3196171714297852e-06 2.2248186038429339e-05 1.0614952832446387e-05 5.7175490083124365e-05 -2.0725895466519944e-05 5.9337257695780619e-05 -0.00072807446570009112 -0.00061128317028459221 -8.0658021942804289e-06 7.5526043889477198e-05 -8.0502921460752505e-05 0.00015703890873572068 5.1486204346504197e-05 -3.374353314648006e-05 -3.5664212985777462e-05 -0.00011332595204634617 0.0002374379691970862 -6.1632868551031805e-05
leaf_weight=388 85410 4389 366 34349 120589 1527 2492 2755 960 109295 161643 36579 311104 12832 163822 3773 238 841 223 790 179118 39064 10210 2079 8209 6043 7167 1595 1095 6846
leaf_count=388 85410 4389 366 34349 120589 1527 2492 2755 960 109295 161643 36579 311104 12832 163822 3773 238 841 223 790 179118 39064 10210 2079 8209 6043 7167 1595 1095 6846
internal_value=-1.0127e-05 -0.00127844 -0.000646688 -5.15012e-06 0.000182647 -4.01711e-05 -0.000453202 -0.00266735 -2.13889e-05 -0.000107719 9.15183e-05 0.000437091 -0.000226981 0.000379947 0.000173355 -0.000784738 -0.00283136 -0.00516252 -0.0012218 -0.00924125 -2.72177e-05 0.000631318 0.000234298 0.000835819 0.00179821 0.000311258 -0.000105023 -0.00387479 0.00363747 -8.55686e-05
internal_weight=1.31579e+06 5143 4755 1.31065e+06 205999 1.10465e+06 48037 6842 1.05661e+06 598780 457832 117071 420399 115016 178381 14559 3619 2092 1064 1028 340761 78437 39373 29163 10288 18875 10940 4087 2055 41195
internal_count=1315791 5143 4755 1310648 205999 1104649 48037 6842 1056612 598780 457832 117071 420399 115016 178381 14559 3619 2092 1064 1028 340761 78437 39373 29163 10288 18875 10940 4087 2055 41195
cat_boundaries=0 1 2 3 4 5 6 7 8 9 10 11 12 13
cat_threshold=1054437 64 277086 4752028 34 34 13402324 32896 128 32768 9826593 49 6432791
is_linear=0
shrinkage=0.05


Tree=141
num_leaves=31
num_cat=13
split_feature=7 6 6 1 6 5 6 0 3 1 1 3 0 0 6 0 0 3 0 5 0 0 5 0 3 7 7 6 5 0
split_gain=3.17955 10.138 3.34128 15.056 5.23034 4.90688 5.87983 5.19503 4.79914 6.71515 4.67592 5.75534 4.47792 4.43229 5.22658 3.72962 3.54691 3.4359 6.49806 5.74744 5.89479 4.24778 8.45966 8.48349 3.99766 3.5185 11.9523 7.27951 3.72892 8.49787
threshold=0.019763022229152726 11.990580988694822 13.445790538661404 0 13.120496135176955 5.5000000000000009 12.902084468380513 1 5.5000000000000009 2 3 5.5000000000000009 4 5 13.407846408716152 6 7 1.0000000180025095e-35 8 3.5000000000000004 9 10 2.5000000000000004 11 5.5000000000000009 0.033321867509809124 0.036427205497572696 12.564743969732836 2.5000000000000004 12
decision_type=2 2 2 1 2 2 2 1 2 1 1 2 1 1 2 1 1 2 1 2 1 1 2 1 2 2 2 2 2 1
left_child=1 -1 3 4 12 17 7 8 -7 -10 11 -8 -2 14 -12 -6 -11 18 -5 20 -20 22 23 -19 -25 -23 27 -27 29 -28
right_child=2 -3 -4 5 15 6 10 -9 9 16 13 -13 -14 -15 -16 -17 -18 21 19 -21 -22 25 -24 24 -26 26 28 -29 -30 -31
leaf_value=-0.00027733359001526375 2.7337726477630332e-07 -1.3417880053239601e-05 -5.6552762678263944e-06 3.6193879912882476e-05 3.871349497786177e-06 3.1862875525031849e-05 -7.0182589147597257e-05 -1.083654364093167e-05 6.2022928806965147e-05 -2.3002666707914317e-05 1.7315192624982325e-06 -0.00020141580121472749 0.00011505279689384245 -2.4894364418069637e-05 -8.7686316190815393e-05 3.745470992114683e-05 -0.00012994797623531383 1.2291770742364067e-05 -8.886210554610551e-05 2.2249904238242846e-05 -4.641688520652665e-06 9.6352624357155456e-06 1.6506161090933633e-05 -0.00011465664199415832 4.9941638836012093e-05 -4.7464245562667956e-06 -2.9109950916682976e-05 -0.00012469490598198877 -7.5359573367170258e-06 5.0406834280618268e-05
leaf_weight=388 3696 4755 387440 33331 29994 47155 3954 80454 3952 2975 58283 801 11399 66233 3046 39124 2619 8023 5815 24976 13015 30129 122512 6661 732 1118 13929 1570 285717 21995
leaf_count=388 3696 4755 387440 33331 29994 47155 3954 80454 3952 2975 58283 801 11399 66233 3046 39124 2619 8023 5815 24976 13015 30129 122512 6661 732 1118 13929 1570 285717 21995
internal_value=-8.49299e-06 -0.00124927 -3.62416e-06 4.80932e-05 0.000685383 -1.58819e-05 -0.000191671 3.7731e-05 0.000404243 -0.00061806 -0.000429461 -0.00196747 0.00152865 -0.000371947 -6.56189e-05 0.000501317 -0.00173091 6.72932e-05 0.000377575 -2.28227e-05 -0.000682422 1.86845e-05 0.0002541 -0.000849766 -0.00207011 -7.29262e-05 -0.000120942 -0.00344122 -9.3194e-05 0.000386928
internal_weight=1.31579e+06 5143 1.31065e+06 923208 84213 838995 269472 137155 56701 9546 132317 4755 15095 127562 61329 69118 5594 569523 77137 43806 18830 492386 137928 15416 7393 354458 324329 2688 321641 35924
internal_count=1315791 5143 1310648 923208 84213 838995 269472 137155 56701 9546 132317 4755 15095 127562 61329 69118 5594 569523 77137 43806 18830 492386 137928 15416 7393 354458 324329 2688 321641 35924
cat_boundaries=0 1 2 3 4 5 6 7 8 9 10 11 12 13
cat_threshold=24 9799562 38 64 524294 3284273 14838028 8684680 5811586 8650785 4506249 4210697 1250308
is_linear=0
shrinkage=0.05


Tree=142
num_leaves=31
num_cat=9
split_feature=6 0 1 3 0 0 6 2 3 7 7 0 5 7 3 7 2 1 7 7 0 0 2 6 1 7 2 6 3 2
split_gain=3.12918 5.32064 3.80481 7.54843 5.07275 4.86708 4.42913 3.9973 8.46898 4.93481 4.30231 3.94141 5.32762 6.3398 3.57182 3.32162 3.25976 3.18216 9.17576 3.32694 3.13462 3.07994 2.98892 3.62325 2.88329 9.67183 9.56206 8.54674 9.89339 5.34442
threshold=14.200316706876533 0 1 5.5000000000000009 2 3 13.703726398863079 20.500000000000004 4.5000000000000009 0.10535545766871728 0.10414963761858197 4 6.5000000000000009 0.10535545766871728 5.5000000000000009 0.020498863159263622 7.5000000000000009 5 0.034521400803542678 0.039807080262756707 6 7 16.500000000000004 13.048368552631432 8 0.10932797643305314 16.500000000000004 12.458740034030809 3.5000000000000004 17.500000000000004
decision_type=2 1 1 2 1 1 2 2 2 2 2 1 2 2 2 2 2 1 2 2 1 1 2 2 1 2 2 2 2 2
left_child=2 14 3 4 -1 -5 22 10 9 17 -4 -10 13 15 -2 -13 -12 -9 -19 20 -20 -14 -6 -24 25 -18 -26 28 29 -27
right_child=1 -3 7 5 6 -7 -8 8 11 -11 16 12 21 -15 -16 -17 24 18 19 -21 -22 -23 23 -25 26 27 -28 -29 -30 -31
leaf_value=6.5951063164286077e-05 -5.9355546075899604e-05 -7.3220758091113031e-06 -1.4959140760488488e-06 -9.0369758312778065e-05 2.1840869801610654e-05 -3.2947941003891316e-06 -7.4398009503283406e-07 -1.030363563394466e-05 3.5693442848265971e-05 -0.00020080115161725463 -0.00036783497999027425 -4.8112279806347691e-05 -1.5341186031733649e-05 -0.00047311343084500209 -0.00021193817204152588 -3.4780068067299941e-06 8.1117278603940607e-05 0.00013712362193474341 6.8477354393090871e-05 -7.0569858783355038e-05 -3.688273070796798e-05 0.00012294492092073552 0.00039234066311521072 7.5887567868845182e-05 -0.00011317737198243764 -0.00018962251873021476 1.8508170535657539e-05 -3.2251243237622217e-05 0.00035439798232370784 0.000114164586901562
leaf_weight=17802 4558 20176 992440 4603 12379 9012 41041 34249 9872 2535 176 599 506 399 735 7737 29807 735 456 3525 7867 886 832 7397 7624 2125 58604 29476 4307 3331
leaf_count=17802 4558 20176 992440 4603 12379 9012 41041 34249 9872 2535 176 599 506 399 735 7737 29807 735 456 3525 7867 886 832 7397 7624 2125 58604 29476 4307 3331
internal_value=-7.73299e-06 -0.000556559 3.1e-06 0.000311036 0.000497476 -0.000776717 0.000282603 -2.08391e-05 -0.00038924 -0.00074088 1.81755e-06 0.000478774 -0.000214561 -0.000672582 -0.00196587 -0.000377879 0.00026615 -0.000624573 -0.0013043 -0.00164163 -0.00109636 0.00265805 0.000880726 0.00161927 0.000274997 0.000501043 3.92524e-05 -1.46538e-05 0.00126754 -0.000146628
internal_weight=1.31579e+06 25469 1.29032e+06 93066 79451 13615 61649 1.19726e+06 69366 49367 1.12789e+06 19999 10127 8735 5293 8336 135450 46832 12583 11848 8323 1392 20608 8229 135274 69046 66228 39239 9763 5456
internal_count=1315791 25469 1290322 93066 79451 13615 61649 1197256 69366 49367 1127890 19999 10127 8735 5293 8336 135450 46832 12583 11848 8323 1392 20608 8229 135274 69046 66228 39239 9763 5456
cat_boundaries=0 1 2 3 4 5 6 7 8 9
cat_threshold=2105488 16 2212704 2705158 14316593 3 8389632 2427392 37
is_linear=0
shrinkage=0.05


Tree=143
num_leaves=31
num_cat=10
split_feature=7 6 6 6 3 1 1 7 0 1 3 6 3 0 1 3 0 7 7 3 0 7 7 6 7 7 7 0 2 0
split_gain=2.98979 10.2397 3.66661 3.0587 4.87541 14.8451 5.92189 5.61968 4.965 4.93207 7.09821 15.0329 8.8522 8.58696 8.36648 7.68049 5.53061 5.49138 5.41897 5.41452 7.5725 5.26712 4.65166 5.03055 4.40869 3.99435 3.98296 4.15966 3.94522 3.91223
threshold=0.019763022229152726 11.990580988694822 13.238405342681794 12.757262318944296 5.5000000000000009 0 1 0.041386108902534031 2 3 1.5000000000000002 12.357696562278482 1.0000000180025095e-35 4 5 4.5000000000000009 6 0.028165668868557519 0.053980929683468737 1.5000000000000002 7 0.056101570916515055 0.0794326935991055 12.357696562278482 0.10579941122073669 0.061649426708659048 0.11437927845860141 8 15.500000000000002 9
decision_type=2 2 2 2 2 1 1 2 1 1 2 2 2 1 1 2 1 2 2 2 1 2 2 2 2 2 2 1 2 1
left_child=1 -1 -3 4 9 8 7 -7 -6 19 11 12 29 -13 15 17 -17 -12 -14 20 -2 -19 25 -24 -22 -18 27 -9 -16 -11
right_child=3 2 -4 -5 5 6 -8 26 -10 10 14 13 18 -15 28 16 22 21 -20 -21 24 -23 23 -25 -26 -27 -28 -29 -30 -31
leaf_value=-0.0002633921148106981 0.00015052537655029299 -2.1238565505939286e-05 6.5148302502938179e-05 -1.9244641735853552e-06 0.0002404155013961233 -0.00036612513837169206 -9.7978981858164528e-06 -0.00012324536068115572 -4.2478037615076293e-07 3.3389534841353052e-05 -0.00070060544810018454 4.1207356582655466e-05 -2.5701441650623909e-05 -1.9362835165443772e-05 9.2568835832342051e-06 0.00047208179457793183 0.00023743290827096531 0.00046432311664691109 -0.00036572839173503808 1.5918514102690116e-05 2.1108515301611343e-05 5.1413482245200177e-05 0.00064011050485507099 0.00014988405887338791 0.00016954534338952943 -0.00014813341795673481 -0.00039499990488053134 -7.6619237995503502e-06 -1.8417872883853478e-05 -0.00011847428371391176
leaf_weight=388 7811 4389 366 1007742 5654 921 20918 6809 3746 2966 1693 14092 1223 26292 43436 3355 871 646 4137 66688 20945 25397 1055 2150 3805 1874 710 5410 27250 3052
leaf_count=388 7811 4389 366 1007742 5654 921 20918 6809 3746 2966 1693 14092 1223 26292 43436 3355 871 646 4137 66688 20945 25397 1055 2150 3805 1874 710 5410 27250 3052
internal_value=-7.20099e-06 -0.00121038 -0.000573081 -2.47969e-06 0.000136841 -0.000348669 -0.000825234 -0.00162698 0.00141339 0.00021972 4.74925e-05 -0.000433716 -0.00203902 1.85717e-05 0.000278714 0.00088729 0.00213057 0.000470508 -0.00351679 0.000496429 0.001025 0.000649887 0.00120805 0.0025039 0.000595719 -0.000300546 -0.00135935 -0.0011478 -4.03135e-05 -0.000722832
internal_weight=1.31579e+06 5143 4755 1.31065e+06 302906 44168 34768 13850 9400 258738 159489 51762 11378 40384 107727 37041 9305 27736 5360 99249 32561 26043 5950 3205 24750 2745 12929 12219 70686 6018
internal_count=1315791 5143 4755 1310648 302906 44168 34768 13850 9400 258738 159489 51762 11378 40384 107727 37041 9305 27736 5360 99249 32561 26043 5950 3205 24750 2745 12929 12219 70686 6018
cat_boundaries=0 1 2 3 4 5 6 7 8 9 10
cat_threshold=40 64 8132906 76 8028376 32 5019048 4621336 1143574 12370219
is_linear=0
shrinkage=0.05


Tree=144
num_leaves=31
num_cat=6
split_feature=7 6 6 6 1 6 0 7 0 7 2 7 2 7 7 2 7 7 0 0 7 7 2 7 2 0 2 2 7 7
split_gain=2.89505 10.2907 3.23155 2.84843 4.65395 4.6257 4.55431 5.08848 4.54988 3.84665 4.35712 6.28514 4.3332 4.66831 4.10519 3.93558 8.79148 6.9968 4.0083 3.87283 3.81157 5.40937 11.9176 4.63825 5.81888 3.48445 3.34447 8.92552 9.88247 9.63789
threshold=0.019763022229152726 11.990580988694822 13.238405342681794 13.99691127342979 0 13.412720618397271 1 0.069397796195364417 2 0.10297475800934078 18.500000000000004 0.091495601640996252 20.500000000000004 0.099757710136907304 0.033321867509809124 17.500000000000004 0.078034230429874021 0.086028002281719626 3 4 0.071194167871942035 0.063296034266724199 11.500000000000002 0.065814582208724104 16.500000000000004 5 8.5000000000000018 7.5000000000000009 0.10992261969582411 0.097933576906992295
decision_type=2 2 2 2 1 2 1 2 1 2 2 2 2 2 2 2 2 2 1 1 2 2 2 2 2 1 2 2 2 2
left_child=1 -1 -3 4 5 6 -2 -8 -5 10 11 15 13 -12 -14 16 20 -17 -19 -11 21 -7 -23 -24 25 -25 27 -6 29 -29
right_child=3 2 -4 8 26 9 7 -9 -10 19 12 -13 14 -15 -16 17 -18 18 -20 -21 -22 22 23 24 -26 -27 -28 28 -30 -31
leaf_value=-0.00025022250907016323 0.00021885911223755786 -2.0176637230642261e-05 6.1890887377791343e-05 -2.7674972055975053e-05 -5.2022886295901781e-06 1.3611995010780545e-05 -7.0272963335504814e-06 0.00015077729578853589 2.5094595759878741e-06 3.4596815769991772e-05 0.00021776218409212886 -0.00020897599229734236 0.00022290082563287164 4.0133918855759028e-05 3.0477896675741581e-06 0.00033100569546309113 -0.00011550020270731896 -0.00017427675257884433 0.00010055416677419577 -0.00027403239291544232 6.9676791207493391e-05 0.00028209035816521291 -3.2148020516462733e-05 -0.00038265314273307552 0.0001542928041448885 -0.00017700887450386311 -1.5093949770028996e-06 1.1080706523945023e-05 -3.7806922024456042e-05 0.00013746862702767939
leaf_weight=388 1893 4389 366 39307 65080 21604 5747 4927 43342 807 3507 938 280 2400 7610 1000 3740 660 1359 1144 7216 687 3356 496 314 1849 1044248 15394 10508 21235
leaf_count=388 1893 4389 366 39307 65080 21604 5747 4927 43342 807 3507 938 280 2400 7610 1000 3740 660 1359 1144 7216 687 3356 496 314 1849 1044248 15394 10508 21235
internal_value=-6.97299e-06 -0.00119094 -0.00055205 -2.32709e-06 1.67956e-05 0.00040814 0.00127914 0.00087514 -0.000286452 0.000222582 0.000297285 5.03251e-05 0.00107088 0.00209497 0.000304183 0.000140134 6.36748e-06 0.00187976 0.000185736 -0.00196053 0.000249141 -1.23649e-05 -0.00125336 -0.00196592 -0.00352576 -0.00438166 -7.41477e-06 0.000251967 0.00077593 0.0011637
internal_weight=1.31579e+06 5143 4755 1.31065e+06 1.228e+06 71534 12567 10674 82649 58967 57016 43219 13797 5907 7890 42281 39262 3019 2019 1951 35522 28306 6702 6015 2659 2345 1.15646e+06 112217 47137 36629
internal_count=1315791 5143 4755 1310648 1227999 71534 12567 10674 82649 58967 57016 43219 13797 5907 7890 42281 39262 3019 2019 1951 35522 28306 6702 6015 2659 2345 1156465 112217 47137 36629
cat_boundaries=0 1 2 3 4 5 6
cat_threshold=16 2084 1992081 3162387 1131634 15728714
is_linear=0
shrinkage=0.05


Tree=145
num_leaves=31
num_cat=15
split_feature=7 6 6 6 1 3 1 1 0 0 7 3 3 0 0 3 0 0 5 5 2 0 2 3 1 1 0 2 0 1
split_gain=2.79599 10.3419 3.00977 2.87725 7.433 4.74203 12.7919 6.67573 6.25547 5.07329 4.54943 4.48467 4.3493 6.34343 5.43527 4.32415 10.4247 7.15211 5.06401 4.86789 9.41517 5.83306 5.50641 3.93598 25.9012 6.27088 5.54621 5.47679 4.54524 4.00042
threshold=0.019763022229152726 11.990580988694822 13.238405342681794 13.048368552631432 0 4.5000000000000009 1 2 3 4 0.12746364113264988 1.0000000180025095e-35 5.5000000000000009 5 6 5.5000000000000009 7 8 3.5000000000000004 6.5000000000000009 17.500000000000004 9 10.500000000000002 5.5000000000000009 10 11 12 10.500000000000002 13 14
decision_type=2 2 2 2 1 2 1 1 1 1 2 2 2 1 1 2 1 1 2 2 2 1 2 2 1 1 1 2 1 1
left_child=1 -1 -3 4 -2 7 15 9 -9 -5 23 -10 13 -8 -14 16 -7 18 -17 -18 21 -21 -23 29 26 -26 -25 -27 -29 -6
right_child=3 2 -4 5 10 6 12 8 11 -11 -12 -13 14 -15 -16 17 19 -19 -20 20 -22 22 -24 24 25 27 -28 28 -30 -31
leaf_value=-0.00023771138361665509 7.8242505758378483e-05 -1.9167805369110087e-05 5.8796343008901777e-05 -1.1333346746433132e-05 2.7110441017361156e-05 -3.7451875985436076e-05 3.6759058605825242e-05 -5.5471083673032043e-05 2.0766234426964488e-05 2.5978231030853589e-06 0.00013822933253426173 -2.3127689237659178e-05 -1.4372714132962484e-05 -2.7952895763407039e-05 -7.2780637394303385e-05 4.2325864470694341e-05 2.7861884026619821e-05 4.6549455831874922e-05 -1.5813777249163579e-05 1.7481972373856876e-05 0.00010923648222007366 9.5805347996177917e-06 -0.00020872996622746354 -1.1302970920870627e-05 -1.8659129798668553e-05 -0.00019071006636970229 7.6959246611602727e-05 -0.00014894877716510325 -3.6338150540866228e-05 6.8002980374015651e-07
leaf_weight=388 10774 4389 366 162372 101670 24084 10716 18998 14178 274990 7132 58467 15996 15513 10808 8977 49604 48685 23559 1979 2149 932 2384 8413 31128 2857 22778 6589 7907 367009
leaf_count=388 10774 4389 366 162372 101670 24084 10716 18998 14178 274990 7132 58467 15996 15513 10808 8977 49604 48685 23559 1979 2149 932 2384 8413 31128 2857 22778 6589 7907 367009
internal_value=-7.96099e-06 -0.0011715 -0.00053102 -3.39527e-06 8.15442e-05 -6.80086e-05 0.000129767 -0.000148534 -0.000536535 -6.72197e-05 5.63013e-05 -0.000325167 -0.00054437 -8.67361e-05 -0.000992389 0.000349987 9.18257e-05 0.000607909 3.37983e-05 0.000460058 -0.000732133 -0.00186497 -0.00314191 3.99835e-05 -0.000284918 -0.00100792 0.000838915 -0.00176957 -0.00137624 9.52144e-05
internal_weight=1.31579e+06 5143 4755 1.31065e+06 566257 744391 215386 529005 91643 437362 555483 72645 53033 26229 26804 162353 81132 81221 32536 57048 7444 5295 3316 548351 79672 48481 31191 17353 14496 468679
internal_count=1315791 5143 4755 1310648 566257 744391 215386 529005 91643 437362 555483 72645 53033 26229 26804 162353 81132 81221 32536 57048 7444 5295 3316 548351 79672 48481 31191 17353 14496 468679
cat_boundaries=0 1 2 3 4 5 6 7 8 9 10 11 12 13 14 15
cat_threshold=24 46 27 4722744 1319955 908106 13938873 16304256 332342 267568 38 1 42580 13142 64
is_linear=0
shrinkage=0.05


Tree=146
num_leaves=31
num_cat=10
split_feature=7 6 6 0 3 1 3 1 6 3 3 0 7 0 7 0 7 6 7 7 0 5 0 5 0 0 6 2 2 7
split_gain=2.75399 10.3675 2.77462 4.96024 3.60501 3.12696 16.4163 15.7626 10.6424 10.1779 32.0726 6.08253 6.04265 5.57883 4.78012 4.70635 4.25124 4.24521 3.7944 4.50457 3.74601 3.61961 4.76042 3.61854 3.52284 3.43819 3.43034 3.26571 7.59594 8.16224
threshold=0.019763022229152726 11.990580988694822 14.200316706876533 0 5.5000000000000009 1 2.5000000000000004 2 12.238323199352537 1.0000000180025095e-35 1.5000000000000002 3 0.047698780274746 4 0.061251379371825627 5 0.12610115003671465 13.183726549938509 0.090365501787713229 0.055380707831157457 6 6.5000000000000009 7 5.5000000000000009 8 9 12.493456861052696 8.5000000000000018 7.5000000000000009 0.10992261969582411
decision_type=2 2 2 1 2 1 2 1 2 2 2 1 2 1 2 1 2 2 2 2 1 2 1 2 1 1 2 2 2 2
left_child=1 -1 5 4 -4 6 7 24 12 15 14 -12 -8 16 25 23 21 -13 19 -14 26 -10 -23 -9 -2 -11 -16 28 -7 -30
right_child=2 -3 3 -5 -6 27 8 9 13 10 11 17 18 -15 20 -17 -18 -19 -20 -21 -22 22 -24 -25 -26 -27 -28 -29 29 -31
leaf_value=-0.00022582581443582233 6.9529587592555983e-05 -9.5183401137304356e-06 -0.00010530553176391484 -1.3694518586735567e-05 -0.00040423035877722169 -5.2319261901613574e-06 -0.00073880696095291072 0.00014405378976618742 3.8674424081536905e-05 -6.0214557970393606e-05 -0.00011031502079618985 8.1485002833779635e-05 0.0012040725555357787 6.6417574906413313e-06 -0.00038711067365258502 -6.6052084631722241e-05 0.00049428732336492668 -0.0001275656722412262 0.00049885413395100477 0.00016958533605248294 -0.00026208569974179604 2.9478916088791428e-05 0.00020615840196829273 -4.7477962947246877e-05 5.9505790084166126e-06 -0.00065127102824414685 -7.6391807025663454e-05 -2.2378392159853183e-06 5.7646099431294534e-05 -3.5880883987933487e-05
leaf_weight=388 8617 4755 1028 24286 155 67427 536 5123 36080 269 5100 9255 322 63013 1637 7356 1064 977 3956 4758 6446 2708 2821 2615 30819 1308 3548 969919 38997 10508
leaf_count=388 8617 4755 1028 24286 155 67427 536 5123 36080 269 5100 9255 322 63013 1637 7356 1064 977 3956 4758 6446 2708 2821 2615 30819 1308 3548 969919 38997 10508
internal_value=-7.01099e-06 -0.00116177 -2.47969e-06 -0.000519259 -0.00366723 7.76156e-06 0.000190332 -0.000345492 0.000576533 -0.00100014 -0.00155571 0 0.002173 0.00043194 -0.0033616 4.96886e-05 0.000873299 0.000702988 0.00247897 0.0015748 -0.00301135 0.000793698 0.00198499 0.000909912 0.000378999 -0.00594483 -0.00199711 -2.55552e-05 0.000224062 0.000694374
internal_weight=1.31579e+06 5143 1.31065e+06 25469 1183 1.28518e+06 198328 83070 115258 43634 28540 15332 9572 105686 13208 15094 42673 10232 9036 5080 11631 41609 5529 7738 39436 1577 5185 1.08685e+06 116932 49505
internal_count=1315791 5143 1310648 25469 1183 1285179 198328 83070 115258 43634 28540 15332 9572 105686 13208 15094 42673 10232 9036 5080 11631 41609 5529 7738 39436 1577 5185 1086851 116932 49505
cat_boundaries=0 1 2 3 4 5 6 7 8 9 10
cat_threshold=128 48 16 9622657 3312482 5973290 8028956 1050880 4767856 568
is_linear=0
shrinkage=0.05


Tree=147
num_leaves=31
num_cat=14
split_feature=7 6 6 1 6 5 5 0 3 3 0 3 0 0 0 2 2 2 3 0 0 0 3 0 1 0 0 2 3 1
split_gain=2.66577 10.4189 2.87633 8.7953 6.69259 5.59986 6.00485 6.2003 5.92118 12.7169 12.818 12.4613 12.9706 11.8995 11.5806 8.48409 7.14048 6.73755 5.88243 12.712 8.21061 6.74161 5.48344 13.2108 5.37686 5.35084 5.10297 4.90868 8.31904 5.8261
threshold=0.019763022229152726 11.990580988694822 13.623457705198346 0 13.21989835225312 5.5000000000000009 6.5000000000000009 1 2.5000000000000004 4.5000000000000009 2 1.5000000000000002 3 4 5 10.500000000000002 17.500000000000004 16.500000000000004 2.5000000000000004 6 7 8 1.5000000000000002 9 10 11 12 11.500000000000002 1.0000000180025095e-35 13
decision_type=2 2 2 1 2 2 2 1 2 2 1 2 1 1 1 2 2 2 2 1 1 1 2 1 1 1 1 2 2 1
left_child=1 -1 3 4 -2 -5 7 -7 11 13 17 14 -13 -10 24 -14 26 -11 19 -9 -20 -21 25 -24 -8 -23 -17 -16 -29 -30
right_child=2 -3 -4 5 -6 6 8 18 9 10 -12 12 15 -15 27 16 -18 -19 20 21 -22 22 23 -25 -26 -27 -28 28 29 -31
leaf_value=-0.00021453452371403121 5.5254425032876411e-05 -9.0424231080439919e-06 -6.2206592731157974e-06 2.5648100178753825e-06 1.0595172237511108e-05 -1.8526586390416739e-06 -0.00011459586109592718 -8.6902761762820007e-05 -3.1530126121864788e-05 -0.00011485238269114962 1.7114674165192092e-05 -0.00017522188739601611 6.6714889870375668e-05 7.100511226326451e-05 -8.6573522079743531e-05 -1.9713817061320016e-05 1.6883322705237015e-05 -3.3952322720735842e-06 1.2228053043437244e-06 6.4390235113833552e-05 -5.9945638513229238e-05 2.4783343719461672e-05 0.00016787834775843088 -2.9592254502179216e-05 6.7766106646320953e-05 -5.9819587145550601e-05 -0.00014089843058988466 -6.4685981516630214e-05 -0.00021646151869828857 7.1047868134159137e-05
leaf_weight=388 29160 4755 273413 605506 117143 67642 1587 8741 8189 8164 23009 3962 3049 27628 5363 2390 3650 4493 14814 8060 41176 5771 2765 4210 12826 9896 4678 6295 792 6276
leaf_count=388 29160 4755 273413 605506 117143 67642 1587 8741 8189 8164 23009 3962 3049 27628 5363 2390 3650 4493 14814 8060 41176 5771 2765 4210 12826 9896 4678 6295 792 6276
internal_value=-6.21299e-06 -0.00114233 -1.75486e-06 3.62743e-05 0.000395556 -2.27288e-05 -0.000205307 -0.000403955 5.94601e-05 0.000352881 -0.000315426 -0.000352874 -0.00142281 0.00101837 0.00021953 -0.000694999 -0.00135753 -0.00159272 -0.000663485 -0.000195852 -0.000993034 0.000283277 -0.000158926 0.00100717 0.00128441 -0.000678177 -0.00228495 -0.000600448 -8.79294e-05 0.00108942
internal_weight=1.31579e+06 5143 1.31065e+06 1.03724e+06 146303 890932 285426 163075 122351 71483 35666 50868 17729 35817 33139 13767 10718 12657 95433 39443 55990 30702 22642 6975 14413 15667 7068 18726 13363 7068
internal_count=1315791 5143 1310648 1037235 146303 890932 285426 163075 122351 71483 35666 50868 17729 35817 33139 13767 10718 12657 95433 39443 55990 30702 22642 6975 14413 15667 7068 18726 13363 7068
cat_boundaries=0 1 2 3 4 5 6 7 8 9 10 11 12 13 14
cat_threshold=24 3153288 5435457 6029600 8915080 14455059 156160 139808 8683536 4259874 32 524356 10554881 32
is_linear=0
shrinkage=0.05


Tree=148
num_leaves=31
num_cat=8
split_feature=6 1 0 0 2 2 6 1 7 2 7 1 7 7 7 2 7 7 1 0 0 3 2 7 2 7 7 7 7 7
split_gain=2.51605 4.75641 3.49761 3.46372 3.21345 5.40122 7.8279 4.82333 8.59106 9.49795 14.2348 6.96213 10.7163 6.09426 4.94931 8.23903 8.39315 4.83517 4.51759 4.32628 4.17629 4.14839 4.13031 14.2261 7.8997 8.53228 7.28768 13.6538 10.0166 6.07287
threshold=13.873910353681742 0 1 2 19.500000000000004 16.500000000000004 11.79893450632702 3 0.11437927845860141 18.500000000000004 0.10335342902000616 4 0.091140839254393188 0.12746364113264988 0.097439109594248535 17.500000000000004 0.10061086667301745 0.10061086667301745 5 6 7 4.5000000000000009 8.5000000000000018 0.1037406997740149 7.5000000000000009 0.10992261969582411 0.097933576906992295 0.07367656427701233 0.10535545766871728 0.068310066114405113
decision_type=2 1 1 1 2 2 2 1 2 2 2 1 2 2 2 2 2 2 1 1 1 2 2 2 2 2 2 2 2 2
left_child=1 3 -2 -1 5 22 -7 8 9 10 -8 -11 20 -10 -9 16 -16 -14 -17 21 -13 -12 24 -24 -3 26 27 29 -28 -26
right_child=2 4 -4 -5 -6 6 7 14 13 11 19 12 17 -15 15 18 -18 -19 -20 -21 -22 -23 23 -25 25 -27 28 -29 -30 -31
leaf_value=9.9355080088820233e-05 -2.4238630747986519e-05 -5.1346311081985552e-06 -2.9364038456162341e-06 1.9170322820304814e-05 -7.5692507969023217e-06 0.00038669618639517876 0.00040833279401379652 1.4855476053442231e-05 -6.2996086828433215e-05 0.00013715619009149367 0.00024092836548512896 0.00044395954976176048 -4.9592403269878295e-05 0.0001819444814619313 -3.592967644542762e-05 8.949514469526466e-06 -0.00019187945126172002 -0.00024056572347285547 -0.00013869691925835238 5.8060099772134364e-05 9.5051478376310266e-05 3.2825885523463799e-05 -2.1677234798702511e-06 -0.0001312336994365962 0.00017240811127604839 -3.3152476515960205e-05 0.00026321035274978755 -0.0001412311102038072 6.9959028842785106e-05 2.5475936794453272e-05
leaf_weight=4592 31753 63138 102484 47921 145479 2585 2453 114852 14951 5762 4867 523 6602 3968 9834 53355 4579 1979 2356 11714 847 2039 619929 11951 1699 10478 6308 2660 14849 9284
leaf_count=4592 31753 63138 102484 47921 145479 2585 2453 114852 14951 5762 4867 523 6602 3968 9834 53355 4579 1979 2356 11714 847 2039 619929 11951 1699 10478 6308 2660 14849 9284
internal_value=-6.25099e-06 1.70538e-05 -0.00021138 0.00048217 -4.5835e-06 2.78579e-05 0.000232256 0.000202862 0.000610697 0.00105611 0.00174987 0.000125692 -0.000675133 -0.000255035 8.00061e-05 -0.000250984 -0.00131652 -0.00133143 2.46809e-05 0.0012782 0.00343066 0.0022701 -3.93086e-05 -8.82288e-05 0.000245812 0.000749812 0.00112644 0.00022539 0.00170747 0.00100382
internal_weight=1.31579e+06 1.18155e+06 134237 52513 1.12904e+06 983562 243266 240681 55705 36786 21073 15713 9951 18919 184976 70124 14413 8581 55711 18620 1370 6906 740296 631880 108416 45278 34800 13643 21157 10983
internal_count=1315791 1181554 134237 52513 1129041 983562 243266 240681 55705 36786 21073 15713 9951 18919 184976 70124 14413 8581 55711 18620 1370 6906 740296 631880 108416 45278 34800 13643 21157 10983
cat_boundaries=0 1 2 3 4 5 6 7 8
cat_threshold=16 2367617 4227168 96 32 6 7538024 2262202
is_linear=0
shrinkage=0.05


Tree=149
num_leaves=31
num_cat=11
split_feature=7 6 6 3 1 1 7 7 0 1 3 6 1 0 3 3 1 6 7 3 0 7 7 0 7 1 3 7 3 1
split_gain=2.35346 10.5997 2.64395 3.95193 12.3424 4.82276 5.24248 5.96319 4.55515 4.04348 5.61872 13.7612 7.02583 6.92787 6.87728 5.70135 13.8349 5.55721 5.40812 5.16176 6.9361 4.49585 4.89759 4.18587 3.90038 3.85637 9.75422 4.57789 4.10024 18.5515
threshold=0.019763022229152726 11.990580988694822 12.757262318944296 5.5000000000000009 0 1 0.068017392552716618 0.10121563202033958 2 3 1.5000000000000002 12.493456861052696 4 5 4.5000000000000009 1.0000000180025095e-35 6 12.2093123918769 0.081026486669150619 1.5000000000000002 7 0.028165668868557519 0.056101570916515055 8 0.10579941122073669 9 5.5000000000000009 0.091140839254393188 4.5000000000000009 10
decision_type=2 2 2 2 1 1 2 2 1 1 2 2 1 1 2 2 1 2 2 2 1 2 2 1 2 1 2 2 2 1
left_child=1 -1 3 9 8 6 -6 -8 -5 19 11 15 14 -13 21 -11 -17 18 -16 20 -2 -12 -23 -24 -22 26 -4 -28 -27 -30
right_child=2 -3 25 4 5 -7 7 -9 -10 10 12 13 -14 -15 17 16 -18 -19 -20 -21 24 22 23 -25 -26 28 27 -29 29 -31
leaf_value=-0.00020369941135433612 0.00014113088183272289 -8.4819157786483405e-06 -1.2422075764247087e-05 0.00023129187354406535 -0.0001944144814668418 -8.609029396133492e-06 -8.9177199940854848e-06 -0.00020052278383781154 1.0239704608725615e-05 -3.5026697303726025e-05 -0.00064390479885433538 -1.4983915190778034e-05 -1.5426680347490826e-06 4.1437363979401032e-05 0.00030134415992969025 -1.4036684849484325e-05 -0.00043574618988381916 0.00013977967770152714 0.0010759889915133644 1.4161029692496067e-05 1.9511675184195195e-05 0.00042509110082674371 0.00012911871390260886 -2.728255046038908e-06 0.00016327958169217797 -3.571915378153441e-06 -0.00018246404385981047 -5.217753621838267e-05 -1.8677883404692037e-05 1.8195653635442142e-05
leaf_weight=388 7811 4755 26355 5112 3526 20918 7174 3150 4288 10338 1693 16979 70686 14648 1041 4816 4981 7141 1123 66688 20945 646 9364 16033 3805 695136 2355 2013 81991 199892
leaf_count=388 7811 4755 26355 5112 3526 20918 7174 3150 4288 10338 1693 16979 70686 14648 1041 4816 4981 7141 1123 66688 20945 646 9364 16033 3805 695136 2355 2013 81991 199892
internal_value=-6.78299e-06 -0.00107428 -2.59414e-06 0.000126937 -0.000310179 -0.000744724 -0.00146825 -0.000900814 0.00129649 0.000201555 4.56116e-05 -0.00038252 0.00025133 0.000267967 0.00080902 -0.00140427 -0.00226855 0.00198549 0.00420518 0.0004521 0.000968183 0.000414624 0.00057693 0.000467575 0.000557351 -4.15285e-05 -0.000593011 -0.00278159 -2.41804e-05 0.00013667
internal_weight=1.31579e+06 5143 1.31065e+06 302906 44168 34768 13850 10324 9400 258738 159489 51762 107727 31627 37041 20135 9797 9305 2164 99249 32561 27736 26043 25397 24750 1.00774e+06 30723 4368 977019 281883
internal_count=1315791 5143 1310648 302906 44168 34768 13850 10324 9400 258738 159489 51762 107727 31627 37041 20135 9797 9305 2164 99249 32561 27736 26043 25397 24750 1007742 30723 4368 977019 281883
cat_boundaries=0 1 2 3 4 5 6 7 8 9 10 11
cat_threshold=40 64 6035754 76 32 8747271 3 4621336 11357120 64 17
is_linear=0
shrinkage=0.05


Tree=150
num_leaves=31
num_cat=15
split_feature=7 6 6 1 0 5 6 0 3 1 0 6 5 0 1 0 0 6 1 3 0 1 5 0 0 5 0 7 7 6
split_gain=2.31444 10.6256 2.53711 11.5593 4.39981 3.97869 4.93971 4.34213 4.23994 5.17311 4.15109 3.95775 3.11313 3.26093 3.00243 3.86864 2.7059 2.66013 3.60604 2.65361 5.83157 5.07996 4.84648 4.84855 3.9124 9.23314 6.31281 3.64221 9.34449 7.80856
threshold=0.019763022229152726 11.990580988694822 13.445790538661404 0 1 5.5000000000000009 12.902084468380513 2 5.5000000000000009 3 4 12.959316073029704 3.5000000000000004 5 6 7 8 12.932120731082575 9 1.0000000180025095e-35 10 11 3.5000000000000004 12 13 2.5000000000000004 14 0.033321867509809124 0.036427205497572696 12.564743969732836
decision_type=2 2 2 1 1 2 2 1 2 1 1 2 2 1 1 1 1 2 1 2 1 1 2 1 1 2 1 2 2 2
left_child=1 -1 3 4 11 19 7 8 -7 -10 17 -2 -6 -14 15 -12 -11 18 -8 20 -5 -22 23 -23 25 26 -21 -26 29 -29
right_child=2 -3 -4 5 12 6 10 -9 9 16 14 -13 13 -15 -16 -17 -18 -19 -20 24 21 22 -24 -25 27 -27 -28 28 -30 -31
leaf_value=-0.00019351444078661933 0.00014518762931460885 -8.0578199897159145e-06 -4.6659536719029575e-06 3.4202841309150664e-05 -1.887927508039504e-05 2.8541211327977846e-05 -1.7741850019406884e-05 -9.9815946298468908e-06 6.2821419060994646e-05 -0.00011751805566497225 2.6169608053550585e-05 3.7235426826605356e-05 4.8142702233803375e-05 3.2541035609380544e-06 -6.3161793902248582e-06 -0.00015312589829861585 -2.5594630603953915e-05 -2.8354307072062104e-05 -0.00020180209593291185 7.529314204892009e-06 7.8620204079809735e-05 4.3465964780359248e-07 1.0987513330870495e-05 -6.7798055528111274e-05 9.5190835227290313e-06 1.7169429333972058e-05 -8.5609913273734632e-05 1.7850593237796371e-06 -4.3025209796897227e-06 -0.00011666637534348094
leaf_weight=388 4222 4755 387440 33331 11949 47155 1209 80454 3431 2334 1366 36060 13621 18361 92400 1895 3781 34323 1124 7007 6247 7465 21420 8674 30765 114669 7393 1144 329813 1595
leaf_count=388 4222 4755 387440 33331 11949 47155 1209 80454 3431 2334 1366 36060 13621 18361 92400 1895 3781 34323 1124 7007 6247 7465 21420 8674 30765 114669 7393 1144 329813 1595
internal_value=-5.94699e-06 -0.00106455 -1.79301e-06 4.3273e-05 0.000601677 -1.2783e-05 -0.000171075 3.91892e-05 0.000374266 -0.000586633 -0.000389028 0.000979103 0.000255456 0.000512788 -0.000215583 -0.00170437 -0.00145714 -0.000841379 -0.00247535 6.21134e-05 0.000334794 -4.45043e-05 -0.000264181 -0.000918582 1.93954e-05 0.000255851 -0.0009375 -6.46112e-05 -0.000112764 -0.00302118
internal_weight=1.31579e+06 5143 1.31065e+06 923208 84213 838995 269472 137155 56701 9546 132317 40282 43931 31982 95661 3261 6115 36656 2333 569523 77137 43806 37559 16139 492386 129069 14400 363317 332552 2739
internal_count=1315791 5143 1310648 923208 84213 838995 269472 137155 56701 9546 132317 40282 43931 31982 95661 3261 6115 36656 2333 569523 77137 43806 37559 16139 492386 129069 14400 363317 332552 2739
cat_boundaries=0 1 2 3 4 5 6 7 8 9 10 11 12 13 14 15
cat_threshold=24 1156786 9799562 36 8774210 790857 64 526473 1049346 33 5811586 64 2310220 311945 16393
is_linear=0
shrinkage=0.05


Tree=151
num_leaves=31
num_cat=11
split_feature=7 6 6 0 6 1 0 7 2 7 1 7 7 7 7 7 0 7 7 7 7 7 0 0 0 7 0 0 5 0
split_gain=2.22971 10.6776 2.49318 2.50209 2.43097 9.77666 3.95934 3.10132 3.29631 5.31647 15.5302 8.73203 35.2848 12.7352 6.01773 5.91283 4.46542 3.41799 8.15506 4.67188 3.96331 3.36594 4.56435 3.21004 3.16115 3.01949 3.60727 3.01359 2.919 2.90804
threshold=0.019763022229152726 11.990580988694822 13.232467225603605 0 13.256440058740017 1 2 0.12902617738043118 19.500000000000004 0.055735845590990436 3 0.038579431872486268 0.034521400803542678 0.033321867509809124 0.046618293312646497 0.057428253650754317 4 0.090759750263787312 0.07292149525771785 0.10189595550363319 0.11214418972523373 0.030551983978343782 5 6 7 0.10774948533280357 8 9 3.5000000000000004 10
decision_type=2 2 2 1 2 1 1 2 2 2 1 2 2 2 2 2 1 2 2 2 2 2 1 1 1 2 1 1 2 1
left_child=1 -1 3 -3 5 6 -2 8 24 11 15 12 13 21 23 16 -11 18 -12 -19 25 -10 -23 -13 -7 26 -21 -9 29 -17
right_child=4 2 -4 -5 -6 7 -8 27 9 10 17 14 -14 -15 -16 28 -18 19 -20 20 -22 22 -24 -25 -26 -27 -28 -29 -30 -31
leaf_value=-0.00018383871874728835 8.5241584345115148e-05 -5.1096153052632851e-05 5.0784335493282535e-05 1.1103544919000703e-06 -3.3878138012796712e-06 1.4911600906883372e-05 2.2438897774587457e-05 -0.00012362083388839929 -4.0830031575905463e-06 0.00014160297545942751 -3.2510740007397901e-05 7.4327032334154527e-05 -0.00040789493298998736 -7.5985561418139014e-05 5.0333901111838251e-05 5.1793180819393465e-05 -0.00014316917507409683 0.00012912866974210124 -0.00034895776638882924 3.2717950297933218e-05 4.7113276025646805e-05 -2.7383928198433054e-05 2.5634039187332099e-05 0.00057909866937263664 2.5808977567078062e-08 -0.00036298283943284434 -0.00011230467021362893 0.00013740452461590523 -0.00034085689434892771 -0.00026370543161578568
leaf_weight=388 12307 1277 379 3099 553067 85703 23460 1273 16548 253 21724 225 458 2503 9337 227 1105 3108 935 2236 6546 1970 10428 627 546388 618 2192 5878 1189 343
leaf_count=388 12307 1277 379 3099 553067 85703 23460 1273 16548 253 21724 225 458 2503 9337 227 1105 3108 935 2236 6546 1970 10428 627 546388 618 2192 5878 1189 343
internal_value=-6.06099e-06 -0.00104511 -0.000394322 -0.000731261 -1.98375e-06 5.61986e-05 0.000862985 1.62089e-05 5.84191e-06 -0.000291261 -0.000700415 0.000102147 -0.000304792 -0.000104137 0.00137648 -0.00408539 -0.00162003 -0.000416789 -0.00080211 0.000176871 -0.000284679 0.000191736 0.000814648 0.00539906 4.46534e-05 -0.00133769 -0.000880759 0.0010523 -0.00601194 -0.00307018
internal_weight=1.31579e+06 5143 4755 4376 1.31065e+06 757581 35767 721814 714663 82572 40476 42096 31907 31449 10189 3117 1358 37359 22659 14700 11592 28946 12398 852 632091 5046 4428 7151 1759 570
internal_count=1315791 5143 4755 4376 1310648 757581 35767 721814 714663 82572 40476 42096 31907 31449 10189 3117 1358 37359 22659 14700 11592 28946 12398 852 632091 5046 4428 7151 1759 570
cat_boundaries=0 1 2 3 4 5 6 7 8 9 10 11
cat_threshold=1311890 24 3350832 64 5275721 5538048 7364736 98568 5616147 8586817 10233984
is_linear=0
shrinkage=0.05


Tree=152
num_leaves=31
num_cat=10
split_feature=7 6 6 7 0 2 7 1 2 7 7 0 0 7 6 0 0 7 6 2 2 7 2 0 1 7 7 7 0 0
split_gain=2.18479 10.7037 2.41046 6.01803 5.01832 3.5201 5.8609 4.8464 4.06394 6.65943 4.45637 3.15527 3.13726 2.87615 2.75812 4.0464 2.53477 2.51196 3.30482 2.50523 9.83854 11.1273 5.19106 4.45217 4.36018 5.82217 4.17795 4.19728 6.15013 4.43966
threshold=0.019763022229152726 11.990580988694822 12.32972287990661 0.029154964549149176 0 16.500000000000004 0.098690406200936651 1 18.500000000000004 0.10824896163657158 0.046618293312646497 2 3 0.09920915220449486 12.342999049824568 4 5 0.034521400803542678 12.031923105590947 10.500000000000002 12.500000000000002 0.082509590970718125 15.500000000000002 6 7 0.091495601640996252 0.065814582208724104 0.048739663163306905 8 9
decision_type=2 2 2 2 1 2 2 1 2 2 2 1 1 2 2 1 1 2 2 2 2 2 2 1 1 2 2 2 1 1
left_child=1 -1 3 4 -2 6 17 8 9 13 16 -9 -8 -7 15 -4 -10 18 -5 26 -21 23 -23 -22 25 -24 27 29 -29 -19
right_child=2 -3 14 5 -6 7 12 11 10 -11 -12 -13 -14 -15 -16 -17 -18 19 -20 20 21 22 24 -25 -26 -27 -28 28 -30 -31
leaf_value=-0.00017464678280992396 -0.00059238536759259521 -7.3768167405048261e-06 0.00017453577665741475 -0.00011337262802364224 -2.6261280625556208e-05 0.00081631988673904095 5.0292117923387078e-05 2.9550576538759852e-05 8.265706831623657e-05 0.00012895684799755399 1.1191979212805959e-05 -8.956692294566777e-05 -0.00013600172489034237 0.00037225681748662528 -6.3695895972052528e-07 -9.5259648190482859e-05 0.00062865800584736397 -0.00026234198822665467 0.0003137492783636571 0.0001414579021108156 0.00019238901736729904 -0.00023504026914066418 0.0004575063049801827 2.6619621199343305e-05 -0.00016895425105870542 -1.6065007206311421e-05 -0.00011336103780056617 1.4892734432262606e-05 0.00031864371961469153 -6.6698387962207952e-07
leaf_weight=388 861 4755 444 537 1458 232 2244 1794 288 9374 11051 2011 6005 1948 1222838 4454 381 553 705 8387 3347 4269 573 13673 1473 1394 4527 2178 1162 2487
leaf_count=388 861 4755 444 537 1458 232 2244 1794 288 9374 11051 2011 6005 1948 1222838 4454 381 553 705 8387 3347 4269 573 13673 1473 1394 4527 2178 1162 2487
internal_value=-6.85899e-06 -0.00103539 -2.82303e-06 0.000258105 -0.00225313 0.000330364 9.53022e-05 0.000794896 0.00106511 0.001731 0.000409556 -0.000858453 -0.00113044 0.00422018 -2.04441e-05 -0.00120457 0.0043722 0.000318679 0.00253623 0.000256116 0.000472581 -2.93178e-05 -0.00160527 0.000684489 -0.000159884 0.00137835 -0.000401119 0.000423197 0.00164671 -0.000921053
internal_weight=1.31579e+06 5143 1.31065e+06 82912 2319 80593 53514 27079 23274 11554 11720 3805 8249 2180 1.22774e+06 4898 669 45265 1242 44023 33116 24729 7709 17020 3440 1967 10907 6380 3340 3040
internal_count=1315791 5143 1310648 82912 2319 80593 53514 27079 23274 11554 11720 3805 8249 2180 1227736 4898 669 45265 1242 44023 33116 24729 7709 17020 3440 1967 10907 6380 3340 3040
cat_boundaries=0 1 2 3 4 5 6 7 8 9 10
cat_threshold=7708867 96 1710368 2967561 2106368 15753376 2171944 64 162990 11800640
is_linear=0
shrinkage=0.05


Tree=153
num_leaves=31
num_cat=14
split_feature=7 6 6 2 0 3 1 1 6 0 0 6 0 3 1 3 0 0 6 3 1 1 6 0 7 2 0 0 2 7
split_gain=2.14497 10.7297 2.29716 8.49561 4.17426 3.26555 4.0382 2.72255 2.27657 2.41881 2.31652 1.98322 4.66565 3.13826 2.89248 6.06736 4.27414 4.05174 3.16857 3.05112 15.3307 7.72519 6.61948 6.8116 6.16059 5.49375 5.38098 5.15591 5.13904 6.33116
threshold=0.019763022229152726 11.990580988694822 11.903400437239741 10.500000000000002 0 5.5000000000000009 1 2 13.238405342681794 3 4 14.200316706876533 5 5.5000000000000009 6 5.5000000000000009 7 8 13.703726398863079 3.5000000000000004 9 10 12.2093123918769 11 0.11844494027259878 20.500000000000004 12 13 17.500000000000004 0.081799373544184761
decision_type=2 2 2 2 1 2 1 1 2 1 1 2 1 2 1 2 1 1 2 2 1 1 2 1 2 2 1 1 2 2
left_child=1 -1 3 7 5 -5 -7 -2 10 -10 -3 14 13 -13 15 16 -4 -17 -18 21 22 26 -21 -24 27 28 -16 -22 29 -23
right_child=2 8 11 4 -6 6 -8 -9 9 -11 -12 12 -14 -15 19 17 18 -19 -20 20 24 25 23 -25 -26 -27 -28 -29 -30 -31
leaf_value=-0.00016591444366942777 -7.7254872483254605e-05 -4.2163182056399398e-05 6.0470194439651936e-05 0.00011881077289477224 0.00020702867878321859 0.00073950713649865172 -0.00065170060762894224 -0.0003557734309365617 -5.8660133214142285e-06 0.00012628471695100001 3.7188381363018056e-06 -9.7904158584110826e-05 -1.1882945023554242e-05 -0.00038112744584542572 1.8793037610170469e-05 8.0114183579310667e-06 4.2429373819080633e-05 -6.7272160680200904e-05 -6.7299190255869924e-07 0.00036165067382511466 -1.2261024242897489e-05 -4.4525223854945117e-06 -4.1744975399271581e-06 3.5107924275358182e-05 -0.0004086161894937223 -3.3290259596426706e-05 -1.3982285029690013e-06 2.8097998667420829e-06 9.4406731849128188e-06 -3.9624988145672145e-05
leaf_weight=388 1661 1687 17732 5283 6555 273 657 939 212 154 2702 1028 24286 155 82379 6286 20487 7295 41014 4193 162913 229562 40765 93960 874 29273 145433 207944 95880 83821
leaf_count=388 1661 1687 17732 5283 6555 273 657 939 212 154 2702 1028 24286 155 82379 6286 20487 7295 41014 4193 162913 229562 40765 93960 874 29273 145433 207944 95880 83821
internal_value=-6.55499e-06 -0.00102567 -2.55599e-06 0.000605154 0.00113565 0.000204885 -0.00252688 -0.002 -0.000373291 0.0034153 -0.000689223 -9.76623e-06 -0.000446621 -0.00349958 -1.00409e-06 0.000267711 0.000435109 -0.000708711 0.000237762 -2.21961e-05 6.97642e-05 -9.26693e-05 0.000517894 0.000457042 -9.77159e-05 -0.000215371 0.000143533 -8.78371e-05 -0.000168046 -0.000266048
internal_weight=1.31579e+06 5143 1.31065e+06 15368 12768 6213 930 2600 4755 366 4389 1.29528e+06 25469 1183 1.26981e+06 92814 79233 13581 61501 1.177e+06 510649 666348 138918 134725 371731 438536 227812 370857 409263 313383
internal_count=1315791 5143 1310648 15368 12768 6213 930 2600 4755 366 4389 1295280 25469 1183 1269811 92814 79233 13581 61501 1176997 510649 666348 138918 134725 371731 438536 227812 370857 409263 313383
cat_boundaries=0 1 2 3 4 5 6 7 8 9 10 11 12 13 14
cat_threshold=1328142 32 68 1192236 6063762 128 16 2212704 13940824 34 65 13402324 6324636 7995998
is_linear=0
shrinkage=0.05


Tree=154
num_leaves=31
num_cat=11
split_feature=7 6 6 0 0 6 1 1 7 3 0 0 2 7 2 1 7 7 7 1 7 7 7 7 7 0 7 1 7 0
split_gain=2.10329 10.7559 2.26395 2.41881 2.26748 2.19643 5.4723 4.18301 7.21304 6.88893 5.15908 4.04392 3.70675 5.93745 5.80934 13.2184 10.8014 5.43227 8.29016 6.28287 11.572 5.35458 25.7876 9.72402 6.08941 5.25375 5.03905 7.35964 9.99747 4.91001
threshold=0.019763022229152726 11.990580988694822 13.238405342681794 0 1 13.048368552631432 2 3 0.043694138763014971 1.5000000000000002 4 5 18.500000000000004 0.054502288977933654 16.500000000000004 6 0.10932797643305314 0.081799373544184761 0.092845830888495504 7 0.10155983211953989 0.038579431872486268 0.034521400803542678 0.033321867509809124 0.049684397321221409 8 0.068864900929182002 9 0.057428253650754317 10
decision_type=2 2 2 1 1 2 1 1 2 2 1 1 2 2 2 1 2 2 2 1 2 2 2 2 2 1 2 1 2 1
left_child=1 -1 4 -4 -3 6 -2 8 9 11 -10 -7 14 21 -8 16 -16 26 29 -20 -21 22 23 -14 -23 -26 27 -15 -29 -19
right_child=5 2 3 -5 -6 7 12 -9 10 -11 -12 -13 13 17 15 -17 -18 18 19 20 -22 24 -24 -25 25 -27 -28 28 -30 -31
leaf_value=-0.00015761872148595637 6.5658053602266764e-05 8.1100457939412711e-06 -5.572712655343548e-06 0.00011997048110345003 -3.9638197804779157e-05 6.2086103921826183e-05 1.1801123021727874e-06 -1.5128530127313246e-06 1.5885579887417803e-05 0.00013758618981379346 -8.2502270246008491e-05 -0.00024411841457172196 4.8355097302058697e-06 3.4198683919035164e-06 0.00014085910988844013 -1.4619415554639748e-05 3.5702301654468031e-05 4.9698157340169474e-06 2.2170677976592754e-05 -2.6417234343492638e-05 -0.00027016947204520605 0.00019901397457145511 -0.00042062242338543196 -7.2125923754010057e-05 -3.6508094025955801e-05 5.0168654016963943e-05 -0.00021612900473840131 -2.8305412034641474e-05 -0.00018099958950725873 0.00029693681175042911
leaf_weight=388 10774 2354 212 154 2035 234 372624 720555 6034 1263 16035 270 23397 10914 19514 34593 27748 1103 18153 10791 2992 2440 355 1993 4209 9066 2569 8380 3237 1405
leaf_count=388 10774 2354 212 154 2035 234 372624 720555 6034 1263 16035 270 23397 10914 19514 34593 27748 1103 18153 10791 2992 2440 355 1993 4209 9066 2569 8380 3237 1405
internal_value=-6.78299e-06 -0.00101594 -0.000362776 0.0034153 -0.000677831 -2.82303e-06 7.13898e-05 -5.92766e-05 -0.000710811 0.00236276 -0.000957225 -0.00257937 4.97306e-05 -0.000224249 0.000110621 0.000492029 0.0010355 -0.000544135 -0.000136453 -0.000353833 -0.0011582 0.000235166 -0.000208778 -2.16621e-05 0.000962456 0.00054049 -0.00110359 -0.000864365 -0.00173949 0.00263158
internal_weight=1.31579e+06 5143 4755 366 4389 1.31065e+06 566257 744391 23836 1767 22069 504 555483 101004 454479 81855 47262 59544 34444 31936 13783 41460 25745 25390 15715 13275 25100 22531 11617 2508
internal_count=1315791 5143 4755 366 4389 1310648 566257 744391 23836 1767 22069 504 555483 101004 454479 81855 47262 59544 34444 31936 13783 41460 25745 25390 15715 13275 25100 22531 11617 2508
cat_boundaries=0 1 2 3 4 5 6 7 8 9 10 11
cat_threshold=1192236 2316653 24 96 3703876 5770501 100 34 13042593 36 6058785
is_linear=0
shrinkage=0.05


Tree=155
num_leaves=31
num_cat=13
split_feature=5 5 0 0 3 0 2 3 3 0 3 0 2 0 3 0 1 0 7 6 2 3 0 5 0 5 1 0 2 2
split_gain=2.00566 4.97993 5.87163 5.54344 6.32681 5.06789 4.83721 4.4926 11.8049 9.11246 8.40698 10.104 8.03872 6.54298 6.02645 7.96581 5.46222 4.8245 4.56231 4.42245 4.25172 4.12546 7.9453 5.91132 5.55719 4.68397 4.37861 4.10437 4.03565 9.71221
threshold=5.5000000000000009 6.5000000000000009 0 1 1.0000000180025095e-35 2 14.500000000000002 2.5000000000000004 4.5000000000000009 3 1.5000000000000002 4 16.500000000000004 5 5.5000000000000009 6 7 8 0.026788622941679611 13.364478622272491 20.500000000000004 1.0000000180025095e-35 9 3.5000000000000004 10 2.5000000000000004 11 12 12.500000000000002 17.500000000000004
decision_type=2 2 1 1 2 1 2 2 2 1 2 1 2 1 2 1 1 1 2 2 2 2 1 2 1 2 1 1 2 2
left_child=21 3 -3 -2 5 -5 -6 10 17 -10 11 -4 16 -12 -14 -16 -11 -9 -13 -18 -19 22 23 24 25 -1 -24 -23 -15 -30
right_child=1 2 7 4 6 -7 -8 8 9 12 13 18 14 28 15 -17 19 20 -20 -21 -22 27 26 -25 -26 -27 -28 -29 29 -31
leaf_value=3.5635811726436942e-05 -2.0351998857195966e-05 -1.1290580396818017e-05 -3.1457973284009648e-05 -1.2255804965409512e-06 1.9501872195230172e-05 -7.256230797938642e-05 -1.0377542535069951e-05 8.3225916068549376e-05 5.5251767451770106e-05 -1.4336976814127712e-05 -0.00018965082457392051 -5.9997655380488948e-05 0.00010361188923975179 1.6959213530307051e-05 -0.00016280353411111221 4.4706635736417247e-05 -8.2989911477561817e-05 4.0635553339351057e-05 6.242966946726943e-05 -0.00018168503903407478 -8.4713372089386199e-05 8.1102820915945905e-06 5.1589257835531202e-05 7.9299291689514255e-06 -2.4821163403929844e-05 -0.00018373200956908268 1.1680633079594327e-05 -3.175766885412518e-06 -0.00013187682021270058 2.6149754164499913e-05
leaf_weight=507 117945 62931 13809 9771 53187 9689 50879 16316 8738 8454 1351 620 4294 5759 1497 2814 6936 16785 16880 733 1089 196256 30103 17171 9964 2572 61075 577951 5524 4191
leaf_count=507 117945 62931 13809 9771 53187 9689 50879 16316 8738 8454 1351 620 4294 5759 1497 2814 6936 16785 16880 733 1089 196256 30103 17171 9964 2572 61075 577951 5524 4191
internal_value=-6.02299e-06 -9.61465e-05 0.000103933 -0.000244232 -1.01185e-05 -0.000837616 0.00014462 0.000315199 0.000577924 -8.96432e-05 -5.40159e-05 0.000430387 -0.000580079 -0.000955423 0.00065369 -0.000666899 -0.00123891 0.00123135 0.00122787 -0.00220406 0.000662603 3.62606e-05 0.000307269 -0.000395381 -0.00119796 -0.00305115 0.000540093 -6.23218e-06 -0.000661974 -0.0012841
internal_weight=1.31579e+06 420192 178721 241471 123526 19460 104066 115790 67656 33466 48134 31309 24728 16825 8605 4311 16123 34190 17500 7669 17874 895599 121392 30214 13043 3079 91178 774207 15474 9715
internal_count=1315791 420192 178721 241471 123526 19460 104066 115790 67656 33466 48134 31309 24728 16825 8605 4311 16123 34190 17500 7669 17874 895599 121392 30214 13043 3079 91178 774207 15474 9715
cat_boundaries=0 1 2 3 4 5 6 7 8 9 10 11 12 13
cat_threshold=1321608 254071 14158856 2098224 2180196 4194560 544769 60 4378724 8655369 1 84 377417
is_linear=0
shrinkage=0.05


Tree=156
num_leaves=31
num_cat=10
split_feature=7 6 0 0 0 6 6 2 0 7 6 0 1 3 0 2 7 7 7 2 2 0 6 2 7 0 7 3 0 6
split_gain=1.95979 9.6133 3.64389 3.55974 2.52202 2.22692 2.1589 7.06295 4.05129 2.3346 1.84774 4.59872 2.35891 5.55194 4.15342 4.10103 10.1697 5.07698 8.20302 11.5025 5.48181 4.34154 3.98367 3.57465 8.79899 3.96763 3.5417 4.40126 3.47058 3.52835
threshold=0.020498863159263622 11.990580988694822 0 1 2 13.407846408716152 11.903400437239741 10.500000000000002 3 0.029898306499557822 14.227162813018245 4 5 5.5000000000000009 6 17.500000000000004 0.078034230429874021 0.069985998349509346 0.065814582208724104 11.500000000000002 16.500000000000004 7 13.022453535216695 15.500000000000002 0.058922228013065493 8 0.10335342902000616 3.5000000000000004 9 13.873910353681742
decision_type=2 2 1 1 1 2 2 2 1 2 2 1 1 2 1 2 2 2 2 2 2 1 2 2 2 1 2 2 1 2
left_child=1 2 -1 -4 -3 -6 7 9 -9 -2 12 -12 13 15 -15 16 17 18 23 -20 -21 -18 -17 -8 25 -25 -24 -28 29 -19
right_child=6 4 3 -5 5 -7 10 8 -10 -11 11 -13 -14 14 -16 22 21 28 19 20 -22 -23 26 24 -26 -27 27 -29 -30 -31
leaf_value=-0.00015440391160301053 -0.00064501268679971902 9.1302027136691038e-06 -0.00015207894004475527 0.00060034050247792091 -2.3456116118421475e-05 6.0301883595909565e-05 4.5344648033195795e-06 3.4525576435738557e-05 0.00029275319299165752 -9.4995910990794066e-05 1.3660226642146778e-05 -4.2040318417274627e-05 -7.8583881796337467e-07 -8.0108932090611901e-05 1.3194068141432828e-06 0.00040370328502896164 -0.00030111353792732257 0.00030248284875161388 0.00028576856237494191 -0.00018551173353721154 0.00018504026076187759 -8.5165591298439278e-05 5.5001756903701361e-05 0.00015854709712828931 4.2973854165911236e-05 0.00053488401221068224 2.2482989945178321e-05 -0.00028589116454073513 4.9543363482005416e-05 6.2960188565675681e-05
leaf_weight=183 325 4468 169 104 5453 239 29873 7301 5457 2230 8242 12095 1175146 5595 8222 742 680 1129 549 3037 257 4132 23798 224 3676 250 1640 789 8411 1375
leaf_count=183 325 4468 169 104 5453 239 29873 7301 5457 2230 8242 12095 1175146 5595 8222 742 680 1129 549 3037 257 4132 23798 224 3676 250 1640 789 8411 1375
internal_value=-6.32699e-06 -0.000682931 -0.00778509 -0.00362191 -0.000364173 -0.00106103 -8.23644e-07 0.000589369 0.00106992 -0.00181018 -7.8303e-06 -0.000480651 -2.56001e-07 0.000240229 -0.000685749 0.000399072 0.000146008 0.000362334 8.84699e-05 -0.00210122 -0.00321797 -0.00204697 0.000901962 0.000335802 0.00171084 0.00812236 0.000799748 -0.00101894 0.00131241 0.00294352
internal_weight=1.31579e+06 10616 456 273 10160 5692 1.30518e+06 15313 12758 2555 1.28986e+06 20337 1.26952e+06 94379 13817 80562 53593 48781 37866 3843 3294 4812 26969 34023 4150 474 26227 2429 10915 2504
internal_count=1315791 10616 456 273 10160 5692 1305175 15313 12758 2555 1289862 20337 1269525 94379 13817 80562 53593 48781 37866 3843 3294 4812 26969 34023 4150 474 26227 2429 10915 2504
cat_boundaries=0 1 2 3 4 5 6 7 8 9 10
cat_threshold=53248 262528 15358085 1459214 13701134 16 2705286 13435648 8934572 4293225
is_linear=0
shrinkage=0.05


Tree=157
num_leaves=31
num_cat=11
split_feature=2 7 1 7 2 7 7 3 7 0 7 0 0 2 6 5 0 7 0 7 7 7 0 0 7 0 0 7 3 0
split_gain=1.9002 7.77905 4.36269 4.39514 9.72763 6.03274 5.00623 5.73532 5.364 5.04454 4.59557 4.30428 4.18531 3.86147 5.44379 4.07947 4.79344 3.99287 4.19147 3.85662 7.87631 3.73953 3.6327 3.61233 3.47511 3.43484 3.3144 3.25673 3.22843 3.90559
threshold=20.500000000000004 0.10535545766871728 0 0.056500935961983231 21.500000000000004 0.074994913060566937 0.048739663163306905 4.5000000000000009 0.042552736117973319 1 0.054502288977933654 2 3 16.500000000000004 11.903400437239741 6.5000000000000009 4 0.11311322974291106 5 0.090759750263787312 0.10155983211953989 0.032622803014054867 6 7 0.037634030996358557 8 9 0.05941495000364224 4.5000000000000009 10
decision_type=2 2 1 2 2 2 2 2 2 1 2 1 1 2 2 2 1 2 1 2 2 2 1 1 2 1 1 2 2 1
left_child=13 2 3 6 5 -5 8 10 9 -2 11 -8 -6 17 -15 25 -17 -1 -19 -7 -21 -11 -3 -9 -4 -16 -26 -14 -28 -30
right_child=1 22 24 4 12 19 7 23 -10 21 -12 -13 27 14 15 16 -18 18 -20 20 -22 -23 -24 -25 26 -27 28 -29 29 -31
leaf_value=-1.617193579375037e-06 -5.4297016300276957e-05 -0.00046525618076544845 -3.1570666777287761e-06 0.00015277747636485359 4.6575825302676982e-05 -5.3868516197594367e-05 2.2028941742622059e-05 0.00019781145913884518 -0.0001312533062272213 0.00032382752730876209 2.7397288477604839e-06 0.0002098699273535452 -5.1415692147649757e-05 0.00023981522287631481 1.3845220596329229e-05 9.2098456635779724e-05 2.0102446603550984e-05 -2.3177156370901564e-05 -0.00027299048969710098 0.00012792778286646253 -3.560563857291227e-05 3.6542382524932564e-05 -0.00013530976714619356 6.4872536016627119e-05 4.7145741264905709e-05 -3.9431534078759878e-06 -4.8003978806864662e-05 -0.00017747023756781047 -6.6792375903195961e-05 4.6329015926792169e-05
leaf_weight=853983 1996 485 23849 2772 1098 4491 700 1237 781 161 3833 700 7121 5150 125071 6964 42990 1907 1266 6342 6999 4394 3068 864 746 193865 8207 1474 1299 1978
leaf_count=853983 1996 485 23849 2772 1098 4491 700 1237 781 161 3833 700 7121 5150 125071 6964 42990 1907 1266 6342 6999 4394 3068 864 746 193865 8207 1474 1299 1978
internal_value=-6.89699e-06 -0.000236125 -0.000135732 0.000192894 -0.000151005 0.000463502 0.00090345 0.00182711 -2.04583e-05 0.000446497 0.000941143 0.00339286 -0.00145724 8.85318e-06 0.000142899 0.000120361 0.000540497 -4.96409e-05 -0.00182004 0.000126178 0.000552807 0.00136364 -0.00252603 0.00403379 -0.00054518 5.45564e-05 -0.00123058 -0.00182743 -0.00143988 -0.000114434
internal_weight=1.31579e+06 84595 81042 44963 30297 20604 14666 7334 7332 6551 5233 1400 9693 1.2312e+06 374040 368890 49954 857156 3173 17832 13341 4555 3553 2101 36079 318936 12230 8595 11484 3277
internal_count=1315791 84595 81042 44963 30297 20604 14666 7334 7332 6551 5233 1400 9693 1231196 374040 368890 49954 857156 3173 17832 13341 4555 3553 2101 36079 318936 12230 8595 11484 3277
cat_boundaries=0 1 2 3 4 5 6 7 8 9 10 11
cat_threshold=18 38040 2453585 9551872 12846144 11692087 2687424 9583819 3219640 8388928 3245706
is_linear=0
shrinkage=0.05


Tree=158
num_leaves=31
num_cat=9
split_feature=3 1 1 6 0 0 7 6 7 7 0 2 7 2 2 7 7 7 7 7 7 0 0 6 6 0 7 0 5 6
split_gain=1.8463 15.7921 10.4413 8.27458 6.62987 6.18562 5.93801 5.79945 13.2744 5.73103 4.79713 4.72088 4.82124 4.46372 4.18318 5.48811 17.5792 5.87363 8.85155 4.67749 4.0621 4.20357 3.97756 3.92018 3.91561 3.77118 3.67011 3.51972 7.06609 4.17275
threshold=3.5000000000000004 0 1 12.2093123918769 2 3 0.042703481640714268 11.990580988694822 0.019763022229152726 0.11311322974291106 4 20.500000000000004 0.1067207236017453 15.500000000000002 9.5000000000000018 0.07367656427701233 0.067132975390762337 0.051322440910878987 0.056500935961983231 0.045771777356362224 0.034521400803542678 5 6 11.990580988694822 12.920048887195147 7 0.10155983211953989 8 5.5000000000000009 12.51280338464896
decision_type=2 1 1 2 1 1 2 2 2 2 1 2 2 2 2 2 2 2 2 2 2 1 1 2 2 1 2 1 2 2
left_child=2 3 5 6 -5 23 -2 8 -4 10 -3 13 20 27 24 16 17 19 -19 -16 -13 -22 -15 -1 -6 -11 -8 29 -29 -9
right_child=1 9 7 4 14 -7 26 11 -10 25 -12 12 -14 22 15 -17 -18 18 -20 -21 21 -23 -24 -25 -26 -27 -28 28 -30 -31
leaf_value=0.00029582266757862861 -0.00044035563622196413 5.1159351021564521e-06 -0.00013287449089507977 -3.8261556841195922e-06 0.00014449144649428814 -1.1755635095853091e-07 0.0003141993322258726 -9.9363126506126298e-05 -0.00026148856047562358 -0.00024329160651940173 -8.5129143686572813e-06 0.00012720019443206409 -0.00025049115273360277 2.3523514434356521e-05 1.7390786790130037e-05 7.5524987574063235e-05 -8.6560015932166459e-05 0.00015866002396806544 5.4439683677942958e-05 -3.5960750556739143e-05 -4.9550331592707751e-05 -5.4065872370565388e-06 -5.9700038326209598e-06 1.7578211996587684e-05 0.00020010837577543773 -1.9227412116087225e-05 0.00072313286383282333 -8.2240488219288702e-06 -3.954979834161227e-05 -1.1765315278558855e-06
leaf_weight=3112 544 171893 201 41139 1895 184731 4094 7978 4317 2705 251105 589 1184 51107 14439 48151 11422 2280 10610 5358 13671 14202 110388 108033 725 2443 1961 80236 36834 128444
leaf_count=3112 544 171893 201 41139 1895 184731 4094 7978 4317 2705 251105 589 1184 51107 14439 48151 11422 2280 10610 5358 13671 14202 110388 108033 725 2443 1961 80236 36834 128444
internal_value=-5.90899e-06 6.17593e-05 -5.77496e-05 0.00051743 0.000433579 0.000172871 0.00224655 -0.000209669 -0.00199203 -9.00373e-05 -6.98585e-05 -0.000191562 -0.00080112 -0.000148017 0.0006634 0.000607522 0.000204607 0.000794658 0.00162529 0.000253826 -0.00067107 -0.000757902 5.74321e-05 0.00046759 0.00263359 -0.00174825 0.00269612 -0.000278904 -0.000480014 -0.00010628
internal_weight=1.31579e+06 570764 745027 142618 136019 295876 6599 449151 4518 428146 422998 444633 29646 414987 94880 92260 44109 32687 12890 19797 28462 27873 161495 111145 2620 5148 6055 253492 117070 136422
internal_count=1315791 570764 745027 142618 136019 295876 6599 449151 4518 428146 422998 444633 29646 414987 94880 92260 44109 32687 12890 19797 28462 27873 161495 111145 2620 5148 6055 253492 117070 136422
cat_boundaries=0 1 2 3 4 5 6 7 8 9
cat_threshold=34 81 13402324 6324700 8778017 3226161 4522652 824047 5903903
is_linear=0
shrinkage=0.05


Tree=159
num_leaves=31
num_cat=14
split_feature=6 0 1 3 0 0 6 5 5 2 2 0 0 0 3 0 0 3 3 3 0 0 2 1 2 0 2 7 0 3
split_gain=1.81382 4.09314 2.33492 3.96307 4.42615 3.84472 2.98608 2.79324 4.72194 5.43078 6.15311 6.33909 4.69076 4.42686 4.28395 19.5289 5.45759 7.36529 8.13852 8.01598 15.4001 13.3269 6.36565 5.04981 5.02667 4.8041 4.47961 4.65756 4.35372 4.10576
threshold=14.174977275137024 0 1 5.5000000000000009 2 3 13.703726398863079 5.5000000000000009 6.5000000000000009 8.5000000000000018 16.500000000000004 4 5 6 1.0000000180025095e-35 7 8 2.5000000000000004 4.5000000000000009 3.5000000000000004 9 10 17.500000000000004 11 20.500000000000004 12 12.500000000000002 0.098436285050403874 13 4.5000000000000009
decision_type=2 1 1 2 1 1 2 2 2 2 2 1 1 1 2 1 1 2 2 2 1 1 2 1 2 1 2 2 1 2
left_child=2 -2 3 4 -1 -5 -6 -4 12 13 11 -11 -9 -10 15 24 17 -16 19 21 -21 -19 -23 -20 25 -14 27 -18 -29 -13
right_child=1 -3 7 5 6 -7 -8 8 9 10 -12 29 14 -15 16 -17 26 18 23 20 -22 22 -24 -25 -26 -27 -28 28 -30 -31
leaf_value=5.9204204600976119e-05 -4.2109569939924322e-05 3.5768738826075233e-06 1.5932959438857975e-06 -7.5860569120846108e-05 3.9059284641524902e-05 2.1201249102750788e-06 -3.5075897783155842e-06 -5.4020491565903374e-05 -4.9839044906761777e-06 -4.5233301208011392e-05 1.9652545727392307e-05 7.1954043170036067e-06 0.00015233489618678847 7.4987221778642643e-05 1.5870766062857713e-05 -6.9214177250463349e-05 2.3423578033923179e-05 9.5465756130493079e-05 -0.00016777045937292677 3.4426045938423108e-05 -0.00025463931230064219 -0.00019350295741232468 3.3527476900116138e-05 1.6414361158699487e-06 -9.3686653307868684e-05 3.7204856378809939e-05 -7.9352811856424524e-06 6.0433511063863465e-05 -0.00011227893647724753 -2.6055075746466567e-05
leaf_weight=16792 12711 17917 813427 4466 20608 8725 39659 10762 5695 18940 55756 50891 1873 10209 12296 23099 43310 2423 1855 1849 4574 2454 881 12789 539 7388 85910 2571 4465 20957
leaf_count=16792 12711 17917 813427 4466 20608 8725 39659 10762 5695 18940 55756 50891 1873 10209 12296 23099 43310 2423 1855 1849 4574 2454 881 12789 539 7388 85910 2571 4465 20957
internal_value=-4.99699e-06 -0.000385268 4.06563e-06 0.00024928 0.000386392 -0.000551512 0.000186224 -1.4457e-05 -0.000126086 7.81789e-05 -1.70597e-05 -0.000270961 -0.000277577 0.000955734 -0.000224931 -0.000748503 -0.000126727 -0.000647185 -0.00111184 -0.00206674 -0.00328118 -0.000712053 -0.00275785 -0.000317536 0.0011213 0.00139564 2.27496e-05 0.000397251 -0.000795907 -5.63612e-05
internal_weight=1.31579e+06 30628 1.28516e+06 90250 77059 13191 60267 1.19491e+06 381486 162448 146544 90788 219038 15904 208276 32899 175377 39121 26825 12181 6423 5758 3335 14644 9800 9261 136256 50346 7036 71848
internal_count=1315791 30628 1285163 90250 77059 13191 60267 1194913 381486 162448 146544 90788 219038 15904 208276 32899 175377 39121 26825 12181 6423 5758 3335 14644 9800 9261 136256 50346 7036 71848
cat_boundaries=0 1 2 3 4 5 6 7 8 9 10 11 12 13 14
cat_threshold=2122160 16 2212704 2705158 9707584 16448 12716776 9014292 12681236 8486912 4194308 64 32784 1048746
is_linear=0
shrinkage=0.05


Tree=160
num_leaves=31
num_cat=15
split_feature=7 6 0 0 0 6 6 1 0 6 5 6 1 3 3 0 0 0 6 1 1 7 2 3 0 6 6 0 1 1
split_gain=1.83915 9.38163 3.81176 3.39341 2.2483 2.08335 1.83952 10.0002 3.80458 3.62074 3.10423 4.08141 3.96865 4.39667 3.83273 5.4402 4.7899 3.50221 4.90253 3.21931 3.19321 3.56122 3.1618 3.15714 3.94618 3.25112 3.03971 3.51197 3.03639 2.85548
threshold=0.020498863159263622 11.990580988694822 0 1 2 13.407846408716152 13.445790538661404 3 4 12.959316073029704 5.5000000000000009 12.902084468380513 5 5.5000000000000009 5.5000000000000009 6 7 8 13.407846408716152 9 10 0.037634030996358557 11.500000000000002 3.5000000000000004 11 12.763054968923383 13.120496135176955 12 13 14
decision_type=2 2 1 1 1 2 2 1 1 2 2 2 1 2 2 1 1 1 2 1 1 2 2 2 1 2 2 1 1 1
left_child=1 2 -1 -4 -3 -6 7 8 9 -2 -9 14 13 26 16 22 19 18 -14 -12 -17 -22 -16 -21 25 -25 27 -13 -24 -18
right_child=6 4 3 -5 5 -7 -8 10 -10 -11 11 12 17 -15 15 20 29 -19 -20 23 21 -23 28 24 -26 -27 -28 -29 -30 -31
leaf_value=-0.00014003879659633159 0.00014365975579266611 6.0524064170766096e-06 -0.0001378665587550879 0.00057106552603738807 -2.3205873173121409e-05 5.8784496299481816e-05 -3.9253022934566948e-06 2.2051591031793313e-06 1.3925760577549254e-05 3.6800805680371756e-05 4.7064149041070593e-06 -0.0001305262992048091 3.2674198154966292e-06 -0.00017860871466532301 -6.274032803736535e-05 -2.1748508537533866e-05 5.3079635788306698e-05 -2.063439675690157e-05 -8.2009638518740913e-05 -6.2246220072792631e-05 -0.00041897336765934042 -0.00011144791616018898 -5.2692397279058978e-05 -1.8096666652913859e-05 7.9141155241879702e-05 -0.0001772230805990805 -0.00033537832220449545 4.8773773205634117e-05 7.9815629551329911e-05 8.0299723281421556e-06
leaf_weight=183 3369 5174 169 104 4747 239 387286 565960 52864 27902 37531 1515 57932 801 2531 9425 25053 65831 3039 12268 130 4568 1708 1555 4149 808 354 2085 4081 32430
leaf_count=183 3369 5174 169 104 4747 239 387286 565960 52864 27902 37531 1515 57932 801 2531 9425 25053 65831 3039 12268 130 4568 1708 1555 4149 808 354 2085 4081 32430
internal_value=-3.933e-06 -0.000659382 -0.00767544 -0.00344523 -0.000344488 -0.00110088 1.39828e-06 3.99558e-05 0.000559451 0.000996611 -1.24736e-05 -0.000152729 -0.000351369 -0.0017681 3.90863e-05 -0.00055808 0.000156862 -0.000298079 -2.50078e-05 -0.000170895 -0.0011551 -0.00221963 0.000456182 -0.000705162 0.000184275 -0.00144332 -0.00108751 -0.000652778 0.00110123 0.000477884
internal_weight=1.31579e+06 10616 456 273 10160 4986 1.30518e+06 917889 84135 31271 833754 267794 131557 4755 136237 22443 113794 126802 60971 56311 14123 4698 8320 18780 6512 2363 3954 3600 5789 57483
internal_count=1315791 10616 456 273 10160 4986 1305175 917889 84135 31271 833754 267794 131557 4755 136237 22443 113794 126802 60971 56311 14123 4698 8320 18780 6512 2363 3954 3600 5789 57483
cat_boundaries=0 1 2 3 4 5 6 7 8 9 10 11 12 13 14 15
cat_threshold=53248 262528 15366277 24 1122866 64 8463660 6957173 3284273 65 37 84 1061140 64 70
is_linear=0
shrinkage=0.05


Tree=161
num_leaves=31
num_cat=12
split_feature=3 1 1 6 7 0 2 6 7 0 0 7 0 3 1 1 3 0 2 7 3 2 7 1 7 7 0 1 7 7
split_gain=1.83232 14.3505 9.14274 7.25017 7.45939 6.26537 5.79456 5.45449 12.8917 5.42989 5.04189 5.01469 4.33034 8.45875 17.5191 12.3855 5.66244 5.98849 4.31549 4.71421 4.24999 4.11079 7.00732 9.47653 6.12606 5.83339 5.54106 5.49467 9.20276 6.88853
threshold=3.5000000000000004 0 1 12.281729595966118 0.081026486669150619 2 9.5000000000000018 11.990580988694822 0.019763022229152726 3 4 0.11311322974291106 5 4.5000000000000009 6 7 5.5000000000000009 8 20.500000000000004 0.10774948533280357 4.5000000000000009 17.500000000000004 0.081799373544184761 9 0.054777123202907098 0.084611166957296327 10 11 0.057428253650754317 0.075995310721284556
decision_type=2 1 1 2 2 1 2 2 2 1 1 2 1 2 1 1 2 1 2 2 2 2 2 1 2 2 1 1 2 2
left_child=2 3 9 4 5 -2 20 8 -4 -1 -8 12 -3 15 16 -14 17 -15 21 -20 -5 22 24 25 -9 -24 -25 28 -26 -29
right_child=1 11 7 6 -6 -7 10 18 -10 -11 -12 -13 13 14 -16 -17 -18 -19 19 -21 -22 -23 23 26 27 -27 -28 29 -30 -31
leaf_value=1.8366467675445117e-05 0.000386532929496871 -1.0590863470431173e-05 -0.0001193084913177035 -7.2787157850921075e-06 0.00043907008577957139 -0.00011248622216722577 -4.2454251456148367e-06 -9.1357789420020912e-06 -0.00025379571809018082 -2.3870904639622383e-07 2.7689898072400661e-05 -0.00014115872344606719 4.1506481304662458e-05 3.3144070328509218e-05 -2.4594065442799795e-05 -7.8768600976400489e-06 3.7610697642387342e-05 -1.9162826467416551e-05 -2.4385185552131678e-05 -0.00032568194082693608 0.00021917641649037839 8.7030814848246263e-06 -5.6580903996337338e-05 -7.1340161388893858e-05 0.00013725966150548164 -0.00017636976018132328 -7.1746134380719365e-06 2.2787248661691742e-06 1.7050206046053535e-05 -9.7212304913336933e-05
leaf_weight=111145 1183 156941 201 1079 4621 3550 42836 121303 4317 184731 87189 5148 47534 12603 95833 41405 40834 27848 28972 674 2160 96665 10213 17836 2412 5073 50721 47592 55355 7817
leaf_count=111145 1183 156941 201 1079 4621 3550 42836 121303 4317 184731 87189 5148 47534 12603 95833 41405 40834 27848 28972 674 2160 96665 10213 17836 2412 5073 50721 47592 55355 7817
internal_value=-3.287e-06 6.41246e-05 -5.49309e-05 0.0004985 0.00184413 0.000448975 0.000404085 -0.00019709 -0.00192563 0.000160873 0.000352048 -8.05781e-05 -6.17024e-05 6.11688e-05 -0.000138608 0.000459022 0.000401316 -1.79229e-05 -0.00017953 -0.000762329 0.00249305 -0.000137896 -0.000224615 -0.000616927 -8.43359e-05 -0.00174229 -0.000365701 0.00018025 0.000521401 -0.000175481
internal_weight=1.31579e+06 570764 745027 142618 9354 4733 133264 449151 4518 295876 130025 428146 422998 266057 177118 88939 81285 40451 444633 29646 3239 414987 318322 83843 234479 15286 68557 113176 57767 55409
internal_count=1315791 570764 745027 142618 9354 4733 133264 449151 4518 295876 130025 428146 422998 266057 177118 88939 81285 40451 444633 29646 3239 414987 318322 83843 234479 15286 68557 113176 57767 55409
cat_boundaries=0 1 2 3 4 5 6 7 8 9 10 11 12
cat_threshold=34 81 6817056 6324700 13402580 6947422 12 81 266528 8 4198880 8
is_linear=0
shrinkage=0.05


Tree=162
num_leaves=31
num_cat=15
split_feature=7 6 0 7 7 1 1 7 2 6 7 0 0 2 0 0 6 0 2 0 0 6 1 3 0 0 7 1 6 0
split_gain=1.73812 12.1964 6.65756 4.24301 11.9079 19.336 6.70974 4.62882 12.9327 15.0257 4.34502 4.64073 3.69053 3.36351 3.30098 2.73971 2.73794 3.84668 3.00821 2.70802 2.60715 2.51478 2.97751 9.48627 3.50925 2.97565 2.58203 5.4624 3.03552 2.30218
threshold=0.029154964549149176 12.147946851847994 0 0.033321867509809124 0.036427205497572696 1 2 0.034521400803542678 19.500000000000004 12.977402343100168 0.034521400803542678 3 4 21.500000000000004 5 6 11.903400437239741 7 15.500000000000002 8 9 12.429177195939355 10 2.5000000000000004 11 12 0.022916694985247104 13 13.301959138741568 14
decision_type=2 2 1 2 2 1 1 2 2 2 2 1 1 2 1 1 2 1 2 1 1 2 1 2 1 1 2 1 2 1
left_child=1 2 -1 6 5 10 15 20 9 -9 11 -5 -8 -14 -15 -2 17 -6 -19 -12 -7 25 23 -23 -24 -3 28 -28 -26 -25
right_child=3 21 -4 4 16 7 12 8 -10 -11 19 -13 13 14 -16 -17 -18 18 -20 -21 -22 22 24 29 26 -27 27 -29 -30 -31
leaf_value=-0.00018907797555505721 0.00036997386532150006 -1.1068986351770415e-05 -2.3879544292645592e-05 -3.3591820174560907e-05 0.00025332551733701913 -4.2473760907000424e-05 -5.5834507202941372e-06 0.00014918424263063307 -0.0003678635646022905 -0.0004109436832846071 -6.2743646045100573e-05 0.00023027934927307737 1.6398306943361459e-05 -1.9816411791910919e-05 0.00038959167869750109 0.0001504843759303095 -4.2056852445071513e-10 -4.3614472280664039e-05 0.00017298249671434554 1.9774012833010876e-05 -0.00010142524543544918 -7.2470134714076878e-05 -1.7517964011930058e-05 1.2083302272590178e-06 5.3613925929830303e-07 -0.0001147361786870027 1.1083270437745388e-05 -3.655428649373656e-05 1.7031887925364301e-05 0.00018017818737061376
leaf_weight=963 475 2300 607 618 3281 1505 13212 355 451 147 2098 876 21827 103 170 854 1196651 6184 4900 2356 2159 1965 11509 554 18667 1483 5907 5644 5617 2353
leaf_count=963 475 2300 607 618 3281 1505 13212 355 451 147 2098 876 21827 103 170 854 1196651 6184 4900 2356 2159 1965 11509 554 18667 1483 5907 5644 5617 2353
internal_value=-2.755e-06 -0.000271413 -0.00461783 9.53727e-06 -6.3647e-06 -0.00167771 0.000539696 -0.00410093 -0.00721406 -0.00169323 0.000209802 0.00254351 0.000407678 0.000802804 0.00631868 0.00401419 8.21624e-06 0.000694396 0.000247882 -0.000572519 -0.0033024 -0.000149556 -5.93688e-05 0.00111635 -0.000180555 -0.0013944 6.34677e-05 -0.0005519 0.000356202 0.00293258
internal_weight=1.31579e+06 57569 1570 1.25822e+06 1.22158e+06 10565 36641 4617 953 502 5948 1494 35312 22100 273 1329 1.21102e+06 14365 11084 4454 3664 55999 52216 4872 47344 3783 35835 11551 24284 2907
internal_count=1315791 57569 1570 1258222 1221581 10565 36641 4617 953 502 5948 1494 35312 22100 273 1329 1211016 14365 11084 4454 3664 55999 52216 4872 47344 3783 35835 11551 24284 2907
cat_boundaries=0 1 2 3 4 5 6 7 8 9 10 11 12 13 14 15
cat_threshold=1429645 88 72 10612160 13408536 66565 4383617 2097617 3553448 10019366 104 3311136 3464356 4 6293521
is_linear=0
shrinkage=0.05


Tree=163
num_leaves=31
num_cat=12
split_feature=6 0 0 1 3 2 7 7 7 2 2 0 0 0 6 7 0 2 7 6 0 2 2 0 0 0 7 3 0 3
split_gain=1.62695 3.92287 2.3841 1.93751 4.18655 3.6298 9.66664 4.43013 7.18065 10.4554 4.62498 4.0764 3.56406 3.32417 3.6688 3.38764 3.25365 3.22322 7.12861 3.1541 3.13689 3.10769 10.4932 3.57956 2.95306 2.85252 2.81168 2.71903 3.10078 2.92948
threshold=14.227162813018245 0 1 2 5.5000000000000009 17.500000000000004 0.078034230429874021 0.069985998349509346 0.065814582208724104 11.500000000000002 16.500000000000004 3 4 5 13.194926335209143 0.10335342902000616 6 15.500000000000002 0.058434729769309891 13.99691127342979 7 11.500000000000002 16.500000000000004 8 9 10 0.074089071534796075 3.5000000000000004 11 2.5000000000000004
decision_type=2 1 1 1 2 2 2 2 2 2 2 1 1 1 2 2 1 2 2 2 1 2 2 1 1 1 2 2 1 2
left_child=3 -2 -3 4 5 6 7 8 17 -10 16 -8 19 -7 -15 -16 -11 20 -19 -6 -1 24 -23 26 -9 -21 -24 28 29 -17
right_child=1 2 -4 -5 12 13 11 21 9 10 -12 -13 -14 14 15 27 -18 18 -20 25 -22 22 23 -25 -26 -27 -28 -29 -30 -31
leaf_value=-1.6615072127155322e-05 1.5151596278181051e-05 -0.00017345405715912915 -3.3260114029045466e-05 -5.013896645797433e-07 -3.6801031851762915e-05 0.00019079183228016237 -0.00028757149235733272 0.0001978005622404338 0.00026892957597250342 -3.4329773544010404e-05 0.00017262675804890148 -8.2899347424975067e-05 9.1721739333597292e-06 0.00027229485627953547 4.0927655365703874e-05 1.1917675588408311e-05 -0.00021722700205770336 0.00045754380143107692 4.3096056453518708e-05 -0.00021209357369712212 2.410759312319443e-05 -0.0003664284378645251 0.00026869979924499035 -3.9270837792585586e-05 8.2151571351837824e-05 -6.9132597608676142e-05 7.477059458423225e-05 -0.00023650805101294096 -0.00018444847094414575 0.00039235784238458513
leaf_weight=14545 7485 638 12214 1200704 5805 1294 680 1690 549 773 257 4132 6460 1347 22194 652 2264 365 3785 715 15650 399 699 1679 5221 886 1227 701 582 199
leaf_count=14545 7485 638 12214 1200704 5805 1294 680 1690 549 773 257 4132 6460 1347 22194 652 2264 365 3785 715 15650 399 699 1679 5221 886 1227 701 582 199
internal_value=-2.489e-06 -0.000446231 -0.000975742 4.47719e-06 0.00022214 0.000359774 0.000122879 0.000332464 7.85587e-05 -0.00197112 -0.00303582 -0.00201579 -0.000580557 0.000833364 0.000707611 0.000567248 -0.00358084 0.000307905 0.00161446 -0.00132821 0.000128333 0.0012208 0.000112388 0.000963939 0.00186297 -0.00329482 0.00242769 -0.00133552 -8.72296e-05 0.00182927
internal_weight=1.31579e+06 20337 12852 1.29545e+06 94750 80884 53915 49103 38188 3843 3294 4812 13866 26969 25675 24328 3037 34345 4150 7406 30195 10915 4004 3605 6911 1601 1926 2134 1433 851
internal_count=1315791 20337 12852 1295454 94750 80884 53915 49103 38188 3843 3294 4812 13866 26969 25675 24328 3037 34345 4150 7406 30195 10915 4004 3605 6911 1601 1926 2134 1433 851
cat_boundaries=0 1 2 3 4 5 6 7 8 9 10 11 12
cat_threshold=12652558 128 16 13435648 2705319 148032 579584 10253321 6372074 49961 17568 1053878
is_linear=0
shrinkage=0.05


Tree=164
num_leaves=31
num_cat=15
split_feature=3 1 1 6 7 6 2 6 0 0 0 7 3 3 1 7 0 3 1 1 5 0 3 0 0 7 0 0 5 0
split_gain=1.63337 13.0219 8.24607 6.66456 5.42796 5.41831 13.0208 5.82613 5.12135 4.92271 4.8916 4.78636 4.68775 12.9307 5.61141 4.68526 3.97662 4.22546 18.3416 13.4028 8.22421 13.0541 5.64801 5.24565 4.90148 3.96371 3.95008 3.92519 3.78373 12.0229
threshold=3.5000000000000004 0 1 12.2093123918769 0.042703481640714268 12.482153937926691 9.5000000000000018 12.068607812365963 2 3 4 0.029898306499557822 1.5000000000000002 1.0000000180025095e-35 5 0.11844494027259878 6 4.5000000000000009 7 8 3.5000000000000004 9 5.5000000000000009 10 11 0.076536027880184682 12 13 3.5000000000000004 14
decision_type=2 1 1 2 2 2 2 2 1 1 1 2 2 2 1 2 1 2 1 1 2 1 2 1 1 2 1 1 2 1
left_child=2 3 10 4 -2 6 7 11 -5 -7 -1 -4 13 -8 -15 16 -3 19 22 20 21 -18 24 -22 -19 -26 -24 -14 29 -21
right_child=1 15 5 8 -6 9 12 -9 -10 -11 -12 -13 27 14 -16 -17 17 18 -20 28 23 -23 26 -25 25 -27 -28 -29 -30 -31
leaf_value=1.7340264808484233e-05 -0.00041027671448371357 -1.4036460883888515e-05 -0.000136191805037703 -3.5201416940223996e-06 0.00038520939011810131 -1.7705224814622451e-05 2.943467780391635e-05 -0.00058805701308812977 2.9852407728460547e-05 -1.1732189749468283e-06 -2.2038068241102272e-07 0.00020753983585176524 0.00020523256018810805 2.86927817708154e-05 -0.00038260826821412132 -0.00033399806145419444 -0.00011110279690016572 2.7791508189790178e-05 -2.2381995033624037e-05 -0.00014779811689933365 9.4614361742107269e-05 2.7945729937294518e-05 7.1759264287150218e-05 3.3933069081725294e-05 -2.7558285572509487e-05 2.0846812080370024e-05 2.362227773828815e-05 -1.3404184068889492e-05 -2.0708950439266713e-06 4.0429620628591736e-08
leaf_weight=111145 544 103104 491 41139 6055 129152 6278 2002 94880 292688 184731 103 1984 917 4557 1148 3997 17049 116206 4529 8831 11852 12509 32664 20018 12528 37609 10979 36698 9404
leaf_count=111145 544 103104 491 41139 6055 129152 6278 2002 94880 292688 184731 103 1984 917 4557 1148 3997 17049 116206 4529 8831 11852 12509 32664 20018 12528 37609 10979 36698 9404
internal_value=-2.413e-06 6.12337e-05 -5.11726e-05 0.000475012 0.00202682 -0.00018618 -0.000868698 -0.00423729 0.00039976 -0.000141997 0.000153775 -0.00858586 -0.00051487 -0.00123809 -0.00301425 -7.66076e-05 -6.80331e-05 1.80609e-05 -0.000109648 0.000273443 0.000796806 -0.000171935 0.000387824 0.00116701 9.57758e-06 -0.000350166 0.000762201 0.000140785 -0.000319405 -0.00102096
internal_weight=1.31579e+06 570764 745027 142618 6599 449151 27311 2596 136019 421840 295876 594 24715 11752 5474 428146 426998 323894 215919 107975 57344 15849 99713 41495 49595 32546 50118 12963 50631 13933
internal_count=1315791 570764 745027 142618 6599 449151 27311 2596 136019 421840 295876 594 24715 11752 5474 428146 426998 323894 215919 107975 57344 15849 99713 41495 49595 32546 50118 12963 50631 13933
cat_boundaries=0 1 2 3 4 5 6 7 8 9 10 11 12 13 14 15
cat_threshold=34 81 13402324 2156832 6324700 6 6816340 12 81 270346 8511488 266530 8667272 2162760 8658954
is_linear=0
shrinkage=0.05


Tree=165
num_leaves=31
num_cat=10
split_feature=7 6 0 6 0 0 6 1 2 7 7 7 1 7 2 1 7 7 7 1 7 0 0 6 7 7 7 7 0 7
split_gain=1.62779 10.7492 2.67542 1.8342 1.95103 1.81063 1.61663 4.52951 3.71771 5.65092 4.74689 7.72284 5.76633 10.4862 4.72105 11.6362 9.80105 4.788 4.67626 6.87773 8.47681 5.00657 4.4812 4.41647 4.32821 22.7389 8.14992 5.59041 4.96495 3.96103
threshold=0.019763022229152726 11.990580988694822 0 13.232467225603605 1 2 13.048368552631432 3 18.500000000000004 0.054502288977933654 0.081799373544184761 0.092845830888495504 4 0.10155983211953989 16.500000000000004 5 0.10932797643305314 0.10335342902000616 0.068864900929182002 6 0.057428253650754317 7 8 12.775502262725922 0.038579431872486268 0.034521400803542678 0.033321867509809124 0.046618293312646497 9 0.060802840486139792
decision_type=2 2 1 2 1 1 2 1 2 2 2 2 1 2 2 1 2 2 2 1 2 1 1 2 2 2 2 2 1 2
left_child=1 2 -1 4 -3 -5 7 -2 14 24 18 22 -13 -14 -9 16 23 -17 19 29 -21 -20 -12 -16 25 26 -10 -26 -29 -11
right_child=6 3 -4 5 -6 -7 -8 8 9 10 11 12 13 -15 15 17 -18 -19 21 20 -22 -23 -24 -25 27 -27 -28 28 -30 -31
leaf_value=-1.3875019779084436e-05 5.9630422261325484e-05 -4.2682994895202994e-05 -0.00011322792465018317 3.6240820992386809e-07 4.9353127986803691e-07 0.00010396571304166075 -1.9643569216392516e-06 1.3601094687313784e-06 4.3352800870168772e-06 0.00016578501244364879 -1.0351474580186718e-05 1.7092720023623859e-05 -2.6612595261369529e-05 -0.00025941895496663997 0.00020949884631360911 -5.1186261975880167e-06 3.2513100858850079e-05 -0.00018326947714190011 -0.00030092782941976083 -2.9301608884221671e-05 -0.00016946077728054247 -8.2563496885947754e-05 0.00026434219935477058 7.3006201823165587e-05 0.00044185280423617132 -0.00038020014606366916 -6.470292240714389e-05 -2.899047492148886e-05 5.1794846600281869e-05 -1.9270769277204838e-05
leaf_weight=101 10774 917 287 220 3459 159 744391 372624 23397 1493 1002 18153 10791 2992 9708 32513 27748 2080 1203 8380 3237 1366 1506 9806 852 355 1993 4709 10154 9421
leaf_count=101 10774 917 287 220 3459 159 744391 372624 23397 1493 1002 18153 10791 2992 9708 32513 27748 2080 1203 8380 3237 1366 1506 9806 852 355 1993 4709 10154 9421
internal_value=-1.767e-06 -0.000889559 -0.00889175 -0.000236593 -0.000525594 0.00310026 1.71671e-06 6.53855e-05 4.56801e-05 -0.000228704 -0.000540777 -0.000159679 -0.000369489 -0.00114007 0.000106661 0.000450492 0.000960399 -0.000246366 -0.00106375 -0.000833296 -0.00167928 -0.00308486 0.00251196 0.00181921 0.000219489 -0.000179647 -3.93856e-06 0.000873369 0.000647581 6.86562e-05
internal_weight=1.31579e+06 5143 388 4755 4376 379 1.31065e+06 566257 555483 101004 59544 34444 31936 13783 454479 81855 47262 34593 25100 22531 11617 2569 2508 19514 41460 25745 25390 15715 14863 10914
internal_count=1315791 5143 388 4755 4376 379 1310648 566257 555483 101004 59544 34444 31936 13783 454479 81855 47262 34593 25100 22531 11617 2569 2508 19514 41460 25745 25390 15715 14863 10914
cat_boundaries=0 1 2 3 4 5 6 7 8 9 10
cat_threshold=393220 1310738 1192236 24 34 100 36 1907292 6058753 13042593
is_linear=0
shrinkage=0.05


Tree=166
num_leaves=31
num_cat=13
split_feature=7 6 0 0 0 6 6 6 0 1 0 2 2 7 7 7 7 7 0 0 0 7 0 7 0 5 0 6 0 7
split_gain=1.7176 9.74123 3.64389 3.11531 1.81675 2.3048 1.696 1.58541 3.28417 2.98186 4.38822 2.9216 7.06533 7.55597 8.50474 11.947 7.15544 5.48999 7.89258 5.05479 5.03835 5.00124 3.89404 3.76215 3.22211 4.41276 5.00163 2.82407 3.89256 4.44885
threshold=0.020498863159263622 11.990580988694822 0 1 2 13.402230870373574 13.20038774189379 13.858269235864768 3 4 5 8.5000000000000018 7.5000000000000009 0.10879013868478844 0.097933576906992295 0.07367656427701233 0.10535545766871728 0.099757710136907304 6 7 8 0.068592070238769523 9 0.075995310721284556 10 6.5000000000000009 11 13.412720618397271 12 0.069397796195364417
decision_type=2 2 1 1 1 2 2 2 1 1 1 2 2 2 2 2 2 2 1 1 1 2 1 2 1 2 1 2 1 2
left_child=1 2 -1 -4 -3 6 -6 9 -9 10 -2 12 17 14 15 21 -16 24 -19 -17 -18 -14 -15 -21 -11 -26 -27 28 -12 -30
right_child=7 4 3 -5 5 -7 -8 8 -10 11 27 -13 13 22 16 19 20 18 -20 23 -22 -23 -24 -25 25 26 -28 -29 29 -31
leaf_value=-0.00010512147745525368 0.00034579281155514496 1.1216417647535744e-05 -0.00010605337108201131 0.00054481549722326401 -1.4795977265734743e-05 5.7305768672703818e-05 -4.4000353924509958e-05 -1.6416019265221535e-05 2.7140723340805806e-06 -3.0329697641837129e-05 0.00019986101529463271 -8.9510655059115568e-07 0.00014541959221635973 6.1705708029666939e-05 0.00025039463154085225 -0.00028376636768613145 -3.0217141951649486e-05 -0.00032140274353392593 2.4192246027425481e-05 -1.2287042900306633e-05 0.00013199020171996006 2.3344952998990631e-05 -6.5274033820807509e-05 -0.00024333694508389404 -1.3949207240092355e-07 -1.1126792689435811e-05 0.00010660372409444611 7.1496038225090514e-06 -1.991026137859904e-05 0.00012439587025554131
leaf_weight=183 296 3754 169 104 5627 272 507 68128 76413 10795 1883 1003876 1988 5695 6304 610 3250 1495 1523 1420 7903 8664 8424 559 42185 2729 3938 36481 5689 4927
leaf_count=183 296 3754 169 104 5627 272 507 68128 76413 10795 1883 1003876 1988 5695 6304 610 3250 1495 1523 1420 7903 8664 8424 559 42185 2729 3938 36481 5689 4927
internal_value=-2.413e-06 -0.000635833 -0.00778509 -0.00362191 -0.000314961 -0.00082606 -0.00102706 2.7391e-06 -0.000153417 2.21861e-05 0.000402751 5.30877e-06 0.000253066 0.000732423 0.00117271 0.000217129 0.00189752 -8.9763e-05 -0.00217031 -0.00282928 0.00113647 0.000957567 -0.000224874 -0.00157114 1.55079e-05 0.000188285 0.00138368 0.000365381 0.00101408 0.00063994
internal_weight=1.31579e+06 10616 456 273 10160 6406 6134 1.30518e+06 144541 1.16063e+06 49276 1.11136e+06 107482 44817 30698 13241 17457 62665 3018 2589 11153 10652 14119 1979 59647 48852 6667 48980 12499 10616
internal_count=1315791 10616 456 273 10160 6406 6134 1305175 144541 1160634 49276 1111358 107482 44817 30698 13241 17457 62665 3018 2589 11153 10652 14119 1979 59647 48852 6667 48980 12499 10616
cat_boundaries=0 1 2 3 4 5 6 7 8 9 10 11 12 13
cat_threshold=53248 262528 15356037 3945091 16 64 1145987 5506584 1205058 575 131688 12605572 2084
is_linear=0
shrinkage=0.05


Tree=167
num_leaves=31
num_cat=13
split_feature=2 7 3 1 7 7 0 0 3 5 0 7 7 7 2 7 0 0 0 0 2 6 5 0 7 0 0 0 1 7
split_gain=1.606 6.73063 3.89315 4.1057 6.85854 4.33595 3.81223 3.43206 3.64073 3.32689 3.20877 3.12785 5.90242 5.75396 4.29923 4.23315 4.12278 3.73653 3.64076 3.17752 2.88769 4.71857 3.37906 4.19828 3.10414 3.73072 2.87247 2.77903 2.75421 7.68593
threshold=20.500000000000004 0.10535545766871728 4.5000000000000009 0 0.056500935961983231 0.078539738675614132 1 2 1.0000000180025095e-35 5.5000000000000009 3 0.063296034266724199 0.057428253650754317 0.074994913060566937 21.500000000000004 0.039807080262756707 4 5 6 7 16.500000000000004 11.903400437239741 6.5000000000000009 8 0.11311322974291106 9 10 11 12 0.10003203511327877
decision_type=2 2 2 1 2 2 1 1 2 2 1 2 2 2 2 2 1 1 1 1 2 2 2 1 2 1 1 1 1 2
left_child=20 2 11 4 10 9 -6 -3 -9 26 -4 12 14 17 15 -2 -16 -13 -14 -15 24 -22 28 -24 -1 -26 -5 -11 29 -23
right_child=1 7 3 5 6 -7 -8 8 -10 27 -12 13 18 19 16 -17 -18 -19 -20 -21 21 22 23 -25 25 -27 -28 -29 -30 -31
leaf_value=-1.3374858442202764e-06 -8.3295695200265141e-06 -0.00031631879711483437 0.00018103044329057275 1.3075768818836959e-05 0.00013295421572286152 -0.00021082665343826953 -1.1838729595811323e-05 -0.00046685785545537569 -4.9006021774637701e-05 5.1930897821308651e-05 5.9475632913840419e-05 3.1787522706049762e-05 -2.0720217317475242e-05 -5.4645389533684174e-05 5.5416398353919789e-05 -5.6429395028400125e-05 -9.8762175751419139e-06 0.00028665075319661559 -0.0001333458963910345 3.6550448604396117e-05 0.00022687071860174289 -4.7569357596841806e-06 8.5398612914781684e-05 1.7904882322725136e-05 -1.7274282641706329e-06 -0.00024684707179066582 -2.3183445875037299e-05 3.7968203173468707e-06 6.980164916737392e-06 -0.00018290694136210915
leaf_weight=853983 21844 996 1237 3066 1741 486 4919 370 2187 1945 864 971 1747 5768 4967 3849 7708 1019 2840 6970 5150 59788 6964 42990 1721 1452 6314 2787 256865 2283
leaf_count=853983 21844 996 1237 3066 1741 486 4919 370 2187 1945 864 971 1747 5768 4967 3849 7708 1019 2840 6970 5150 59788 6964 42990 1721 1452 6314 2787 256865 2283
internal_value=-2.337e-06 -0.000213074 -0.000119691 0.00042489 0.00127979 -8.89923e-05 0.000495495 -0.00234309 -0.00135372 7.08617e-05 0.00377201 -0.000340222 -0.000555814 0.000288566 -0.000353159 -0.000724906 0.000400394 0.00278894 -0.00225093 -0.000102057 1.21427e-05 0.000128061 0.000107078 0.00048945 -3.84411e-05 -0.00159943 -0.000474414 0.00115173 4.71882e-05 -0.000251687
internal_weight=1.31579e+06 84595 81042 23359 8761 14598 6660 3553 2557 14112 2101 57683 42955 14728 38368 25693 12675 1990 4587 12738 1.2312e+06 374040 368890 49954 857156 3173 9380 4732 318936 62071
internal_count=1315791 84595 81042 23359 8761 14598 6660 3553 2557 14112 2101 57683 42955 14728 38368 25693 12675 1990 4587 12738 1231196 374040 368890 49954 857156 3173 9380 4732 318936 62071
cat_boundaries=0 1 2 3 4 5 6 7 8 9 10 11 12 13
cat_threshold=2 1656329 2949577 9583819 50094 15079565 13944916 14092468 12846144 11674167 9430017 4985332 1
is_linear=0
shrinkage=0.05


Tree=168
num_leaves=31
num_cat=12
split_feature=7 6 0 0 6 0 6 0 0 2 5 7 3 5 1 3 1 3 3 6 0 0 6 0 0 0 7 7 2 7
split_gain=1.54658 9.53339 3.43496 3.11531 1.63982 1.99901 1.4907 3.63172 2.15311 1.75335 2.03415 1.97376 1.86005 1.55819 1.52131 12.0962 9.66477 8.20517 24.8603 7.0795 5.52943 4.56608 4.11997 3.88831 3.65932 3.54694 3.5463 3.3046 3.64861 11.4761
threshold=0.020498863159263622 11.990580988694822 0 1 13.481295072946859 2 14.227162813018245 3 4 10.500000000000002 4.5000000000000009 0.081409608983975507 5.5000000000000009 2.5000000000000004 5 2.5000000000000004 6 1.0000000180025095e-35 1.5000000000000002 13.137882825286564 7 8 13.183726549938509 9 10 11 0.076536027880184682 0.022916694985247104 8.5000000000000018 0.033321867509809124
decision_type=2 2 1 1 2 1 2 1 1 2 2 2 2 2 1 2 1 2 2 2 1 1 2 1 1 1 2 2 2 2
left_child=1 2 -1 -4 5 -3 14 -8 13 11 12 -10 -11 -9 15 16 25 21 24 23 -20 -18 -22 26 -19 -2 -17 -21 -29 -30
right_child=6 4 3 -5 -6 -7 7 8 9 10 -12 -13 -14 -15 -16 19 17 18 20 27 22 -23 -24 -25 -26 -27 -28 28 29 -31
leaf_value=-9.9798529290279962e-05 -4.1276088987011501e-05 -2.7918778720115341e-05 -0.00010068382823569971 0.00051768804109216784 8.4983326589967861e-05 4.5325953727960032e-07 1.2758894727823815e-05 -0.0003521093294346198 2.5328564862314717e-05 -5.2058196704901989e-05 -2.3532769756191843e-05 -0.00022964015281682834 -0.00018194963856528676 -0.00011021565998420199 -5.8255548748172017e-07 -0.00019977997957550781 8.7154950814269562e-05 -0.00029174185779314265 -0.00010066676424644456 0.00012366647996578359 8.2086199862412007e-05 -4.7936639296066595e-05 -0.00010907067680274788 8.7169748046849607e-05 -0.00016526077524859386 2.1322585138618297e-05 5.957340700639413e-05 -4.7521143571291162e-05 0.00020612615069053234 3.1330964929954938e-06
leaf_weight=183 6002 2349 169 104 180 7631 8242 124 2353 3732 4611 127 634 514 1085319 1914 5968 4679 5532 400 8772 9070 977 50760 8486 34068 2447 3029 924 56491
leaf_count=183 6002 2349 169 104 180 7631 8242 124 2353 3732 4611 127 634 514 1085319 1914 5968 4679 5532 400 8772 9070 977 50760 8486 34068 2447 3029 924 56491
internal_value=-1.805e-06 -0.000602864 -0.00767544 -0.00362191 -0.000285433 -0.000370741 3.08388e-06 -0.000421645 -0.000972739 -0.000813203 -0.00113902 0.000362903 -0.00191251 -0.00378086 9.80668e-06 0.000136697 -0.000321947 -0.000838047 -0.00133762 0.000467167 3.43564e-05 0.000106397 0.000750589 0.000877615 -0.00293012 0.000238273 -0.000554793 9.53258e-05 6.53497e-05 0.000154576
internal_weight=1.31579e+06 10616 456 273 10160 9980 1.30518e+06 20337 12095 11457 8977 2480 4366 638 1.28484e+06 199519 83554 43484 28446 115965 15281 15038 9749 55121 13165 40070 4361 60844 60444 57415
internal_count=1315791 10616 456 273 10160 9980 1305175 20337 12095 11457 8977 2480 4366 638 1284838 199519 83554 43484 28446 115965 15281 15038 9749 55121 13165 40070 4361 60844 60444 57415
cat_boundaries=0 1 2 3 4 5 6 7 8 9 10 11 12
cat_threshold=53248 262528 66138 13701134 128 48 16 9622673 1713194 32785 8746177 3538954
is_linear=0
shrinkage=0.05


Tree=169
num_leaves=31
num_cat=13
split_feature=5 1 3 2 0 6 1 3 0 0 0 7 6 0 0 0 5 3 3 0 5 0 5 1 0 7 3 3 6 7
split_gain=1.55286 4.53459 5.1558 7.78714 6.6864 4.12693 4.39071 13.7806 5.29282 4.41029 4.19267 4.18743 3.96442 3.9276 3.79352 3.71358 3.96179 4.9536 3.49483 7.30612 5.39917 5.23257 4.27517 3.84091 3.74474 3.61809 3.4913 7.78525 4.11461 3.42152
threshold=5.5000000000000009 0 1.0000000180025095e-35 19.500000000000004 1 13.605791493620417 2 5.5000000000000009 3 4 5 0.024630190825150434 12.88378189705198 6 7 8 6.5000000000000009 2.5000000000000004 1.0000000180025095e-35 9 3.5000000000000004 10 2.5000000000000004 11 12 0.10414963761858197 4.5000000000000009 2.5000000000000004 12.482153937926691 0.0441431289198276
decision_type=2 1 2 2 1 2 1 2 1 1 1 2 2 1 1 1 2 2 2 1 2 1 2 1 1 2 2 2 2 2
left_child=18 5 3 4 -3 6 10 8 -8 -9 -2 -7 -10 -5 -13 16 26 -18 19 20 21 22 -1 25 -20 -21 27 28 -4 -11
right_child=1 2 15 13 -6 11 7 9 12 29 -12 14 -14 -15 -16 -17 17 -19 24 23 -22 -23 -24 -25 -26 -27 -28 -29 -30 -31
leaf_value=3.4408989918648796e-05 4.0968365910961854e-06 3.0651494794109102e-05 -0.0003644704652421755 -1.7184498054010659e-05 -4.1466645795295264e-05 0.00012413908599795322 0.00010771113661361548 -0.00024460804011977171 2.8045603187211445e-05 -0.0003093325628613522 4.8241208246852658e-05 1.017551219704288e-05 -7.9101340527356842e-05 -0.00010480191627117546 -1.878936810815312e-05 -1.8609215151399462e-06 -6.0870845131984298e-05 3.9188156668941436e-05 8.0076724997005241e-06 3.6017397790413189e-05 8.5093669314272043e-06 -2.1846915441643863e-05 -0.00017096800321514058 1.1435254104182752e-05 -2.7483641253926718e-06 0.00018671738021984395 -8.6712571753839656e-06 -0.00014786415859391959 2.6024770807118147e-06 -5.5065046846377969e-05
leaf_weight=507 17198 9092 302 1734 23334 375 5691 1987 23965 350 27903 31545 3656 3330 45898 194605 3584 7307 179165 26456 17171 9964 2572 61075 595042 3647 5214 4706 4158 4258
leaf_count=507 17198 9092 302 1734 23334 375 5691 1987 23965 350 27903 31545 3656 3330 45898 194605 3584 7307 179165 26456 17171 9964 2572 61075 595042 3647 5214 4706 4158 4258
internal_value=-1.615e-06 -8.09154e-05 -0.000211558 -0.000753534 -0.00046876 0.000125586 0.000366436 -1.56575e-05 0.000397755 -0.00210387 0.000704374 -0.0001375 0.000111288 -0.00257701 -0.000163023 -0.000119158 -0.000689253 2.98412e-05 3.55907e-05 0.000285027 -0.000388764 -0.00115579 -0.00295403 0.000508291 -3.51973e-06 0.000970511 -0.00123435 -0.00182195 -0.000325112 -0.00124513
internal_weight=1.31579e+06 420192 257366 37490 32426 162826 85008 39907 33312 6595 45101 77818 27621 5064 77443 219876 25271 10891 895599 121392 30214 13043 3079 91178 774207 30103 14380 9166 4460 4608
internal_count=1315791 420192 257366 37490 32426 162826 85008 39907 33312 6595 45101 77818 27621 5064 77443 219876 25271 10891 895599 121392 30214 13043 3079 91178 774207 30103 14380 9166 4460 4608
cat_boundaries=0 1 2 3 4 5 6 7 8 9 10 11 12 13
cat_threshold=88 13403416 24 2818184 11620866 6972568 9371671 15373552 540752 8655369 1 84 311881
is_linear=0
shrinkage=0.05


Tree=170
num_leaves=31
num_cat=6
split_feature=6 0 3 7 5 0 7 3 5 1 6 7 2 0 7 7 0 2 7 7 2 7 7 0 2 7 7 2 7 2
split_gain=1.4219 3.20622 3.40638 2.39611 1.7966 2.76823 2.22636 2.1612 1.76357 1.70932 2.95746 3.9993 6.42735 4.49305 4.0166 3.88774 3.17059 3.16958 8.37035 7.56324 4.05999 6.92653 3.46282 4.00536 3.14805 8.97047 8.00062 6.07178 6.96331 12.2471
threshold=14.174977275137024 0 5.5000000000000009 0.085661529509057602 6.5000000000000009 1 0.07367656427701233 1.0000000180025095e-35 4.5000000000000009 2 13.412720618397271 0.024630190825150434 8.5000000000000018 3 0.1037406997740149 0.057428253650754317 4 18.500000000000004 0.091495601640996252 0.046314219883237036 20.500000000000004 0.092533608887427149 0.078034230429874021 5 17.500000000000004 0.077522266920712082 0.086028002281719626 11.500000000000002 0.064782105815951105 16.500000000000004
decision_type=2 1 2 2 2 1 2 2 2 1 2 2 2 1 2 2 1 2 2 2 2 2 2 1 2 2 2 2 2 2
left_child=9 2 4 -4 8 6 -6 -7 -2 10 15 -12 13 -13 17 16 -1 18 19 -14 21 -19 23 -22 25 27 -26 -21 -29 -30
right_child=1 -3 3 -5 5 7 -8 -9 -10 -11 11 12 14 -15 -16 -17 -18 20 -20 24 22 -23 -24 -25 26 -27 -28 28 29 -31
leaf_value=8.9045048031690874e-05 -3.7566090767784943e-05 8.9731057650727088e-07 -9.665141826424688e-05 -0.00035700271842813196 0.0001641396011400129 8.4973060949321979e-05 -9.7910260447776901e-05 -0.00020788237065137857 1.896440828035896e-05 -4.3679565377083286e-07 7.8940348147021194e-05 -0.00010622341075494091 0.00019783595444742321 -2.9712077371877453e-07 -0.0001810876169532936 0.00010670853963161212 -5.9745285032815348e-05 0.00045588894385173304 -0.00023534716296628249 5.5350878702227493e-05 6.5422838519891771e-05 0.00010396823222328587 -0.00010616486450502617 -1.9646686962412897e-05 0.00027058185810666346 -0.00010631349026355153 -9.6194840825541972e-06 1.1457054020229744e-05 -0.00016110568300203715 5.534356703657678e-05
leaf_weight=1232 4157 20402 1179 212 170 129 113 656 3610 1194913 1529 2028 998 1632 1678 8097 3403 390 1047 11653 3866 8213 1485 5003 1390 5307 2763 20041 4990 3505
leaf_count=1232 4157 20402 1179 212 170 129 113 656 3610 1194913 1529 2028 998 1632 1678 8097 3403 390 1047 11653 3866 8213 1485 5003 1390 5307 2763 20041 4990 3505
internal_value=-1.235e-06 -0.000337926 -0.00105998 -0.00336089 -0.000698925 -0.00262172 0.00162116 -0.0041195 -0.000434531 6.78902e-06 0.000216596 0.000100622 4.96782e-05 -0.00199454 0.00015312 0.000922872 -0.000231931 0.000210542 7.73784e-06 9.92161e-05 0.00076357 0.00156631 9.6581e-05 0.000470741 1.25884e-05 -0.000107702 0.00133036 0.000147428 -0.000245304 -0.00144497
internal_weight=1.31579e+06 30628 10226 1391 8835 1068 283 785 7767 1.28516e+06 90250 77518 75989 3660 72329 12732 4635 70651 51694 50647 18957 8603 10354 8869 49649 45496 4153 40189 28536 8495
internal_count=1315791 30628 10226 1391 8835 1068 283 785 7767 1285163 90250 77518 75989 3660 72329 12732 4635 70651 51694 50647 18957 8603 10354 8869 49649 45496 4153 40189 28536 8495
cat_boundaries=0 1 2 3 4 5 6
cat_threshold=2122128 16400 16 1866821 1067044 6382435
is_linear=0
shrinkage=0.05


Tree=171
num_leaves=31
num_cat=13
split_feature=5 1 3 2 0 0 6 1 3 0 7 0 0 0 0 7 0 5 3 6 7 0 3 3 6 3 0 5 0 5
split_gain=1.38429 4.20014 4.59897 7.54054 5.96452 4.32041 3.80488 4.0007 12.1002 4.80423 3.96275 3.86381 3.81617 3.76693 3.48698 3.4662 3.39638 3.59332 4.48166 3.38503 5.49353 3.87612 3.187 6.84756 3.86051 3.12061 6.49707 4.72247 4.63822 3.91895
threshold=5.5000000000000009 0 1.0000000180025095e-35 19.500000000000004 1 2 13.605791493620417 3 5.5000000000000009 4 0.022916694985247104 5 6 7 8 0.038579431872486268 9 6.5000000000000009 2.5000000000000004 12.031923105590947 0.033321867509809124 10 4.5000000000000009 2.5000000000000004 12.482153937926691 1.0000000180025095e-35 11 3.5000000000000004 12 2.5000000000000004
decision_type=2 1 2 2 1 1 2 1 2 1 2 1 1 1 1 2 1 2 2 2 2 1 2 2 2 2 1 2 1 2
left_child=25 6 3 4 -3 -6 7 11 9 -9 -8 -2 -10 -5 -12 -14 17 22 -19 -11 -21 -22 23 24 -4 26 27 28 29 -1
right_child=1 2 16 13 5 -7 10 8 12 19 14 -13 15 -15 -16 -17 -18 18 -20 20 21 -23 -24 -25 -26 -27 -28 -29 -30 -31
leaf_value=3.2710380205405039e-05 2.4133871090112335e-06 0.00011799290621766837 -0.0003462251021973783 -1.6303433368621523e-05 -9.0682058024999312e-05 -1.4871837132461597e-05 0.00017435802523881267 0.00014818102849303711 -0.00021836439782235847 0.00016685456076102542 9.9793287788460541e-06 4.3778201638855488e-05 -0.0012609814912812429 -9.9539980674927952e-05 -1.7345644937304463e-05 -5.2027637190815365e-05 -1.7460356566946501e-06 -5.7805463092696582e-05 3.725058861818315e-05 0.00067466917652406829 -0.00013068600773773857 1.3008050928635037e-05 -8.2158545339261303e-06 -0.000140449110881535 2.4941930093647613e-06 -1.3036749277883785e-07 2.1167256438104146e-05 7.9661553910944854e-06 -2.0758491178659438e-05 -0.00016239776327169487
leaf_weight=507 15930 1755 302 1734 4705 25966 126 2845 2350 3752 31665 29171 149 3330 46027 4096 194605 3584 7307 119 3268 23328 5214 4706 4158 774207 91178 17171 9964 2572
leaf_count=507 15930 1755 302 1734 4705 25966 126 2845 2350 3752 31665 29171 149 3330 46027 4096 194605 3584 7307 119 3268 23328 5214 4706 4158 774207 91178 17171 9964 2572
internal_value=-1.045e-06 -7.59177e-05 -0.000201651 -0.000713524 -0.000433294 -0.000595646 0.000122823 0.000354084 -1.06471e-05 0.000376741 -0.00012979 0.000676664 -0.0019674 -0.0025079 -0.000144159 -0.00106345 -0.000114383 -0.000659586 2.52502e-05 0.000192768 -4.67902e-06 -5.26395e-05 -0.00117872 -0.00174013 -0.000336323 3.40833e-05 0.000269787 -0.000365603 -0.00108296 -0.00277598
internal_weight=1.31579e+06 420192 257366 37490 32426 30671 162826 85008 39907 33312 77818 45101 6595 5064 77692 4245 219876 25271 10891 30467 26715 26596 14380 9166 4460 895599 121392 30214 13043 3079
internal_count=1315791 420192 257366 37490 32426 30671 162826 85008 39907 33312 77818 45101 6595 5064 77692 4245 219876 25271 10891 30467 26715 26596 14380 9166 4460 895599 121392 30214 13043 3079
cat_boundaries=0 1 2 3 4 5 6 7 8 9 10 11 12 13
cat_threshold=88 524304 139296 24 2686984 6972560 11620994 9371671 15373552 540752 12624384 8655369 1
is_linear=0
shrinkage=0.05


Tree=172
num_leaves=31
num_cat=14
split_feature=3 1 1 3 3 7 6 0 2 5 0 3 3 0 0 2 6 0 1 3 0 7 7 7 0 0 0 7 0 1
split_gain=1.37816 11.4246 7.10793 13.3858 22.6106 6.91673 5.86042 5.40999 5.14533 4.78609 8.96928 12.251 12.1996 15.2532 9.69722 4.64043 4.52653 4.446 4.43282 15.5937 10.4045 4.36571 4.29079 4.22168 5.60567 4.79023 4.0134 3.94197 4.67964 3.74425
threshold=3.5000000000000004 0 1 1.5000000000000002 1.0000000180025095e-35 0.020498863159263622 12.734244204878513 2 9.5000000000000018 2.5000000000000004 3 1.5000000000000002 2.5000000000000004 4 5 10.500000000000002 13.028117530947315 6 7 4.5000000000000009 8 0.061251379371825627 0.020498863159263622 0.043282059444261188 9 10 11 0.077522266920712082 12 13
decision_type=2 1 1 2 2 2 2 1 2 2 1 2 2 1 1 2 2 1 1 2 1 2 2 2 1 1 1 2 1 1
left_child=2 6 3 4 5 -1 17 9 -8 10 11 -4 14 -14 -13 -10 -9 -2 19 20 -3 -6 -5 24 -17 -25 -7 -23 -29 -12
right_child=1 18 7 22 21 26 8 16 15 -11 29 12 13 -15 -16 23 -18 -19 -20 -21 -22 27 -24 25 -26 -27 -28 28 -30 -31
leaf_value=-0.00020049637540521612 -1.9770713783817326e-05 0.00014481809978037288 1.5406432206682351e-05 -0.00011027566856779117 -0.00044627872228039721 8.1742586473210901e-05 0.00013891600908659489 4.4055474082479312e-06 -1.6995217204202397e-05 1.1393171080689279e-05 5.1601455532252106e-05 -4.0802154167718725e-05 6.480928948126991e-05 -0.00073175907357409193 -0.0006118242687360271 0.00015397987869752926 -8.6556112295422753e-06 0.0001176136403056638 -4.5835452455820352e-07 -6.927567675969401e-05 -1.701009624428887e-05 -9.1671760844751904e-05 1.6767160151971715e-05 -9.1586458979872616e-06 6.3499328855173844e-06 2.8345717481291502e-05 -4.6557314140306326e-05 -0.00014509265503572094 -0.0003026169156329556 -2.7914964958501885e-05
leaf_weight=210 5639 7355 1767 422 1706 5968 1668 181273 8552 190090 5456 303 899 298 858 1256 297192 26327 373972 36046 10773 4281 30525 37839 1450 59887 9070 2895 4455 7359
leaf_count=210 5639 7355 1767 422 1706 5968 1668 181273 8552 190090 5456 303 899 298 858 1256 297192 26327 373972 36046 10773 4281 30525 37839 1450 59887 9070 2895 4455 7359
internal_value=-2.223e-06 5.62404e-05 -4.70117e-05 -0.000571025 -0.00135123 -3.60703e-05 0.000443812 -1.49525e-06 0.000271572 0.000212036 -0.00059327 -0.0026179 -0.00498304 -0.0014411 -0.0086348 0.000229391 -9.38921e-05 0.00104017 -7.28706e-05 -0.000495534 0.000700574 -0.00285484 0.000149449 0.000324598 0.00227273 0.000270655 8.97726e-05 -0.00250838 -0.00321088 6.04288e-05
internal_weight=1.31579e+06 570764 745027 59532 28585 15248 142618 685495 110652 207030 16940 4125 2358 1197 1161 108984 478465 31966 428146 54174 18128 13337 30947 100432 2706 97726 15038 11631 7350 12815
internal_count=1315791 570764 745027 59532 28585 15248 142618 685495 110652 207030 16940 4125 2358 1197 1161 108984 478465 31966 428146 54174 18128 13337 30947 100432 2706 97726 15038 11631 7350 12815
cat_boundaries=0 1 2 3 4 5 6 7 8 9 10 11 12 13 14
cat_threshold=34 32 4752028 32896 128 32768 204881 64 9565217 10285714 13402326 1713194 4112652 81
is_linear=0
shrinkage=0.05


Tree=173
num_leaves=31
num_cat=9
split_feature=6 1 0 1 7 0 2 7 7 1 7 7 1 7 7 0 7 7 7 7 7 2 1 7 7 6 2 7 7 0
split_gain=1.28122 6.44605 3.231 2.66193 5.2468 3.61791 2.62311 4.36819 8.88223 8.06749 6.7148 6.58343 9.5731 10.3563 5.39404 5.30742 5.07406 27.0974 9.34596 5.01933 4.87954 4.23925 10.9313 7.85486 7.57174 6.18344 5.807 7.15037 4.67961 4.52515
threshold=13.256440058740017 0 1 2 0.033321867509809124 3 18.500000000000004 0.055735845590990436 0.081799373544184761 4 0.07292149525771785 0.092845830888495504 5 0.10189595550363319 0.05694086532003715 6 0.038579431872486268 0.034521400803542678 0.033321867509809124 0.046618293312646497 0.10189595550363319 16.500000000000004 7 0.1067207236017453 0.10932797643305314 12.775502262725922 17.500000000000004 0.1037406997740149 0.066162824367806392 8
decision_type=2 1 1 1 2 1 2 2 2 1 2 2 1 2 2 1 2 2 2 2 2 2 1 2 2 2 2 2 2 1
left_child=1 2 -1 4 -2 -6 21 16 9 10 -9 15 20 -14 -11 -10 17 18 -8 -18 -13 -3 24 28 25 -23 -27 -28 29 -24
right_child=3 6 -4 -5 5 -7 7 8 11 14 -12 12 13 -15 -16 -17 19 -19 -20 -21 -22 22 23 -25 -26 26 27 -29 -30 -31
leaf_value=7.3504550516837255e-05 9.709993630269213e-05 -3.4313257714010947e-07 1.6708206143812266e-05 -1.816842304939309e-06 -0.00015995343959361518 -5.0489540097374556e-05 2.73480733607185e-06 -2.848221081402716e-05 0.00030287230273998194 -4.9928211527582383e-05 -0.00031805346712357154 0.00013920896360088212 -3.5044430005348737e-05 -0.00026091726613069744 -0.0001894427326958128 6.0527170247744181e-06 0.0004191821812070687 -0.00034103507333506318 -6.194646501191704e-05 2.1397067504118525e-05 7.7160515919605387e-06 0.00019786320713358378 -1.4070384036269854e-05 -0.00032730773786631556 2.96933261589305e-05 9.1557988057364158e-06 0.00039143977407810201 8.4568992977036161e-05 -1.0855752878667289e-05 0.0002086269770072216
leaf_weight=11576 631 482131 24316 544908 1143 6713 30333 21724 1418 2766 918 3548 13831 2929 2966 1484 852 458 2503 23652 29311 9708 797 1173 30591 10142 877 4519 47022 851
leaf_count=11576 631 482131 24316 544908 1143 6713 30333 21724 1418 2766 918 3548 13831 2929 2966 1484 852 458 2503 23652 29311 9708 797 1173 30591 10142 877 4519 47022 851
internal_value=-2.489e-06 3.95464e-05 0.000693555 -6.03999e-05 -0.000938567 -0.00129201 7.22629e-06 -0.000188366 -0.000425552 -0.00113837 -0.000712961 -4.046e-05 -0.00017584 -0.00114788 -0.00281261 0.00227429 0.000143604 -0.000258305 -8.98404e-05 0.000689683 0.000320211 5.3376e-05 0.000340178 -0.000198082 0.000820545 0.00146162 0.000843094 0.00216827 -0.000100678 0.0025182
internal_weight=1.31579e+06 762396 35892 553395 8487 7856 726504 138693 80895 28374 22642 52521 49619 16760 5732 2902 57798 33294 32836 24504 32859 587811 105680 49843 55837 25246 15538 5396 48670 1648
internal_count=1315791 762396 35892 553395 8487 7856 726504 138693 80895 28374 22642 52521 49619 16760 5732 2902 57798 33294 32836 24504 32859 587811 105680 49843 55837 25246 15538 5396 48670 1648
cat_boundaries=0 1 2 3 4 5 6 7 8 9
cat_threshold=24 3350576 96 65824 38 34 10660958 100 11041904
is_linear=0
shrinkage=0.05


Tree=174
num_leaves=31
num_cat=13
split_feature=2 7 7 7 7 0 7 7 0 7 0 3 3 0 0 2 6 5 0 6 7 0 5 3 0 0 1 1 0 0
split_gain=1.323 6.01569 4.06205 7.53884 7.89291 4.34118 4.57562 4.25257 3.76995 3.59954 4.38775 3.56898 3.31641 3.17854 2.63142 2.40202 3.91394 3.24968 3.91638 2.80428 2.72957 5.31258 2.66364 6.14068 11.2131 9.79414 8.2354 5.39502 3.30592 3.24825
threshold=20.500000000000004 0.10414963761858197 0.063296034266724199 0.057428253650754317 0.048739663163306905 0 0.055074923248330736 0.07329333279788576 1 0.037634030996358557 2 1.0000000180025095e-35 4.5000000000000009 3 4 16.500000000000004 11.903400437239741 6.5000000000000009 5 12.031923105590947 0.11133455822118264 6 5.5000000000000009 4.5000000000000009 7 8 9 10 11 12
decision_type=2 2 2 2 2 1 2 2 1 2 1 2 2 1 1 2 2 2 1 2 2 1 2 2 1 1 1 1 1 1
left_child=15 2 3 4 9 -6 14 -4 -5 -2 -11 -3 -8 -9 -7 20 -17 22 19 -19 -1 -22 28 25 -25 -24 -26 -27 -18 -28
right_child=1 11 7 8 5 6 12 13 -10 10 -12 -13 -14 -15 -16 16 17 18 -20 -21 21 -23 23 24 26 27 29 -29 -30 -31
leaf_value=-1.0274816570152862e-06 -1.4735136363392896e-07 -0.0003190597793296838 0.00018913605664222163 -2.6126359691979255e-05 0.00011548953713707462 2.4485640483564582e-05 -3.4733305435658347e-05 6.3743750105475783e-05 -0.00010791888250852242 4.6746663088001468e-06 -4.2954475387674967e-05 -8.6699710589062748e-05 6.6919494159735363e-05 -2.2091428658922373e-05 0.00011641831203657062 0.00021159689029196481 2.1684959181013724e-05 0.00033836834232119713 1.0969946530268657e-05 5.7945891420833899e-05 -0.00026582993087571617 -3.3211571218799005e-05 -3.8741835228536806e-05 -0.00014241231289633741 7.1623143305750772e-05 -3.4315663174935844e-05 -7.297725453881549e-06 5.6653159910569251e-05 -1.9966453543122931e-07 -0.00011743482741267756
leaf_weight=850118 26416 800 1544 2690 1961 1269 4269 8104 3828 5399 11596 4744 1675 8988 1312 5150 74376 217 35150 14587 983 6055 20764 5355 5884 6543 4398 18960 177228 5428
leaf_count=850118 26416 800 1544 2690 1961 1269 4269 8104 3828 5399 11596 4744 1675 8988 1312 5150 74376 217 35150 14587 983 6055 20764 5355 5884 6543 4398 18960 177228 5428
internal_value=-2.299e-06 -0.000193569 -8.19091e-05 -0.000280973 -8.67395e-05 0.00114438 0.000653193 0.000563426 -0.00188708 -0.000384119 -0.000951751 -0.00178571 -0.000109354 0.000336415 0.00241186 1.08431e-05 0.000116565 9.74545e-05 0.000472435 0.00115431 -3.52911e-05 -0.00101591 3.87225e-05 -0.000240599 -0.000948255 8.15916e-05 -0.000273537 0.000737859 0.000113472 -0.00115901
internal_weight=1.31579e+06 84595 79051 60415 53897 10486 8525 18636 6518 43411 16995 5544 5944 17092 2581 1.2312e+06 374040 368890 49954 14804 857156 7038 318936 67332 21065 46267 15710 25503 251604 9826
internal_count=1315791 84595 79051 60415 53897 10486 8525 18636 6518 43411 16995 5544 5944 17092 2581 1231196 374040 368890 49954 14804 857156 7038 318936 67332 21065 46267 15710 25503 251604 9826
cat_boundaries=0 1 2 3 4 5 6 7 8 9 10 11 12 13
cat_threshold=1163400 14600400 11092324 7919115 2373648 15172673 5033984 12764290 3044676 56 34 2318536 2625912
is_linear=0
shrinkage=0.05


Tree=175
num_leaves=31
num_cat=14
split_feature=5 1 3 2 0 6 1 3 0 6 0 0 0 7 0 5 0 7 6 2 0 0 5 6 6 0 3 0 5 0
split_gain=1.34475 3.70845 4.25213 6.78865 5.66215 3.45349 3.42449 10.0821 4.59185 4.84746 3.51155 3.49947 3.37593 3.3728 3.1524 3.28436 2.97183 3.16301 3.35093 2.91737 5.02928 4.14778 2.82461 2.79719 2.76913 2.75453 2.71266 5.83953 4.37013 4.51557
threshold=5.5000000000000009 0 1.0000000180025095e-35 19.500000000000004 1 13.605791493620417 2 5.5000000000000009 3 12.031923105590947 4 5 6 0.024630190825150434 7 6.5000000000000009 8 0.056101570916515055 13.488675929612496 12.500000000000002 9 10 6.5000000000000009 13.137882825286564 13.20038774189379 11 1.0000000180025095e-35 12 3.5000000000000004 13
decision_type=2 1 2 2 1 2 1 2 1 2 1 1 1 2 1 2 1 2 2 2 1 1 2 2 2 1 2 1 2 1
left_child=26 5 3 4 -3 6 10 8 -8 -10 23 -9 -5 -7 15 -15 17 18 -4 21 -21 -6 -16 -2 -11 -24 27 28 29 -1
right_child=1 2 16 12 19 13 7 11 9 24 -12 -13 -14 14 22 -17 -18 -19 -20 20 -22 -23 25 -25 -26 -27 -28 -29 -30 -31
leaf_value=-0.00012415424577317987 8.4491319067468533e-05 2.8406094515397511e-05 1.5025340006495289e-05 -3.0921088156328751e-05 -1.9624185309375863e-05 0.00010871030103210556 7.3702568485737793e-05 -0.00021868296190067569 0.00017592862844010364 -2.3880270475513252e-05 4.3200904606871886e-05 -6.8587000248694456e-05 -9.9046787065169671e-05 -2.3127987580251476e-06 -7.4697370703879358e-06 -4.0177194472208917e-05 -2.1138551068514144e-06 -8.8576163942331865e-05 -7.4530648678015213e-05 5.39371345294009e-05 -3.985640965132563e-05 -0.00011791494356040243 5.2821213812348158e-05 -1.1838586385282471e-05 -0.00035615562613802308 1.3077554587100429e-06 -1.1276008399299653e-07 2.0378746608091734e-05 7.0425303315711788e-06 -1.9986348146115027e-05
leaf_weight=3079 3062 9092 5439 2446 5051 375 13862 1987 2583 16699 27903 4608 2618 23959 21205 17080 203936 9685 816 3790 9833 4660 7515 14136 168 7684 774207 91178 17171 9964
leaf_count=3079 3062 9092 5439 2446 5051 375 13862 1987 2583 16699 27903 4608 2618 23959 21205 17080 203936 9685 816 3790 9833 4660 7515 14136 168 7684 774207 91178 17171 9964
internal_value=-2.717e-06 -7.65126e-05 -0.000194657 -0.00068685 -0.000420958 0.000110234 0.000330557 -6.8893e-06 0.000346722 -0.000149024 0.000629004 -0.00179303 -0.00238942 -0.000130433 -0.000153339 -0.000453726 -0.000110744 -0.000768025 0.000107914 -0.000833191 -0.000361521 -0.00149573 0.000185368 6.68294e-05 -0.000457995 0.000705639 3.1906e-05 0.000251664 -0.000350715 -0.00104079
internal_weight=1.31579e+06 420192 257366 37490 32426 162826 85008 39907 33312 19450 45101 6595 5064 77818 77443 41039 219876 15940 6255 23334 13623 9711 36404 17198 16867 15199 895599 121392 30214 13043
internal_count=1315791 420192 257366 37490 32426 162826 85008 39907 33312 19450 45101 6595 5064 77818 77443 41039 219876 15940 6255 23334 13623 9711 36404 17198 16867 15199 895599 121392 30214 13043
cat_boundaries=0 1 2 3 4 5 6 7 8 9 10 11 12 13 14
cat_threshold=88 13403416 24 2834829 6972568 11620866 9371775 1403661 540736 2115 3232388 4358258 8655369 1
is_linear=0
shrinkage=0.05


Tree=176
num_leaves=31
num_cat=6
split_feature=3 1 1 6 7 0 7 2 2 6 2 7 0 0 7 7 7 7 7 7 7 2 7 7 2 1 7 7 2 7
split_gain=1.39158 10.1645 6.34365 5.29665 5.98138 5.61598 4.46328 4.43818 4.67317 4.23593 9.83856 5.2018 4.35128 4.11632 4.03944 3.99964 6.26206 14.9434 10.1982 6.56989 6.25043 6.11555 12.9686 7.53513 5.55799 5.522 8.29156 4.95575 4.83654 4.1023
threshold=3.5000000000000004 0 1 12.281729595966118 0.081026486669150619 2 0.11844494027259878 9.5000000000000018 10.500000000000002 12.482153937926691 9.5000000000000018 0.081409608983975507 3 4 0.068310066114405113 0.045308045100993642 0.07367656427701233 0.067132975390762337 0.051569334445929753 0.088766613791931293 0.056500935961983231 12.500000000000002 0.10225043802741259 0.092533608887427149 16.500000000000004 5 0.094363649500800714 0.092845830888495504 21.500000000000004 0.048049715389804147
decision_type=2 1 1 2 2 1 2 2 2 2 2 2 1 1 2 2 2 2 2 2 2 2 2 2 2 1 2 2 2 2
left_child=2 3 13 4 5 -2 -3 -5 14 10 11 -4 -11 -1 -9 -10 17 18 29 24 -20 25 23 -23 -18 26 -21 -27 -22 -17
right_child=1 6 9 7 -6 -7 -8 8 15 12 -12 -13 -14 -15 -16 16 19 -19 20 21 28 22 -24 -25 -26 27 -28 -29 -30 -31
leaf_value=1.5608417682123206e-05 0.00035048914758991219 -2.2610365735843685e-06 -0.00053632767357884815 0.00013507691719255485 0.00038339449136393647 -0.00011598492173793655 -0.00032081686253151477 -6.0443363953773674e-06 4.135429320468627e-05 -1.2930692878010409e-05 -3.7704756937881335e-05 -4.1235697700779677e-06 7.974061718173109e-07 -4.5176017859326069e-07 -0.00020687726847682734 -1.2921386953282378e-05 0.00015701271071342921 -8.6045253278418604e-05 0.00012533629501164658 0.00028146130637183854 7.3122880180337071e-05 -0.00028962598387009196 1.6756960041438078e-05 0.00018353528044456752 -0.00024264875934557965 -3.515552367959439e-05 -5.3396796419959151e-05 -0.00024370230391289397 -2.5186652612767086e-05 -0.00014046006238834682
leaf_weight=111145 1183 426998 1900 3239 4621 3550 1148 8999 11849 197355 24715 696 224485 184731 1381 9104 7977 14406 3214 1541 8976 416 35790 10610 356 3728 4307 2188 4212 971
leaf_count=111145 1183 426998 1900 3239 4621 3550 1148 8999 11849 197355 24715 696 224485 184731 1381 9104 7977 14406 3214 1541 8976 416 35790 10610 356 3728 4307 2188 4212 971
internal_value=-2.945e-06 5.58024e-05 -4.79513e-05 0.000421376 0.00157152 0.000322206 -6.59806e-05 0.000340677 0.000295136 -0.000166366 -0.000769836 -0.003698 -0.000127299 0.000131808 -0.000722543 0.000383426 0.00028758 -0.000199961 0.000505155 0.000585462 0.00127423 0.0003986 0.000654691 0.002154 0.00189908 -0.000620537 0.000469443 -0.00169592 0.000792387 -0.000746898
internal_weight=1.31579e+06 570764 745027 142618 9354 4733 428146 133264 130025 449151 27311 2596 421840 295876 10380 119645 107796 40883 26477 66913 16402 58580 46816 11026 8333 11764 5848 5916 13188 10075
internal_count=1315791 570764 745027 142618 9354 4733 428146 133264 130025 449151 27311 2596 421840 295876 10380 119645 107796 40883 26477 66913 16402 58580 46816 11026 8333 11764 5848 5916 13188 10075
cat_boundaries=0 1 2 3 4 5 6
cat_threshold=34 81 6817056 3206434 6324700 32
is_linear=0
shrinkage=0.05


Tree=177
num_leaves=31
num_cat=15
split_feature=2 7 3 0 1 7 0 0 1 0 7 2 6 5 0 5 3 0 0 1 1 0 0 7 1 6 2 7 1 2
split_gain=1.29078 5.20715 2.92893 3.49694 2.55055 3.06391 2.34803 2.22216 2.02673 3.88704 2.63767 2.00932 3.34121 2.94418 3.56385 2.70598 5.42794 10.0414 8.66767 7.28901 4.74311 2.87804 2.8573 2.5423 21.0889 7.53772 6.93598 13.1345 6.48881 12.1868
threshold=20.500000000000004 0.10774948533280357 4.5000000000000009 0 1 0.056500935961983231 2 3 4 5 0.075995310721284556 16.500000000000004 11.79893450632702 6.5000000000000009 6 5.5000000000000009 4.5000000000000009 7 8 9 10 11 12 0.046028074296676803 13 11.990580988694822 13.500000000000002 0.085661529509057602 14 15.500000000000002
decision_type=2 2 2 1 1 2 1 1 1 1 2 2 2 2 1 2 2 1 1 1 1 1 1 2 1 2 2 2 1 2
left_child=11 2 8 -4 5 -5 -7 -3 9 10 -2 23 -13 15 -15 22 18 -18 -17 -19 -20 -21 -14 24 -1 -26 -25 -28 29 -29
right_child=1 7 3 4 -6 6 -8 -9 -10 -11 -12 12 13 14 -16 16 17 19 20 21 -22 -23 -24 26 25 -27 27 28 -30 -31
leaf_value=0.00010961722628443412 0.00014227346449312007 -0.00013206483845835013 -1.0695516754054974e-05 0.00014342236424541596 6.0892274320524522e-06 0.00019854795281356569 3.3839896304606672e-05 -0.0003828642193202916 -1.3079707521088808e-05 -5.7433646399963904e-06 -5.472860950778182e-05 0.0002479893897012281 1.9400433526109431e-05 1.900145828936939e-06 4.9020615750466208e-05 -3.6402539302924504e-05 -0.000136039130403744 6.705193863853279e-05 -3.4303730168461223e-05 -5.4115412089709998e-06 5.3284792798830897e-05 -0.00011279573631443052 -1.069644058111774e-07 1.7026236221510949e-06 -8.939610253373596e-05 1.6262573452318145e-06 -7.276180546468905e-06 -0.00025147110937857181 -0.00012403550574117684 9.9802286187104794e-06
leaf_weight=5470 1211 698 9855 1188 8649 718 3622 472 49010 8738 434 3465 79265 25413 24749 20917 5422 5895 6553 4408 18998 5456 173499 420668 2233 220383 184661 2307 11357 10077
leaf_count=5470 1211 698 9855 1188 8649 718 3622 472 49010 8738 434 3465 79265 25413 24749 20917 5422 5895 6553 4408 18998 5456 173499 420668 2233 220383 184661 2307 11357 10077
internal_value=-2.869e-06 -0.000191796 -0.00014534 0.000320406 0.000822936 0.00166125 0.00104839 -0.00350427 -0.000333794 0.000300683 0.00252266 1.01121e-05 0.000106807 9.23565e-05 0.000448547 3.65934e-05 -0.000244276 -0.000907653 5.81045e-05 -0.000267931 0.000675834 -0.00109885 0.000111764 -3.20828e-05 0.000110923 3.54855e-05 -8.39334e-05 -0.000319815 -0.00142686 -0.000633371
internal_weight=1.31579e+06 84595 83425 24032 14177 5528 4340 1170 59393 10383 1645 1.2312e+06 374040 370575 50162 320413 67649 21181 46468 15759 25551 9864 252764 857156 228086 222616 629070 208402 23741 12384
internal_count=1315791 84595 83425 24032 14177 5528 4340 1170 59393 10383 1645 1231196 374040 370575 50162 320413 67649 21181 46468 15759 25551 9864 252764 857156 228086 222616 629070 208402 23741 12384
cat_boundaries=0 1 2 3 4 5 6 7 8 9 10 11 12 13 14 15
cat_threshold=2104198 2 1654784 4889893 16 17184 1586092 12764290 3044676 56 34 2625912 2351304 8 64
is_linear=0
shrinkage=0.05


Tree=178
num_leaves=31
num_cat=15
split_feature=5 1 3 2 0 5 0 0 0 6 7 0 7 0 0 1 3 3 0 5 0 5 1 7 0 2 0 6 6 0
split_gain=1.28302 3.29159 3.94794 6.53142 5.0606 3.75956 4.81127 3.15238 3.00599 2.94183 3.36409 3.4984 2.96242 2.92779 2.8243 3.14715 3.13476 2.57703 5.31507 3.97229 3.86795 3.82906 3.54621 5.46468 3.24966 3.13507 2.53103 2.49749 2.37378 2.35906
threshold=5.5000000000000009 0 1.0000000180025095e-35 19.500000000000004 1 6.5000000000000009 2 3 4 13.605791493620417 0.11621054548671803 5 0.022916694985247104 6 7 8 4.5000000000000009 1.0000000180025095e-35 9 3.5000000000000004 10 2.5000000000000004 11 0.020498863159263622 12 16.500000000000004 13 13.296787582034348 13.113700462282084 14
decision_type=2 1 2 2 1 2 1 1 1 2 2 1 2 1 1 1 2 2 1 2 1 2 1 2 1 2 1 2 2 1
left_child=17 9 3 4 5 6 27 -5 -7 10 26 -12 -11 -14 15 -4 -17 18 19 20 21 -1 23 -20 -19 -25 -2 -3 -9 -6
right_child=1 2 14 7 29 8 -8 28 -10 12 11 -13 13 -15 -16 16 -18 24 22 -21 -22 -23 -24 25 -26 -27 -28 -29 -30 -31
leaf_value=3.7072101966757059e-05 -5.4542881678398132e-06 5.0347143633604038e-05 -5.8126983127975223e-06 -2.8599774022967409e-05 -8.3276294170908302e-05 0.00011764561003359751 -4.5329279845996581e-05 -5.0847257328405163e-05 1.0188903273750106e-05 0.00016056118131875963 0.00010662448849368123 -0.00028589584133330466 1.1121344157071986e-05 -1.5599319312760949e-05 -1.3766071479175136e-06 -9.5000677059993267e-05 -4.2373837751125482e-06 7.7500380921725898e-06 -0.00075939074334761868 6.9344031450591093e-06 -1.916886963878881e-05 -0.00014779405912907298 7.1119099615178654e-06 2.5550324502394625e-05 -2.4891283331600348e-06 9.8912543704952199e-05 2.8233959827306602e-05 0.00024341713607865871 -0.00016662669602540071 -2.413017132501475e-05
leaf_weight=507 23198 1468 15886 2179 4705 2323 5370 1643 2091 126 321 916 28450 49242 194605 6077 3308 176220 148 17171 9964 2572 53207 25107 597987 12716 60573 369 1242 16100
leaf_count=507 23198 1468 15886 2179 4705 2323 5370 1643 2091 126 321 916 28450 49242 194605 6077 3308 176220 148 17171 9964 2572 53207 25107 597987 12716 60573 369 1242 16100
internal_value=-2.527e-06 -7.46088e-05 -0.000185915 -0.000660176 -0.000399371 0.000436334 -0.000267101 -0.00233017 0.00158586 0.000101329 0.000304677 -0.00228375 -0.000120795 -0.000133218 -0.000105059 -0.000602231 -0.00132783 3.12919e-05 0.000245486 -0.000329209 -0.00098712 -0.00253318 0.000435913 0.000805008 -2.29267e-06 0.000842741 0.000342899 0.00193557 -0.00341105 -0.000865962
internal_weight=1.31579e+06 420192 257366 37490 32426 11621 7207 5064 4414 162826 85008 1237 77818 77692 219876 25271 9385 895599 121392 30214 13043 3079 91178 37971 774207 37823 83771 1837 2885 20805
internal_count=1315791 420192 257366 37490 32426 11621 7207 5064 4414 162826 85008 1237 77818 77692 219876 25271 9385 895599 121392 30214 13043 3079 91178 37971 774207 37823 83771 1837 2885 20805
cat_boundaries=0 1 2 3 4 5 6 7 8 9 10 11 12 13 14 15
cat_threshold=88 13419801 8945680 9371767 786697 1441809 15373536 540752 3 8655369 1 116 377353 12740112 139296
is_linear=0
shrinkage=0.05


Tree=179
num_leaves=31
num_cat=15
split_feature=3 1 1 6 7 7 0 3 1 1 5 0 0 3 0 0 0 6 2 7 0 3 3 1 0 0 6 3 7 1
split_gain=1.3156 9.32018 5.75963 4.99804 5.84115 4.22366 3.80378 4.50803 12.6818 9.96419 5.59362 8.02989 4.34639 3.88846 4.61327 3.78297 3.68527 3.6824 8.28381 4.42077 4.11078 3.72751 10.143 4.55341 3.66915 3.53478 3.49346 3.72148 3.47347 3.21514
threshold=3.5000000000000004 0 1 12.031923105590947 0.042703481640714268 0.11311322974291106 2 4.5000000000000009 3 4 3.5000000000000004 5 6 5.5000000000000009 7 8 9 12.482153937926691 9.5000000000000018 0.081409608983975507 10 1.5000000000000002 1.0000000180025095e-35 11 12 13 12.619159467767542 2.5000000000000004 0.076536027880184682 14
decision_type=2 1 1 2 2 2 1 2 1 1 2 1 1 2 1 1 1 2 2 2 1 2 2 1 1 1 2 2 2 1
left_child=2 3 16 4 -2 6 29 9 13 10 11 -8 -12 14 -9 -5 -1 18 19 -4 26 22 24 -24 -20 -23 27 -19 -16 -3
right_child=1 5 17 15 -6 -7 7 8 -10 -11 12 -13 -14 -15 28 -17 -18 20 21 -21 -22 25 23 -25 -26 -27 -28 -29 -30 -31
leaf_value=1.6805396501820386e-05 -0.00036408911318395023 -6.3089880376113365e-05 -0.00050638941893001567 -2.2079144900433167e-06 0.00046960248024434316 -0.00012723720714942523 -9.2105001633762542e-05 2.6764373997598126e-05 -1.9473456841500801e-05 -9.16742853452647e-06 8.8442208381339302e-05 2.6150980347440165e-05 3.338052626869273e-05 3.1705742197462616e-05 -3.0100376957793373e-05 2.6369966820679811e-05 5.5818471519711308e-07 1.2884861356565054e-05 0.00015185108943539978 -4.8350315275457611e-06 1.0860828671112322e-06 0.00018593259542564155 2.9804905572484304e-05 -0.00033831442605790981 -7.1405806703456895e-05 -1.4103353129329977e-05 -1.3532302553187492e-05 0.00019526331642152133 2.1204493029423899e-05 -6.5743230770180796e-06
leaf_weight=85176 352 15782 1900 42016 3559 5148 3479 16943 103979 45694 8739 10728 28258 45306 17257 96691 210700 3901 2569 696 214912 1984 917 4557 3709 10979 201761 1266 10591 116242
leaf_count=85176 352 15782 1900 42016 3559 5148 3479 16943 103979 45694 8739 10728 28258 45306 17257 96691 210700 3901 2569 696 214912 1984 917 4557 3709 10979 201761 1266 10591 116242
internal_value=-2.983e-06 5.4138e-05 -4.67433e-05 0.000404198 0.00216696 -6.24772e-05 -4.51539e-05 5.5845e-05 -8.32148e-05 0.000334372 0.000813254 -2.99148e-05 0.00113725 0.000350972 2.06515e-05 0.000354524 0.000124541 -0.000159575 -0.000722236 -0.00340909 -0.000123151 -0.000440016 -0.00108492 -0.00265802 0.000286716 0.000144642 -0.00028221 0.00100155 -0.000375117 -0.000267734
internal_weight=1.31579e+06 570764 745027 142618 3911 428146 422998 290974 194076 96898 51204 14207 36997 90097 44791 138707 295876 449151 27311 2596 421840 24715 11752 5474 6278 12963 206928 5167 27848 132024
internal_count=1315791 570764 745027 142618 3911 428146 422998 290974 194076 96898 51204 14207 36997 90097 44791 138707 295876 449151 27311 2596 421840 24715 11752 5474 6278 12963 206928 5167 27848 132024
cat_boundaries=0 1 2 3 4 5 6 7 8 9 10 11 12 13 14 15
cat_threshold=34 81 6947420 12 81 335874 8511488 266530 13402324 6324508 11595042 6 1624362 2162760 64
is_linear=0
shrinkage=0.05


Tree=180
num_leaves=31
num_cat=9
split_feature=6 1 0 2 7 7 1 7 7 1 7 0 7 7 7 7 7 3 7 0 7 0 2 7 0 7 2 6 2 1
split_gain=1.23017 5.08462 3.29229 2.99525 3.71369 8.25939 7.80507 6.11363 5.9461 9.18588 9.23923 4.87929 4.86992 4.19812 25.6477 8.69294 4.63035 3.95945 3.95773 3.79449 3.67287 3.39703 3.1669 3.11535 3.05445 3.00152 4.85809 4.21452 4.05971 13.3822
threshold=13.256440058740017 0 1 18.500000000000004 0.055735845590990436 0.081799373544184761 2 0.07329333279788576 0.092845830888495504 3 0.10189595550363319 4 0.05694086532003715 0.038579431872486268 0.034521400803542678 0.033321867509809124 0.046618293312646497 5.5000000000000009 0.10189595550363319 5 0.12746364113264988 6 20.500000000000004 0.030551983978343782 7 0.11844494027259878 17.500000000000004 12.564743969732836 16.500000000000004 8
decision_type=2 1 1 2 2 2 1 2 2 1 2 1 2 2 2 2 2 2 2 1 2 1 2 2 1 2 2 2 2 1
left_child=1 2 -1 20 13 6 7 -6 11 18 -11 -7 -8 14 15 19 -15 -14 -10 -5 25 -12 -20 -21 -18 28 27 -27 -3 -30
right_child=-2 3 -4 4 5 8 12 -9 9 10 21 -13 17 16 -16 -17 24 -19 22 23 -22 -23 -24 -25 -26 26 -28 -29 29 -31
leaf_value=5.9907272609891794e-05 -2.2655356924056183e-06 1.2754594361369387e-07 8.9271283617143811e-06 -1.2918870257213993e-05 -2.6772729565264359e-05 0.00028945214801267898 -4.8951098311408696e-05 -0.0003305513697427612 0.00012917414709148653 -3.4351005744473477e-05 -0.00042289061148389763 5.3798936756180308e-06 -0.00014599774323248422 0.00039569987576065243 -0.00032329719207842836 -6.207545827778862e-05 5.2300636868436376e-05 -0.00031545999071579318 3.0417256159930019e-05 -4.516228303257791e-07 0.00018946836617787303 -0.00017974043626300257 -6.0713331082021607e-05 2.304790335108664e-05 7.0270038248890916e-06 -0.00019903340131745482 -3.3499593638353089e-06 -0.00048019067511797625 0.00011354774622441347 -6.7519784707620325e-07
leaf_weight=16422 553395 481895 19470 6997 21827 1418 2766 815 3548 13831 723 1484 2544 852 458 2503 6291 422 24247 13713 4311 2206 5064 9623 17361 2059 4704 484 26181 68177
leaf_count=16422 553395 481895 19470 6997 21827 1418 2766 815 3548 13831 723 1484 2544 852 458 2503 6291 422 24247 13713 4311 2206 5064 9623 17361 2059 4704 484 26181 68177
internal_value=-2.299e-06 3.88906e-05 0.000619743 1.01856e-05 -0.00019882 -0.000417517 -0.00110488 -0.000686474 -4.6172e-05 -0.000174832 -0.00112701 0.00215369 -0.00275165 0.00010727 -0.000258305 -9.44086e-05 0.000603983 -0.00416386 0.000311083 0.000139287 5.95004e-05 -0.00367873 0.000120262 0.000445472 0.000473533 4.87575e-05 -0.000962467 -0.00272316 6.14747e-05 0.00036139
internal_weight=1.31579e+06 762396 35892 726504 138693 80895 28374 22642 52521 49619 16760 2902 5732 57798 33294 32836 24504 2966 32859 30333 587811 2929 29311 23336 23652 583500 7247 2543 576253 94358
internal_count=1315791 762396 35892 726504 138693 80895 28374 22642 52521 49619 16760 2902 5732 57798 33294 32836 24504 2966 32859 30333 587811 2929 29311 23336 23652 583500 7247 2543 576253 94358
cat_boundaries=0 1 2 3 4 5 6 7 8 9
cat_threshold=24 3879344 38 34 10660958 5538568 706186 2674712 96
is_linear=0
shrinkage=0.05


Tree=181
num_leaves=31
num_cat=13
split_feature=2 7 2 6 0 0 2 7 0 7 7 7 7 7 0 0 5 0 1 7 7 3 0 0 0 7 0 0 7 0
split_gain=1.22941 2.61704 2.36703 5.18706 4.3459 3.47811 2.9191 6.48121 6.94576 5.27089 5.05991 8.32012 6.75168 4.44683 2.72287 2.68643 2.61886 4.16111 2.73775 11.0191 5.94917 4.70543 3.1938 2.53042 2.44481 2.35103 2.69131 2.45297 2.50578 2.31591
threshold=6.5000000000000009 0.046314219883237036 8.5000000000000018 13.712304109497831 0 1 7.5000000000000009 0.099757710136907304 2 0.10992261969582411 0.097933576906992295 0.074994913060566937 0.10535545766871728 0.045536734602365347 3 4 6.5000000000000009 5 6 0.089200895554978468 0.094931619874216874 4.5000000000000009 7 8 9 0.070859323985042702 10 11 0.062923896024368639 12
decision_type=2 2 2 2 1 1 2 2 1 2 2 2 2 2 1 1 2 1 1 2 2 2 1 1 1 2 1 1 2 1
left_child=1 -1 3 5 -5 -2 7 13 -9 10 11 25 -12 -7 -11 -14 18 -18 20 21 29 24 -23 -22 -20 27 -27 28 -8 -15
right_child=2 -3 -4 4 -6 6 9 8 -10 14 12 -13 15 16 -16 -17 17 -19 19 -21 23 22 -24 -25 -26 26 -28 -29 -30 -31
leaf_value=-9.3975190819595853e-06 -1.3667583667537238e-05 -0.00015242314701917998 -7.013454032984111e-07 3.0059620973054564e-05 -2.7351011898782418e-05 0.00014500149263986777 -8.1986372457337064e-05 4.7295249932125669e-05 -0.00032424354566738746 8.2282851463559581e-05 0.00025263766164889957 -0.00018581612188709601 0.00017410263644213297 6.1080883907036612e-05 -6.2102905270015535e-05 4.7406705167800379e-05 0.0001511713233706729 1.9437910652078674e-06 3.7695188307216788e-05 -0.00024916190484656142 7.8820120112074049e-05 0.00015018296234654699 2.9689674157037418e-05 -3.7676741755213183e-05 -3.2600391788459307e-05 -9.7266118143263944e-05 2.606726468011439e-05 0.00010678961042924754 6.8229445818932674e-05 0.00020353903153125797
leaf_weight=17620 16462 242 1190354 4740 17294 720 980 1037 1428 2327 4989 931 3146 1433 5858 8595 1923 2331 2841 1710 2323 1241 2724 4825 7175 1007 3187 2288 2061 1999
leaf_count=17620 16462 242 1190354 4740 17294 720 980 1037 1428 2327 4989 931 3146 1433 5858 8595 1923 2331 2841 1710 2323 1241 2724 4825 7175 1007 3187 2288 2061 1999
internal_value=-2.299e-06 -0.000414287 3.37075e-06 0.00022798 -0.000456113 0.000404192 0.000559785 0.000226936 -0.00224138 0.000877181 0.00121211 0.000349149 0.00175134 0.000421667 -0.000235186 0.00109658 0.000330057 0.00148096 0.000143695 -0.00027546 0.000764873 0.000187755 0.00164565 -5.59597e-05 -0.000389377 0.000790192 -9.53743e-05 0.00148715 0.000549 0.00247669
internal_weight=1.31579e+06 17862 1.29793e+06 107575 22034 85541 69079 33710 2465 35369 27184 10454 16730 31245 8185 11741 30525 4254 26271 15691 10580 13981 3965 7148 10016 9523 4194 5329 3041 3432
internal_count=1315791 17862 1297929 107575 22034 85541 69079 33710 2465 35369 27184 10454 16730 31245 8185 11741 30525 4254 26271 15691 10580 13981 3965 7148 10016 9523 4194 5329 3041 3432
cat_boundaries=0 1 2 3 4 5 6 7 8 9 10 11 12 13
cat_threshold=4639808 148832 15237660 526 32789 4042754 1 4199057 12353537 3676160 13959176 569367 6619785
is_linear=0
shrinkage=0.05


Tree=182
num_leaves=31
num_cat=12
split_feature=5 5 0 0 7 1 3 0 2 2 3 0 1 2 2 3 0 0 3 2 3 0 0 3 6 7 0 7 1 6
split_gain=1.13107 3.11307 4.93247 4.32221 4.26704 3.80363 3.87882 3.25544 3.0624 3.75995 4.18968 3.90036 3.58054 2.97063 2.96333 6.3757 10.4081 5.48093 3.93224 3.26366 3.03466 2.91156 2.79207 3.36077 2.74881 3.15273 3.059 2.70819 2.66788 2.53429
threshold=5.5000000000000009 6.5000000000000009 0 1 0.10090234675073188 2 2.5000000000000004 3 14.500000000000002 6.5000000000000009 4.5000000000000009 4 5 9.5000000000000018 16.500000000000004 4.5000000000000009 6 7 2.5000000000000004 8.5000000000000018 1.0000000180025095e-35 8 9 1.5000000000000002 13.668571974866669 0.092845830888495504 10 0.092200432267289856 11 13.048368552631432
decision_type=2 2 1 1 2 1 2 1 2 2 2 1 1 2 2 2 1 1 2 2 2 1 1 2 2 2 1 2 1 2
left_child=-1 2 4 14 -2 6 -5 -6 9 -4 11 -11 -12 22 15 17 -17 18 19 20 -3 -18 23 -7 26 27 28 -26 -10 -19
right_child=1 3 8 5 7 13 -8 -9 24 10 12 -13 -14 -15 -16 16 21 29 -20 -21 -22 -23 -24 -25 25 -27 -28 -29 -30 -31
leaf_value=1.2591535598002745e-06 -1.2648555093032217e-05 -3.8269688311422943e-05 -5.1541258622313066e-05 2.9164183212545758e-06 -2.8976788089991881e-05 -0.00023666724757392469 0.00011490876806660185 -0.00014671609272334728 5.6721993834739014e-05 2.5214685633698568e-05 6.6860096528884719e-05 -1.3884222453293058e-05 1.5377300085315723e-05 2.372864231322408e-06 1.1727104141353359e-05 -0.00013592197780971685 1.5223179862055777e-05 1.1308013897759485e-07 6.7410605289341266e-05 -1.6583742034423365e-05 0.00012827242395125721 -5.2091815261698286e-05 6.8627368854190862e-05 3.032151025120153e-05 6.1595470703300353e-06 0.00013441640680352112 -7.2289014784180514e-06 -0.00031120011761370109 -5.3509178907885582e-05 -4.3462156118087572e-05
leaf_weight=895599 84716 571 1974 5360 6550 659 7864 7485 1960 19025 7705 29732 14457 58223 33544 4347 6022 11307 8325 10482 1198 7702 8895 1799 10183 2212 43246 161 12065 12423
leaf_count=895599 84716 571 1974 5360 6550 659 7864 7485 1960 19025 7705 29732 14457 58223 33544 4347 6022 11307 8325 10482 1198 7702 8895 1799 10183 2212 43246 161 12065 12423
internal_value=-2.527e-06 -7.0206e-05 -0.00018729 8.79863e-05 -0.000458936 0.000352614 0.00112967 -0.00126648 7.00624e-07 0.000227388 0.0002873 2.82011e-05 0.000857323 0.000204783 -0.000140466 -0.000344278 -0.0011358 -2.14418e-05 0.000575634 6.12195e-06 0.00199265 -0.000458716 0.000944684 -0.000547002 -0.00023594 0.000434055 -0.000382829 6.76721e-05 -0.00102423 -0.000539174
internal_weight=1.31579e+06 420192 241471 178721 98751 82800 13224 14035 142720 72893 70919 48757 22162 69576 95921 62377 18071 44306 20576 12251 1769 13724 11353 2458 69827 12556 57271 10344 14025 23730
internal_count=1315791 420192 241471 178721 98751 82800 13224 14035 142720 72893 70919 48757 22162 69576 95921 62377 18071 44306 20576 12251 1769 13724 11353 2458 69827 12556 57271 10344 14025 23730
cat_boundaries=0 1 2 3 4 5 6 7 8 9 10 11 12
cat_threshold=254067 6044300 48 65586 12063744 10 12288 537092 2184 131168 13108352 80
is_linear=0
shrinkage=0.05


Tree=183
num_leaves=31
num_cat=7
split_feature=6 0 5 3 0 7 0 7 7 3 3 5 7 3 7 2 7 1 3 0 6 0 0 2 2 7 7 7 7 7
split_gain=1.06591 3.20292 2.17573 2.03146 2.60261 1.45861 1.39892 2.07457 1.62746 1.56328 1.3202 1.21896 1.72455 1.35694 1.19394 1.85308 1.17431 1.16025 3.04982 3.30971 2.91581 4.93473 2.90835 2.16499 5.57491 4.81813 6.65917 13.7286 8.89844 3.8959
threshold=14.227162813018245 0 4.5000000000000009 5.5000000000000009 1 0.049684397321221409 2 0.049373452292769696 0.063671594128153361 1.0000000180025095e-35 3.5000000000000004 6.5000000000000009 0.088353374510385843 5.5000000000000009 0.05423600787202091 17.500000000000004 0.066488747448651006 3 5.5000000000000009 4 14.054192953675225 5 6 8.5000000000000018 7.5000000000000009 0.068592070238769523 0.097933576906992295 0.10579941122073669 0.075995310721284556 0.099757710136907304
decision_type=2 1 2 2 1 2 1 2 2 2 2 2 2 2 2 2 2 1 2 1 2 1 1 2 2 2 2 2 2 2
left_child=17 11 3 6 16 -6 8 -8 -3 -10 -9 -2 13 -13 -12 -16 -5 18 22 -20 -21 -22 -1 24 29 -26 28 -28 -27 -19
right_child=1 2 -4 4 5 -7 7 10 9 -11 14 12 -14 -15 15 -17 -18 23 19 20 21 -23 -24 -25 25 26 27 -29 -30 -31
leaf_value=3.6127067688325466e-05 1.933414914920429e-05 3.5563159922358428e-05 -1.3742102576375093e-05 -0.00013693422586002341 0.00011860438390572555 -0.00012296367820757438 -0.00013178450976834879 -9.6466124428454269e-05 0.00011825586263696093 -9.3021967650507725e-05 0.00016275195607977165 -3.5467090872130964e-05 0.00020825631822109296 -0.00024988631684145086 -0.00010331666116893557 0.00022325864820959412 -0.00043441152891662773 -9.0690911637159037e-07 -0.00010049155314317601 4.9157511144502792e-06 -0.00028644183123382739 -2.1833418140745128e-05 3.9880966169976443e-06 -1.2460489324780945e-06 0.00012070459732635083 -4.8908549194606746e-06 0.00021377892050892418 2.2462040023220333e-05 -0.00027109366096085969 -0.00013208017216484596
leaf_weight=25916 7194 1247 6011 139 103 480 346 1374 199 1324 130 783 134 131 374 216 152 64602 2280 9739 463 1384 54968 1083325 2647 14573 7516 24227 771 3043
leaf_count=25916 7194 1247 6011 139 103 480 346 1374 199 1324 130 783 134 131 374 216 152 64602 2280 9739 463 1384 54968 1083325 2647 14573 7516 24227 771 3043
internal_value=-1.007e-06 -0.000360181 -0.000877736 -0.00154504 -0.00377574 -0.0017285 -0.00117083 -0.00204082 -0.000395683 -0.00149376 -0.00145654 0.000399903 -0.00119275 -0.00196937 0.000277778 -0.000677966 -0.00755814 4.63158e-06 0.000173069 -0.000512044 -0.000168161 -0.00198971 0.00029054 -8.66151e-06 0.000195308 0.000597177 0.000480494 0.000893898 -0.000374739 -0.000100155
internal_weight=1.31579e+06 20337 12095 6084 874 583 5210 2440 2770 1523 2094 8242 1048 914 720 590 291 1.29545e+06 94750 13866 11586 1847 80884 1.2007e+06 117379 49734 47087 31743 15344 67645
internal_count=1315791 20337 12095 6084 874 583 5210 2440 2770 1523 2094 8242 1048 914 720 590 291 1295454 94750 13866 11586 1847 80884 1200704 117379 49734 47087 31743 15344 67645
cat_boundaries=0 1 2 3 4 5 6 7
cat_threshold=13701134 16784 133393 16 2114308 1049762 2351968
is_linear=0
shrinkage=0.05


Tree=184
num_leaves=31
num_cat=10
split_feature=6 1 0 2 2 1 7 7 6 2 7 7 0 6 0 0 0 7 1 2 7 7 7 7 7 7 0 0 5 7
split_gain=1.08929 4.55206 3.10513 2.57969 3.20466 9.2731 7.07444 6.53698 5.14227 5.40379 6.56122 4.24895 4.23847 3.91379 4.06127 3.37983 3.2444 3.15223 6.23962 5.0368 6.66476 4.73717 24.2889 7.78373 3.89266 3.78791 3.69348 3.35953 2.91593 2.8961
threshold=13.256440058740017 0 1 18.500000000000004 16.500000000000004 2 0.1067207236017453 0.10932797643305314 12.775502262725922 17.500000000000004 0.1037406997740149 0.066162824367806392 3 12.413077667390478 4 5 6 0.054777123202907098 7 19.500000000000004 0.057428253650754317 0.038579431872486268 0.034521400803542678 0.033321867509809124 0.10061086667301745 0.046028074296676803 8 9 3.5000000000000004 0.090759750263787312
decision_type=2 1 1 2 2 1 2 2 2 2 2 2 1 2 1 1 1 2 1 2 2 2 2 2 2 2 1 1 2 2
left_child=1 2 -1 4 -3 7 11 8 -6 15 -11 12 -7 14 -9 -10 -12 21 29 24 -21 22 23 27 -20 26 -23 -5 -22 -19
right_child=-2 3 -4 17 5 6 -8 13 9 10 16 -13 -14 -15 -16 -17 -18 18 19 20 28 25 -24 -25 -26 -27 -28 -29 -30 -31
leaf_value=6.5893135912138871e-05 -2.1678929495817788e-06 3.0893026088663067e-08 1.3603355003796552e-05 -9.3444786101189177e-06 0.00018296640226369947 -7.2819117117517082e-06 -0.00031288509951703377 0.00024121813228782376 -6.9183852250304106e-05 0.00037484254764761016 0.00017192454228285721 -1.0699428339006056e-05 0.0002047015968249284 -1.5524098048710216e-05 3.664767418581454e-05 6.1631936895355235e-05 3.6512537957552466e-06 -2.9562045637232179e-05 -1.9908449651287463e-05 -4.2867335963257466e-05 -8.5612475863705055e-05 -8.5158335431715498e-05 -0.00030709792043570817 -5.872868536344108e-05 -0.00019720789228368091 2.5326753720537194e-05 0.0005373249921463881 9.489337897338607e-06 -0.0002905978065281596 8.0211555951024981e-06
leaf_weight=11576 553395 482131 24316 9445 9708 840 1173 3598 3911 877 1983 47022 808 18893 8100 6231 2536 24014 13302 2218 570 225 458 2503 2159 19149 459 20888 1189 42114
leaf_count=11576 553395 482131 24316 9445 9708 840 1173 3598 3911 877 1983 47022 808 18893 8100 6231 2536 24014 13302 2218 570 225 458 2503 2159 19149 459 20888 1189 42114
internal_value=-2.033e-06 3.67263e-05 0.000586318 9.56623e-06 5.53324e-05 0.000304693 -0.000191062 0.000747131 0.00134279 0.000778736 0.00205708 -9.86234e-05 0.00239684 0.000255794 0.000974526 9.85999e-05 0.001289 -0.0001844 -0.000372227 -0.0011595 -0.00274705 0.000118113 -0.000246291 -8.6795e-05 -0.000751892 0.000729844 0.00438596 0.000134342 -0.00504548 -0.000140615
internal_weight=1.31579e+06 762396 35892 726504 587811 105680 49843 55837 25246 15538 5396 48670 1648 30591 11698 10142 4519 138693 85566 19438 3977 53127 33294 32836 15461 19833 684 30333 1759 66128
internal_count=1315791 762396 35892 726504 587811 105680 49843 55837 25246 15538 5396 48670 1648 30591 11698 10142 4519 138693 85566 19438 3977 53127 33294 32836 15461 19833 684 30333 1759 66128
cat_boundaries=0 1 2 3 4 5 6 7 8 9 10
cat_threshold=24 3350576 100 15236208 3866825 739698 7422386 38 11608208 5538634
is_linear=0
shrinkage=0.05


Tree=185
num_leaves=31
num_cat=11
split_feature=3 1 1 3 3 6 0 0 3 3 5 0 5 2 5 2 6 0 5 5 0 2 2 6 7 0 0 0 0 3
split_gain=1.09399 8.58836 4.99922 10.3077 18.0682 4.58857 5.69256 4.21519 4.22228 6.59317 9.05379 27.343 8.71652 6.06407 4.91997 4.84728 4.20297 4.11649 4.2271 5.83733 7.68659 4.08513 3.83854 3.8012 3.77975 3.70492 3.65765 3.54898 3.49561 3.85422
threshold=3.5000000000000004 0 1 1.5000000000000002 1.0000000180025095e-35 13.137882825286564 2 3 1.5000000000000002 2.5000000000000004 2.5000000000000004 4 6.5000000000000009 16.500000000000004 6.5000000000000009 10.500000000000002 13.120496135176955 5 5.5000000000000009 2.5000000000000004 6 18.500000000000004 9.5000000000000018 13.028117530947315 0.11311322974291106 7 8 9 10 4.5000000000000009
decision_type=2 1 1 2 2 2 1 1 2 2 2 1 2 2 2 2 2 1 2 2 1 2 2 2 2 1 1 1 1 2
left_child=2 5 3 4 26 16 22 8 -4 10 11 -10 17 -14 -12 -16 -2 18 19 20 -11 27 -7 -9 28 -20 -1 -17 -3 -30
right_child=1 24 7 -5 -6 6 -8 23 9 12 14 -13 13 -15 15 21 -18 -19 25 -21 -22 -23 -24 -25 -26 -27 -28 -29 29 -31
leaf_value=7.1684058601660579e-05 3.8354898976285942e-05 -1.0004400608594477e-05 1.6045232323179046e-05 1.1570035242271238e-05 -0.00017426755044050134 0.00017356653577153358 -1.5613444788335762e-05 4.1514669691296654e-06 -0.00058167502211618185 3.7850075662380568e-05 -6.0194806090659034e-07 -3.8697362803153187e-05 0.00012571509839146949 -1.5506701117086463e-07 3.8925013631440145e-05 -8.3549095202473464e-05 0.00012944878991406496 1.1334022241598144e-05 -6.3368082240240599e-05 7.8272042094750319e-06 -0.00069553640689636823 4.0687944794108591e-06 1.946520972424537e-05 -7.8198758278318414e-06 -0.0001214480606779627 -0.00027552226039145172 -4.7353132176608877e-05 -0.00020529543378048701 1.3771270090887426e-05 -2.9627248765632181e-06
leaf_weight=6106 67110 132024 104461 30947 13337 382 32973 180536 858 279 40032 3931 4723 2533 1688 2231 2216 39212 689 3952 298 1488 39937 296236 5148 509 9142 1839 96898 194076
leaf_count=6106 67110 132024 104461 30947 13337 382 32973 180536 858 279 40032 3931 4723 2533 1688 2231 2216 39212 689 3952 298 1488 39937 296236 5148 509 9142 1839 96898 194076
internal_value=-1.805e-06 5.02835e-05 -4.17099e-05 -0.000481173 -0.00116582 0.00038632 0.000110517 -3.53754e-06 0.000183847 -4.12423e-05 -0.000439338 -0.00251096 0.000355877 0.00196389 -0.000229494 -0.00142837 0.000677956 9.62416e-05 -0.00115478 -0.000458159 -0.00515598 -0.00214106 0.000508939 -8.55737e-05 -6.16598e-05 -0.003798 9.83736e-06 -0.00296069 -4.52721e-05 5.15492e-05
internal_weight=1.31579e+06 570764 745027 59532 28585 142618 73292 685495 208723 104262 52067 4789 52195 7256 47278 7246 69326 44939 5727 4529 577 5558 40319 476772 428146 1198 15248 4070 422998 290974
internal_count=1315791 570764 745027 59532 28585 142618 73292 685495 208723 104262 52067 4789 52195 7256 47278 7246 69326 44939 5727 4529 577 5558 40319 476772 428146 1198 15248 4070 422998 290974
cat_boundaries=0 1 2 3 4 5 6 7 8 9 10 11
cat_threshold=34 32 3178265 4882588 128 557056 524288 32768 1745962 557068 6947420
is_linear=0
shrinkage=0.05


Tree=186
num_leaves=31
num_cat=11
split_feature=2 7 0 3 0 7 7 7 0 0 2 0 7 0 6 0 3 0 7 3 1 7 0 5 2 6 5 0 6 7
split_gain=1.0886 4.73893 2.91497 2.67881 2.70249 2.47025 4.90923 4.33025 3.39382 3.1672 3.0218 3.68456 3.27576 2.62297 2.26499 2.20783 2.0915 2.16311 1.95358 1.83417 1.77589 2.7561 1.73326 1.70616 1.70487 3.13032 2.63499 3.42586 3.27393 2.5315
threshold=20.500000000000004 0.10535545766871728 0 4.5000000000000009 1 0.063296034266724199 0.074994913060566937 0.057428253650754317 2 3 21.500000000000004 4 0.039807080262756707 5 14.00912786849355 6 1.0000000180025095e-35 7 0.033321867509809124 1.0000000180025095e-35 8 0.056500935961983231 9 3.5000000000000004 16.500000000000004 11.79893450632702 6.5000000000000009 10 12.178043472755791 0.083926900043025637
decision_type=2 2 1 2 1 2 2 2 1 1 2 1 2 1 2 1 2 1 2 2 1 2 1 2 2 2 2 1 2 2
left_child=24 3 -3 5 -5 7 8 10 -7 -9 12 18 -2 14 -8 -14 17 -4 -12 -11 21 -6 23 -23 29 -26 -27 28 -28 -1
right_child=1 2 16 4 20 6 13 9 -10 19 11 -13 15 -15 -16 -17 -18 -19 -20 -21 -22 22 -24 -25 25 26 27 -29 -30 -31
leaf_value=7.2378893580127977e-07 -7.0231326972026307e-06 -0.00047308006772602137 5.9915780677817501e-05 -5.3487204152595506e-06 0.00014256912510644243 0.0002627466463767908 -3.9406858373773612e-05 1.015450498899808e-05 2.8172246390164443e-05 -0.00017457339804879333 0.00031652571788666955 -8.487031184023671e-06 3.6066271539745081e-06 2.6104856475287972e-05 -0.00019810550529884288 -6.6520733646491248e-05 -7.557793478336558e-05 -0.00045536809211107858 4.8196952634115002e-05 -8.2971366389237623e-05 7.4108304677827058e-06 0.00020002992782532786 -2.18578291688587e-07 6.4955986255789755e-05 0.00022636655590422411 1.8692541167215916e-06 0.00029857534553146133 8.2000369049081704e-06 4.4780091374962455e-05 -1.1449227276816646e-05
leaf_weight=646236 21844 288 119 10930 1126 983 4205 1202 1007 667 112 8344 944 8044 489 2905 2792 354 4219 2718 7554 473 2085 1191 3465 320413 655 33179 16328 210920
leaf_count=646236 21844 288 119 10930 1126 983 4205 1202 1007 667 112 8344 944 8044 489 2905 2792 354 4219 2718 7554 473 2085 1191 3465 320413 655 33179 16328 210920
internal_value=-2.337e-06 -0.000175838 -0.00196313 -9.74803e-05 0.000354253 -0.000280412 0.000278381 -0.000472006 0.00258794 -0.00192392 -0.000298426 0.000333333 -0.000610088 -8.24305e-05 -0.00102041 -0.00195505 -0.00151908 -0.00459831 0.00151463 -0.0027025 0.000858188 0.00160184 0.000953588 0.00215054 9.58418e-06 9.86526e-05 8.46657e-05 0.000421634 0.000998941 -2.92829e-05
internal_weight=1.31579e+06 84595 3553 81042 23359 57683 14728 42955 1990 4587 38368 12675 25693 12738 4694 3849 3265 473 4331 3385 12429 4875 3749 1664 1.2312e+06 374040 370575 50162 16983 857156
internal_count=1315791 84595 3553 81042 23359 57683 14728 42955 1990 4587 38368 12675 25693 12738 4694 3849 3265 473 4331 3385 12429 4875 3749 1664 1231196 374040 370575 50162 16983 857156
cat_boundaries=0 1 2 3 4 5 6 7 8 9 10 11
cat_threshold=2163008 2169750 1697138 13942864 49574 9504948 9357760 9736192 2 1590281 15172689
is_linear=0
shrinkage=0.05


Tree=187
num_leaves=31
num_cat=12
split_feature=2 3 0 0 7 2 6 0 0 7 2 7 0 7 7 7 7 0 6 0 1 7 7 3 0 0 0 7 0 7
split_gain=1.08003 2.51327 2.90546 2.42117 2.33103 1.94809 4.24873 3.68414 2.95892 2.48823 4.00727 5.12874 6.03422 4.20189 3.16157 6.66178 6.49176 2.77983 2.81515 2.6259 2.4794 11.3433 5.94573 4.87378 2.8719 2.37851 2.26448 1.90557 1.87023 1.81988
threshold=6.5000000000000009 4.5000000000000009 0 1 0.043140363600215427 8.5000000000000018 13.712304109497831 2 3 0.11133455822118264 7.5000000000000009 0.099757710136907304 4 0.045536734602365347 0.097933576906992295 0.10535545766871728 0.074994913060566937 5 12.368543260317088 6 7 0.089200895554978468 0.094067919496270538 4.5000000000000009 8 9 10 0.024630190825150434 11 0.070859323985042702
decision_type=2 2 1 1 2 2 2 1 1 2 2 2 1 2 2 2 2 1 2 1 1 2 2 2 1 1 1 2 1 2
left_child=1 3 -3 4 -1 6 8 -8 -2 10 11 13 -13 28 16 -16 29 18 -17 -11 22 23 -15 24 -22 -18 -9 -28 -10 -12
right_child=5 2 -4 -5 -6 -7 7 26 9 19 14 12 -14 20 15 17 25 -19 -20 -21 21 -23 -24 -25 -26 -27 27 -29 -30 -31
leaf_value=3.5699553972693041e-05 -1.3059671034058516e-05 3.4391449534983829e-06 -6.4203518962488781e-05 -1.9762267199421868e-05 -1.0885174008176332e-05 -6.2317652458803239e-07 2.8809569132110663e-05 -7.3147335526190134e-05 4.9325596996899899e-05 -0.00016214333526079727 5.7682761482309372e-05 -0.00031050572713517828 2.6631502892129899e-05 0.00018193453251346103 0.00022979932425925276 0.00049880791178192815 -0.00048621544645017053 1.5308866421387401e-05 0.00011004817078234947 7.6285054342303819e-06 4.3768946370697891e-05 -0.00020791488698162637 1.5154342569909456e-05 8.6347158339079863e-05 -1.8755754627294842e-05 -0.00013284834323209344 6.2843438260683747e-05 -2.328896651944759e-05 0.00018385315797615314 -3.4615232204583682e-06
leaf_weight=4110 16462 1998 3148 5601 3005 1190354 4740 2634 277 1424 5329 1204 1261 2640 4989 130 104 7665 7106 3601 3042 2021 9614 4598 8610 827 513 14147 443 4194
leaf_count=4110 16462 1998 3148 5601 3005 1190354 4740 2634 277 1424 5329 1204 1261 2640 4989 130 104 7665 7106 3601 3042 2021 9614 4598 8610 827 513 14147 443 4194
internal_value=-2.945e-06 -0.000389094 -0.00132141 -1.17962e-05 0.0006 2.36916e-06 0.000206135 -0.000412998 0.000365614 0.000509126 0.000593249 0.000218036 -0.00197769 0.000391263 0.00101008 0.00138009 0.000306103 0.000850614 0.00155258 -0.000562189 0.000302211 -6.70095e-05 0.000852087 0.000372308 -0.000171644 -0.00367884 -0.000751271 -0.000507839 0.00416667 0.000695684
internal_weight=1.31579e+06 17862 5146 12716 7115 1.29793e+06 107575 22034 85541 69079 64054 33710 2465 31245 30344 19890 10454 14901 7236 5025 30525 18271 12254 16250 11652 931 17294 14660 720 9523
internal_count=1315791 17862 5146 12716 7115 1297929 107575 22034 85541 69079 64054 33710 2465 31245 30344 19890 10454 14901 7236 5025 30525 18271 12254 16250 11652 931 17294 14660 720 9523
cat_boundaries=0 1 2 3 4 5 6 7 8 9 10 11 12
cat_threshold=107829 13773270 4639808 148832 80003 4489373 5017744 1 3158016 262664 8454784 4489740
is_linear=0
shrinkage=0.05


Tree=188
num_leaves=31
num_cat=13
split_feature=5 1 3 2 0 0 0 6 7 6 0 2 0 0 0 5 3 7 5 1 3 0 0 7 7 6 0 0 6 6
split_gain=1.04883 2.91091 3.36326 5.92801 4.66884 3.30063 3.24307 2.8737 2.6997 2.70023 2.73307 2.5805 3.87885 3.27756 2.56825 2.65469 3.76526 3.10785 2.474 2.44825 8.09111 4.43853 3.24654 3.14126 3.11419 3.16687 2.97589 2.9562 2.73532 2.44181
threshold=5.5000000000000009 0 1.0000000180025095e-35 19.500000000000004 1 2 3 13.524332381254892 0.12220391884697518 13.605791493620417 4 11.500000000000002 5 6 7 6.5000000000000009 2.5000000000000004 0.053728384080022847 6.5000000000000009 8 5.5000000000000009 9 10 0.040583133770588982 0.034521400803542678 12.031923105590947 11 12 13.20038774189379 13.113700462282084
decision_type=2 1 2 2 1 1 1 2 2 2 1 2 1 1 1 2 2 2 2 1 2 1 1 2 2 2 1 1 2 2
left_child=-1 8 3 4 -3 -5 7 -6 9 19 -11 12 18 -13 15 17 -17 -4 -8 27 21 -21 -22 -24 -23 -26 -27 -2 -28 -7
right_child=1 2 14 5 6 29 11 -9 -10 10 -12 13 -14 -15 -16 16 -18 -19 -20 20 22 24 23 -25 25 26 28 -29 -30 -31
leaf_value=1.2483669898706586e-06 -6.8976522308295686e-06 0.00010422158483725935 -1.2702041741325526e-06 -2.5935560536325189e-05 -6.1126589586429737e-05 -4.7964886935118574e-05 -3.710341951840765e-05 -0.00019521906513625512 -0.0003860247909446661 -2.0969682821061349e-05 3.6484249658054469e-06 3.5638969174013951e-05 -7.3300111318398882e-05 -2.0965227178712867e-05 -1.3112614151130145e-06 -5.3553356254498409e-05 3.4250745999418224e-05 -9.4216457707718698e-05 7.8965273143267146e-05 0.00014312078528277758 -0.00020138530171624151 0.00039464284499670239 -0.0010986716887503409 -4.2975581988582287e-05 0.00014027678394231517 4.4664501697123594e-05 -2.6827280527653291e-05 3.4917045458244399e-05 -0.00033819070777143628 -0.0001583959878545727
leaf_weight=895599 11820 1755 5269 2179 4235 1643 1829 470 271 26031 51787 7466 5752 9757 194605 3584 7307 9111 1162 2822 1756 383 238 4555 3520 9731 16463 33281 168 1242
leaf_count=895599 11820 1755 5269 2179 4235 1643 1829 470 271 26031 51787 7466 5752 9757 194605 3584 7307 9111 1162 2822 1756 383 238 4555 3520 9731 16463 33281 168 1242
internal_value=-3.249e-06 -6.84211e-05 -0.000173093 -0.00061083 -0.000362364 -0.00220182 -0.000506013 -0.00171262 9.70301e-05 0.000105349 -0.000107302 -0.000286803 -0.000986503 6.82227e-05 -9.84646e-05 -0.000572564 1.60683e-05 -0.00101878 0.000474842 0.000300636 1.38728e-05 0.000331701 -0.00159185 -0.000910889 0.000154418 9.70484e-05 -9.10401e-05 0.000552526 -0.000497266 -0.00330743
internal_weight=1.31579e+06 420192 257366 37490 32426 5064 30671 4705 162826 162555 77818 25966 8743 17223 219876 25271 10891 14380 2991 84737 39636 33087 6549 4793 30265 29882 26362 45101 16631 2885
internal_count=1315791 420192 257366 37490 32426 5064 30671 4705 162826 162555 77818 25966 8743 17223 219876 25271 10891 14380 2991 84737 39636 33087 6549 4793 30265 29882 26362 45101 16631 2885
cat_boundaries=0 1 2 3 4 5 6 7 8 9 10 11 12 13
cat_threshold=88 524304 9371767 139296 353036 4313984 8653899 540752 24 2686984 11604482 147845 6964368
is_linear=0
shrinkage=0.05


Tree=189
num_leaves=31
num_cat=10
split_feature=2 7 3 0 0 6 0 2 6 0 0 5 2 7 7 7 7 7 7 0 3 6 0 6 0 0 3 6 7 1
split_gain=1.04915 2.44187 2.02455 2.96369 2.07437 2.06808 2.01176 1.69129 3.70388 3.77163 2.57501 2.43705 2.7381 4.71239 4.25051 4.50527 5.24069 3.90518 3.47439 3.15133 2.55705 3.50373 2.40456 2.21369 3.89062 2.46063 2.4524 2.11762 3.30302 3.22777
threshold=6.5000000000000009 0.046314219883237036 4.5000000000000009 0 1 13.028117530947315 2 8.5000000000000018 13.740367203805258 3 4 6.5000000000000009 7.5000000000000009 0.10261254377763239 0.10992261969582411 0.097933576906992295 0.074994913060566937 0.045081121153866428 0.10626256099500953 5 5.5000000000000009 12.32972287990661 6 12.581370599189196 7 8 5.5000000000000009 13.188959779524867 0.096486407859378218 9
decision_type=2 2 2 1 1 2 1 2 2 1 1 2 2 2 2 2 2 2 2 1 2 2 1 2 1 1 2 2 2 1
left_child=1 2 4 -4 5 -1 -3 8 10 -10 -2 12 13 17 15 16 -14 -12 19 20 21 -17 -16 24 -20 -25 -27 28 29 -19
right_child=7 6 3 -5 -6 -7 -8 -9 9 -11 11 -13 14 -15 22 18 -18 27 23 -21 -22 -23 -24 25 -26 26 -28 -29 -30 -31
leaf_value=5.8155224657750405e-05 -9.7136137217006264e-06 5.1919990764209492e-06 6.0665789397930384e-06 -5.9254943358479609e-05 -7.5068393120807791e-06 -1.3455439774130372e-05 -0.0002596203750504582 -5.9374849666494339e-07 6.8900674183833971e-05 -2.0607845234088715e-05 0.00015609635430184935 6.6145634763782252e-05 2.1999974201091651e-05 -0.00031895648725388699 2.6717435585058015e-05 -0.00033319262806834202 -0.00018983127903483832 9.0709792746115905e-05 -5.8458134184723176e-06 8.1315751706020906e-05 0.00051878138403586231 0.00025524282895498829 -9.9647944531625768e-05 0.00011207804273768163 0.00038364709370240991 -6.9258764981416923e-05 0.00021365124727372524 -1.9373257930046379e-05 -3.114737643898358e-05 -1.6190897739805367e-06
leaf_weight=1535 18749 100 1961 3114 9980 1030 142 1190354 1566 18792 508 9489 8539 418 3661 126 722 5785 450 2809 441 2652 2975 3906 522 2947 495 11017 5745 5261
leaf_count=1535 18749 100 1961 3114 9980 1030 142 1190354 1566 18792 508 9489 8539 418 3661 126 722 5785 450 2809 441 2652 2975 3906 522 2947 495 11017 5745 5261
internal_value=-2.907e-06 -0.000383496 -0.000314983 -0.00115764 2.59067e-05 0.00129126 -0.0053719 2.33064e-06 0.000192191 -0.00041507 0.000333937 0.000476065 0.000356483 6.9604e-06 0.000688544 0.0010028 0.000143073 8.47577e-05 0.00155771 0.0024718 0.00353825 0.00298776 -0.000429476 0.000895433 0.00313786 0.000598802 -0.000376593 5.39413e-06 0.000358823 0.000864566
internal_weight=1.31579e+06 17862 17620 5075 12545 2565 242 1.29793e+06 107575 20358 87217 68468 58979 28734 30245 23609 9261 28316 14348 6028 3219 2778 6636 8320 972 7348 3442 27808 16791 11046
internal_count=1315791 17862 17620 5075 12545 2565 242 1297929 107575 20358 87217 68468 58979 28734 30245 23609 9261 28316 14348 6028 3219 2778 6636 8320 972 7348 3442 27808 16791 11046
cat_boundaries=0 1 2 3 4 5 6 7 8 9 10
cat_threshold=107829 13631872 4194718 4326400 149344 1413259 14950542 854025 11339789 9
is_linear=0
shrinkage=0.05


Tree=190
num_leaves=31
num_cat=10
split_feature=7 0 5 6 0 3 0 6 6 6 6 0 6 3 2 3 2 6 6 6 0 3 5 0 1 1 0 6 0 7
split_gain=1.007 2.34611 2.24841 2.20463 2.0672 3.18782 2.02958 1.92315 1.21614 1.12255 1.11336 1.04314 1.8196 1.03908 1.45285 1.0333 1.02806 1.01353 1.14927 1.47261 0.942702 1.90843 12.1415 20.9363 9.38003 4.19445 3.68467 3.38268 3.54418 3.54535
threshold=0.12902617738043118 0 4.5000000000000009 12.178043472755791 1 5.5000000000000009 2 13.613560210754461 13.458420527144716 12.908474988866919 12.381949521562431 3 13.412720618397271 2.5000000000000004 18.500000000000004 1.0000000180025095e-35 19.500000000000004 13.402230870373574 13.250687108649263 13.096752706020476 4 5.5000000000000009 6.5000000000000009 5 6 7 8 13.99691127342979 9 0.075995310721284556
decision_type=2 1 2 2 1 2 1 2 2 2 2 1 2 2 2 2 2 2 2 2 1 2 2 1 1 1 1 2 1 2
left_child=20 3 4 -2 13 8 17 11 -6 -7 -8 12 -5 -3 -15 -12 -17 18 19 -4 21 25 24 -24 -23 -1 -25 -26 -29 -30
right_child=1 2 6 7 5 9 10 -9 -10 -11 15 -13 -14 14 -16 16 -18 -19 -20 -21 -22 22 23 26 27 -27 -28 28 29 -31
leaf_value=1.0614170000757678e-05 0.00036567475417224014 0.00039781761536099129 -6.0903800098606464e-05 4.3077644148986281e-05 5.940228881173293e-05 0.0012942599276814495 0.00037955758055987707 0.00026999526590450602 -0.00024738056194111013 0.00018069086030857788 -0.00021575901028166034 -0.00017809434055385544 -0.00036636660298484947 0.00056993197753383293 3.9585206468262248e-05 -2.5028980910477699e-05 0.00015902550300439663 -0.00043094491358044166 0.000361296261147652 -0.00065243720286266781 -1.5829196494131921e-06 5.5263833902545123e-05 -0.00028576915905871792 4.7040869889238004e-05 -1.7532928710609075e-06 -3.9196153039553276e-06 -3.6320585143451851e-05 -2.8844724118974946e-06 -9.3783205110594545e-05 -0.00041213155574163255
leaf_weight=139458 532 478 575 1060 1344 126 481 207 157 146 243 1992 118 181 399 837 643 135 104 142 822113 35542 1659 2893 23605 274286 4943 764 418 210
leaf_count=139458 532 478 575 1060 1344 126 481 207 157 146 243 1992 118 181 399 837 643 135 104 142 822113 35542 1659 2893 23605 274286 4943 764 418 210
internal_value=-2.375e-06 0.0005 0.00112065 -0.000452922 0.00214588 0.00107964 0.000205696 -0.000925378 0.000183211 0.00606618 0.00103884 -0.00123028 -4.20875e-05 0.00388577 0.0025 0.000449797 0.000945946 -0.00170807 -0.00106577 -0.00177824 -6.18352e-06 4.91951e-05 0.000290573 -0.00137177 0.000551298 8.33849e-06 -0.00028677 -0.000190947 -0.00258621 -0.00532915
internal_weight=1.31579e+06 9900 5991 3909 2831 1773 3160 3377 1501 272 2204 3170 1178 1058 580 1723 1480 956 821 717 1.30589e+06 483778 70034 9495 60539 413744 7836 24997 1392 628
internal_count=1315791 9900 5991 3909 2831 1773 3160 3377 1501 272 2204 3170 1178 1058 580 1723 1480 956 821 717 1305891 483778 70034 9495 60539 413744 7836 24997 1392 628
cat_boundaries=0 1 2 3 4 5 6 7 8 9 10
cat_threshold=8591201 4253712 550928 66336 6541449 4096 46 82 2162696 4231177
is_linear=0
shrinkage=0.05


Tree=191
num_leaves=31
num_cat=9
split_feature=7 0 5 0 6 6 6 6 0 3 3 3 2 0 6 6 0 3 5 0 7 2 2 7 0 1 2 7 6 0
split_gain=1.00777 2.17709 2.04577 1.88561 1.74554 1.63407 1.48864 1.23172 1.19154 1.9245 1.12558 1.23388 0.973168 0.973051 1.17896 0.916111 3.40897 2.24623 1.88613 1.72303 1.63223 1.47447 1.60688 1.71631 1.78678 1.23792 2.63466 4.45384 4.61764 3.74788
threshold=0.12902617738043118 0 4.5000000000000009 1 13.63147563377021 12.031923105590947 13.68519171292421 12.647436448413044 2 5.5000000000000009 1.0000000180025095e-35 2.5000000000000004 19.500000000000004 3 13.389620268810919 14.200316706876533 4 5.5000000000000009 2.5000000000000004 5 0.051810399410577919 8.5000000000000018 10.500000000000002 0.082509590970718125 6 7 8.5000000000000018 0.024630190825150434 13.458420527144716 8
decision_type=2 1 2 1 2 2 2 2 1 2 2 2 2 1 2 2 1 2 2 1 2 2 2 2 1 1 2 2 2 1
left_child=15 2 4 -4 8 -3 13 -5 -2 -10 -9 -12 -13 14 -7 25 17 18 -17 21 -21 -18 23 24 -23 26 27 28 -1 -29
right_child=1 5 3 7 -6 6 -8 10 9 -11 11 12 -14 -15 -16 16 19 -19 -20 20 -22 22 -24 -25 -26 -27 -28 29 -30 -31
leaf_value=-0.00010872349300445434 0.00031710408620121215 0.00035463053937674074 -0.00013363698504433656 0.00051763556132878306 -0.00023911940017949662 7.3973473364130626e-05 0.00025649550260928094 -0.00028946929258068244 5.4845432859082502e-05 0.00079476197201564728 0.0002683251331794992 -0.00013511242427809435 0.00016352812138580239 -0.00012985971241270754 -0.00026798109541531745 -0.00032971390048373438 -5.167432603662365e-05 -0.00031067958317105367 -6.1673734734463134e-05 1.0167883121559724e-05 -3.2638535758958494e-05 -4.5861901592969899e-06 9.0672007686374088e-06 -0.00016966016860823913 0.00017525814304695001 -5.509182387323022e-07 1.2096171993565205e-05 -0.00011185041464323379 8.1422239980248449e-05 -1.477500353929389e-05
leaf_weight=800 1026 539 848 505 125 1331 163 169 959 172 320 415 360 2736 232 113 860 155 915 3611 11100 382 7446 141 746 1187356 86824 1697 1425 2320
leaf_count=800 1026 539 848 505 125 1331 163 169 959 172 320 415 360 2736 232 113 860 155 915 3611 11100 382 7446 141 746 1187356 86824 1697 1425 2320
internal_value=-2.565e-06 0.0005 0.00124771 0.000296141 0.00234443 -0.000234484 -0.000549081 0.0012226 0.00267733 0.00151183 0.00039557 0.000981735 -9.67742e-05 -0.000726913 0.000270184 -6.37496e-06 -0.00030331 -0.00291282 -0.00209144 -0.000174926 -0.000514571 0.000346896 0.000542169 0.00218676 0.00283688 -4.68596e-07 0.000175126 -0.000817046 0.000977528 -0.00181105
internal_weight=1.31579e+06 9900 4899 2617 2282 5001 4462 1769 2157 1131 1264 1095 775 4299 1563 1.30589e+06 25469 1183 1028 24286 14711 9575 8715 1269 1128 1.28042e+06 93066 6242 2225 4017
internal_count=1315791 9900 4899 2617 2282 5001 4462 1769 2157 1131 1264 1095 775 4299 1563 1305891 25469 1183 1028 24286 14711 9575 8715 1269 1128 1280422 93066 6242 2225 4017
cat_boundaries=0 1 2 3 4 5 6 7 8 9
cat_threshold=6613022 26640 4253712 1049376 128 9539599 1081346 16 1864772
is_linear=0
shrinkage=0.05


Tree=192
num_leaves=31
num_cat=12
split_feature=6 1 0 7 3 6 0 0 1 6 0 7 3 0 7 2 7 0 7 7 7 7 0 6 1 7 2 1 7 1
split_gain=0.963272 4.94722 8.1132 4.38403 3.61895 3.11919 5.02259 4.5502 2.8269 2.39255 2.36714 3.2235 2.45587 2.56355 2.44809 2.13474 3.60471 4.29958 3.13168 18.7293 5.81404 3.51814 3.04401 2.81704 2.79336 7.42139 2.78876 8.61305 7.09865 4.24916
threshold=13.073741248551789 0 1 0.044312859329215457 2.5000000000000004 13.313290714638764 2 3 4 13.331380416993229 5 0.074994913060566937 2.5000000000000004 6 0.029154964549149176 18.500000000000004 0.054502288977933654 7 0.038579431872486268 0.034521400803542678 0.033321867509809124 0.049684397321221409 8 13.048368552631432 9 0.10189595550363319 16.500000000000004 10 0.10932797643305314 11
decision_type=2 1 1 2 2 2 1 1 1 2 1 2 2 1 2 2 2 1 2 2 2 2 1 2 1 2 2 1 2 1
left_child=8 2 -2 4 9 7 -7 -5 10 -4 14 -12 13 -13 -1 26 18 -18 19 20 -17 -20 23 -23 -19 -26 -10 28 29 -28
right_child=1 -3 3 5 -6 6 -8 -9 15 -11 11 12 -14 -15 -16 16 17 24 21 -21 -22 22 -24 -25 25 -27 27 -29 -30 -31
leaf_value=-0.0012187287687112618 -0.00017818712300077534 -7.0305346388001297e-07 -0.00011178737207943046 -7.0492148347317546e-05 0.00013630147025178662 -0.00030825114003120923 -6.2049526707297353e-05 4.8420787845012557e-05 9.1682317551050607e-07 7.3523752482605734e-05 4.542436125552045e-05 -0.00016981591394632479 -0.00012508403669065707 0.00012188870398164367 0.0001232058357885084 4.0650132324716006e-06 -5.4309478967373709e-05 2.2254639916827885e-05 0.00016527781569799038 -0.0003059200905592115 -5.4192113813523844e-05 -3.5520949645777981e-05 3.7375741066507374e-05 0.00016009408196032625 -1.21479445414234e-05 -0.00024289476121122159 0.00017951023354034827 -1.3580233511420807e-05 2.5096556108107627e-05 4.6081714931234949e-05
leaf_weight=193 3001 698647 447 5969 869 528 4622 5773 391561 163 4753 324 1582 898 4114 25720 22352 19563 2444 372 2096 4338 9185 175 19157 1661 10582 36424 28233 10045
leaf_count=193 3001 698647 447 5969 869 528 4622 5773 391561 163 4753 324 1582 898 4114 25720 22352 19563 2444 372 2096 4338 9185 175 19157 1661 10582 36424 28233 10045
internal_value=-2.299e-06 -4.12142e-05 -0.000790384 -0.000395789 0.00221433 -0.000624556 -0.00165049 -0.000174587 4.47319e-05 -0.000737705 0.000808489 0.000274217 -0.0010699 0.000613748 0.00174311 2.91993e-05 -0.000172562 -0.000416447 0.000172569 -0.000145452 3.59505e-06 0.000727915 0.000416119 -0.000646695 -0.000108316 -0.000511331 7.45001e-05 0.000333591 0.000767342 0.00147258
internal_weight=1.31579e+06 720019 21372 18371 1479 16892 5150 11742 595772 610 11864 7557 2804 1222 4307 583908 107063 62733 44330 28188 27816 16142 13698 4513 40381 20818 476845 85284 48860 20627
internal_count=1315791 720019 21372 18371 1479 16892 5150 11742 595772 610 11864 7557 2804 1222 4307 583908 107063 62733 44330 28188 27816 16142 13698 4513 40381 20818 476845 85284 48860 20627
cat_boundaries=0 1 2 3 4 5 6 7 8 9 10 11 12
cat_threshold=96 802873 65792 4206722 24 74792 2052 5771012 13566881 34 100 96
is_linear=0
shrinkage=0.05


Tree=193
num_leaves=31
num_cat=11
split_feature=2 7 0 3 0 0 6 2 6 0 0 2 7 7 0 7 7 7 7 0 5 7 0 0 6 6 0 6 0 6
split_gain=0.931884 2.46385 2.01176 1.85336 2.75998 1.98558 1.9089 1.63859 3.43895 3.17575 2.46629 2.00382 3.44144 3.28952 2.77717 2.71373 3.6691 3.4068 2.50755 2.19742 2.07673 1.88856 1.81125 1.8017 1.80036 1.85927 2.25552 1.66217 1.59914 1.5751
threshold=6.5000000000000009 0.046314219883237036 0 4.5000000000000009 1 2 13.028117530947315 8.5000000000000018 13.712304109497831 3 4 7.5000000000000009 0.10992261969582411 0.10261254377763239 5 0.097933576906992295 0.10626256099500953 0.075491315677096354 0.045771777356362224 6 6.5000000000000009 0.11621054548671803 7 8 13.396149470247099 12.581370599189196 9 13.731250574147777 10 12.7939454178322
decision_type=2 2 1 2 1 1 2 2 2 1 1 2 2 2 1 2 2 2 2 1 2 2 1 1 2 2 1 2 1 2
left_child=1 3 -3 5 -5 6 -1 8 10 -10 21 13 15 18 -15 17 22 -13 -12 -14 28 -2 -17 27 25 26 -18 -11 -20 -21
right_child=7 2 -4 4 -6 -7 -8 -9 9 23 11 12 19 14 -16 16 24 -19 20 29 -22 -23 -24 -25 -26 -27 -28 -29 -30 -31
leaf_value=5.5425148943221911e-05 1.9843734521490798e-06 5.051667249595174e-06 -0.00024651582884039887 2.6658085178039861e-05 -4.6830035921427085e-05 -7.0315890861484893e-06 -1.2523988435095627e-05 -5.7034721947409053e-07 2.7828149672786719e-05 -0.00024042797179058483 0.00012906481637428216 2.7118618382155486e-05 -9.7022704343745214e-05 -0.00043970764024127141 3.1647440974251483e-05 0.00026296155404299977 0.00036448194130366961 -0.00016613923014305451 4.1888197927539284e-05 0.00010761144200867879 7.6362899064795497e-05 -0.00034331688927120401 0.00014673231133406872 -1.5909228136070513e-05 0.00027796154184053096 2.8052698098636476e-05 2.3200766843600035e-05 -5.7585395009861211e-05 -7.7701346552393888e-06 -2.2631765791700232e-05
leaf_weight=1535 33191 100 142 1139 3936 9980 1030 1190354 4415 219 548 7135 1215 225 197 2396 399 429 4519 1551 3393 258 2734 14985 553 6059 494 2415 16571 3674
leaf_count=1535 33191 100 142 1139 3936 9980 1030 1190354 4415 219 548 7135 1215 225 197 2396 399 429 4519 1551 3393 258 2734 14985 553 6059 494 2415 16571 3674
internal_value=-2.413e-06 -0.000361102 -0.0053719 -0.000292281 -0.00109852 3.3878e-05 0.00127184 2.52325e-06 0.000189403 -0.000367614 0.000332881 0.000547964 0.000851196 0.000230818 -0.00414692 0.00117209 0.0016205 0.000423057 0.000304622 -0.00015528 0.000229751 -2.24155e-06 0.00265107 -0.000667934 0.000916056 0.000697641 0.00282755 -0.00187216 4.5045e-05 0.000291309
internal_weight=1.31579e+06 17862 242 17620 5075 12545 2565 1.29793e+06 107575 22034 85541 52092 26639 25453 422 20199 12635 7564 25031 6440 24483 33449 5130 17619 7505 6952 893 2634 21090 5225
internal_count=1315791 17862 242 17620 5075 12545 2565 1297929 107575 22034 85541 52092 26639 25453 422 20199 12635 7564 25031 6440 24483 33449 5130 17619 7505 6952 893 2634 21090 5225
cat_boundaries=0 1 2 3 4 5 6 7 8 9 10 11
cat_threshold=4194718 99601 13631872 4639744 421728 36887 561168 102531 8454784 3178516 13144064
is_linear=0
shrinkage=0.05


Tree=194
num_leaves=31
num_cat=11
split_feature=2 7 3 0 1 7 6 0 7 5 0 7 0 6 0 0 5 5 3 0 3 0 5 0 7 0 7 6 6 6
split_gain=0.92006 4.39576 2.46063 3.00004 1.99547 3.53108 2.98621 2.36045 2.12539 1.9239 2.68659 2.12471 1.82413 1.76031 1.73406 1.73379 2.52299 3.29863 2.90241 3.0554 2.7863 6.75973 4.75761 2.60811 2.93551 2.51801 1.96337 1.67975 1.67435 1.63003
threshold=20.500000000000004 0.10774948533280357 4.5000000000000009 0 1 0.056500935961983231 13.132493889510007 2 0.079002874386179409 6.5000000000000009 3 0.10535545766871728 4 14.393812243437475 5 6 5.5000000000000009 4.5000000000000009 1.0000000180025095e-35 7 3.5000000000000004 8 6.5000000000000009 9 0.1037406997740149 10 0.097696204807955364 13.597834221510492 13.846957140209947 13.107980943556541
decision_type=2 2 2 1 1 2 2 1 2 2 1 2 1 2 1 1 2 2 2 1 2 1 2 1 2 1 2 2 2 2
left_child=-1 2 15 9 5 6 12 -7 13 11 -11 -4 -5 -6 -3 -2 17 -17 19 27 -20 -22 25 -19 -25 29 -24 -18 -9 -23
right_child=1 14 3 4 8 7 -8 28 -10 10 -12 -13 -14 -15 -16 16 18 23 20 -21 21 22 26 24 -26 -27 -28 -29 -30 -31
leaf_value=3.7111270606293716e-07 7.8534285904107583e-06 -0.00035900654643595615 -1.8386584387952536e-05 0.00036624876480750336 6.3021827098254381e-06 0.00014348828421010539 0.00016320349796035589 -1.6745855883825574e-05 -0.00020988474533335593 -0.0001329943810311672 6.2270796692411043e-05 -0.00051137532885680637 -4.495418373577018e-05 0.00014128134671263919 -0.00013501082850784149 -1.3644865905932096e-05 -0.00016188879553893939 -2.348955521435381e-05 -5.8045490098046841e-06 -3.3074761209541881e-05 -0.00013761032558996157 -0.00016651723986670626 3.9350621661341654e-05 3.4121578861387711e-05 -0.00018641870145393036 -2.397752833291937e-05 0.00055351118382982042 -3.0446752035729818e-05 0.0003763322863681737 -0.00012660610963420739
leaf_weight=1231196 10654 421 6826 108 9057 1681 954 3182 290 107 1010 201 323 180 749 23516 794 2917 8948 2097 912 131 735 6708 401 796 162 306 113 316
leaf_count=1231196 10654 421 6826 108 9057 1681 954 3182 290 107 1010 201 323 180 749 23516 794 2917 8948 2097 912 131 735 6708 401 796 162 306 113 316
internal_value=-2.147e-06 -0.000161653 -0.000118969 0.000307923 0.000707636 0.00139303 0.00362816 0.000773714 0.00024903 -0.000472161 0.00145479 -0.000779138 0.000174014 0.000381617 -0.00320513 -0.000291701 -0.000417957 -0.000175899 -0.000952491 -0.00229121 -0.000595833 -0.00190039 -0.000348837 0.000583483 0.00109917 -0.00235318 0.00242475 -0.00441441 -7.5643e-06 -0.00530635
internal_weight=1.31579e+06 84595 83425 24032 15888 6361 1385 4976 9527 8144 1117 7027 431 9237 1170 59393 48739 33542 15197 3197 12000 3052 2140 10026 7109 1243 897 1100 3295 447
internal_count=1315791 84595 83425 24032 15888 6361 1385 4976 9527 8144 1117 7027 431 9237 1170 59393 48739 33542 15197 3197 12000 3052 2140 10026 7109 1243 897 1100 3295 447
cat_boundaries=0 1 2 3 4 5 6 7 8 9 10 11
cat_threshold=2100102 2 1655825 2097152 9445440 2386058 8962306 1187392 3146840 2492420 335876
is_linear=0
shrinkage=0.05


Tree=195
num_leaves=31
num_cat=11
split_feature=6 0 5 3 0 7 0 7 7 3 3 7 5 7 3 3 1 3 0 7 7 0 1 0 0 1 7 6 0 6
split_gain=0.921204 2.70986 1.77003 1.85804 2.46553 1.3674 1.1874 1.79642 1.49852 1.48964 1.42112 1.1857 1.02559 1.43296 1.45315 1.01606 7.30912 5.36291 7.54669 6.33284 10.3607 5.1753 5.06504 4.76386 4.54975 3.78945 3.56331 3.52387 3.3325 3.15934
threshold=14.227162813018245 0 4.5000000000000009 5.5000000000000009 1 0.049684397321221409 2 0.049373452292769696 0.063671594128153361 1.0000000180025095e-35 3.5000000000000004 0.066488747448651006 6.5000000000000009 0.088353374510385843 5.5000000000000009 3.5000000000000004 3 4.5000000000000009 4 0.062084727255255469 0.075995310721284556 5 6 7 8 9 0.068017392552716618 11.583360624843122 10 12.482153937926691
decision_type=2 1 2 2 1 2 1 2 2 2 2 2 2 2 2 2 1 2 1 2 2 1 1 1 1 1 2 2 1 2
left_child=15 12 3 6 11 -6 8 -8 -3 -10 -9 -5 -2 14 -14 22 17 18 -17 21 26 -19 27 25 -22 -18 28 -1 -21 -24
right_child=1 2 -4 4 5 -7 7 10 9 -11 -12 -13 13 -15 -16 16 23 19 -20 20 24 -23 29 -25 -26 -27 -28 -29 -30 -31
leaf_value=0.00036975465076892618 1.8083176229929944e-05 3.4764679836598801e-05 -1.0203629225484512e-05 -0.00012784129863486067 0.00011061794299120631 -0.00011585919456617231 -0.00012294408329968488 -8.9709131367285422e-05 0.0001145036103090004 -8.7964114102835619e-05 1.6113758886350875e-05 -0.00040866796698682821 -3.2737861336048366e-05 0.00019656771288758813 -0.00023762233420918588 -0.00012687097372972371 -7.7319541922843415e-05 -0.00010324437755798514 6.0390586968496475e-05 0.00014186598748058138 2.777053588410676e-05 0.00026610555469950143 -5.0161305580986713e-05 3.4534202307284769e-06 0.000199512301135258 -6.9193495332857576e-06 -0.00011937030443577718 5.2161928622770914e-06 -5.1862696764529495e-05 -4.1689241365838042e-06
leaf_weight=1134 7194 1247 6011 139 103 480 346 1374 199 1324 720 152 783 134 131 5778 13187 846 10041 1481 5302 3628 27311 389893 12512 111814 4911 286635 2574 418407
leaf_count=1134 7194 1247 6011 139 103 480 346 1374 199 1324 720 152 783 134 131 5778 13187 846 10041 1481 5302 3628 27311 389893 12512 111814 4911 286635 2574 418407
internal_value=-1.691e-06 -0.000335595 -0.000811648 -0.00141354 -0.00354691 -0.00155987 -0.00105566 -0.00185714 -0.000341727 -0.00139527 -0.00131328 -0.00722591 0.000363548 -0.00109733 -0.00180525 3.55088e-06 5.41402e-05 0.000650447 -9.95638e-05 0.00103027 0.000739358 0.00277157 -3.52085e-05 -3.88422e-07 0.00143707 -0.000268976 -0.000646888 0.00012831 0.000450062 -0.000140781
internal_weight=1.31579e+06 20337 12095 6084 874 583 5210 2440 2770 1523 2094 291 8242 1048 914 1.29545e+06 561967 47073 15819 31254 26780 4474 733487 514894 17814 125001 8966 287769 4055 445718
internal_count=1315791 20337 12095 6084 874 583 5210 2440 2770 1523 2094 291 8242 1048 914 1295454 561967 47073 15819 31254 26780 4474 733487 514894 17814 125001 8966 287769 4055 445718
cat_boundaries=0 1 2 3 4 5 6 7 8 9 10 11
cat_threshold=13701134 16784 133393 32 4240537 4505684 81 6816340 9118296 64 4334828
is_linear=0
shrinkage=0.05


Tree=196
num_leaves=31
num_cat=13
split_feature=2 7 0 5 0 0 7 0 6 0 6 7 0 2 6 0 7 2 7 7 7 7 7 0 0 0 0 0 7 0
split_gain=0.962806 2.45834 2.01176 1.89272 3.44071 3.2244 2.30484 2.71866 2.15312 1.66367 1.65343 1.55675 2.55383 1.47321 3.00376 3.42329 2.21545 3.55139 6.05226 3.36433 7.93665 6.49419 3.19533 5.47994 3.13338 2.80811 2.55266 2.46633 2.33311 4.51171
threshold=6.5000000000000009 0.046314219883237036 0 4.5000000000000009 1 2 0.041583106592019921 3 12.706467557417165 4 13.173417643210577 0.041153998815989142 5 8.5000000000000018 13.748627688370652 6 0.11133455822118264 7.5000000000000009 0.044312859329215457 0.095201956953013631 0.075995310721284556 0.10579941122073669 0.099757710136907304 7 8 9 10 11 0.070859323985042702 12
decision_type=2 2 1 2 1 1 2 1 2 1 2 2 1 2 2 1 2 2 2 2 2 2 2 1 1 1 1 1 2 1
left_child=1 3 -3 5 10 8 9 -8 -1 -7 -5 12 -6 14 16 -16 17 18 -2 20 28 27 25 -24 -23 -20 -18 -21 -19 -30
right_child=13 2 -4 4 11 6 7 -9 -10 -11 -12 -13 -14 -15 15 -17 26 19 22 21 -22 24 23 -25 -26 -27 -28 -29 29 -31
leaf_value=0.00014181005872285768 0.00022553010266062706 4.5197186086982921e-06 -0.00023442533336100711 -4.1495005065710772e-05 -1.8012312929409707e-05 -2.4056857887885464e-06 -7.8398531935588476e-05 -3.1055993643804709e-06 2.2384269988183667e-05 0.00010902012141684893 -0.0001000127407262472 -8.5521529583198336e-06 0.00012345769937867191 -4.9611477626193554e-07 6.484387002636538e-05 -1.8878721902827746e-05 3.601225869934374e-05 3.6737892838307685e-05 2.8500495539424132e-05 0.00026287844325106338 -0.00029091549814325781 -3.7125822918531591e-05 4.0532793916370217e-05 -0.00026058883574177279 6.9717671619524626e-05 -1.2170858776014426e-05 -0.00010168886756016724 0.00010830314443869908 -0.0001013748038026091 2.0096516256743608e-05
leaf_weight=531 417 100 142 3484 424 586 1298 3831 1684 498 468 4454 362 1190354 1553 18293 2848 7341 18349 3441 574 4883 1329 1688 12614 20801 3547 4101 1793 4003
leaf_count=531 417 100 142 3484 424 586 1298 3831 1684 498 468 4454 362 1190354 1553 18293 2848 7341 18349 3441 574 4883 1329 1688 12614 20801 3547 4101 1793 4003
internal_value=-2.109e-06 -0.0003667 -0.0053719 -0.000297957 -0.000794169 0.000243237 -0.000341475 -0.000784753 0.0018764 0.00175277 -0.0019056 4.7619e-05 0.00209924 2.90848e-06 0.000180107 -0.000375391 0.000305771 0.000376226 6.10558e-05 0.000722581 9.2991e-05 0.00106733 1.77864e-06 -0.00156613 0.000538664 0.000122605 -0.000590305 0.00229382 0.000344447 -0.000405452
internal_weight=1.31579e+06 17862 242 17620 9192 8428 6213 5129 2215 1084 3952 5240 786 1.29793e+06 107575 19846 87729 81334 42584 38750 13711 25039 42167 3017 17497 39150 6395 7542 13137 5796
internal_count=1315791 17862 242 17620 9192 8428 6213 5129 2215 1084 3952 5240 786 1297929 107575 19846 87729 81334 42584 38750 13711 25039 42167 3017 17497 39150 6395 7542 13137 5796
cat_boundaries=0 1 2 3 4 5 6 7 8 9 10 11 12 13
cat_threshold=4194718 10850956 12681604 147491 2369610 1067360 4326400 15369052 1209152 16576515 2172967 70895 9897864
is_linear=0
shrinkage=0.05


Tree=197
num_leaves=31
num_cat=12
split_feature=5 1 3 0 0 3 3 2 0 6 0 2 3 0 0 2 0 3 0 2 0 5 2 3 0 5 2 2 0 6
split_gain=0.889717 2.89695 5.7903 7.05798 5.50978 2.75589 11.6469 11.092 7.56054 7.49142 6.19511 6.1755 6.36455 7.94672 6.09553 4.37042 3.88826 4.23546 6.58612 5.68014 5.01847 6.94598 4.10786 3.99708 5.26626 4.77172 8.34675 5.18898 4.93688 4.88426
threshold=5.5000000000000009 0 4.5000000000000009 1 2 1.0000000180025095e-35 1.5000000000000002 12.500000000000002 3 12.757262318944296 4 11.500000000000002 5.5000000000000009 5 6 18.500000000000004 7 3.5000000000000004 8 19.500000000000004 9 6.5000000000000009 14.500000000000002 4.5000000000000009 10 6.5000000000000009 16.500000000000004 15.500000000000002 11 13.68519171292421
decision_type=2 1 2 1 1 2 2 2 1 2 1 2 2 1 1 2 1 2 1 2 1 2 2 2 1 2 2 2 1 2
left_child=-1 2 3 -2 -4 8 7 10 9 -3 -7 12 -8 -14 -9 -10 -13 18 -18 -20 21 -19 -23 24 -22 27 28 -25 -27 -29
right_child=1 5 4 -5 -6 6 11 14 15 -11 -12 16 13 -15 -16 -17 17 20 19 -21 23 22 -24 25 -26 26 -28 29 -30 -31
leaf_value=1.0936005060351029e-06 -1.1801883573345218e-06 0.00010003678378736613 -2.5256545984170266e-05 -5.1334624938816598e-05 4.9336291757008659e-05 -5.4326518801742568e-05 2.418451729975721e-05 9.2614116616944296e-05 -2.2789569774726848e-05 -5.9960062174069246e-06 2.4297358723255474e-05 1.3692018154334331e-05 -7.5501294861842361e-05 1.2817262469525665e-05 3.2088926238406715e-05 -6.4422790982314289e-05 2.0735949387409857e-06 -5.5538062695844118e-05 -6.6575139117323014e-05 4.2700227435465978e-06 9.1927008525845993e-05 -4.3882037124938145e-05 3.4384429191466202e-05 4.8481733839115043e-05 4.9059731421281784e-06 -0.00017789823834118805 1.2775785731132441e-05 -3.1341591147339335e-05 -4.1092184679335232e-05 5.7502097849982531e-05
leaf_weight=895599 32049 4229 12588 34682 16539 7599 51979 12730 22011 14391 8574 29238 6040 9150 15889 6354 18080 18272 26664 7264 6138 3897 9137 8321 10741 2592 7600 9990 4771 2683
leaf_count=895599 32049 4229 12588 34682 16539 7599 51979 12730 22011 14391 8574 29238 6040 9150 15889 6354 18080 18272 26664 7264 6138 3897 9137 8321 10741 2592 7600 9990 4771 2683
internal_value=-2.565e-06 -6.25904e-05 -0.000304064 -0.000560834 0.000284101 8.78697e-06 6.87762e-05 0.000807064 -0.000345323 0.000437466 -0.000239597 -7.34229e-05 0.000330882 -0.000569454 0.00139855 -0.000859031 -0.000237623 -0.000349956 -0.000704699 -0.00111527 -0.000130731 -0.000632265 0.000249348 0.000166522 0.000801292 -0.000131407 -0.000813674 0.000354863 -0.00201345 -0.000282096
internal_weight=1.31579e+06 420192 95858 66731 29127 324334 277349 44792 46985 18620 16173 232557 67169 15190 28619 28365 165388 136150 52008 33928 84142 31306 13034 52836 16879 35957 14963 20994 7363 12673
internal_count=1315791 420192 95858 66731 29127 324334 277349 44792 46985 18620 16173 232557 67169 15190 28619 28365 165388 136150 52008 33928 84142 31306 13034 52836 16879 35957 14963 20994 7363 12673
cat_boundaries=0 1 2 3 4 5 6 7 8 9 10 11 12
cat_threshold=36 11802119 13812421 5883225 2450674 1913354 13078619 66464 2129950 12615710 157696 159744
is_linear=0
shrinkage=0.05


Tree=198
num_leaves=31
num_cat=11
split_feature=2 7 0 3 0 0 7 6 0 7 5 5 6 0 6 2 6 0 7 3 7 2 1 0 0 1 3 7 3 0
split_gain=0.904382 2.27013 1.87381 1.68904 2.78293 1.84076 2.34126 1.70944 1.57555 1.44132 1.78243 1.39353 1.71388 1.51392 1.48885 1.24632 3.01677 2.1326 2.30127 1.80406 1.62883 21.9985 8.32972 4.48252 4.22113 2.74979 7.22508 5.38728 4.63698 4.50771
threshold=6.5000000000000009 0.046314219883237036 0 4.5000000000000009 1 2 0.043140363600215427 13.028117530947315 3 0.045308045100993642 6.5000000000000009 6.5000000000000009 12.865942217649062 4 12.775502262725922 8.5000000000000018 13.05748933331842 5 0.11214418972523373 1.5000000000000002 0.10032138269058817 12.500000000000002 6 7 8 9 4.5000000000000009 0.1067207236017453 1.5000000000000002 10
decision_type=2 2 1 2 1 1 2 2 1 2 2 2 2 1 2 2 2 1 2 2 2 2 1 1 1 1 2 2 2 1
left_child=1 3 -3 5 11 -1 -7 8 -8 10 -10 12 13 -5 -13 16 17 18 -2 -20 -17 24 23 -23 -22 26 27 -24 29 -27
right_child=15 2 -4 4 -6 6 7 -9 9 -11 -12 14 -14 -15 -16 20 -18 -19 19 -21 21 22 25 -25 -26 28 -28 -29 -30 -31
leaf_value=-1.6089791269639774e-05 8.9082823472766422e-06 4.2390526529618309e-06 -0.00022275874671825839 7.6481450481061255e-05 -5.1156512913579437e-05 3.3556950214239793e-05 4.408193290284593e-05 -5.9737975308718147e-05 1.0817348235915049e-05 -0.00015485813354499425 -8.4772173541692106e-05 0.0002096267949018675 2.9282273917614551e-05 -7.7352137654152644e-05 1.9633529117047204e-05 4.5852790361428087e-07 -1.55260372036517e-06 4.9260112452779313e-05 -0.00025288921718954262 -9.0344821268328884e-05 -0.00022867455261281477 2.7489521448174905e-06 0.00017555623115654388 -0.0002428956990230432 -9.9632151217783979e-05 0.0001111550129523145 0.00021644008053046254 -2.4040826496667113e-05 -1.5232556951587374e-05 1.235033302841096e-05
leaf_weight=5117 13347 100 142 109 3114 4331 887 811 1124 133 142 108 891 712 141 1022807 65486 27706 289 747 5747 948 2328 1810 9738 7355 7664 16119 88343 27495
leaf_count=5117 13347 100 142 109 3114 4331 887 811 1124 133 142 108 891 712 141 1022807 65486 27706 289 747 5747 948 2328 1810 9738 7355 7664 16119 88343 27495
internal_value=-2.147e-06 -0.000355503 -0.00516529 -0.000289444 -0.00105911 2.19211e-05 0.000524334 -0.000524701 0.000174978 -0.000869411 -0.00035545 0.000418569 -8.76168e-05 -0.00173569 0.00391566 2.71587e-06 0.000165698 0.000495973 1.73696e-06 -0.00226834 -1.20132e-05 -0.000156523 2.63051e-05 -0.00269147 -0.00195189 7.6684e-05 0.000542667 6.77617e-06 -2.2118e-05 0.000466284
internal_weight=1.31579e+06 17862 242 17620 5075 12545 7428 3097 2286 1399 1266 1961 1712 821 249 1.29793e+06 107575 42089 14383 1036 1.19035e+06 167547 152062 2758 15485 149304 26111 18447 123193 34850
internal_count=1315791 17862 242 17620 5075 12545 7428 3097 2286 1399 1266 1961 1712 821 249 1297929 107575 42089 14383 1036 1190354 167547 152062 2758 15485 149304 26111 18447 123193 34850
cat_boundaries=0 1 2 3 4 5 6 7 8 9 10 11
cat_threshold=4194718 107829 2741801 5251456 1280 4398016 9 812122 3678952 32 5865616
is_linear=0
shrinkage=0.05


Tree=199
num_leaves=31
num_cat=9
split_feature=2 7 0 3 0 0 6 6 6 6 6 5 6 5 0 6 5 0 6 2 6 0 7 7 7 0 7 7 0 0
split_gain=0.891654 2.27277 1.87381 1.70152 2.41166 1.6228 1.42996 1.31236 1.30915 1.81926 1.18733 1.95153 1.91393 1.78481 2.02133 1.38925 1.56302 1.40136 1.16166 1.13124 2.77965 2.61149 2.6534 2.31116 4.53069 3.14339 2.76134 3.59695 4.06564 3.00318
threshold=6.5000000000000009 0.046314219883237036 0 4.5000000000000009 1 2 13.017453870890897 13.113700462282084 13.238405342681794 13.313290714638764 13.168517689813857 5.5000000000000009 12.734244204878513 3.5000000000000004 3 12.681593837491226 6.5000000000000009 4 12.801065229762154 8.5000000000000018 12.959316073029704 5 0.037634030996358557 0.11133455822118264 0.09920915220449486 6 0.071194167871942035 0.062923896024368639 7 8
decision_type=2 2 1 2 1 1 2 2 2 2 2 2 2 2 1 2 2 1 2 2 2 1 2 2 2 1 2 2 1 1
left_child=1 3 -3 5 7 6 -1 -5 -8 -10 12 -12 15 14 -14 16 17 -6 -15 20 21 -2 -23 24 26 -25 27 29 -29 -22
right_child=19 2 -4 4 10 -7 8 -9 9 -11 11 -13 13 18 -16 -17 -18 -19 -20 -21 23 22 -24 25 -26 -27 -28 28 -30 -31
leaf_value=3.4950986050606878e-05 -7.3980671896269059e-06 4.0271000203137567e-06 -0.00021162080938234539 -3.3862789179309533e-06 4.5237512968991991e-05 -9.8847767814068402e-06 -2.36898265916375e-05 6.4246412986581139e-05 0.00015767770698559211 -1.2683812441206811e-05 -6.3232168254060905e-05 -0.00018981030959187522 -7.5764323399535318e-06 6.9845843253425223e-05 0.00011681958282406015 -0.00019423454395075222 5.9179055596668244e-05 -8.9395196192642448e-05 -4.6467336061032857e-05 -4.2615768481284872e-07 1.4460777702223448e-05 -0.0013004066987759503 5.4152439772378608e-05 -0.00023534403045120979 6.3882932895958233e-05 -3.2797225545730392e-05 -2.907567169356598e-05 8.3590856058735066e-05 -8.0302649915417468e-07 -1.8836622013821208e-05
leaf_weight=2904 9771 100 142 1682 102 8249 1042 279 111 239 280 124 244 204 190 162 132 733 943 1190354 10838 115 22715 790 14215 2087 23506 4513 4617 14408
leaf_count=2904 9771 100 142 1682 102 8249 1042 279 111 239 280 124 244 204 190 162 132 733 943 1190354 10838 115 22715 790 14215 2087 23506 4513 4617 14408
internal_value=-1.843e-06 -0.000352704 -0.00516529 -0.000286606 -0.00105911 2.59067e-05 0.000812819 0.000317098 -0.000502874 0.00214286 -0.00192061 -0.00445545 -0.00154982 -0.000426945 0.00230415 -0.00312223 -0.00240434 -0.00320359 -0.00146033 2.98553e-06 0.000158262 0.000543695 0.000836252 -9.33657e-06 4.61184e-05 -0.00139903 -0.000150306 0.000135269 0.000985761 -0.000172305
internal_weight=1.31579e+06 17862 242 17620 5075 12545 4296 1961 1392 350 3114 404 2710 1581 434 1129 967 835 1147 1.29793e+06 107575 32601 22830 74974 72097 2877 57882 34376 9130 25246
internal_count=1315791 17862 242 17620 5075 12545 4296 1961 1392 350 3114 404 2710 1581 434 1129 967 835 1147 1297929 107575 32601 22830 74974 72097 2877 57882 34376 9130 25246
cat_boundaries=0 1 2 3 4 5 6 7 8 9
cat_threshold=4194718 107829 13633924 1329794 11010560 4397888 13420056 15879309 4628242
is_linear=0
shrinkage=0.05


end of trees

feature_importances:
shop_type=1370
shop_hour_share=1291
dow=1118
zone_id=887
shop_level=577
hour=399
month=358

parameters:
[boosting: gbdt]
[objective: quantile]
[metric: quantile]
[tree_learner: serial]
[device_type: cpu]
[data_sample_strategy: bagging]
[data: ]
[valid: ]
[num_iterations: 200]
[learning_rate: 0.05]
[num_leaves: 31]
[num_threads: 4]
[seed: 20251019]
[deterministic: 1]
[force_col_wise: 1]
[force_row_wise: 0]
[histogram_pool_size: -1]
[max_depth: -1]
[min_data_in_leaf: 100]
[min_sum_hessian_in_leaf: 0.001]
[bagging_fraction: 1]
[pos_bagging_fraction: 1]
[neg_bagging_fraction: 1]
[bagging_freq: 0]
[bagging_seed: 31097]
[bagging_by_query: 0]
[feature_fraction: 1]
[feature_fraction_bynode: 1]
[feature_fraction_seed: 1083]
[extra_trees: 0]
[extra_seed: 24788]
[early_stopping_round: 0]
[early_stopping_min_delta: 0]
[first_metric_only: 0]
[max_delta_step: 0]
[lambda_l1: 0]
[lambda_l2: 0]
[linear_lambda: 0]
[min_gain_to_split: 0]
[drop_rate: 0.1]
[max_drop: 50]
[skip_drop: 0.5]
[xgboost_dart_mode: 0]
[uniform_drop: 0]
[drop_seed: 31291]
[top_rate: 0.2]
[other_rate: 0.1]
[min_data_per_group: 100]
[max_cat_threshold: 32]
[cat_l2: 10]
[cat_smooth: 10]
[max_cat_to_onehot: 4]
[top_k: 20]
[monotone_constraints: ]
[monotone_constraints_method: basic]
[monotone_penalty: 0]
[feature_contri: ]
[forcedsplits_filename: ]
[refit_decay_rate: 0.9]
[cegb_tradeoff: 1]
[cegb_penalty_split: 0]
[cegb_penalty_feature_lazy: ]
[cegb_penalty_feature_coupled: ]
[path_smooth: 0]
[interaction_constraints: ]
[verbosity: -1]
[saved_feature_importance_type: 0]
[use_quantized_grad: 0]
[num_grad_quant_bins: 4]
[quant_train_renew_leaf: 0]
[stochastic_rounding: 1]
[linear_tree: 0]
[max_bin: 255]
[max_bin_by_feature: ]
[min_data_in_bin: 3]
[bin_construct_sample_cnt: 200000]
[data_random_seed: 5521]
[is_enable_sparse: 1]
[enable_bundle: 1]
[use_missing: 1]
[zero_as_missing: 0]
[feature_pre_filter: 1]
[pre_partition: 0]
[two_round: 0]
[header: 0]
[label_column: ]
[weight_column: ]
[group_column: ]
[ignore_column: ]
[categorical_feature: 0,1]
[forcedbins_filename: ]
[precise_float_parser: 0]
[parser_config_file: ]
[objective_seed: 19545]
[num_class: 1]
[is_unbalance: 0]
[scale_pos_weight: 1]
[sigmoid: 1]
[boost_from_average: 1]
[reg_sqrt: 0]
[alpha: 0.5]
[fair_c: 1]
[poisson_max_delta_step: 0.7]
[tweedie_variance_power: 1.5]
[lambdarank_truncation_level: 30]
[lambdarank_norm: 1]
[label_gain: ]
[lambdarank_position_bias_regularization: 0]
[eval_at: ]
[multi_error_top_k: 1]
[auc_mu_weights: ]
[num_machines: 1]
[local_listen_port: 12400]
[time_out: 120]
[machine_list_filename: ]
[machines: ]
[gpu_platform_id: -1]
[gpu_device_id: -1]
[gpu_device_id_list: ]
[gpu_use_dp: 0]
[num_gpu: 1]

end of parameters

pandas_categorical:[["Z1", "Z2", "Z3", "Z4", "Z5", "Z6", "Z7", "Z8", "Z9", "Z10", "Z11", "Z12", "Z13", "Z14", "Z15", "Z16", "Z17", "Z18", "Z19", "Z20", "Z21", "Z22", "Z23", "Z24"], ["TEA_STALL", "STREET_FOOD", "FRUIT_VEG", "KIRANA", "PHARMACY", "SALON", "MOBILE_RECHARGE"]]
