tree
version=v4
num_class=1
num_tree_per_iteration=1
label_index=0
max_feature_idx=7
objective=quantile
feature_names=zone_id shop_type hour dow is_festival month shop_level shop_hour_share
feature_infos=-1:2:11:13:12:1:5:0:20:7:3:4:21:10:18:8:6:14:23:16:22:17:9:15:19 -1:0:3:1:2:6:4:5 [6:22] [0:6] none [2:7] [10.992773149181277:14.913226278168301] [0.010399496282322484:0.16373360384154079]
tree_sizes=2867 3017 3037 3042 3049 3068 3028 3031 3025 3035 3075 3055 3047 3034 3043 3034 3049 3064 3118 3094 3078 3089 3081 3079 3108 3095 3105 3101 3078 3101 3106 3084 3091 3081 3109 3102 3091 3108 3096 3108 3109 3085 3101 3099 3125 3111 3133 3127 3154 3078 3129 3142 3127 3111 3103 3105 3132 3121 3155 3111 3079 3106 3105 3150 3096 3123 3113 3112 3105 3108 3154 3127 3108 3175 3135 3168 3111 3091 3109 3116 3133 3086 3115 3117 3127 3151 3127 3129 3108 3118 3106 3125 3103 3099 3093 3083 3125 3109 3120 3062 3078 3098 3096 3128 3124 3082 3116 3077 3094 3168 3160 3112 3171 3084 3133 3098 3126 3096 3139 3143 3078 3126 3157 3110 3086 3086 3107 3150 3069 3095 3069 3099 3111 3082 3064 3095 3065 3065 3125 3126 3086 3073 3120 3067 3078 3079 3064 3112 3085 3081 3060 3064 3077 3085 3082 3050 3036 3083 3048 3044 3072 3101 3023 3040 3073 3059 3089 3046 3044 3066 3043 3035 3039 3017 3069 3039 3084 3060 3068 3047 3052 3035 3032 3066 3111 3024 3099 3013 3052 3129 3044 3024 3069 3041 3078 3063 3028 3067 3058 3029

Tree=0
num_leaves=31
num_cat=10
split_feature=7 7 7 7 3 1 1 1 1 1 3 6 1 7 6 7 3 1 7 3 1 3 1 6 6 1 3 6 6 3
split_gain=15873.1 3346.45 1046.74 637.975 302.129 516.839 267.08 230.332 214.133 194.24 126.961 116.33 95.0676 84.3811 83.6136 78.0113 72.0924 74.7054 69.2656 64.8334 119.721 52.5792 53.4949 47.6884 42.8399 41.5746 52.1929 39.6309 39.3713 43.221
threshold=0.08960462641287327 0.11133455822118264 0.075491315677096354 0.10189595550363319 3.5000000000000004 0 1 2 3 4 4.5000000000000009 12.357696562278482 5 0.039807080262756707 12.357696562278482 0.094640789754007873 3.5000000000000004 6 0.062923896024368639 5.5000000000000009 7 5.5000000000000009 8 12.550115261411239 12.368543260317088 9 3.5000000000000004 12.32972287990661 12.51280338464896 5.5000000000000009
decision_type=2 2 2 2 2 1 1 1 1 1 2 2 1 2 2 2 2 1 2 2 1 2 1 2 2 1 2 2 2 2
left_child=2 3 8 6 12 -6 11 14 10 28 -1 19 -3 -12 -4 -8 17 -11 -10 -2 -21 -7 -23 -15 -14 26 -17 -20 29 -5
right_child=1 4 7 9 5 21 15 -9 18 16 13 -13 24 23 -16 25 -18 -19 27 20 -22 22 -24 -25 -26 -27 -28 -29 -30 -31
leaf_value=0.12003629989453968 0.12296797219712108 0.1221967216307677 0.12216760342771735 0.12344970192882823 0.12455865283029048 0.12279651648160286 0.12127169839932303 0.12063856044583524 0.11833365461076788 0.12209565584402285 0.11813131879462695 0.12198127362286879 0.12410678056340955 0.12242379426745123 0.12120734328362337 0.12158347485940313 0.12229925518447562 0.12154157349099251 0.1209092780365844 0.12524001953715924 0.12024147175661493 0.12096673498729409 0.12291734723541961 0.12123386559451318 0.12297917865099421 0.12151508537152758 0.1221565467512999 0.11975116598662709 0.12268719183876922 0.12341123643833321
leaf_weight=32123 12727 5702 12569 10666 22884 5726 59403 137490 534069 26431 2659 34020 6298 4806 32018 18006 32592 16489 6424 513 1698 1786 1074 5817 28564 77695 13914 155028 14792 1808
leaf_count=32123 12727 5702 12569 10666 22884 5726 59403 137490 534069 26431 2659 34020 6298 4806 32018 18006 32592 16489 6424 513 1698 1786 1074 5817 28564 77695 13914 155028 14792 1808
internal_value=0.120886 0.129305 0.117304 0.127118 0.139043 0.14272 0.125586 0.1207 0.116469 0.130365 0.119797 0.128839 0.136191 0.123908 0.123823 0.124644 0.129055 0.127709 0.116252 0.132518 0.124615 0.132214 0.12669 0.125902 0.137173 0.125435 0.126956 0.117159 0.133986 0.13606
internal_weight=1.31579e+06 392788 923003 320754 72034 31470 217976 182077 740926 102778 45405 48958 40564 13282 44587 169018 75512 42920 695521 14938 2211 8586 2860 10623 34862 109615 31920 161452 27266 12474
internal_count=1315791 392788 923003 320754 72034 31470 217976 182077 740926 102778 45405 48958 40564 13282 44587 169018 75512 42920 695521 14938 2211 8586 2860 10623 34862 109615 31920 161452 27266 12474
cat_boundaries=0 1 2 3 4 5 6 7 8 9 10
cat_threshold=34 96 98 32 96 5 21 32 65 18
is_linear=0
shrinkage=1


Tree=1
num_leaves=31
num_cat=10
split_feature=7 7 7 7 3 1 6 1 1 1 3 1 3 6 7 3 1 7 7 3 1 7 2 6 3 1 1 6 3 1
split_gain=14301.8 2852.48 1030.04 658.092 270.944 307.323 225.066 219.983 212.563 191.009 101.995 85.2531 178.306 76.6705 75.7315 69.1473 69.545 63.3924 57.8089 52.1641 111.206 47.2701 47.0414 44.2806 43.597 41.9587 39.9153 37.7901 43.3575 165.133
threshold=0.08960462641287327 0.11311322974291106 0.074089071534796075 0.10189595550363319 3.5000000000000004 0 12.357696562278482 1 2 3 4.5000000000000009 4 4.5000000000000009 12.108213082958892 0.041153998815989142 3.5000000000000004 5 0.060802840486139792 0.094640789754007873 5.5000000000000009 6 0.081409608983975507 18.500000000000004 12.368543260317088 5.5000000000000009 7 8 12.51280338464896 5.5000000000000009 9
decision_type=2 2 2 2 2 1 2 1 1 1 2 1 2 2 2 2 1 2 2 2 1 2 2 2 2 1 1 2 2 1
left_child=2 3 9 6 -3 22 19 13 27 10 -1 12 -8 -4 -12 16 -10 -11 -13 26 -21 -9 -6 -16 -7 -17 -2 28 -5 -30
right_child=1 4 7 8 5 24 11 21 15 17 14 18 -14 -15 23 25 -18 -19 -20 20 -22 -23 -24 -25 -26 -27 -28 -29 29 -31
leaf_value=-0.00083875061552098897 0.0019776277453565695 0.002148895613679134 0.0016459300456726569 0.0024891794108291608 0.0047048559560221121 0.001958515785088748 0.00070708534115026677 -0.00053343237288877164 0.0011560861799602405 -0.0024998491417743819 -0.0026168554757922814 0.00042008651661242375 0.0025358841750928911 0.00038911134939276785 0.0017310388857997559 0.0014584910446109143 0.00061695966991466707 -0.0011119827026421912 0.00070290834017965736 -0.00050274050448911823 0.0040439557701006379 -0.00011245381991252385 0.0030296162436406074 0.00044870573861317126 0.00069376046154539866 0.0010285209715934316 0.00081974828049878189 0.0017460087672661205 0.0047657996907746461 -0.00045758491609190907
leaf_weight=30787 12727 34624 5666 12395 5503 3455 7954 63591 29642 511104 2664 67440 3284 42450 3002 25057 16644 170406 121095 2106 577 86292 16318 7041 1693 9988 2793 17370 687 1436
leaf_count=30787 12727 34624 5666 12395 5503 3455 7954 63591 29642 511104 2664 67440 3284 42450 3002 25057 16644 170406 121095 2106 577 86292 16318 7041 1693 9988 2793 17370 687 1436
internal_value=-0.000157743 0.00783313 -0.00355829 0.00599564 0.0177136 0.0214711 0.00438934 -0.000362099 0.00908818 -0.00443118 -0.00121759 0.00390436 0.00813567 0.00257906 0.00255095 0.0077279 0.00646027 -0.00463618 0.00365151 0.00971186 0.00327432 -0.00130637 0.0240642 0.00453898 0.0104129 0.00940434 0.0108247 0.0125513 0.0144379 0.00783561
internal_weight=1.31579e+06 392788 923003 331195 61593 26969 217976 197999 113219 725004 43494 199773 11238 48116 12707 81331 46286 681510 188535 18203 2683 149883 21821 10043 5148 35045 15520 31888 14518 2123
internal_count=1315791 392788 923003 331195 61593 26969 217976 197999 113219 725004 43494 199773 11238 48116 12707 81331 46286 681510 188535 18203 2683 149883 21821 10043 5148 35045 15520 31888 14518 2123
cat_boundaries=0 1 2 3 4 5 6 7 8 9 10
cat_threshold=34 98 96 32 32 21 65 6 96 32
is_linear=0
shrinkage=0.05


Tree=2
num_leaves=31
num_cat=8
split_feature=7 7 7 7 1 3 1 1 1 1 6 7 6 3 6 6 7 3 2 6 7 3 1 7 1 3 3 7 3 1
split_gain=12893.5 2475.03 963.189 439.143 264.809 407.191 206.257 196.033 192.103 125.009 85.0948 83.0207 76.2692 76.2155 75.8989 65.7241 63.7217 54.7478 51.9547 49.3912 45.011 44.4068 48.6574 40.2687 36.4934 189.52 152.276 36.0945 34.0971 33.9266
threshold=0.089200895554978468 0.11059968330818006 0.074089071534796075 0.10189595550363319 0 3.5000000000000004 1 2 3 4 12.2093123918769 0.055074923248330736 12.381949521562431 5.5000000000000009 12.281729595966118 12.261251879726503 0.094067919496270538 3.5000000000000004 8.5000000000000018 12.458740034030809 0.064430754603633414 5.5000000000000009 5 0.079844418236537679 6 4.5000000000000009 5.5000000000000009 0.11621054548671803 2.5000000000000004 7
decision_type=2 2 2 2 1 2 1 1 1 1 2 2 2 2 2 2 2 2 2 2 2 2 1 2 1 2 2 2 2 1
left_child=2 3 7 6 5 27 10 11 15 -5 21 -1 13 -6 -13 -4 -8 18 -11 -7 -9 -2 -23 -10 25 28 -26 -3 -12 -18
right_child=1 4 8 9 12 19 16 20 23 17 24 14 -14 -15 -16 -17 29 -19 -20 -21 -22 22 -24 -25 26 -27 -28 -29 -30 -31
leaf_value=-0.0019209653114660346 0.0021553786047147599 0.0015870696319950574 0.0012875606588949083 0.0019095993115178585 0.0025891221750146509 0.0050239804714419887 0.00031472806370150334 -0.0023101094677267136 -0.00057656941130418838 0.0012012476769427101 0.0003059965586190275 0.00053152891464825261 0.0013354660531133379 0.00040840941916747215 -0.00051537560388924405 0.00029913144575982739 0.00085998395175811712 0.0012708390423131696 0.00074192076284120001 0.0029332076644929361 -0.001050744134892749 0.0045795020605481794 -0.00044782062387780102 -0.00014864591820223027 0.001039152006429174 0.002511083871112014 -0.0011622138537452544 0.002042201409335902 0.0012691111833345724 0.00055645687739478008
leaf_weight=26891 7674 4050 9266 25186 5486 3620 55466 526104 48214 13203 5530 13114 17602 910 44202 37129 33372 31197 27909 19752 114693 263 1080 98299 23650 3878 4047 25897 3905 84202
leaf_count=26891 7674 4050 9266 25186 5486 3620 55466 526104 48214 13203 5530 13114 17602 910 44202 37129 33372 31197 27909 19752 114693 263 1080 98299 23650 3878 4047 25897 3905 84202
internal_value=-0.000304233 0.00721351 -0.00356288 0.00527679 0.0152433 0.0172093 0.00405333 -0.00439835 -0.000422949 0.00807605 0.00688121 -0.00212944 0.0108635 0.0155441 -0.00105433 0.00238067 0.00323519 0.00701551 0.00581801 0.0221586 -0.0046964 0.0112804 0.00289278 -0.00131082 0.00591563 0.00807138 0.00487476 0.0133524 0.00425278 0.0038944
internal_weight=1.31579e+06 397879 917912 320562 77317 53319 223067 725004 192908 97495 50027 84207 23998 6396 57316 46395 173040 72309 41112 23372 640797 9017 1343 146513 41010 13313 27697 29947 9435 117574
internal_count=1315791 397879 917912 320562 77317 53319 223067 725004 192908 97495 50027 84207 23998 6396 57316 46395 173040 72309 41112 23372 640797 9017 1343 146513 41010 13313 27697 29947 9435 117574
cat_boundaries=0 1 2 3 4 5 6 7 8
cat_threshold=34 96 96 98 96 32 32 18
is_linear=0
shrinkage=0.05


Tree=3
num_leaves=31
num_cat=9
split_feature=7 7 7 7 7 3 1 1 1 1 1 7 6 1 6 7 6 2 3 2 7 3 1 7 1 6 3 3 1 3
split_gain=11657.6 2173.19 851.323 363.9 261.7 220.931 187.616 185.859 160.627 102.074 82.5428 78.1092 77.8752 69.776 66.7786 62.9306 56.3634 54.3914 49.9084 50.1863 44.8788 42.0646 142.371 38.8602 33.0771 32.9166 31.8827 29.7067 82.9155 28.3454
threshold=0.088353374510385843 0.10992261969582411 0.07329333279788576 0.10121563202033958 0.11621054548671803 3.5000000000000004 0 1 2 3 4 0.053246242644966579 12.502919158420534 5 12.031923105590947 0.093791546260364872 12.357696562278482 18.500000000000004 3.5000000000000004 8.5000000000000018 0.057924780312054024 5.5000000000000009 6 0.079844418236537679 7 12.031923105590947 4.5000000000000009 4.5000000000000009 8 3.5000000000000004
decision_type=2 2 2 2 2 2 1 1 1 1 1 2 2 1 2 2 2 2 2 2 2 2 1 2 1 2 2 2 1 2
left_child=2 3 6 7 13 -6 11 12 16 -5 17 -1 21 -3 -13 -9 -4 26 19 -11 -8 25 -23 -10 -20 -2 -7 -16 -29 -18
right_child=1 4 8 9 5 10 20 15 23 18 -12 14 -14 -15 27 -17 29 -19 24 -21 -22 22 -24 -25 -26 -27 -28 28 -30 -31
leaf_value=-0.0019518620002723927 0.0024767700432682159 0.0021296366955919784 0.0010264514096483734 0.0017570868750832348 0.0019822291621161532 0.0033546562055978184 -0.0023836200387882763 0.00026374199061868708 -0.00056820739711787725 0.0011441693836492558 0.0016684957360895735 0.00096356468786255867 0.00079797117932327993 0.0011747440595603481 -0.00060984389504377813 0.00058683086022569275 -9.5855696525810888e-05 0.0027039980256793636 0.0012803534043695386 0.00068587650648318024 -0.0011389477647775574 0.0034816375079550349 -0.00070283980916242936 -0.00016152822556758271 0.0008696911612637193 0.0013991528059683147 0.0048574579723420835 0.00062024918811109031 -0.0014465069306698153 0.00053033277920647018
leaf_weight=24767 3843 15068 13254 25503 28675 1559 462552 60241 55935 12518 2073 5312 27751 16551 36928 112696 18171 15502 24017 31487 170188 840 2468 90972 9497 15068 3168 8747 6343 14097
leaf_count=24767 3843 15068 13254 25503 28675 1559 462552 60241 55935 12518 2073 5312 27751 16551 36928 112696 18171 15502 24017 31487 170188 840 2468 90972 9497 15068 3168 8747 6343 14097
internal_value=-0.000435446 0.00657812 -0.00359352 0.0047423 0.0138223 0.0160389 -0.00438818 0.0036065 -0.000641511 0.00719982 0.0197713 -0.00213849 0.00629252 0.0102487 -0.00112507 0.00282985 0.00195335 0.0207473 0.00629384 0.00518748 -0.00467997 0.00849971 0.00329806 -0.00144561 0.0077484 0.0094096 0.0254527 -0.00167038 0.000198806 0.000826204
internal_weight=1.31579e+06 408525 907266 325929 82596 50977 714837 222907 192429 103022 22302 82097 49970 31619 57330 172937 45522 20229 77519 44005 632740 22219 3308 146907 33514 18911 4727 52018 15090 32268
internal_count=1315791 408525 907266 325929 82596 50977 714837 222907 192429 103022 22302 82097 49970 31619 57330 172937 45522 20229 77519 44005 632740 22219 3308 146907 33514 18911 4727 52018 15090 32268
cat_boundaries=0 1 2 3 4 5 6 7 8 9
cat_threshold=96 96 98 96 34 96 32 6 32
is_linear=0
shrinkage=0.05


Tree=4
num_leaves=31
num_cat=8
split_feature=7 7 7 7 7 3 1 1 6 1 1 2 1 6 7 3 7 6 1 6 6 2 7 6 3 1 6 6 1 3
split_gain=10569.4 1916.03 766.012 317.313 261.137 189.104 161.638 155.889 152.508 86.8783 76.0513 72.7198 70.0332 60.3668 57.3833 57.142 54.5739 50.2657 49.0221 48.9542 46.0039 37.5177 35.4259 31.0235 30.7448 114.934 29.9673 28.8478 28.4158 96.814
threshold=0.08756692481203783 0.10824896163657158 0.071194167871942035 0.11621054548671803 0.099757710136907304 3.5000000000000004 0 1 12.655801817186282 2 3 9.5000000000000018 4 12.502919158420534 0.077522266920712082 3.5000000000000004 0.092200432267289856 12.031923105590947 5 12.44545660439722 12.031923105590947 8.5000000000000018 0.057428253650754317 12.44545660439722 5.5000000000000009 6 12.031923105590947 12.031923105590947 7 4.5000000000000009
decision_type=2 2 2 2 2 2 1 1 2 1 1 2 1 2 2 2 2 2 1 2 2 2 2 2 2 1 2 2 1 2
left_child=2 4 6 10 7 27 11 13 20 26 23 -1 19 24 -10 21 -9 -13 -17 -7 -4 -11 -8 -3 -2 -26 -6 -5 29 -22
right_child=1 3 8 5 9 12 22 16 14 15 -12 17 -14 -15 -16 18 -18 -19 -20 -21 28 -23 -24 -25 25 -27 -28 -29 -30 -31
leaf_value=-0.002327059411713261 0.0015040380851698443 0.0024878548446441106 0.0014437773468560567 0.0035927639874606177 0.0026847507332503728 0.0048514530997748094 -0.0022752193820807379 0.00017909230977392434 -0.00066515486326228636 0.0010597281909162746 0.0011272946268486789 0.00074242582777446031 0.001585070949285095 0.00073758158955294396 -0.00018073327578833995 0.0011881865694605004 0.00050114740298041257 -0.00047123666276956404 0.00068611878712440319 0.0026404515833185222 8.9395104564430147e-05 0.00058763737442887182 -0.0011517329678032364 0.0016579613196100553 0.0031993970149756059 -0.00067941208964099407 0.0014012014336228782 0.0017919920077131336 6.2549417431442873e-05 0.0019925543703121803
leaf_weight=19198 17424 7785 4448 1454 2962 2584 458221 48863 67029 10448 26804 6074 2073 26092 110800 26573 111854 49790 11395 17645 6732 39376 150449 12071 792 2240 23147 27221 21434 2813
leaf_count=19198 17424 7785 4448 1454 2962 2584 458221 48863 67029 10448 26804 6074 2073 26092 110800 26573 111854 49790 11395 17645 6732 39376 150449 12071 792 2240 23147 27221 21434 2813
internal_value=-0.00055811 0.00600016 -0.00362016 0.0121339 0.00413546 0.0148609 -0.00443618 0.00307855 -0.00100387 0.00605873 0.00915452 -0.00224598 0.0183141 0.00562653 -0.00160067 0.00530329 0.00234008 -0.00133396 0.00676517 0.0192132 0.00199184 0.00419035 -0.00470617 0.0115056 0.00766132 0.00301451 0.00859355 0.0121752 0.00130911 0.00357666
internal_weight=1.31579e+06 418803 896988 97637 321166 50977 683732 207265 213256 113901 46660 75062 22302 46548 177829 87792 160717 55864 37968 20229 35427 49824 608670 19856 20456 3032 26109 28675 30979 9545
internal_count=1315791 418803 896988 97637 321166 50977 683732 207265 213256 113901 46660 75062 22302 46548 177829 87792 160717 55864 37968 20229 35427 49824 608670 19856 20456 3032 26109 28675 30979 9545
cat_boundaries=0 1 2 3 4 5 6 7 8
cat_threshold=96 96 96 96 34 6 32 32
is_linear=0
shrinkage=0.05


Tree=5
num_leaves=31
num_cat=6
split_feature=7 7 7 7 7 3 6 1 1 7 1 3 2 1 6 6 7 2 6 3 6 7 1 3 1 3 3 7 6 3
split_gain=9646.66 1651.04 766.235 271.216 225.202 164.67 162.407 134.132 133.251 87.8343 80.7203 162.93 68.6569 66.3407 64.4859 51.5352 42.1886 38.8078 36.0085 33.8291 33.0993 32.2824 30.6226 63.0263 28.017 138.82 102.343 27.6584 27.0585 25.8491
threshold=0.08756692481203783 0.10824896163657158 0.069397796195364417 0.11621054548671803 0.09920915220449486 3.5000000000000004 12.51280338464896 0 1 0.077522266920712082 2 4.5000000000000009 9.5000000000000018 3 12.44545660439722 12.147946851847994 0.092200432267289856 18.500000000000004 12.031923105590947 4.5000000000000009 12.031923105590947 0.10414963761858197 4 4.5000000000000009 5 4.5000000000000009 5.5000000000000009 0.057428253650754317 12.068607812365963 1.5000000000000002
decision_type=2 2 2 2 2 2 2 1 1 2 1 2 2 1 2 2 2 2 2 2 2 2 1 2 1 2 2 2 2 2
left_child=2 4 8 14 7 28 20 15 12 -8 11 29 -1 19 -3 -2 -9 -15 -14 -7 -4 -12 23 -11 25 -17 -26 -10 -5 -6
right_child=1 3 6 5 10 13 9 16 27 22 21 -13 18 17 -16 24 -18 -19 -20 -21 -22 -23 -24 -25 26 -27 -28 -29 -30 -31
leaf_value=-0.0022107064411275973 0.0018346269986713488 0.0022459036474072789 0.0013659797037569306 0.0033447448630901534 0.00044996543333208482 0.0028814869063379773 -0.00066421464645800496 0.00017013769428522832 -0.0021614584129767008 -0.00013735689618344719 0.00076915757226918291 0.0030861278937124718 0.00063052447646372181 0.0015058174157739238 0.0012272459588941456 0.0005742799796117715 0.00045893367978134332 0.0023592629165642477 -0.00046751586919574825 0.0043117807762385503 0.00036023062511160073 0.0010304453339681837 -0.00019841705060493419 0.0012820942597938153 0.00085124525352746208 0.0022413210557366407 -0.0011302157356147197 -0.0011503556202233098 0.0016941916425146503 0.0015402400715827272
leaf_weight=19198 6370 8903 5001 1714 2799 1868 98156 48863 458221 7459 72914 3015 5533 2053 37757 8452 103576 14586 42254 3795 22630 41061 108759 3098 22165 3564 3767 126679 26961 4620
leaf_count=19198 6370 8903 5001 1714 2799 1868 98156 48863 458221 7459 72914 3015 5533 2053 37757 8452 103576 14586 42254 3795 22630 41061 108759 3098 22165 3564 3767 126679 26961 4620
internal_value=-0.000662154 0.00560331 -0.0035875 0.0112971 0.00387236 0.0138183 -0.00120425 0.00281954 -0.00448358 -0.00166302 0.00553742 0.00975009 -0.00236995 0.0170406 0.00854265 0.0052407 0.00211517 0.0154066 -0.0013557 0.021776 0.00240653 0.00515046 -0.000751619 0.0018184 0.00454332 0.00654166 0.00361344 -0.00472551 0.0113121 0.00577638
internal_weight=1.31579e+06 418803 896988 97637 321166 50977 245103 196757 651885 217472 124409 10434 66985 22302 46660 44318 152439 16639 47787 5663 27631 113975 119316 10557 37948 12016 25932 584900 28675 7419
internal_count=1315791 418803 896988 97637 321166 50977 245103 196757 651885 217472 124409 10434 66985 22302 46660 44318 152439 16639 47787 5663 27631 113975 119316 10557 37948 12016 25932 584900 28675 7419
cat_boundaries=0 1 2 3 4 5 6
cat_threshold=96 96 32 32 34 32
is_linear=0
shrinkage=0.05


Tree=6
num_leaves=31
num_cat=9
split_feature=7 7 7 7 6 6 3 7 7 1 1 7 1 1 3 3 3 1 3 1 3 6 7 1 2 3 1 6 3 1
split_gain=8795.29 1463.43 708.721 312.683 184.571 169.234 141.753 137.272 114.221 81.6498 75.4347 61.4485 58.6519 54.5027 102.532 69.9418 47.6685 85.2394 45.5192 43.9212 100.069 43.6517 38.7568 34.8167 34.7338 34.7009 34.3473 31.0679 28.0513 25.2121
threshold=0.086782565864286745 0.10626256099500953 0.065490264867075224 0.11621054548671803 12.609590024708785 12.395871386706281 3.5000000000000004 0.098690406200936651 0.076536027880184682 0 1 0.039807080262756707 2 3 5.5000000000000009 3.5000000000000004 3.5000000000000004 4 4.5000000000000009 5 4.5000000000000009 12.031923105590947 0.092200432267289856 6 18.500000000000004 5.5000000000000009 7 12.44545660439722 4.5000000000000009 8
decision_type=2 2 2 2 2 2 2 2 2 1 1 2 1 1 2 2 2 1 2 1 2 2 2 1 2 2 1 2 2 1
left_child=2 5 10 9 21 13 -5 19 -6 27 11 -1 28 15 29 -2 23 26 -13 20 -7 -4 -21 -9 -14 -19 -18 -3 -8 -15
right_child=1 3 4 6 8 7 12 16 -10 -11 -12 18 24 14 -16 -17 17 25 -20 22 -22 -23 -24 -25 -26 -27 -28 -29 -30 -31
leaf_value=-0.0026438704543101906 0.0013440240598166855 0.0022494094331476683 0.0011963415069740496 0.0016972120001161495 -0.00074497268617957876 0.00040941507981301952 0.0027374125610210788 0.001053218870970459 -0.00019193757619019342 0.00099418375515108277 -0.0018367505081510506 -0.00035163772161057866 0.001430526544985227 0.0013936375542748193 -0.0004828100717155182 0.0031161503513482789 0.0020173864168856188 0.00071558249337880253 0.00094793272752223187 0.00017114847273498067 0.0019516385934112369 0.00016660577260456562 0.00043046185546491986 0.00051482308323838924 0.0022412997707360357 -0.00013965380724037456 0.0010598912971493814 0.0014588243240908477 0.0040961917374266223 0.00067386069935708925
leaf_weight=8878 3551 9870 6148 28675 143805 6655 1868 9222 113623 41759 563926 9428 2053 15886 3670 2790 2707 10423 3845 62094 2804 36833 106386 48533 14586 5285 25821 15725 3795 5147
leaf_count=8878 3551 9870 6148 28675 143805 6655 1868 9222 113623 41759 563926 9428 2053 15886 3670 2790 2707 10423 3845 62094 2804 36833 106386 48533 14586 5285 25821 15725 3795 5147
internal_value=-0.000758978 0.0051153 -0.00360376 0.00984776 -0.0016291 0.00331452 0.0128021 0.00292609 -0.00213551 0.00761172 -0.00461592 -0.00175105 0.0157919 0.0068171 0.00574738 0.0109581 0.00438857 0.0056237 0.000401943 0.00208782 0.00540236 0.00140399 0.0019013 0.00344256 0.0142564 0.00266001 0.00725208 0.0098389 0.0202424 0.00709528
internal_weight=1.31579e+06 429305 886486 118331 300409 310974 50977 279930 257428 67354 586077 22151 22302 31044 24703 6341 101991 44236 13273 177939 9459 42981 168480 57755 16639 15708 28528 25595 5663 21033
internal_count=1315791 429305 886486 118331 300409 310974 50977 279930 257428 67354 586077 22151 22302 31044 24703 6341 101991 44236 13273 177939 9459 42981 168480 57755 16639 15708 28528 25595 5663 21033
cat_boundaries=0 1 2 3 4 5 6 7 8 9
cat_threshold=96 32 32 32 38 32 80 32 66
is_linear=0
shrinkage=0.05


Tree=7
num_leaves=31
num_cat=10
split_feature=7 7 7 7 6 1 3 7 6 1 7 1 3 1 1 1 2 3 1 3 3 1 7 1 3 3 2 1 3 6
split_gain=8032.81 1283.16 683.94 268.712 172.577 155.657 121.346 121.3 100.074 69.8797 67.2722 64.67 60.902 138.638 59.4893 58.8958 54.8968 48.8649 43.1127 122.126 83.4181 37.9588 34.6719 31.4786 65.3498 30.0348 28.6934 27.9314 37.7505 27.8696
threshold=0.086387359317017867 0.10626256099500953 0.064782105815951105 0.11621054548671803 12.413077667390478 0 2.5000000000000004 0.075995310721284556 12.51280338464896 1 0.092200432267289856 2 3.5000000000000004 3 4 5 9.5000000000000018 5.5000000000000009 6 5.5000000000000009 4.5000000000000009 7 0.10335342902000616 8 4.5000000000000009 4.5000000000000009 12.500000000000002 9 4.5000000000000009 12.32972287990661
decision_type=2 2 2 2 2 1 2 2 2 1 2 1 2 1 1 1 2 2 1 2 2 1 2 1 2 2 2 1 2 2
left_child=2 5 11 9 -4 8 -5 -6 18 29 -7 16 15 21 25 -10 -1 -15 20 -20 -2 -14 -12 24 -9 -8 -23 28 -18 -3
right_child=1 3 4 6 7 10 14 23 12 -11 22 -13 13 17 -16 -17 27 -19 19 -21 -22 26 -24 -25 -26 -27 -28 -29 -30 -31
leaf_value=-0.0019977665952676457 0.0013518662227471436 0.0022912727089360778 0.00050606073136024745 0.0015032712762868101 -0.00071044250266748938 8.4320940035905866e-05 0.0025877524197028046 -0.00016387488336337948 0.00077487994980761517 0.00094447456739352826 0.00041278426812794804 -0.0017990814106616689 0.0016604043206418122 0.00051974609573792125 0.0019592805913955335 0.000251028638902583 -0.00031025959181879987 -0.00058018271051143934 0.0012530887869323225 -0.00071510958651669341 0.0031324389329087559 0.00049912631573178112 0.00088045368828736266 -0.0002245779393711077 0.0012510047463114668 0.0038913821505552914 0.0011295587602536169 -0.00069685675911413433 0.00095709137484015216 0.001443163531880649
leaf_weight=19198 5998 7057 26742 21418 155633 48137 3735 7662 23522 41759 109133 529734 6107 12021 22029 40759 8223 5991 21075 3663 2535 6894 11870 111928 3175 3795 18727 15397 3336 18538
leaf_count=19198 5998 7057 26742 21418 155633 48137 3735 7662 23522 41759 109133 529734 6107 12021 22029 40759 8223 5991 21075 3663 2535 6894 11870 111928 3175 3795 18727 15397 3336 18538
internal_value=-0.000841324 0.00472001 -0.00358569 0.00916197 -0.00167186 0.00305892 0.0119008 -0.00204039 0.00424733 0.00708911 0.00202365 -0.00459975 0.0035436 0.00485726 0.0139773 0.00252711 -0.0028024 0.00135057 0.0066603 0.00559479 0.00973136 0.00684542 0.0026527 -0.000865272 0.00170692 0.0178515 0.0059945 -0.00134775 0.000510415 0.00914958
internal_weight=1.31579e+06 434763 881028 118331 305140 316432 50977 278398 147292 67354 169140 575888 114021 49740 29559 64281 46154 18012 33271 24738 8533 31728 121003 122765 10837 7530 25621 26956 11559 25595
internal_count=1315791 434763 881028 118331 305140 316432 50977 278398 147292 67354 169140 575888 114021 49740 29559 64281 46154 18012 33271 24738 8533 31728 121003 122765 10837 7530 25621 26956 11559 25595
cat_boundaries=0 1 2 3 4 5 6 7 8 9 10
cat_threshold=114 96 96 34 32 80 32 32 34 32
is_linear=0
shrinkage=0.05


Tree=8
num_leaves=31
num_cat=9
split_feature=7 7 7 7 1 1 3 6 7 6 1 3 7 3 1 3 1 1 7 1 1 6 3 1 6 3 7 6 3 2
split_gain=7331.93 1100.82 696.35 239.76 194.039 133.378 98.5487 85.8764 82.1171 68.298 67.1574 183.755 55.7465 44.9583 151.003 66.31 65.064 51.6073 40.3932 43.9601 40.2594 45.6159 31.0014 76.2857 30.1524 33.9661 28.1259 27.2099 26.8867 25.8966
threshold=0.086387359317017867 0.10579941122073669 0.062505067222812016 0.11621054548671803 0 1 3.5000000000000004 12.298723605796148 0.075995310721284556 12.108213082958892 2 4.5000000000000009 0.092200432267289856 3.5000000000000004 3 5.5000000000000009 4 5 0.055735845590990436 6 7 12.281729595966118 5.5000000000000009 8 12.2093123918769 5.5000000000000009 0.074516782080893587 12.315433647650661 4.5000000000000009 12.500000000000002
decision_type=2 2 2 2 1 1 2 2 2 2 1 2 2 2 1 2 1 1 2 1 1 2 2 1 2 2 2 2 2 2
left_child=2 5 18 10 9 7 27 22 -6 -4 11 -3 -7 16 17 -16 -9 28 -1 -20 21 -8 -2 -24 25 -12 -11 -5 -15 -19
right_child=1 3 4 6 8 12 20 13 -10 26 24 -13 -14 14 15 -17 -18 29 19 -21 -22 -23 23 -25 -26 -27 -28 -29 -30 -31
leaf_value=-0.0018885258376479836 0.0015090001593559034 0.0011726980449213746 0.00091624308731243437 0.002458288464240399 -0.0007707091504681108 8.0104893034110424e-05 0.0044935338698235501 0.00079647855979046744 -0.00026269078671849053 -0.00030752089784234933 0.0020600964971593042 0.0031377116527503061 0.00042878171394472207 0.0010607123878195576 0.00056292295964474679 -0.00061920143161966557 0.00026053441196543674 0.00047002276548422625 0.00010808522081544807 -0.0010359863710421211 0.0012610361742131054 0.0022037510135722491 0.0033671626913493167 -0.00057086872675696676 0.0009383697573898431 -0.00032545454940980392 9.7954477935527191e-05 0.0013924697042485184 0.00195102481637164 0.0010736414920208728
leaf_weight=467818 15209 8664 9623 3665 151213 48137 1466 28991 84531 41081 3335 3573 118969 2623 14733 7372 42231 6969 5931 71539 2073 18763 608 2044 56334 587 49292 25010 5177 18230
leaf_count=467818 15209 8664 9623 3665 151213 48137 1466 28991 84531 41081 3335 3573 118969 2623 14733 7372 42231 6969 5931 71539 2073 18763 608 2044 56334 587 49292 25010 5177 18230
internal_value=-0.000916564 0.00439661 -0.00353847 0.00839151 -0.00174704 0.00281209 0.011019 0.00392633 -0.00252984 9.86929e-05 0.00654387 0.0099261 0.00185033 0.00346777 0.00454014 0.00133959 0.00263809 0.00668166 -0.00464148 -0.00358397 0.0135118 0.0141931 0.00717177 0.00218326 0.00585438 0.0100943 -0.000327699 0.00908021 0.0102433 0.00557559
internal_weight=1.31579e+06 434763 881028 123470 335740 311293 50977 144187 235744 99996 72493 12237 167106 126326 55104 22105 71222 32999 545288 77470 22302 20229 17861 2652 60256 3922 90373 28675 7800 25199
internal_count=1315791 434763 881028 123470 335740 311293 50977 144187 235744 99996 72493 12237 167106 126326 55104 22105 71222 32999 545288 77470 22302 20229 17861 2652 60256 3922 90373 28675 7800 25199
cat_boundaries=0 1 2 3 4 5 6 7 8 9
cat_threshold=97 114 32 34 80 32 32 34 32
is_linear=0
shrinkage=0.05


Tree=9
num_leaves=31
num_cat=9
split_feature=7 7 7 7 1 7 3 6 7 6 6 1 1 3 1 7 1 3 3 1 3 2 3 3 3 1 1 1 3 6
split_gain=6742.39 1066.85 580.411 217.618 184.167 142.952 89.3188 82.4562 68.7152 62.1416 61.8572 53.3827 43.2646 106.476 42.7191 37.9856 27.0218 37.8031 26.8579 78.7605 28.6663 26.2664 24.852 24.1492 23.5642 86.054 31.6777 25.4394 32.8187 22.9193
threshold=0.084255406639824934 0.10535545766871728 0.059873605089285568 0.11621054548671803 0 0.092200432267289856 2.5000000000000004 12.2093123918769 0.07183032156407522 12.458740034030809 12.298723605796148 1 2 4.5000000000000009 3 0.09894634392332223 4 5.5000000000000009 3.5000000000000004 5 4.5000000000000009 12.500000000000002 4.5000000000000009 2.5000000000000004 3.5000000000000004 6 7 8 5.5000000000000009 11.79893450632702
decision_type=2 2 2 2 1 2 2 2 2 2 2 1 1 2 1 2 1 2 2 1 2 2 2 2 2 1 1 1 2 2
left_child=2 5 -1 9 10 11 -5 16 -6 -3 29 21 13 23 22 -14 -7 -18 -12 20 -20 -2 -8 -9 26 -26 -11 -27 -29 -4
right_child=1 3 4 6 8 7 14 12 -10 24 18 -13 15 -15 -16 -17 17 -19 19 -21 -22 -23 -24 -25 25 27 -28 28 -30 -31
leaf_value=-0.0017003884269162829 0.0010762660486732559 0.001770620315690195 0.0016056371020931747 0.0013488098635741561 -0.00083384893893391628 0.0027516429854208707 0.0023423625524415029 0.00016086876925322144 -0.00037892789768169144 0.0010927906322297357 -0.00035371985314641848 5.9812041928352638e-05 0.00037866224699348061 0.0019951029385606007 0.0017605416870591205 0.00061418948599830877 0.0013504852074881979 -0.00031971721265950526 -2.7102924418379944e-05 -0.00055467227167828727 0.00077096261228977328 0.00040490629830561834 0.0035601581578556443 0.00097516866631395236 0.0021874282215578519 0.0010661618199796791 0.00062011414171639595 0.00089987140427671844 -0.00011697906649941362 0.00040152198468794458
leaf_weight=513941 7235 13277 2593 21418 136169 1865 3735 5770 111147 12865 39049 86802 116089 4108 22029 86748 7908 1378 5315 14401 10460 15366 3795 4180 3838 14259 23635 6439 3287 16690
leaf_count=513941 7235 13277 2593 21418 136169 1865 3735 5770 111147 12865 39049 86802 116089 4108 22029 86748 7908 1378 5315 14401 10460 15366 3795 4180 3838 14259 23635 6439 3287 16690
internal_value=-0.000980936 0.00385219 -0.00363151 0.00772778 -0.00201496 0.00237548 0.0102657 0.00308828 -0.00271536 0.00606057 -5.75036e-05 0.000889691 0.0028727 0.00555587 0.0120473 0.00268633 0.00728141 0.00615533 -0.000755147 0.00036519 0.00280488 0.0030536 0.0153316 0.00276382 0.00541773 0.00651385 0.00458219 0.00539383 0.00341208 0.00244697
internal_weight=1.31579e+06 466026 849765 128577 335824 337449 50977 228046 247316 77600 88508 109403 216895 14058 29559 202837 11151 9286 69225 30176 15775 22601 7530 9950 64323 27823 36500 23985 9726 19283
internal_count=1315791 466026 849765 128577 335824 337449 50977 228046 247316 77600 88508 109403 216895 14058 29559 202837 11151 9286 69225 30176 15775 22601 7530 9950 64323 27823 36500 23985 9726 19283
cat_boundaries=0 1 2 3 4 5 6 7 8 9
cat_threshold=97 96 32 32 32 32 32 81 6
is_linear=0
shrinkage=0.05


Tree=10
num_leaves=31
num_cat=7
split_feature=7 7 7 7 1 1 3 6 7 7 6 1 3 7 1 6 3 1 3 1 6 6 3 1 3 6 3 3 7 7
split_gain=6204.24 924.529 589.094 187.444 174.292 127.96 82.6099 72.7773 70.2998 68.6026 56.5426 56.3606 146.062 39.0103 33.9113 32.0829 27.4861 78.1778 43.0314 34.2602 26.5453 25.9245 23.6692 73.68 25.0598 23.5138 31.9964 23.1546 22.4451 21.9997
threshold=0.084255406639824934 0.10535545766871728 0.058922228013065493 0.11844494027259878 0 1 4.5000000000000009 12.031923105590947 0.072555205978640111 0.091140839254393188 12.298723605796148 2 4.5000000000000009 0.096486407859378218 3 12.429177195939355 3.5000000000000004 4 5.5000000000000009 5 12.889404311148082 12.801065229762154 3.5000000000000004 6 4.5000000000000009 12.2093123918769 5.5000000000000009 1.5000000000000002 0.075995310721284556 0.075995310721284556
decision_type=2 2 2 2 1 1 2 2 2 2 2 1 2 2 1 2 2 1 2 1 2 2 2 1 2 2 2 2 2 2
left_child=2 5 -1 11 10 7 15 -2 -6 -7 -4 12 27 21 -8 -5 19 20 -19 -15 -18 -9 28 24 -24 26 -13 -3 -12 -26
right_child=1 3 4 6 8 9 14 13 -10 -11 22 25 -14 16 -16 -17 17 18 -20 -21 -22 -23 23 -25 29 -27 -28 -29 -30 -31
leaf_value=-0.0016371853227251461 0.0017810900100630848 0.00047810537270181737 0.00052720756241079005 0.0023132321197583908 -0.00078448308861464588 -1.3943062483178139e-06 0.0035615934311847386 0.00068249811732432541 -0.0003424893202525689 0.00036585452611569722 -0.00060276027539945588 0.0018147025854114672 0.002830545816155064 0.00087573632105273106 0.0018463197674389116 0.0013259304112694563 0.0016800400731618219 0.00068303670062589859 -0.00053566816748936775 0.00036206541594622219 0.00097430180957104704 0.0002348543990859256 -2.4378139378525583e-05 -0.00053320998327739753 0.00050705774638626995 0.00085429252577724822 -0.00041338784259066768 0.0013826799972046972 -1.5410273937664822e-05 0.0013170276659731279
leaf_weight=503718 7192 3889 19800 4846 153020 61893 3193 26918 102869 125868 24181 4139 4313 16469 10099 27576 4636 8330 4197 27538 16764 37644 5391 14662 7942 63367 710 6445 15518 2664
leaf_count=503718 7192 3889 19800 4846 153020 61893 3193 26918 102869 125868 24181 4139 4313 16469 10099 27576 4636 8330 4197 27538 16764 37644 5391 14662 7942 63367 710 6445 15518 2664
internal_value=-0.00103661 0.00359963 -0.0035792 0.00720747 -0.00199087 0.00222494 0.00977775 0.00331541 -0.00265689 0.00135535 -0.000100258 0.00578949 0.00860783 0.00306794 0.0130974 0.00841681 0.00382092 0.00489035 0.00174802 0.00299645 0.00672583 0.00215901 -0.00076452 0.000279036 0.00262479 0.00518233 0.00853887 0.00538804 -0.00157044 0.00403734
internal_weight=1.31579e+06 466026 849765 128577 346047 337449 45714 149688 255889 187761 90158 82863 14647 142496 13292 32422 77934 33927 12527 44007 21400 64562 70358 30659 15997 68216 4849 10334 39699 10606
internal_count=1315791 466026 849765 128577 346047 337449 45714 149688 255889 187761 90158 82863 14647 142496 13292 32422 77934 33927 12527 44007 21400 64562 70358 30659 15997 68216 4849 10334 39699 10606
cat_boundaries=0 1 2 3 4 5 6 7
cat_threshold=97 114 32 32 34 80 32
is_linear=0
shrinkage=0.05


Tree=11
num_leaves=31
num_cat=8
split_feature=7 7 7 7 6 7 7 3 6 6 1 1 3 1 6 7 7 1 6 1 1 3 2 3 1 3 3 3 3 1
split_gain=5717.28 799.282 595.832 162.01 158.922 114.563 93.085 72.5154 63.6759 48.2145 38.6712 35.9681 84.7666 31.4482 30.8274 30.0674 25.137 53.8535 24.6553 22.9909 22.6863 30.8449 21.2192 20.4474 19.4897 46.5956 41.9765 18.4574 17.4668 65.0556
threshold=0.084255406639824934 0.10535545766871728 0.058922228013065493 0.11621054548671803 12.609590024708785 0.092200432267289856 0.074994913060566937 2.5000000000000004 12.2093123918769 12.44545660439722 0 1 4.5000000000000009 2 12.108213082958892 0.098690406200936651 0.047327318174891456 3 12.2093123918769 4 5 5.5000000000000009 12.500000000000002 2.5000000000000004 6 4.5000000000000009 5.5000000000000009 4.5000000000000009 3.5000000000000004 7
decision_type=2 2 2 2 2 2 2 2 2 2 1 1 2 1 2 2 2 1 2 1 1 2 2 2 1 2 2 2 2 1
left_child=2 5 16 9 14 10 19 -5 20 24 22 12 23 18 -4 -13 -1 -18 -9 -6 -7 -22 -2 -10 25 -3 -26 -21 -11 -30
right_child=1 3 4 7 6 8 -8 13 11 28 -12 15 -14 -15 -16 -17 17 -19 -20 27 21 -23 -24 -25 26 -27 -28 -29 29 -31
leaf_value=-0.0019686039928968539 0.00098919875862684076 0.0015365361169248292 0.00073228193816782727 0.0012106793899529832 -0.00046420835166261604 0.0025312543470084898 -0.00021954319726273384 0.0040753544407886172 0.00013622613163141121 0.00071397950484670611 5.3376506879572453e-05 0.0003357165259439826 0.0018309040147246149 0.0015929974957026244 2.3226499939935713e-05 0.00054792407677847733 0.00065893133155645609 -0.0011485168112678281 0.0023962512960656757 -0.00090538750948906651 0.0012190719841571216 -0.00032263499217145765 0.00035073572107653265 0.00089940253052254277 0.0014510820402318175 0.003560996553886156 -0.00050781649820681762 -0.00050884921133129352 0.0019691654789266602 0.00081083695584130585
leaf_weight=311294 7235 2826 10211 21418 56951 1865 97877 1406 5770 36803 86802 111353 4108 22029 37144 91484 2634 189790 6124 102297 7908 1378 15366 4180 7460 1171 1276 41567 3904 24160
leaf_count=311294 7235 2826 10211 21418 56951 1865 97877 1406 5770 36803 86802 111353 4108 22029 37144 91484 2634 189790 6124 102297 7908 1378 15366 4180 7460 1171 1276 41567 3904 24160
internal_value=-0.00108376 0.00336681 -0.00352453 0.00672138 -0.00192715 0.00208863 -0.0023538 0.00891117 0.00272673 0.00528286 0.000758525 0.00253729 0.00498365 0.0105164 0.00076391 0.00236737 -0.00462191 -0.00417266 0.0133355 -0.00297002 0.00641153 0.00538081 0.00260028 0.00249246 0.00809589 0.0110095 0.00674251 -0.00330685 0.00473068 0.00567025
internal_weight=1.31579e+06 466026 849765 128577 346047 337449 298692 50977 228046 77600 109403 216895 14058 29559 47355 202837 503718 192424 7530 200815 11151 9286 22601 9950 12733 3997 8736 143864 64867 28064
internal_count=1315791 466026 849765 128577 346047 337449 298692 50977 228046 77600 109403 216895 14058 29559 47355 202837 503718 192424 7530 200815 11151 9286 22601 9950 12733 3997 8736 143864 64867 28064
cat_boundaries=0 1 2 3 4 5 6 7 8
cat_threshold=96 32 32 32 112 32 32 32
is_linear=0
shrinkage=0.05


Tree=12
num_leaves=31
num_cat=10
split_feature=7 7 7 7 7 6 3 6 1 3 1 7 1 3 1 1 3 1 6 1 6 1 3 6 7 1 3 1 6 3
split_gain=5301.57 858.977 413.982 168.742 166.651 130.111 62.6435 54.8121 53.4542 120.834 52.6599 43.6134 31.1371 41.5766 58.6147 40.185 37.9449 33.2152 28.3844 26.2979 31.9584 20.9205 65.5088 20.583 20.2705 37.2494 19.437 19.054 18.6306 18.6145
threshold=0.079844418236537679 0.1037406997740149 0.05694086532003715 0.11621054548671803 0.091495601640996252 12.482153937926691 3.5000000000000004 12.298723605796148 0 4.5000000000000009 1 0.069682998866962095 2 3.5000000000000004 3 4 5.5000000000000009 5 12.458740034030809 6 12.413077667390478 7 4.5000000000000009 12.068607812365963 0.047327318174891456 8 4.5000000000000009 9 12.031923105590947 4.5000000000000009
decision_type=2 2 2 2 2 2 2 2 1 2 1 2 1 2 1 1 2 1 2 1 2 1 2 2 2 1 2 1 2 2
left_child=2 4 24 8 10 21 23 -6 9 -3 18 27 -9 15 17 -14 -16 -15 -2 20 -8 22 -4 -5 -1 -26 -19 -7 29 -10
right_child=1 3 5 6 7 11 19 12 28 -11 -12 -13 13 14 16 -17 -18 26 -20 -21 -22 -23 -24 -25 25 -27 -28 -29 -30 -31
leaf_value=-0.0018701737932520113 0.00077876098582376494 0.00092055820939432754 -2.3868310942734994e-06 0.0025757717330080077 0.001117289835816312 -0.00050566523071217645 0.0033799987269987047 0.0002441171069850562 0.0021767014692731092 0.0025938966189591704 -5.5048873830189602e-05 -0.00041325246151871655 0.00069972647191476152 0.0013799377463061442 0.00049723474830311364 0.00021309527107503851 -0.00058711918125406838 0.00046172686136936524 0.0001796032588465042 0.00093542269773230562 0.0017354174612477667 -0.00010671099547467157 0.0013372875109531627 0.001149382774906069 0.00084025791096331386 -0.0011223226246635882 0.00082984739395049884 -0.00082510661614872962 0.00074208831472600655 0.00052043483797246709
leaf_weight=311294 13906 10247 10846 1714 14420 43803 2443 73559 1726 4205 117565 117149 21058 5395 10750 52565 5433 11790 29983 2073 17786 15994 4468 26961 1398 170396 23304 111876 80988 696
leaf_count=311294 13906 10247 10846 1714 14420 43803 2443 73559 1726 4205 117565 117149 21058 5395 10750 52565 5433 11790 29983 2073 17786 15994 4468 26961 1398 170396 23304 111876 80988 696
internal_value=-0.00112724 0.00274604 -0.00372787 0.00596554 0.00148411 -0.0022828 0.00829815 0.00238498 0.00475046 0.0075605 0.000266205 -0.00263313 0.00217425 0.00263862 0.00365683 0.00185519 0.00111066 0.00467308 0.00174389 0.0102856 0.0108358 0.00077009 0.00209018 0.0067524 -0.00463764 -0.00420166 0.00410865 -0.00318152 0.00426217 0.00858381
internal_weight=1.31579e+06 528567 787224 148839 379728 304136 50977 218274 97862 14452 161454 272828 203854 130295 56672 73623 16183 40489 43889 22302 20229 31308 15314 28675 483088 171794 35094 155679 83410 2422
internal_count=1315791 528567 787224 148839 379728 304136 50977 218274 97862 14452 161454 272828 203854 130295 56672 73623 16183 40489 43889 22302 20229 31308 15314 28675 483088 171794 35094 155679 83410 2422
cat_boundaries=0 1 2 3 4 5 6 7 8 9 10
cat_threshold=32 98 9 38 80 32 34 32 32 112
is_linear=0
shrinkage=0.05


Tree=13
num_leaves=31
num_cat=11
split_feature=7 7 7 7 7 6 3 6 1 1 3 1 3 1 3 3 6 1 3 1 1 3 6 3 1 7 1 1 3 1
split_gain=4915.91 755.425 409.712 152.821 142.979 116.794 56.5614 54.8854 48.2238 43.8698 89.5846 42.0237 29.2875 26.3399 51.5423 34.182 26.1973 26.1449 42.7773 48.5557 29.9706 27.3429 26.1039 25.0469 24.9043 23.7198 34.9102 21.3803 60.6826 20.2281
threshold=0.0794326935991055 0.1037406997740149 0.05694086532003715 0.08960462641287327 0.11844494027259878 12.502919158420534 4.5000000000000009 12.482153937926691 0 1 4.5000000000000009 2 4.5000000000000009 3 4.5000000000000009 2.5000000000000004 12.550115261411239 4 3.5000000000000004 5 6 5.5000000000000009 11.79893450632702 4.5000000000000009 7 0.046618293312646497 8 9 3.5000000000000004 10
decision_type=2 2 2 2 2 2 2 2 1 1 2 1 2 1 2 2 2 1 2 1 1 2 2 2 1 2 1 1 2 1
left_child=2 3 25 9 8 27 16 13 22 10 -2 -7 -13 15 -15 -5 -6 -9 20 23 -19 -21 -3 -20 -8 -1 -27 28 -4 -25
right_child=1 4 5 7 6 11 24 17 -10 -11 -12 12 -14 14 -16 -17 -18 18 19 21 -22 -23 -24 29 -26 26 -28 -29 -30 -31
leaf_value=-0.001802483728918499 3.1898570570131979e-05 0.0028933024252218642 -0.00018372184058931094 0.00057635958257825303 0.0019110047962008225 -0.00034937605681393521 0.0030770352465077783 0.00020570827525459719 0.00066776701056166763 -4.3324308404887681e-05 0.001702314129833413 -0.00079976514177628887 -0.00041775757511678307 0.00089867512269230189 -2.8964022173700629e-05 0.0019777624129225031 0.0010953516247869991 0.00059927875723681521 0.00045841944731308626 0.00039889928923504708 0.00016712499202705525 -0.00051155971693533507 0.0011209687625847052 0.001479682241165587 0.0015864413190783664 0.00079212675165977629 -0.0010767786656956534 -0.00012790620524561619 0.0010656785859628393 0.00076379041052989814
leaf_weight=300518 9003 1466 8874 2367 6135 82881 3193 81397 66734 128010 3772 130936 53075 17838 7378 3393 26287 19430 14186 10005 54839 4979 34925 3176 10099 1414 181156 16455 6909 24961
leaf_count=300518 9003 1466 8874 2367 6135 82881 3193 81397 66734 128010 3772 130936 53075 17838 7378 3393 26287 19430 14186 10005 54839 4979 34925 3176 10099 1414 181156 16455 6909 24961
internal_value=-0.00116607 0.0025343 -0.0036902 0.00136414 0.00555906 -0.00223599 0.00788664 0.00212116 0.00452727 5.23837e-05 0.00284513 -0.00257936 -0.0030005 0.00408768 0.00338619 0.00714038 0.00676053 0.00183514 0.00227091 0.00329741 0.00147915 0.000849005 0.00599283 0.00416306 0.0106335 -0.00459066 -0.00414115 0.000606736 0.00192079 0.00502772
internal_weight=1.31579e+06 533573 782218 384734 148839 299130 45714 243949 103125 140785 12775 266892 184011 30976 25216 5760 32422 212973 131576 57307 74269 14984 36391 42323 13292 483088 182570 32238 15783 28137
internal_count=1315791 533573 782218 384734 148839 299130 45714 243949 103125 140785 12775 266892 184011 30976 25216 5760 32422 212973 131576 57307 74269 14984 36391 42323 13292 483088 182570 32238 15783 28137
cat_boundaries=0 1 2 3 4 5 6 7 8 9 10 11
cat_threshold=96 32 112 32 9 38 80 32 32 32 32
is_linear=0
shrinkage=0.05


Tree=14
num_leaves=31
num_cat=10
split_feature=7 7 7 7 7 1 3 6 1 6 6 3 1 3 1 1 7 1 6 1 6 1 3 1 3 3 7 2 3 1
split_gain=4584.27 682.93 390.447 153.648 119.476 110.786 51.4547 51.34 50.1405 47.2455 42.5151 27.4145 26.7697 29.7206 56.1927 35.8446 25.2746 33.4841 25.1283 24.7921 22.5104 21.7691 43.0962 20.536 37.2221 35.9681 20.0443 19.342 18.7143 37.7319
threshold=0.078539738675614132 0.10414963761858197 0.056500935961983231 0.091495601640996252 0.11621054548671803 0 2.5000000000000004 12.357696562278482 1 12.108213082958892 12.469624665756697 4.5000000000000009 2 3.5000000000000004 3 4 0.046618293312646497 5 12.413077667390478 6 12.85225334172933 7 5.5000000000000009 8 3.5000000000000004 5.5000000000000009 0.12902617738043118 17.500000000000004 2.5000000000000004 9
decision_type=2 2 2 2 2 1 2 2 1 2 2 2 1 2 1 1 2 1 2 1 2 1 2 1 2 2 2 2 2 1
left_child=2 3 16 8 10 7 -6 -4 18 -5 23 -7 -11 15 20 -14 -1 -18 -2 26 -15 -16 -23 24 -3 -25 -8 -10 -12 -30
right_child=1 4 5 9 6 11 19 -9 27 12 28 -13 13 14 21 -17 17 -19 -20 -21 -22 22 -24 25 -26 -27 -28 -29 29 -31
leaf_value=-0.0017123595424725739 0.00072286116290432901 0.0011532572450484435 0.00029262359517443772 0.0013648043128661703 0.0010259332952873425 -0.00077458608238651044 0.0019690151137833315 -0.00032439737967567868 -0.00014621453120463478 0.00022591704981611059 0.00054077979253625778 -0.00041682194408475286 0.00065799703561775561 0.0013736073193257856 0.00050589799700970261 0.00020739193010261699 0.00082529491833982645 -0.0010309490059383683 0.00016021443177545864 0.001364385899795125 0.00075952282360674335 0.00045399592458475121 -0.0010071404297739334 0.001216066541422634 0.0027751406611192971 -0.00052411629684983457 0.0032139004226832122 0.00010208486719876049 0.0014597798585806298 0.00069571304796511933
leaf_weight=300518 13874 2667 20671 7362 21418 131133 5478 89096 88143 75521 32658 53164 24093 5236 23943 55389 1229 176127 33580 22029 19325 8389 4305 9385 2041 1591 2052 41143 5491 38740
leaf_count=300518 13874 2667 20671 7362 21418 131133 5478 89096 88143 75521 32658 53164 24093 5236 23943 55389 1229 176127 33580 22029 19325 8389 4305 9385 2041 1591 2052 41143 5491 38740
internal_value=-0.00120145 0.00231466 -0.00367865 0.00125364 0.00527342 -0.00224516 0.00721727 -0.000987321 0.000151917 0.00212461 0.00420301 -0.00299411 0.00199048 0.00239818 0.00322657 0.00176065 -0.00456076 -0.00408743 0.0015418 0.00856947 0.00507692 0.0019842 0.00030935 0.00657549 0.0093493 0.00537229 0.0110676 -0.000358326 0.00371906 0.00438934
internal_weight=1.31579e+06 543853 771938 400303 143550 294064 50977 109767 176740 223563 92573 184297 216201 140680 61198 79482 477874 177356 47454 29559 24561 36637 12694 15684 4708 10976 7530 129286 76889 44231
internal_count=1315791 543853 771938 400303 143550 294064 50977 109767 176740 223563 92573 184297 216201 140680 61198 79482 477874 177356 47454 29559 24561 36637 12694 15684 4708 10976 7530 129286 76889 44231
cat_boundaries=0 1 2 3 4 5 6 7 8 9 10
cat_threshold=112 98 9 34 80 32 32 20 32 32
is_linear=0
shrinkage=0.05


Tree=15
num_leaves=31
num_cat=10
split_feature=7 7 7 7 7 1 3 6 1 6 1 3 1 7 1 6 3 6 6 3 1 1 3 3 1 1 6 6 3 1
split_gain=4268.39 614.368 372.531 127.009 124.523 103.857 45.4135 44.3199 43.2693 39.9067 37.4673 90.6554 36.7258 26.7135 30.9965 24.71 24.6616 21.5507 20.9681 19.5127 52.1643 17.1656 66.5299 17.9482 34.4001 24.7966 16.749 15.459 15.0412 14.2447
threshold=0.077522266920712082 0.10225043802741259 0.056101570916515055 0.11437927845860141 0.089200895554978468 0 3.5000000000000004 12.357696562278482 1 12.502919158420534 2 4.5000000000000009 3 0.046314219883237036 4 12.031923105590947 4.5000000000000009 12.315433647650661 11.903400437239741 5.5000000000000009 5 6 4.5000000000000009 5.5000000000000009 7 8 11.903400437239741 11.79893450632702 1.5000000000000002 9
decision_type=2 2 2 2 2 1 2 2 1 2 1 2 1 2 1 2 2 2 2 2 1 1 2 2 1 1 2 2 2 1
left_child=2 4 13 10 8 7 17 27 18 19 11 28 15 -1 -15 -8 -7 -5 -2 26 -21 22 -11 25 -25 -23 -6 -4 -3 -24
right_child=1 3 5 6 9 16 12 -9 -10 21 -12 -13 -14 14 -16 -17 -18 -19 -20 20 -22 23 29 24 -26 -27 -28 -29 -30 -31
leaf_value=-0.0016360335859802581 0.0016418438654524636 0.00022307108765103018 0.0011920199057012559 0.0017473815334225033 0.001626223006269298 -0.00074867400110323031 0.0041530178822597845 -0.0003194430579568903 -0.00011138984718758563 0.00021344093696988405 0.00062125715753910161 0.002257021708285714 0.00071064612453389123 0.0008467604505766861 -0.0009928926961635207 0.0016039464543986415 -0.00041104237253575818 0.00092227702973952529 0.00024311596546835134 -0.0005369165941346008 0.0019803800295090275 0.0003423403560321287 0.0012198239913914246 0.00049913114069559861 -0.00052518849115050503 2.398577948553217e-06 0.00070516809920411763 0.00014623653610652706 0.0010189342885042385 0.00062333383017440535
leaf_weight=295359 1867 3747 2286 4351 2699 130169 690 85423 118185 69995 98960 4151 3524 1084 176453 20450 52790 27388 36594 3585 995 58709 2843 4343 9917 25977 23684 17702 6255 25616
leaf_count=295359 1867 3747 2286 4351 2699 130169 690 85423 118185 69995 98960 4151 3524 1084 176453 20450 52790 27388 36594 3585 995 58709 2843 4343 9917 25977 23684 17702 6255 25616
internal_value=-0.00122953 0.00210716 -0.00366006 0.00461532 0.00100285 -0.00224365 0.00655346 -0.000993209 -8.28632e-05 0.00174759 0.00364887 0.00605698 0.00816291 -0.00452379 -0.00403907 0.00895035 -0.00296386 0.00530278 0.00137363 0.0034165 0.000403929 0.00148581 0.0019533 0.00102035 -0.000620618 0.00129679 0.00393947 0.00112617 0.0034833 0.00399188
internal_weight=1.31579e+06 554525 761266 169516 385009 288370 56403 105411 156646 228363 113113 14153 24664 472896 177537 21140 182959 31739 38461 30963 4580 197400 98454 98946 14260 84686 26383 19988 10002 28459
internal_count=1315791 554525 761266 169516 385009 288370 56403 105411 156646 228363 113113 14153 24664 472896 177537 21140 182959 31739 38461 30963 4580 197400 98454 98946 14260 84686 26383 19988 10002 28459
cat_boundaries=0 1 2 3 4 5 6 7 8 9 10
cat_threshold=112 98 32 34 32 65 54 8 65 32
is_linear=0
shrinkage=0.05


Tree=16
num_leaves=31
num_cat=10
split_feature=7 7 7 7 7 1 1 3 3 6 6 6 7 1 6 3 1 3 3 3 1 1 1 3 1 3 3 1 1 3
split_gain=3988.42 563.547 342.923 126.53 108.739 96.4113 44.8438 94.1489 42.4182 42.3753 41.1347 35.3125 28.7618 25.9438 24.0527 21.4188 20.6408 39.7712 31.3178 19.1233 42.1399 34.298 21.1357 28.5408 18.7611 36.8904 27.7798 17.7168 16.1236 59.6178
threshold=0.075995310721284556 0.10225043802741259 0.055735845590990436 0.089200895554978468 0.11844494027259878 0 1 4.5000000000000009 4.5000000000000009 12.429177195939355 12.298723605796148 12.502919158420534 0.046314219883237036 2 12.108213082958892 4.5000000000000009 3 5.5000000000000009 4.5000000000000009 3.5000000000000004 4 5 6 5.5000000000000009 7 4.5000000000000009 2.5000000000000004 8 9 4.5000000000000009
decision_type=2 2 2 2 2 1 1 2 2 2 2 2 2 1 2 2 1 2 2 2 1 1 1 2 1 2 2 1 1 2
left_child=2 3 12 6 9 10 7 -2 14 16 -4 24 -1 -14 -6 -7 18 -18 -3 21 -21 -11 -22 -24 26 -26 -5 -10 29 -13
right_child=1 4 5 11 8 15 -8 -9 27 19 -12 28 13 -15 -16 -17 17 -19 -20 20 22 -23 23 -25 25 -27 -28 -29 -30 -31
leaf_value=-0.0015542319066812452 -2.7145228417657305e-05 0.001251093081550594 0.00031641133602132936 0.00042449669741819037 0.002285570421654511 -0.00072500454422716541 -8.2118064350136712e-05 0.0015275141063858693 0.0026787088423247929 0.00078472661218333085 -0.00031096625360224899 0.00020276889012139001 0.00079564501662076129 -0.00095002329262647224 0.00099410989982494347 -0.0004088308199942427 0.0011067945144878917 -0.00061978217980568687 0.0028278202631065326 0.0015330551642211328 0.00076212006923214056 0.00033762419533775407 0.00061438803055904867 -0.00029070426871562123 0.00074495562663049212 -7.1319413578740522e-05 0.0016836991409599541 0.0013628852005341415 0.00017622085523975439 0.00065647072819346303
leaf_weight=295359 11611 4048 15136 2302 1975 128070 155486 4828 3193 19427 83081 69995 974 171485 30447 51882 11378 1904 1663 5497 25291 39869 9798 4927 17921 7426 3314 10099 98946 28459
leaf_count=295359 11611 4048 15136 2302 1975 128070 155486 4828 3193 19427 83081 69995 974 171485 30447 51882 11378 1904 1663 5497 25291 39869 9798 4927 17921 7426 3314 10099 98946 28459
internal_value=-0.00124986 0.00189992 -0.00365574 0.000876643 0.00431623 -0.00226551 -0.000147885 0.00233479 0.00640023 0.00354671 -0.00100517 0.00164797 -0.00448239 -0.00396932 0.00542502 -0.00295318 0.00571974 0.00462609 0.00824069 0.00315292 0.00392382 0.00256122 0.00335707 0.00184764 0.00321787 0.00263497 0.00583363 0.00877896 0.00140172 0.00185479
internal_weight=1.31579e+06 569804 745987 400288 169516 278169 171925 16439 45714 123802 98217 228363 467818 172459 32422 179952 18993 13282 5711 104809 45513 59296 40016 14725 30963 25347 5616 13292 197400 98454
internal_count=1315791 569804 745987 400288 169516 278169 171925 16439 45714 123802 98217 228363 467818 172459 32422 179952 18993 13282 5711 104809 45513 59296 40016 14725 30963 25347 5616 13292 197400 98454
cat_boundaries=0 1 2 3 4 5 6 7 8 9 10
cat_threshold=112 32 32 32 32 81 6 32 32 54
is_linear=0
shrinkage=0.05


Tree=17
num_leaves=31
num_cat=9
split_feature=7 7 7 7 7 1 6 1 3 6 3 6 7 1 6 1 1 3 6 3 1 6 6 1 1 3 3 6 3 1
split_gain=3726.03 491.859 348.295 113.285 93.7255 93.5949 37.957 37.0606 69.9399 36.3005 35.6413 34.0199 30.1706 27.6449 24.3146 23.8897 23.3904 21.9496 18.5557 24.9387 29.5638 17.1518 16.4177 16.2316 16.2114 27.3559 21.2059 15.1377 14.8781 36.8723
threshold=0.075995310721284556 0.10225043802741259 0.055380707831157457 0.08756692481203783 0.11437927845860141 0 12.238323199352537 1 4.5000000000000009 11.990580988694822 3.5000000000000004 12.315433647650661 0.04696943842221267 2 12.381949521562431 3 4 3.5000000000000004 12.638624246354498 3.5000000000000004 5 12.550115261411239 12.845505840595335 6 7 4.5000000000000009 4.5000000000000009 13.731250574147777 2.5000000000000004 8
decision_type=2 2 2 2 2 1 2 1 2 2 2 2 2 1 2 1 1 2 2 2 1 2 2 1 1 2 2 2 2 1
left_child=2 3 12 7 11 6 -4 8 -2 -5 21 24 -1 14 -12 -11 -14 -7 -17 23 -21 -6 -10 -20 26 -26 -3 -8 29 -13
right_child=1 4 5 9 10 17 27 -9 22 15 13 28 16 -15 -16 18 -18 -19 19 20 -22 -23 -24 -25 25 -27 -28 -29 -30 -31
leaf_value=-0.0014602420933615393 -3.0707953027275717e-05 0.0013682611306024938 0.00038410757173386079 0.001373618384838929 0.0014215188613467421 -0.00072918699187387865 -0.00020232614626761495 -0.00010650181235124586 0.0017930634071496286 0.00014692368073981511 0.0027883089181355903 0.00078557742830832162 -0.00021007906141393224 0.00063896304903402574 0.001353738635084996 0.00058352263955973032 -0.00092059448089933452 -0.00043930746770418978 0.00045577025221373718 0.00054824927981938002 3.9425653642822834e-05 0.00078347667076020071 0.00068299618827909756 7.528047345468164e-05 0.0012673153668718779 -1.9699811892210795e-05 0.003255424075397818 -0.00047704946102264807 0.00065309713481210478 0.00022831345029752814
leaf_weight=305990 11951 1994 11860 4534 7467 104465 60952 134096 2852 97731 2473 15100 7134 3524 18667 30700 149254 80024 16198 38147 12422 24272 2102 49555 5379 2152 807 26308 59208 28473
leaf_count=305990 11951 1994 11860 4534 7467 104465 60952 134096 2852 97731 2473 15100 7134 3524 18667 30700 149254 80024 16198 38147 12422 24272 2102 49555 5379 2152 807 26308 59208 28473
internal_value=-0.00126962 0.00177478 -0.00359502 0.000818809 0.00403218 -0.00221553 -0.000975992 -0.000261953 0.00194354 0.00147346 0.00569712 0.00320197 -0.00444115 0.00712293 0.00780615 0.00139134 -0.00387619 -0.00288129 0.0017941 0.00150565 0.00234046 0.00458915 0.00693985 0.00086361 0.00593689 0.00470693 0.00919424 -0.00133681 0.00292705 0.0022258
internal_weight=1.31579e+06 569804 745987 400288 169516 283609 99120 151001 16905 249287 56403 113113 462378 24664 21140 244753 156388 184489 147022 116322 50569 31739 4954 65753 10332 7531 2801 87260 102781 43573
internal_count=1315791 569804 745987 400288 169516 283609 99120 151001 16905 249287 56403 113113 462378 24664 21140 244753 156388 184489 147022 116322 50569 31739 4954 65753 10332 7531 2801 87260 102781 43573
cat_boundaries=0 1 2 3 4 5 6 7 8 9
cat_threshold=112 34 34 9 96 38 80 32 81
is_linear=0
shrinkage=0.05


Tree=18
num_leaves=31
num_cat=6
split_feature=7 7 7 7 1 7 6 6 6 7 6 3 1 6 3 1 3 6 1 3 7 6 1 6 1 3 3 3 7 2
split_gain=3485.67 436.651 343.074 106.527 86.935 80.8959 36.9598 36.5896 34.2169 33.0307 32.3838 31.9968 27.7287 20.7113 20.5411 19.7079 47.3202 18.566 18.2356 61.3976 16.6687 14.7714 13.8699 13.5612 13.6322 34.2077 13.5565 13.1226 13.1126 12.2394
threshold=0.075491315677096354 0.10225043802741259 0.055380707831157457 0.087953586857695942 0 0.11844494027259878 12.068607812365963 12.357696562278482 12.368543260317088 0.045536734602365347 11.990580988694822 4.5000000000000009 1 11.903400437239741 3.5000000000000004 2 2.5000000000000004 12.147946851847994 3 4.5000000000000009 0.097439109594248535 11.79893450632702 4 13.318585784593099 5 3.5000000000000004 4.5000000000000009 4.5000000000000009 0.065814582208724104 17.500000000000004
decision_type=2 2 2 2 1 2 2 2 2 2 2 2 1 2 2 1 2 2 1 2 2 2 1 2 1 2 2 2 2 2
left_child=2 3 9 7 8 6 -3 -2 21 -1 -5 13 17 -7 -6 16 -12 -11 19 -8 -17 -4 -13 24 25 -9 -18 29 -16 -25
right_child=1 5 4 10 14 11 18 23 -10 12 15 22 -14 -15 28 20 26 -19 -20 -21 -22 -23 -24 27 -26 -27 -28 -29 -30 -31
leaf_value=-0.0014294215439448429 0.00056448665310769054 0.0016477508800081262 0.0010728816783679806 0.0013089462303833995 -0.00069620027464108256 0.0026923138845084248 0.00052226786523497241 -0.00016472421204603973 -0.00030247585616710251 0.0004006629307598071 -5.2275984268362821e-05 0.0024065960740142531 -0.00094133310822238313 0.00090952243729319955 -0.00056043143015630415 0.00016990629090813948 0.00065976717056468294 -0.00054810219116250755 0.00052013820499153434 0.0018646977050017042 0.00034689262805477687 9.9738755951674915e-05 0.0012258196311553645 -0.00034586129168153725 -5.6996985800568693e-05 0.00080896007902642631 0.0013583360261143389 1.9029606617271247e-05 -0.00030409737866490637 5.6962775368062732e-05
leaf_weight=280126 12393 5434 2137 4449 103055 943 11587 7912 77195 2154 6420 3299 154629 31479 37957 142463 4552 25469 101925 4856 81719 17189 9993 46737 57433 6127 4533 22155 41015 8456
leaf_count=280126 12393 5434 2137 4449 103055 943 11587 7912 77195 2154 6420 3299 154629 31479 37957 142463 4552 25469 101925 4856 81719 17189 9993 46737 57433 6127 4533 22155 41015 8456
internal_value=-0.00128433 0.0016373 -0.00355114 0.000746158 -0.00216494 0.0037682 0.00310447 -0.000251315 -0.000951561 -0.00438622 0.00140483 0.00556569 -0.00386229 0.00471871 -0.00280814 0.00132637 0.00305027 -0.00239985 0.00291937 0.00446636 0.00120696 0.000929834 0.00763166 -0.000468688 2.78419e-05 0.00142394 0.00537424 -0.000927498 -0.00220154 -0.00134012
internal_weight=1.31579e+06 574865 740926 405349 278548 169516 123802 161213 96521 462378 244136 45714 182252 32422 182027 239687 15505 27623 118368 16443 224182 19326 13292 148820 71472 14039 9085 77348 78972 55193
internal_count=1315791 574865 740926 405349 278548 169516 123802 161213 96521 462378 244136 45714 182252 32422 182027 239687 15505 27623 118368 16443 224182 19326 13292 148820 71472 14039 9085 77348 78972 55193
cat_boundaries=0 1 2 3 4 5 6
cat_threshold=112 112 32 32 36 50
is_linear=0
shrinkage=0.05


Tree=19
num_leaves=31
num_cat=7
split_feature=7 7 7 7 1 7 7 6 6 1 6 6 6 3 1 3 1 3 6 6 3 6 6 1 7 1 1 3 3 3
split_gain=3260.65 384.273 344.509 85.6231 82.148 80.5576 35.8931 32.379 30.9115 28.3346 27.8562 25.8745 25.8466 21.9855 34.3126 19.981 18.6607 48.8671 18.0017 16.5009 14.0488 13.0874 12.8245 12.602 12.5632 12.2944 12.1538 28.186 19.078 12.0295
threshold=0.075491315677096354 0.10061086667301745 0.055380707831157457 0.11311322974291106 0 0.08756692481203783 0.045536734602365347 12.357696562278482 12.599324305273347 1 12.238323199352537 12.031923105590947 11.79893450632702 2.5000000000000004 2 3.5000000000000004 3 4.5000000000000009 13.49672645977464 11.79893450632702 1.5000000000000002 12.89639897621562 13.318585784593099 4 0.065814582208724104 5 6 4.5000000000000009 4.5000000000000009 3.5000000000000004
decision_type=2 2 2 2 1 2 2 2 2 1 2 2 2 2 1 2 1 2 2 2 2 2 2 1 2 1 1 2 2 2
left_child=2 5 6 12 8 7 25 26 19 18 -7 -5 -3 -13 21 -6 17 20 -8 -4 -14 -15 -9 -12 -17 -1 27 -2 -28 -25
right_child=1 3 4 11 15 10 9 22 -10 -11 23 13 16 14 -16 24 -18 -19 -20 -21 -22 -23 -24 29 -26 -27 28 -29 -30 -31
leaf_value=-0.00061358704876902025 0.00039130272088642136 0.0021397841266984057 0.0010192375944495821 0.002111228411136801 -0.00066139026090902841 0.00082888006471434992 -0.0001396212213998553 3.2191747022784519e-06 -0.00032224416270761568 -0.00089426645281126419 0.0001215010245067326 0.00070656850190315063 -6.3373809875502786e-06 0.0016964358606271345 0.00040817868160020437 -0.00053240985864848919 0.00046452659663779005 0.0017431758630149273 -0.00063749286683943739 9.6744325353343189e-06 0.0007809604184179648 0.0010644556545370211 -0.00018098731524966239 0.00020053800491567236 -0.00028889250973166092 -0.0013903354351894098 0.00056405908862275985 0.0023247783289913077 -0.00064826385801758813 0.00039324986878552207
leaf_weight=10406 2602 1591 2137 3314 103055 11199 10522 68469 64483 154629 92058 24502 3765 8722 5847 37957 118697 4115 17101 29901 6243 19208 75657 67429 41015 269720 5770 1099 2465 52113
leaf_count=10406 2602 1591 2137 3314 103055 11199 10522 68469 64483 154629 92058 24502 3765 8722 5847 37957 118697 4115 17101 29901 6243 19208 75657 67429 41015 269720 5770 1099 2465 52113
internal_value=-0.00129717 0.00152858 -0.00348959 0.00332585 -0.0021005 0.000598754 -0.00432642 -0.000272393 -0.000921001 -0.00378026 0.00120896 0.00486963 0.00261842 0.00462525 0.00545238 -0.00272574 0.00254254 0.00426201 -0.00230214 0.000348335 0.0023791 0.0061811 -0.000479651 0.00108034 -0.00212746 -0.00468175 0.00223023 0.00460657 0.00115524 0.00141896
internal_weight=1.31579e+06 574865 740926 196004 278548 378861 462378 156062 96521 182252 222799 61593 134411 58279 33777 182027 132820 14123 27623 32038 10008 27930 144126 211600 78972 280126 11936 3701 8235 119542
internal_count=1315791 574865 740926 196004 278548 378861 462378 156062 96521 182252 222799 61593 134411 58279 33777 182027 132820 14123 27623 32038 10008 27930 144126 211600 78972 280126 11936 3701 8235 119542
cat_boundaries=0 1 2 3 4 5 6 7
cat_threshold=112 112 34 32 9 64 32
is_linear=0
shrinkage=0.05


Tree=20
num_leaves=31
num_cat=9
split_feature=7 7 7 7 1 7 7 6 6 1 6 6 1 3 3 1 3 7 6 6 6 3 1 1 1 3 3 3 1 1
split_gain=3063.4 346.901 337.211 86.7587 76.8207 63.8429 37.257 29.8274 29.5051 26.8158 26.208 23.8218 22.9943 53.8629 20.7293 30.8752 20.5938 19.9593 19.342 16.9636 15.6691 15.4094 37.3244 32.7972 14.2323 51.4444 21.3259 13.6129 18.3196 13.9124
threshold=0.074994913060566937 0.09920915220449486 0.055074923248330736 0.11311322974291106 0 0.08756692481203783 0.045536734602365347 12.368543260317088 12.955610201979395 1 12.031923105590947 12.482153937926691 2 4.5000000000000009 3.5000000000000004 3 5.5000000000000009 0.066488747448651006 12.413077667390478 13.49672645977464 12.368543260317088 2.5000000000000004 4 5 6 5.5000000000000009 4.5000000000000009 4.5000000000000009 7 8
decision_type=2 2 2 2 1 2 2 2 2 1 2 2 1 2 2 1 2 2 2 2 2 2 1 1 1 2 2 2 1 1
left_child=2 5 6 10 7 8 -1 -4 12 19 -3 -7 13 -2 20 18 -14 -6 -16 -8 -5 23 -23 -12 26 -26 -24 29 -29 -10
right_child=1 3 4 14 17 11 9 -9 27 -11 21 -13 16 -15 15 -17 -18 -19 -20 -21 -22 22 24 -25 25 -27 -28 28 -30 -31
leaf_value=-0.0012908460369132368 9.8813245242633199e-05 0.0014301738390069586 0.0001921331450707012 0.0013363403877355274 -0.00062812501702685182 0.00056075239217196252 -0.00012600915913079527 -0.00028135917070758155 -1.9132775073817826e-05 -0.00085596918581343912 0.00060142206874148018 0.00016606346618771906 0.00010460694822490025 0.0015180570549350638 0.0023677885727028712 0.00043007192546191643 -0.00070406574431623313 -0.0004063911644372199 0.0011592756730524579 -0.00060977872855204904 0.00067538927469050849 0.0011624490019926297 0.00035318712088131942 0.00016711212829684187 0.00051720293837616423 -0.00041252252716212392 0.00071862800165361303 0.00015806667295864226 -0.0003663065551299618 -0.0003188212100203929
leaf_weight=280126 8733 4633 19040 5854 98119 24402 10104 75464 23948 150311 25052 172355 34404 3621 2918 5148 5839 85632 18903 16747 28770 8878 23217 41193 25471 8686 23323 21972 9271 53657
leaf_count=280126 8733 4633 19040 5854 98119 24402 10104 75464 23948 150311 25052 172355 34404 3621 2918 5148 5839 85632 18903 16747 28770 8878 23217 41193 25471 8686 23323 21972 9271 53657
internal_value=-0.00130067 0.00141562 -0.00344346 0.00296839 -0.00207103 0.000453067 -0.00427857 -0.000912247 -0.000283844 -0.00371107 0.00235605 0.00105772 0.000688536 0.00257441 0.00456359 0.00560291 0.000108935 -0.00266681 0.00642412 -0.00225252 0.00375404 0.00224586 0.00267346 0.00166767 0.00233394 0.0015575 0.00290333 -0.000753713 0.000127547 -0.0011085
internal_weight=1.31579e+06 580248 735543 222046 278255 358202 457288 94504 161445 177162 160453 196757 52597 12354 61593 26969 40243 183751 21821 26851 34624 155820 89575 66245 80697 34157 46540 108848 31243 77605
internal_count=1315791 580248 735543 222046 278255 358202 457288 94504 161445 177162 160453 196757 52597 12354 61593 26969 40243 183751 21821 26851 34624 155820 89575 66245 80697 34157 46540 108848 31243 77605
cat_boundaries=0 1 2 3 4 5 6 7 8 9
cat_threshold=112 112 48 34 32 81 6 46 83
is_linear=0
shrinkage=0.05


Tree=21
num_leaves=31
num_cat=8
split_feature=7 7 7 7 1 3 7 7 6 1 7 6 6 6 3 1 1 3 3 3 1 6 1 3 6 2 3 1 1 3
split_gain=2868 331.919 301.983 79.7534 70.2617 83.9035 66.8335 34.2857 31.4802 26.8338 26.028 23.2075 21.3458 21.1074 18.2266 31.0304 16.8914 49.5195 18.3484 15.8004 15.143 14.5826 13.8516 36.7797 13.3433 16.501 16.4546 19.2332 15.6609 22.0009
threshold=0.07329333279788576 0.098690406200936651 0.05423600787202091 0.11133455822118264 0 4.5000000000000009 0.086387359317017867 0.044872557787056198 12.968424008565655 1 0.068310066114405113 12.031923105590947 12.068607812365963 11.583360624843122 2.5000000000000004 2 3 4.5000000000000009 4.5000000000000009 2.5000000000000004 4 12.147946851847994 5 4.5000000000000009 12.713144733576486 16.500000000000004 3.5000000000000004 6 7 5.5000000000000009
decision_type=2 2 2 2 1 2 2 2 2 1 2 2 2 2 2 1 1 2 2 2 1 2 1 2 2 2 2 1 1 2
left_child=2 6 7 13 5 19 8 20 16 21 -6 -8 -5 -3 -14 -16 17 -2 -18 -4 -1 -9 23 -13 25 -15 -26 -28 -27 -30
right_child=1 3 4 12 10 -7 11 9 -10 -11 -12 22 14 24 15 -17 18 -19 -20 -21 -22 -23 -24 -25 26 28 27 -29 29 -31
leaf_value=-0.00052524669024713662 3.388344855586981e-05 0.0027874082514987427 -0.00068462764753561176 0.0018409803023710946 -0.00054407863730359122 0.00072238939593519775 0.0010574188516998184 0.00037497383381064896 -0.00017070973656330794 -0.00084419285929987909 -0.00031157630857392475 0.00014960443655940374 0.00060073810426934811 0.00040250784372831142 0.0011205545264277878 0.00045464581379568318 0.00014314589358978741 0.0013893601293781771 -0.00038195194555792276 -5.7618585198751339e-06 -0.0012837593600261773 -0.00047924206265691151 0.00014286466525732197 0.0012343770323220331 0.00026406487726848724 0.0014257767231561093 0.00058596493592778234 0.00018295324967446125 0.00076868355940395798 -0.00044814656987174405
leaf_weight=9986 9666 876 13675 4475 169647 9476 4440 1927 114584 152233 70822 8962 28493 22478 29043 10023 27006 3999 10936 9549 254308 23214 185037 3799 67391 3533 36126 15514 12449 2124
leaf_count=9986 9666 876 13675 4475 169647 9476 4440 1927 114584 152233 70822 8962 28493 22478 29043 10023 27006 3999 10936 9549 254308 23214 185037 3799 67391 3533 36126 15514 12449 2124
internal_value=-0.00130462 0.00124133 -0.00344496 0.00272046 -0.00213822 3.66848e-05 0.000307806 -0.00425317 -0.000435073 -0.00371543 -0.00243387 0.000918273 0.00410264 0.00210009 0.00388112 0.0045825 0.000590326 0.00209689 4.71636e-05 -0.00158112 -0.00461407 -0.00219892 0.000838025 0.0024309 0.00205761 0.00284053 0.00179067 0.00246224 0.00396388 0.00323219
internal_weight=1.31579e+06 600954 714837 232525 273169 32700 368429 441668 166191 177374 240469 202238 72034 160491 67559 39066 51607 13665 37942 23224 264294 25141 197798 12761 159615 40584 119031 51640 18106 14573
internal_count=1315791 600954 714837 232525 273169 32700 368429 441668 166191 177374 240469 202238 72034 160491 67559 39066 51607 13665 37942 23224 264294 25141 197798 12761 159615 40584 119031 51640 18106 14573
cat_boundaries=0 1 2 3 4 5 6 7 8
cat_threshold=32 112 34 48 64 32 38 32
is_linear=0
shrinkage=0.05


Tree=22
num_leaves=31
num_cat=9
split_feature=7 7 7 7 1 3 7 7 6 1 6 6 1 6 3 1 6 1 1 6 6 1 6 3 3 1 1 3 6 5
split_gain=2701.18 314.984 277.977 80.6437 65.5702 72.1793 59.5547 36.8442 29.7354 25.7892 25.621 22.7493 20.4016 20.1921 18.1735 34.0999 16.4193 16.178 14.1528 13.9912 13.904 13.4657 13.2782 12.8779 12.7958 22.7286 15.6578 11.7681 11.5814 11.1216
threshold=0.072195964173943153 0.097439109594248535 0.05423600787202091 0.10824896163657158 0 4.5000000000000009 0.084949763559802313 0.045081121153866428 12.750319505129609 1 12.031923105590947 12.315433647650661 2 11.583360624843122 2.5000000000000004 3 12.902084468380513 4 5 13.49672645977464 13.506550710592995 6 12.147946851847994 2.5000000000000004 4.5000000000000009 7 8 4.5000000000000009 11.903400437239741 5.5000000000000009
decision_type=2 2 2 2 1 2 2 2 2 1 2 2 1 2 2 1 2 1 1 2 2 1 2 2 2 1 1 2 2 2
left_child=2 6 7 13 5 23 8 17 28 19 -5 -8 20 -3 18 16 27 -1 -12 -9 21 -6 -7 -4 25 -10 -26 -16 -2 -13
right_child=1 3 4 10 12 22 11 9 24 -11 14 29 -14 -15 15 -17 -18 -19 -20 -21 -22 -23 -24 -25 26 -27 -28 -29 -30 -31
leaf_value=-0.00049898983197375348 0.001159099112984855 0.0026569918268409486 -0.00064629890089569009 0.001784207997368248 0.00021248250673476063 0.0018141983837134728 0.00061189961227884997 -0.0001151743319828695 -6.6249726920349157e-07 -0.00079720210920583708 0.00091764043560660933 0.00016613363116778544 -0.000570530597729768 0.00034924108532762596 0.0010375495897335563 0.00048421541477287173 0.00086509808728610035 -0.0012114714184237744 0.00046085080681754903 -0.00055400398649924272 -0.00045826785810926636 -0.0003047918844923517 0.00053927380124593088 -1.0786599850412778e-05 9.8247206423403947e-05 -0.00034578633151711487 -0.0003333466842650849 0.0018005553922915388 0.00012477579045229982 3.188438388873494e-06
leaf_weight=10129 2010 796 12797 4580 4233 1038 13513 9283 27898 147153 5565 125373 102446 160129 5698 20960 21370 259512 33872 15591 75411 44993 7846 8942 25698 65645 11729 5592 27852 58137
leaf_count=10129 2010 796 12797 4580 4233 1038 13513 9283 27898 147153 5565 125373 102446 160129 5698 20960 21370 259512 33872 15591 75411 44993 7846 8942 25698 65645 11729 5592 27852 58137
internal_value=-0.00130025 0.00111283 -0.00342709 0.00244251 -0.00212211 5.01082e-05 0.000152086 -0.00418853 -0.00056183 -0.00361679 0.00357615 0.000734862 -0.00241494 0.0017547 0.00339647 0.00399571 0.00500612 -0.0045533 0.00258171 -0.00212466 -0.00198469 -0.00133121 0.00384736 -0.00150168 -0.000886464 -0.00119908 -0.000105139 0.00655004 0.000861964 0.000589068
internal_weight=1.31579e+06 616417 699374 258562 257706 30623 357855 441668 160832 172027 97637 197023 227083 160925 93057 53620 32660 269641 39437 24874 124637 49226 8884 21739 130970 93543 37427 11290 29862 183510
internal_count=1315791 616417 699374 258562 257706 30623 357855 441668 160832 172027 97637 197023 227083 160925 93057 53620 32660 269641 39437 24874 124637 49226 8884 21739 130970 93543 37427 11290 29862 183510
cat_boundaries=0 1 2 3 4 5 6 7 8 9
cat_threshold=32 112 88 34 64 80 16 81 44
is_linear=0
shrinkage=0.05


Tree=23
num_leaves=31
num_cat=8
split_feature=7 7 7 7 1 3 6 7 7 1 6 6 1 6 6 1 3 1 3 3 5 1 3 3 6 6 1 3 3 1
split_gain=2540.81 296.783 262.683 97.9273 59.6246 60.8722 40.2011 36.7674 27.4215 25.0888 24.4269 23.5263 17.6916 17.5686 17.5592 16.5821 15.2409 24.8663 18.4166 16.9681 14.2972 13.0584 52.0725 33.6075 12.2971 12.2158 11.7934 15.5898 15.029 11.4205
threshold=0.071505760598021786 0.093791546260364872 0.053980929683468737 0.10824896163657158 0 3.5000000000000004 12.775502262725922 0.045081121153866428 0.084255406639824934 1 11.903400437239741 12.315433647650661 2 11.903400437239741 12.031923105590947 3 2.5000000000000004 4 5.5000000000000009 4.5000000000000009 5.5000000000000009 5 4.5000000000000009 5.5000000000000009 13.49672645977464 13.506550710592995 6 4.5000000000000009 5.5000000000000009 7
decision_type=2 2 2 2 1 2 2 2 2 1 2 2 1 2 2 1 2 1 2 2 2 1 2 2 2 2 1 2 2 1
left_child=2 6 7 10 5 -4 13 15 -8 24 -3 26 25 -2 -7 -1 -13 19 -19 -18 -12 22 -15 -23 -9 29 28 -28 -5 -6
right_child=1 3 4 11 12 14 8 9 -10 -11 20 16 -14 21 -16 -17 17 18 -20 -21 -22 23 -24 -25 -26 -27 27 -29 -30 -31
leaf_value=-0.00047404034037506554 0.0010362046943402728 0.0014262328448968091 -0.00048473915785366204 0.0010318777175534139 0.00019661139830174463 0.0017459471906505844 -0.00017721143744006787 -0.00011050841101083135 3.3187271808146932e-05 -0.00076265476354883406 0.0003364176599970352 0.00048364138069204406 -0.00054624743930583339 3.076905960843588e-05 0.00036677885664243776 -0.0011508978475025856 0.00066258746001668638 0.0004836025572908861 -0.00058661488222899857 0.001067770307574933 0.00017501301328853177 0.00017509541615585208 0.001299222916213543 -0.00079767635601523084 -0.00052692684533984797 -0.00044480683633814182 0.0013287896222929925 0.0025459585305034581 -0.00065879053737004096 -0.00029725414577327165
leaf_weight=10129 3889 3261 16441 5649 4098 1041 130778 8961 97893 142859 156877 36180 104646 11087 11726 259512 19727 7373 2476 19654 72819 41089 4702 6992 15124 71436 3980 1647 951 42794
leaf_count=10129 3889 3261 16441 5649 4098 1041 130778 8961 97893 142859 156877 36180 104646 11087 11726 259512 19727 7373 2476 19654 72819 41089 4702 6992 15124 71436 3980 1647 951 42794
internal_value=-0.00129387 0.00100894 -0.00339024 0.002039 -0.00210546 1.91651e-05 -0.000139832 -0.00413236 -0.000456793 -0.00354922 0.00148188 0.00336824 -0.00238367 0.000929838 0.00260946 -0.0044934 0.00307458 0.00364717 0.00139517 0.00420896 0.00142088 0.000731172 0.00197829 0.000321161 -0.00205333 -0.00196421 0.00541956 0.0071075 0.00396369 -0.00133733
internal_weight=1.31579e+06 627024 688767 330594 252182 29208 296430 436585 228671 166944 232957 97637 222974 67759 12767 269641 85410 49230 9849 39381 229696 63870 15789 48081 24085 118328 12227 5627 6600 46892
internal_count=1315791 627024 688767 330594 252182 29208 296430 436585 228671 166944 232957 97637 222974 67759 12767 269641 85410 49230 9849 39381 229696 63870 15789 48081 24085 118328 12227 5627 6600 46892
cat_boundaries=0 1 2 3 4 5 6 7 8
cat_threshold=32 112 88 64 38 40 69 16
is_linear=0
shrinkage=0.05


Tree=24
num_leaves=31
num_cat=6
split_feature=7 7 7 7 1 6 7 1 6 6 6 6 7 7 1 3 5 6 3 1 1 3 3 7 3 6 3 1 3 2
split_gain=2399.68 313.915 207.311 90.4231 75.16 42.0059 36.6256 24.9035 23.3662 21.3388 19.9812 18.8978 16.8165 15.5294 14.1977 18.2478 13.1516 11.8724 11.7877 11.0136 10.9961 24.7499 20.6422 10.8446 10.2806 9.47234 12.0713 21.4173 9.31821 9.22352
threshold=0.069397796195364417 0.093177700429382962 0.049373452292769696 0.10824896163657158 0 12.281729595966118 0.081026486669150619 1 11.990580988694822 12.068607812365963 11.79893450632702 12.281729595966118 0.056500935961983231 0.12220391884697518 2 4.5000000000000009 5.5000000000000009 12.74239421760238 4.5000000000000009 3 4 3.5000000000000004 5.5000000000000009 0.04176344767128487 3.5000000000000004 12.541846423687623 5.5000000000000009 5 3.5000000000000004 18.500000000000004
decision_type=2 2 2 2 1 2 2 1 2 2 2 2 2 2 1 2 2 2 2 1 1 2 2 2 2 2 2 1 2 2
left_child=2 5 7 8 10 20 14 11 19 -5 -4 -1 -6 -11 -7 -16 25 -12 -15 24 21 -2 -22 -13 -3 26 -10 -28 -14 -8
right_child=1 3 4 9 12 6 29 -9 16 13 17 23 28 18 15 -17 -18 -19 -20 -21 22 -23 -24 -25 -26 -27 27 -29 -30 -31
leaf_value=-3.6986792389179934e-05 0.0002402806225233838 0.0014745269570628885 0.0009933181067523424 0.0015404112794924294 -0.00059846797790495264 -7.5047429324444527e-05 -7.7743982169436514e-06 -0.0010928812459405979 0.00058056433696395131 0.00052295536725316925 -5.9613661368956562e-05 -0.0010024798440712566 -0.00054567154410747041 0.00069107718972931257 -0.00035444462729952687 -4.8104578431915693e-05 0.0001583380501087108 -0.00044065378779213691 0.0011355277629934509 0.00084051626137154282 0.00042139740221017619 0.0015759345351490876 -0.0011375595084478364 -0.00057844885664891062 0.0034076613925146252 0.00028009903589029423 -0.00065479052553154117 0.0016827908740410257 -0.00035480530219371068 0.00021789908422765303
leaf_weight=4200 3314 616 1871 5480 127837 54549 146668 257649 19788 58765 29709 35644 76780 23700 62544 25226 75628 13989 9692 3479 10252 2665 1826 45246 499 140397 2397 702 58960 15719
leaf_count=4200 3314 616 1871 5480 127837 54549 146668 257649 19788 58765 29709 35644 76780 23700 62544 25226 75628 13989 9692 3479 10252 2665 1826 45246 499 140397 2397 702 58960 15719
internal_value=-0.00128581 0.000830041 -0.00344068 0.00188758 -0.00250183 -0.00028772 -0.000426576 -0.00428751 0.00137212 0.00317313 -0.000626276 -0.00354348 -0.00282596 0.00299288 -0.00101213 -0.00140579 0.0013042 -0.00084306 0.00385392 0.00490422 0.00205543 0.00380781 0.00118382 -0.00371369 0.00922222 0.00155667 0.00249989 -0.000401744 -0.00243849 8.66129e-05
internal_weight=1.31579e+06 663906 651885 341143 309146 322763 304706 342739 243506 97637 45569 85090 263577 92157 142319 87770 238912 43698 33392 4594 18057 5979 12078 80890 1115 163284 22887 3099 135740 162387
internal_count=1315791 663906 651885 341143 309146 322763 304706 342739 243506 97637 45569 85090 263577 92157 142319 87770 238912 43698 33392 4594 18057 5979 12078 80890 1115 163284 22887 3099 135740 162387
cat_boundaries=0 1 2 3 4 5 6
cat_threshold=96 88 113 32 32 65
is_linear=0
shrinkage=0.05


Tree=25
num_leaves=31
num_cat=7
split_feature=7 7 7 7 1 6 7 1 1 3 6 6 6 3 7 6 1 1 3 3 1 6 3 1 3 5 2 7 7 6
split_gain=2262.03 286.368 204.909 88.1023 72.3551 36.4399 27.6763 24.9782 22.9946 43.1484 19.0816 18.143 17.5086 16.4033 16.0085 14.2353 13.8736 12.3254 18.6036 14.3303 12.2419 11.9972 11.9954 24.2745 11.8016 11.2159 10.6076 10.0862 10.0377 9.67968
threshold=0.069138517793051232 0.091495601640996252 0.049066712573575526 0.10824896163657158 0 12.281729595966118 0.079002874386179409 1 2 4.5000000000000009 12.381949521562431 13.16282226600673 12.147946851847994 1.5000000000000002 0.055380707831157457 12.108213082958892 3 4 4.5000000000000009 5.5000000000000009 5 11.583360624843122 3.5000000000000004 6 5.5000000000000009 5.5000000000000009 18.500000000000004 0.034521400803542678 0.042263503016598904 11.903400437239741
decision_type=2 2 2 2 1 2 2 1 1 2 2 2 2 2 2 2 1 1 2 2 1 2 2 1 2 2 2 2 2 2
left_child=2 5 7 8 12 21 20 11 9 13 17 -1 -4 -3 -6 -11 -10 18 29 -19 -7 -2 -12 -24 -25 -18 -8 -9 -13 -5
right_child=1 3 4 10 14 6 26 27 16 15 22 28 -14 -15 -16 -17 25 19 -20 -21 -22 -23 23 24 -26 -27 -28 -29 -30 -31
leaf_value=-0.00036967895847311757 0.0017511445936512788 -0.0001985809928016689 0.00034979193095549088 0.0025062698221012605 -0.0005841780235227794 -6.2511438674632235e-05 -3.7748348733110008e-05 -0.0017465859878630211 -2.34888502023356e-05 0.0031957751780887426 0.00045135565521797495 -0.0010385801861001812 -0.00022093876464796236 0.00054159045312884423 -0.00044638591384111686 0.0011354911729684811 0.00029616807732558514 0.00089695075483422907 0.0023418374150308194 -0.00063351747311454158 -0.00026487964496798997 0.00033192307157187562 0.00083349547681045707 0.00039637954829954252 -0.00056225841153503342 0.00014783049258580488 0.00023471109936987764 -0.00086275328073615899 -0.00056677148585461618 0.00082663834250052695
leaf_weight=17040 1157 5347 7610 818 118851 37492 150788 88508 21074 546 46474 30057 36812 8838 146201 5377 155682 6956 2107 1151 85606 15641 28862 4591 2320 72612 11011 168735 33169 4358
leaf_count=17040 1157 5347 7610 818 118851 37492 150788 88508 21074 546 46474 30057 36812 8838 146201 5377 155682 6956 2107 1151 85606 15641 28862 4591 2320 72612 11011 168735 33169 4358
internal_value=-0.00127601 0.000763013 -0.00338381 0.00170093 -0.00245455 -0.000378281 -0.000511712 -0.00423587 0.00123469 0.00286112 0.00298775 -0.00346343 -0.000586515 0.00136588 -0.0027675 0.0064469 0.00110338 0.00460364 0.00609968 0.00324812 -0.0010767 0.00188475 0.00268539 0.00337363 0.000707267 0.00121671 -8.1862e-05 -0.00447659 -0.00385411 0.00449575
internal_weight=1.31579e+06 668808 646983 367113 309474 301695 284897 337509 269476 20108 97637 80266 44422 14185 265052 5923 249368 15390 7283 8107 123098 16798 82247 35773 6911 228294 161799 257243 63226 5176
internal_count=1315791 668808 646983 367113 309474 301695 284897 337509 269476 20108 97637 80266 44422 14185 265052 5923 249368 15390 7283 8107 123098 16798 82247 35773 6911 228294 161799 257243 63226 5176
cat_boundaries=0 1 2 3 4 5 6 7
cat_threshold=96 88 32 8 32 49 38
is_linear=0
shrinkage=0.05


Tree=26
num_leaves=31
num_cat=8
split_feature=7 7 7 7 1 6 1 7 6 3 1 6 6 6 7 7 7 3 1 1 3 1 3 6 7 1 2 6 3 1
split_gain=2134.39 254.364 208.857 77.0358 67.2854 32.501 26.5287 25.0788 20.051 22.0014 39.1918 19.2554 18.321 16.2818 15.8321 15.3705 13.3178 12.9716 40.8027 27.4416 13.3468 16.2926 13.2583 11.9881 11.8634 11.4875 11.5267 11.0852 10.5453 26.246
threshold=0.069138517793051232 0.091495601640996252 0.049066712573575526 0.1072346774557011 0 12.357696562278482 1 0.079844418236537679 12.55648741036959 5.5000000000000009 2 11.79893450632702 12.482153937926691 11.583360624843122 0.055380707831157457 0.12357928555065191 0.041583106592019921 3.5000000000000004 3 4 5.5000000000000009 5 4.5000000000000009 11.583360624843122 0.034521400803542678 6 16.500000000000004 12.581370599189196 4.5000000000000009 7
decision_type=2 2 2 2 1 2 1 2 2 2 1 2 2 2 2 2 2 2 1 1 2 1 2 2 2 1 2 2 2 1
left_child=2 5 6 8 13 23 12 28 9 25 -11 -5 -1 -4 -6 -13 -14 19 22 -10 -20 -22 -19 -2 -8 26 -3 -15 -7 -30
right_child=1 3 4 11 14 7 24 -9 17 10 -12 15 16 27 -16 -17 -18 18 20 -21 21 -23 -24 -25 -26 -27 -28 -29 29 -31
leaf_value=-0.00014307938946845692 0.001663587363968715 0.00055406992406435956 0.0013936677559461192 0.0021060086667520836 -0.00055496912234664008 -0.00024816308146382042 -0.0016592566884698701 -1.309466049243249e-05 0.00031218761244720331 0.0014973180491845062 -0.00071119325415350113 0.0004785797649743931 -0.00093744200459453539 -3.2480319904890038e-07 -0.00042406661814906082 0.00077985861174754306 -0.00051841830798639126 0.00025796082715332549 0.0001812461950828403 1.2522122699527475e-06 0.00021744482203461818 -0.00051652197336874068 0.00055992671375888715 0.00026534140959115932 -0.00081961561669935076 0.00026106493626161384 0.00093927701976210154 -0.00032612703785925816 0.00067189283412307497 -0.00014574838914651242
leaf_weight=6597 1157 17584 969 2128 118851 92599 88508 148716 46863 1456 4862 76403 33323 24109 146201 29449 40346 16473 29671 75601 5202 9735 32615 21744 168735 11415 7656 19344 3939 33540
leaf_count=6597 1157 17584 969 2128 118851 92599 88508 148716 46863 1456 4862 76403 33323 24109 146201 29449 40346 16473 29671 75601 5202 9735 32615 21744 168735 11415 7656 19344 3939 33540
internal_value=-0.00126624 0.000714419 -0.00331371 0.00159838 -0.00237555 -0.00036121 -0.00417395 -0.000509948 0.00113083 0.00211726 -0.000607788 0.00272041 -0.0033781 -0.000574137 -0.00267734 0.00262574 -0.00360457 0.000934723 0.00137754 0.000595929 0.00028262 -0.000936267 0.00237199 0.0014495 -0.00442197 0.00258696 0.00318218 -0.000717213 -0.00101701 -0.000309374
internal_weight=1.31579e+06 668808 646983 367113 309474 301695 337509 278794 259133 42973 6318 107980 80266 44422 265052 105852 73669 216160 93696 122464 44608 14937 49088 22901 257243 36655 25240 43453 130078 37479
internal_count=1315791 668808 646983 367113 309474 301695 337509 278794 259133 42973 6318 107980 80266 44422 265052 105852 73669 216160 93696 122464 44608 14937 49088 22901 257243 36655 25240 43453 130078 37479
cat_boundaries=0 1 2 3 4 5 6 7 8
cat_threshold=96 88 38 38 81 24 96 32
is_linear=0
shrinkage=0.05


Tree=27
num_leaves=31
num_cat=9
split_feature=7 7 7 1 7 6 1 7 6 6 1 3 3 7 6 7 6 7 3 1 3 3 1 3 1 3 1 1 3 1
split_gain=2011.92 237.423 201.969 61.8742 61.788 35.7881 28.1328 27.5754 19.1109 17.3939 16.4726 59.1348 36.8354 16.119 15.8477 14.4779 14.0313 13.4246 13.4201 13.2697 17.3176 16.9027 12.7807 12.6949 23.8843 12.632 18.949 13.8988 12.2806 11.9915
threshold=0.068592070238769523 0.093177700429382962 0.049066712573575526 0 0.10824896163657158 12.763054968923383 1 0.081799373544184761 12.2093123918769 11.903400437239741 2 4.5000000000000009 4.5000000000000009 0.034521400803542678 12.55648741036959 0.041583106592019921 11.79893450632702 0.055380707831157457 2.5000000000000004 3 4.5000000000000009 5.5000000000000009 4 4.5000000000000009 5 3.5000000000000004 6 7 4.5000000000000009 8
decision_type=2 2 2 1 2 2 1 2 2 2 1 2 2 2 2 2 2 2 2 1 2 2 1 2 1 2 1 1 2 1
left_child=2 5 6 16 9 10 8 23 -1 -3 11 18 22 -8 19 -10 -4 -5 -2 20 -6 -21 -12 24 -7 27 28 -9 -27 -25
right_child=1 4 3 17 14 7 13 25 15 -11 12 -13 -14 -15 -16 -17 -18 -19 -20 21 -22 -23 -24 29 -26 26 -28 -29 -30 -31
leaf_value=-5.306787845066308e-05 -0.00023649090009179955 0.0012318065171214275 0.0008813003849186549 -0.00052722066622930828 0.00093266633035105767 6.8963083856337473e-06 -0.001640768827585451 0.00011485803431030956 -0.00088028296710499778 0.00022871317174008043 0.00035579597808554279 0.0012789157982087624 -0.00045688152315345932 -0.00078027732324996001 0.00048071842617526585 -0.00048475316852599772 -0.00015339920826488193 -0.00040843891414270647 0.00039703948228434226 0.00070832940314645215 0.0019569024832131808 -0.00059583906692675691 -8.1532752063080053e-06 5.2855863151947786e-05 -0.00033793750541544947 -7.9533326918440106e-06 -0.00015731090388471317 -0.00019498059719239523 0.00032756922586545752 -0.00030081258856012411
leaf_weight=4882 8404 3412 1785 118851 7573 24723 79639 21930 43158 240094 21302 5985 14840 168579 74293 41251 39877 138893 5814 10823 3134 1814 15257 28623 79507 11888 16640 46054 23229 13537
leaf_count=4882 8404 3412 1785 118851 7573 24723 79639 21930 43158 240094 21302 5985 14840 168579 74293 41251 39877 138893 5814 10823 3134 1814 15257 28623 79507 11888 16640 46054 23229 13537
internal_value=-0.00125651 0.000637258 -0.00327505 -0.00232971 0.00156763 -0.000302503 -0.00411365 -0.000569476 -0.00335052 0.00114153 0.000689784 0.00189902 0.000214066 -0.00438786 0.0026303 -0.00352682 -0.000541372 -0.00261866 0.000144886 0.00376671 0.00506345 0.00266189 0.0010669 -0.00102978 -0.00132592 -6.72404e-06 0.000581852 -0.000454814 0.00124021 -0.000297677
internal_weight=1.31579e+06 678876 636915 299406 341143 337733 337509 266131 89291 243506 71602 20203 51399 248218 97637 84409 41662 257744 14218 23344 10707 12637 36559 146390 104230 119741 51757 67984 35117 42160
internal_count=1315791 678876 636915 299406 341143 337733 337509 266131 89291 243506 71602 20203 51399 248218 97637 84409 41662 257744 14218 23344 10707 12637 36559 146390 104230 119741 51757 67984 35117 42160
cat_boundaries=0 1 2 3 4 5 6 7 8 9
cat_threshold=96 120 40 32 64 81 46 81 45
is_linear=0
shrinkage=0.05


Tree=28
num_leaves=31
num_cat=10
split_feature=7 7 7 7 1 6 7 7 1 6 7 1 1 3 6 3 7 1 1 6 6 3 6 1 1 3 3 3 1 1
split_gain=1898.75 220.5 199.578 63.055 62.204 29.8315 27.2708 25.6728 24.0018 19.5057 16.1669 15.9912 15.21 27.6009 13.9094 10.9963 10.8136 10.4673 10.4301 10.1261 9.80178 9.63603 9.61294 9.36572 8.98113 41.4066 15.5511 8.383 33.2544 21.8231
threshold=0.068310066114405113 0.091495601640996252 0.048049715389804147 0.10454569582555139 0 12.281729595966118 0.034521400803542678 0.078034230429874021 1 11.79893450632702 0.12220391884697518 2 3 4.5000000000000009 11.583360624843122 1.5000000000000002 0.065490264867075224 4 5 12.941469001590596 11.583360624843122 4.5000000000000009 12.108213082958892 6 7 3.5000000000000004 5.5000000000000009 3.5000000000000004 8 9
decision_type=2 2 2 2 1 2 2 2 1 2 2 1 1 2 2 2 2 1 1 2 2 2 2 1 1 2 2 2 1 1
left_child=2 5 6 12 14 20 18 17 22 -5 -11 -6 13 15 -4 -3 -13 -7 -1 -15 -2 -12 -8 -14 25 -16 -26 29 -29 -9
right_child=1 3 4 9 11 7 8 27 -10 10 21 16 23 19 24 -17 -18 -19 -20 -21 -22 -23 -24 -25 26 -27 -28 28 -30 -31
leaf_value=-0.00015294359609275518 0.0015831897552888161 -0.0002197915734295562 0.0013127526449964824 0.0019347244300966797 -0.00036869775501373022 -6.1133600386420903e-05 0.00025060900259317925 9.8453516783806395e-05 -0.00072263192621828821 0.00039491673418190211 0.00057502357754526804 -0.00053409907841398354 -3.653231999478451e-05 0.0013536102406038275 -0.00042594530097999619 0.00047575985233948607 -0.0001807376564716644 -0.00024643372773188089 -0.0014702971194710682 0.00040581047087937113 0.00028573513890967696 0.00096196496675561712 -0.00041573281834396793 0.00019061322791632352 -0.00013935963161667818 0.00047450324893933869 -0.0017789333571792158 0.00020441152561619317 -0.0002095971362784875 -0.00020590185541099798
leaf_weight=1696 1220 4203 935 2469 115627 37001 1660 38421 202119 101658 24427 146316 21029 3325 11501 6856 7275 90434 97672 1284 16373 9995 18637 191867 16605 8905 2906 45302 28876 59197
leaf_count=1696 1220 4203 935 2469 115627 37001 1660 38421 202119 101658 24427 146316 21029 3325 11501 6856 7275 90434 97672 1284 16373 9995 18637 191867 16605 8905 2906 45302 28876 59197
internal_value=-0.00124105 0.000584578 -0.00321715 0.00141859 -0.0023119 -0.000381822 -0.00408945 -0.000499465 -0.00378179 0.00226025 0.00218033 -0.00258773 0.00090841 0.00241166 -0.000493369 0.00105841 -0.00292254 -0.0010372 -0.0047781 0.00566392 0.00161911 0.0031169 -0.00213892 0.000797628 -0.000634693 9.89408e-05 -0.00140131 -0.000100586 0.000300088 -0.000405049
internal_weight=1.31579e+06 683937 631854 367113 310070 316824 321784 299231 222416 138549 136080 269218 228564 15668 40852 11059 153591 127435 99368 4609 17593 34422 20297 212896 39917 20406 19511 171796 74178 97618
internal_count=1315791 683937 631854 367113 310070 316824 321784 299231 222416 138549 136080 269218 228564 15668 40852 11059 153591 127435 99368 4609 17593 34422 20297 212896 39917 20406 19511 171796 74178 97618
cat_boundaries=0 1 2 3 4 5 6 7 8 9 10
cat_threshold=96 112 22 32 49 64 8 32 46 81
is_linear=0
shrinkage=0.05


Tree=29
num_leaves=31
num_cat=8
split_feature=7 7 7 7 1 7 6 6 7 1 6 3 1 1 3 3 6 3 1 7 3 1 3 3 1 3 3 6 3 1
split_gain=1794.25 209.164 189.608 55.5149 55.4645 30.7195 28.9794 27.5519 23.9014 22.8598 18.676 15.2698 17.943 14.7435 22.4437 18.2916 14.0175 18.9029 40.0055 12.9892 12.4508 11.5562 38.6224 26.3185 11.5201 21.4937 15.3399 13.6242 11.2275 23.1575
threshold=0.067725050271471812 0.091495601640996252 0.048049715389804147 0.10454569582555139 0 0.034521400803542678 13.677005387928636 12.51280338464896 0.079002874386179409 1 12.55648741036959 3.5000000000000004 2 3 5.5000000000000009 4.5000000000000009 12.689206106298782 5.5000000000000009 4 0.05423600787202091 4.5000000000000009 5 3.5000000000000004 5.5000000000000009 6 3.5000000000000004 5.5000000000000009 13.05748933331842 4.5000000000000009 7
decision_type=2 2 2 2 1 2 2 2 2 1 2 2 1 1 2 2 2 2 1 2 2 1 2 2 1 2 2 2 2 1
left_child=2 7 5 16 6 -1 24 21 28 -7 13 -12 -13 15 -15 -5 17 -3 -19 -6 -14 22 -2 -23 25 -4 -26 -27 29 -9
right_child=1 3 4 10 19 9 -8 8 -10 -11 11 12 20 14 -16 -17 -18 18 -20 -21 -22 23 -24 -25 26 27 -28 -29 -30 -31
leaf_value=-0.0013761961678206592 -7.2481115303648505e-05 0.00041809414765631273 -0.00018357914487531792 0.00080187979891811723 -0.00053394717961372862 -0.00035496376475763268 -0.00039864619515679595 1.0235000031628167e-05 -2.2069578030989997e-05 -0.00068650032990737403 0.00028530837200073421 0.00061550044771836471 0.00054843771821983585 0.00062388470854023842 -0.00059032040604448403 0.0018238424699303217 0.00013071359887819735 -0.00060365326960654033 0.001302383242647775 -0.00039951317593789885 -0.00015631546060645442 0.00019337170205996254 0.0010934356969034542 -0.0011601078560493467 -0.00012273452315893839 0.00056877886226644502 -0.0016914338920065997 -6.7214575423861768e-05 -6.2437426903413917e-05 -0.00033010159824676226
leaf_weight=99368 7359 45803 15816 8821 99464 20297 29681 23482 149613 202119 61007 37173 3249 15442 2615 3687 174888 6310 1563 124061 6555 21343 5898 3715 15916 8019 2768 4169 40131 75459
leaf_count=99368 7359 45803 15816 8821 99464 20297 29681 23482 149613 202119 61007 37173 3249 15442 2615 3687 174888 6310 1563 124061 6555 21343 5898 3715 15916 8019 2768 4169 40131 75459
internal_value=-0.00122558 0.000521794 -0.00317655 0.00134096 -0.00227204 -0.00401953 -0.00110822 -0.000397861 -0.000565063 -0.00369299 0.00213069 0.00182184 0.00249941 0.00322182 0.00230337 0.00454226 0.000862252 0.00156904 -0.000694146 -0.00266949 0.000594048 0.000861933 0.0020551 0.000229774 -0.000331778 0.000309844 -0.00129293 0.00188792 -0.00103695 -0.00132306
internal_weight=1.31579e+06 694113 621678 367113 299894 321784 76369 327000 288685 222416 138549 107984 46977 30565 18057 12508 228564 53676 7873 223525 9804 38315 13257 25058 46688 28004 18684 12188 139072 98941
internal_count=1315791 694113 621678 367113 299894 321784 76369 327000 288685 222416 138549 107984 46977 30565 18057 12508 228564 53676 7873 223525 9804 38315 13257 25058 46688 28004 18684 12188 139072 98941
cat_boundaries=0 1 2 3 4 5 6 7 8
cat_threshold=112 112 46 32 67 32 48 81
is_linear=0
shrinkage=0.05


Tree=30
num_leaves=31
num_cat=8
split_feature=7 7 7 1 7 7 6 1 7 6 6 1 6 3 1 7 2 6 6 3 1 6 3 1 1 1 3 3 6 6
split_gain=1683.19 190.829 187.777 50.5801 49.0331 33.6495 26.0125 25.6004 25.4553 15.8544 14.1029 14.0349 13.9472 14.1008 22.5256 12.9216 12.8733 11.5535 10.8849 10.6113 10.5632 10.451 10.2106 15.4112 9.88019 9.62958 16.7433 14.3018 9.6447 9.52363
threshold=0.067725050271471812 0.048049715389804147 0.091495601640996252 0 0.10626256099500953 0.033321867509809124 13.677005387928636 1 0.078034230429874021 11.583360624843122 12.281729595966118 2 12.482153937926691 5.5000000000000009 3 0.05423600787202091 16.500000000000004 12.719295892250789 11.583360624843122 3.5000000000000004 4 12.238323199352537 4.5000000000000009 5 6 7 3.5000000000000004 5.5000000000000009 13.05748933331842 12.238323199352537
decision_type=2 2 2 1 2 2 2 1 2 2 2 1 2 2 1 2 2 2 2 2 1 2 2 1 1 1 2 2 2 2
left_child=1 5 8 6 12 24 18 21 11 -6 -10 29 13 -4 -15 -5 -11 -18 -3 -17 -21 -7 -19 -24 -1 26 -20 -27 -28 -2
right_child=2 3 4 15 9 7 -8 -9 10 16 -12 -13 -14 14 -16 19 17 22 25 20 -22 -23 23 -25 -26 27 28 -29 -30 -31
leaf_value=-0.00067074207804134053 0.00069122974526695505 0.0012291266950953865 0.00049683649960377411 -0.00050724982063304197 0.0021980757170924352 0.00013954542412473352 -0.00037871388539895611 -0.00065879484003608939 0.00041990498218004977 0.00023822982145106327 -1.7916287883807134e-05 -0.00022186702891785018 0.00015116869281685342 0.0012273310507552597 -0.00063645544222365284 -0.00046606133074701488 0.00070561524067238777 0.00033879862855656733 -0.00018751513185824163 -0.00062297620354993517 -0.00020774119563592757 -0.00039033569036715538 -0.00072620964637365719 0.00070060724151755867 -0.0014015799772317005 -0.00012667915411909147 0.00048985690513109453 -0.0016079089914961876 -6.3853846652668912e-05 -5.8696628208839734e-05
leaf_weight=9903 2759 901 27222 99464 1207 2852 29681 206265 10397 27338 171796 101989 216852 1076 3632 70357 28712 43376 15465 9407 44297 18457 1179 16519 84307 15690 7729 2734 4169 40059
leaf_count=9903 2759 901 27222 99464 1207 2852 29681 206265 10397 27338 171796 101989 216852 1076 3632 70357 28712 43376 15465 9407 44297 18457 1179 16519 84307 15690 7729 2734 4169 40059
internal_value=-0.0012073 -0.00309693 0.000485129 -0.00218951 0.00126129 -0.00394261 -0.00107811 -0.00361364 -0.00038624 0.00209915 7.05177e-06 -0.00088107 0.000862762 0.0018384 -0.000688192 -0.00256906 0.0020404 0.00232965 -0.000342487 -0.00222878 -0.0016995 -0.00196046 0.00194076 0.00295287 -0.00473729 -0.000449583 0.00014558 -0.00133286 0.00155572 -0.000121184
internal_weight=1.31579e+06 621678 694113 299894 367113 321784 76369 227574 327000 118331 182193 144807 248782 31930 4708 223525 117124 89786 46688 124061 53704 21309 61074 17698 94210 45787 27363 18424 11898 42818
internal_count=1315791 621678 694113 299894 367113 321784 76369 227574 327000 118331 182193 144807 248782 31930 4708 223525 117124 89786 46688 124061 53704 21309 61074 17698 94210 45787 27363 18424 11898 42818
cat_boundaries=0 1 2 3 4 5 6 7 8
cat_threshold=112 112 49 38 1 64 96 48
is_linear=0
shrinkage=0.05


Tree=31
num_leaves=31
num_cat=10
split_feature=7 7 7 7 1 7 1 6 6 3 1 1 6 1 3 7 7 1 3 3 1 3 3 6 1 6 3 1 1 2
split_gain=1583.65 192.571 168.453 49.6876 47.4165 37.2901 24.7756 23.6237 22.0194 17.1186 34.964 15.8999 15.1548 13.5399 28.2474 12.9361 12.0264 11.5849 38.0455 26.8625 11.3687 20.4945 14.9737 11.169 10.9406 10.6901 10.0437 9.98925 9.90147 9.33724
threshold=0.067725050271471812 0.048049715389804147 0.089200895554978468 0.10454569582555139 0 0.033321867509809124 1 13.579335906955114 12.655801817186282 3.5000000000000004 2 3 11.583360624843122 4 2.5000000000000004 0.12357928555065191 0.05423600787202091 5 4.5000000000000009 5.5000000000000009 6 3.5000000000000004 5.5000000000000009 12.031923105590947 7 12.147946851847994 3.5000000000000004 8 9 21.500000000000004
decision_type=2 2 2 2 1 2 1 2 2 2 1 1 2 1 2 2 2 1 2 2 1 2 2 2 1 2 2 1 1 2
left_child=1 5 8 13 7 24 29 20 17 10 -10 -11 -5 14 -4 -14 -6 18 -2 -19 21 28 -22 -16 -1 -23 -18 -28 -3 -7
right_child=2 4 3 12 16 6 -8 -9 9 11 -12 -13 15 -15 23 -17 26 19 -20 -21 22 25 -24 -25 -26 -27 27 -29 -30 -31
leaf_value=-0.00063720497413927363 7.0885434413831421e-06 0.00019945324149693567 -8.0349553296880859e-05 0.0020621628622425688 -0.00048188732960138955 -0.00018798903669234592 -0.00062585509803428504 -0.00035272219633415979 4.1046568400908981e-05 0.00037348588114708781 -0.00029389747422159677 -6.2794487812112396e-05 0.00034207515823169647 0.0001286143860984556 0.0022271304842803197 0.00062933847766346988 -0.00044275826420966404 0.00011003225733284646 0.0011656352082707378 -0.001036480797814528 -0.00011025995487106578 0.0013367364329388174 -0.0015264667478314606 0.00068171586747843484 -0.0013315009783701156 0.00024580289327561666 -0.00059182739337243831 -0.0001973541358541315 -0.00036189678705357867 -0.00053589095981184602
leaf_weight=9903 11441 3610 7343 1322 99464 14465 206265 32015 39747 7891 100643 99340 107499 241537 759 29728 70357 27565 4810 4797 15915 1306 2768 9691 84307 9865 9407 44297 10890 6844
leaf_count=9903 11441 3610 7343 1322 99464 14465 206265 32015 39747 7891 100643 99340 107499 241537 759 29728 70357 27565 4810 4797 15915 1306 2768 9691 84307 9865 9407 44297 10890 6844
internal_value=-0.00118963 -0.00302253 0.000451993 0.0011241 -0.00211098 -0.00387207 -0.00352576 -0.00103491 -0.000450726 -0.000641728 -0.00100506 -0.000166045 0.00188854 0.000715689 0.00204656 0.00183721 -0.00247847 0.000522184 0.00161091 -2.50228e-05 -0.000287912 0.000395038 -0.00122586 0.0037177 -0.00470863 0.00200474 -0.00215019 -0.00163526 -0.000844829 -0.00189948
internal_weight=1.31579e+06 621678 694113 397879 299894 321784 227574 76369 296234 247621 140390 107231 138549 259330 17793 137227 223525 48613 16251 32362 44354 25671 18683 10450 94210 11171 124061 53704 14500 21309
internal_count=1315791 621678 694113 397879 299894 321784 227574 76369 296234 247621 140390 107231 138549 259330 17793 137227 223525 48613 16251 32362 44354 25671 18683 10450 94210 11171 124061 53704 14500 21309
cat_boundaries=0 1 2 3 4 5 6 7 8 9 10
cat_threshold=112 112 81 32 32 40 48 96 1 16
is_linear=0
shrinkage=0.05


Tree=32
num_leaves=31
num_cat=10
split_feature=7 7 7 7 1 7 1 6 6 7 6 6 1 7 1 3 3 3 1 1 3 3 6 1 3 1 1 6 2 1
split_gain=1490.19 192.503 151.224 44.512 43.7823 41.1758 24.15 21.9422 20.4125 16.1018 15.0812 12.2855 11.7442 11.6335 11.2388 13.3381 12.3609 11.2316 13.2813 12.3872 17.0617 13.7159 10.2219 10.0876 9.71097 23.0767 15.1574 9.63991 9.3346 9.20032
threshold=0.067725050271471812 0.048049715389804147 0.089200895554978468 0.10414963761858197 0 0.033321867509809124 1 13.846957140209947 12.261251879726503 0.078034230429874021 12.381949521562431 11.583360624843122 2 0.052294649958558363 3 5.5000000000000009 4.5000000000000009 2.5000000000000004 4 5 4.5000000000000009 4.5000000000000009 11.583360624843122 6 3.5000000000000004 7 8 12.238323199352537 16.500000000000004 9
decision_type=2 2 2 2 1 2 1 2 2 2 2 2 1 2 1 2 2 2 1 1 2 2 2 1 2 1 1 2 2 1
left_child=1 5 8 11 7 12 27 22 -2 24 14 -4 -1 -6 16 -16 -5 18 -12 21 -21 -19 -3 28 25 -10 -26 -7 -13 -8
right_child=2 4 3 10 13 6 29 -9 9 -11 17 23 -14 -15 15 -17 -18 19 -20 20 -22 -23 -24 -25 26 -27 -28 -29 -30 -31
leaf_value=-0.00059669359559457748 0.00033620524850949029 0.0011601858837420249 0.001672626680732754 0.00084215877472535675 -0.00049712221744160629 0.00014196760475311367 -0.00051425325983845544 -0.00038764271338400275 3.6988144381287761e-05 -2.9866480911189603e-05 0.00061968824494339583 0.00013490350376888465 -0.0012706409202797857 -0.0003542135034783349 0.00059183662418914448 -0.00072434653374016942 0.0018267160939800674 0.0003406379391608008 0.00015902363752264923 0.00044243435424656759 -0.00020922913333793053 0.00065768750389509775 -0.00010319619657255116 6.8964869313438087e-05 0.00034252333372182813 -0.00032757774278643637 -0.00013426891314853478 -0.00035455980813543374 0.00031231374176463782 -0.00065450036411501703
leaf_weight=10397 14804 901 1043 6067 65403 2852 84586 22499 18902 143718 6091 67076 83813 158122 9980 1679 2484 27159 46055 8387 8477 27171 52969 135823 7357 58990 52463 18457 50387 121679
leaf_count=10397 14804 901 1043 6067 65403 2852 84586 22499 18902 143718 6091 67076 83813 158122 9980 1679 2484 27159 46055 8387 8477 27171 52969 135823 7357 58990 52463 18457 50387 121679
internal_value=-0.00117352 -0.00295151 0.000418929 0.00105573 -0.00204012 -0.0038009 -0.00343699 -0.0010061 -0.000436379 -0.000531572 0.00175966 0.000658418 -0.00467997 -0.00239325 0.00302573 0.00201003 0.00440311 0.00155221 0.000994706 0.00196056 0.000775156 0.00232793 -0.000458512 0.000636118 -0.000917931 -0.00128588 -0.000438818 -0.00183147 0.000975414 -0.00360259
internal_weight=1.31579e+06 621678 694113 397879 299894 321784 227574 76369 296234 281430 143550 254329 94210 223525 20210 11659 8551 123340 52146 71194 16864 54330 53870 253286 137712 77892 59820 21309 117463 206265
internal_count=1315791 621678 694113 397879 299894 321784 227574 76369 296234 281430 143550 254329 94210 223525 20210 11659 8551 123340 52146 71194 16864 54330 53870 253286 137712 77892 59820 21309 117463 206265
cat_boundaries=0 1 2 3 4 5 6 7 8 9 10
cat_threshold=112 112 104 32 80 46 114 80 32 10
is_linear=0
shrinkage=0.05


Tree=33
num_leaves=31
num_cat=11
split_feature=7 7 7 7 7 1 1 6 6 3 1 1 7 6 1 1 6 3 1 3 1 2 3 1 6 2 2 3 1 1
split_gain=1400.39 188.646 139.59 44.593 43.5613 40.9928 23.323 19.44 18.3532 14.2 27.0304 21.441 14.0647 13.1714 12.5531 11.3432 11.6522 16.6695 22.1746 11.1564 12.0041 10.7561 10.0453 55.1098 9.8046 9.66872 11.8599 9.43355 21.7833 17.6222
threshold=0.067426327462205657 0.048049715389804147 0.086782565864286745 0.033321867509809124 0.10454569582555139 0 1 13.731250574147777 12.763054968923383 4.5000000000000009 2 3 0.13142010876366625 11.583360624843122 4 5 12.801065229762154 4.5000000000000009 6 3.5000000000000004 7 17.500000000000004 5.5000000000000009 8 11.903400437239741 21.500000000000004 9.5000000000000018 2.5000000000000004 9 10
decision_type=2 2 2 2 2 1 1 2 2 2 1 1 2 2 1 1 2 2 1 2 1 2 2 1 2 2 2 2 1 1
left_child=1 3 8 14 13 7 25 -3 24 10 -10 -11 27 -4 -1 -15 22 21 -19 -7 -21 -18 -17 -24 -2 26 -5 28 -6 -29
right_child=2 5 4 6 12 19 -8 -9 9 11 -12 -13 -14 15 -16 16 17 18 -20 20 -22 -23 23 -25 -26 -27 -28 29 -30 -31
leaf_value=-0.00056685891581484827 0.00077602462325026438 -6.9324216748699828e-05 0.001630438046257568 -0.00032805427349910079 0.00066517363381140302 -0.00044101811682394955 -0.00056519639316372045 -0.00034078927252752386 3.0179051471339178e-05 0.0001002827509900625 -0.00026106374693900031 -0.00025091265882006464 0.00097954268193138042 3.1986857066221496e-05 -0.0012071088742657964 0.00035799447545926418 -5.6034711115247863e-05 0.00039790070629080326 -0.00019445690862236338 -0.00016137714734722327 -0.00037355639081289999 0.00017091229499638624 -0.00096106692568691449 0.00093611347581159816 3.1247941157628097e-05 -0.00049136842141448149 0.00016335069980257013 0.00085613096382427612 0.0001493775298087277 0.00033862735448940006
leaf_weight=10397 3196 47875 1196 10381 9770 124982 206265 26733 39202 40422 115591 22094 5068 107970 83813 47573 50005 28607 7700 30375 64838 39431 4913 3361 49394 6844 4084 14062 46735 62914
leaf_count=10397 3196 47875 1196 10381 9770 124982 206265 26733 39202 40422 115591 22094 5068 107970 83813 47573 50005 28607 7700 30375 64838 39431 4913 3361 49394 6844 4084 14062 46735 62914
internal_value=-0.00115281 -0.00288984 0.000378973 -0.00372694 0.000939133 -0.00197612 -0.00334823 -0.000962772 -0.000512026 -0.000714859 -0.000971718 -7.8861e-05 0.00166876 0.000591457 -0.00464176 0.000569829 0.000811122 0.000544244 0.00144779 -0.00231932 -0.00191166 0.000177444 0.00141216 -0.000195795 0.000326106 -0.00177049 -0.00103872 0.0015706 0.00107999 0.00193073
internal_weight=1.31579e+06 616587 699204 321784 429305 294803 227574 74608 269899 217309 154793 62516 138549 290756 94210 289560 181590 125743 36307 220195 95213 89436 55847 8274 52590 21309 14465 133481 56505 76976
internal_count=1315791 616587 699204 321784 429305 294803 227574 74608 269899 217309 154793 62516 138549 290756 94210 289560 181590 125743 36307 220195 95213 89436 55847 8274 52590 21309 14465 133481 56505 76976
cat_boundaries=0 1 2 3 4 5 6 7 8 9 10 11
cat_threshold=112 112 81 44 104 9 38 6 64 80 32
is_linear=0
shrinkage=0.05


Tree=34
num_leaves=31
num_cat=9
split_feature=7 7 7 7 1 7 7 1 6 1 6 6 3 1 2 1 2 7 3 1 1 1 1 3 2 3 3 6 2 2
split_gain=1320.23 188.405 125.706 47.7759 38.8253 28.7274 26.834 19.9844 18.1465 17.4236 14.7738 13.4233 15.51 55.9259 13.0377 12.6352 16.1177 11.3072 10.2674 20.9043 14.4645 10.1686 9.44687 17.4179 9.77776 9.43298 9.13118 9.11958 8.82957 11.1716
threshold=0.067426327462205657 0.048049715389804147 0.094640789754007873 0.034521400803542678 0 0.079002874386179409 0.11437927845860141 1 13.846957140209947 2 12.395871386706281 12.757262318944296 5.5000000000000009 3 12.500000000000002 4 16.500000000000004 0.052294649958558363 3.5000000000000004 5 6 7 8 3.5000000000000004 20.500000000000004 4.5000000000000009 4.5000000000000009 12.147946851847994 21.500000000000004 9.5000000000000018
decision_type=2 2 2 2 1 2 2 1 2 1 2 2 2 1 2 1 2 2 2 1 1 1 1 2 2 2 2 2 2 2
left_child=1 3 5 9 8 21 11 28 27 -1 14 12 15 -14 -7 -4 -17 -6 20 25 -13 -2 23 -9 -25 -20 -21 -3 29 -5
right_child=2 4 6 7 17 10 -8 22 -10 -11 -12 18 13 -15 -16 16 -18 -19 19 26 -22 -23 -24 24 -26 -27 -28 -29 -30 -31
leaf_value=-0.0005074060570586773 -0.0003282450626105313 0.00025878729674136993 0.00019800359714623289 -0.00032303927438011027 -0.00045200153171809089 0.00075530137054827251 0.00049054918878053792 -0.00061024387874912686 -0.00035063102204358599 -0.001140073959616064 -2.4019725616943912e-06 0.00023897846217742292 -0.00064687198692362782 0.0011265122595233424 0.00014557498901832287 0.00029148142233892019 0.00069527409799217954 -0.00032052221402526507 0.00016604818291213194 0.00023549348971573845 -2.0204958707972708e-05 -0.00011146275160053676 -0.00058262738120952819 -0.00022265133631384248 -0.0005788643074759979 0.00040756161638935603 -0.00019330894956778194 -0.00012182464982676562 -0.00047764497491796027 0.00015435736003318687
leaf_weight=11584 21322 6909 28423 9712 65403 5537 56403 47695 22313 87784 203262 33621 8038 3374 14689 19026 18700 154792 18565 7642 69146 139255 118058 28879 7487 36793 15408 45386 6502 4083
leaf_count=11584 21322 6909 28423 9712 65403 5537 56403 47695 22313 87784 203262 33621 8038 3374 14689 19026 18700 154792 18565 7642 69146 139255 118058 28879 7487 36793 15408 45386 6502 4083
internal_value=-0.00113263 -0.00281921 0.000354659 -0.00365578 -0.00190607 -0.000252628 0.00109477 -0.00324855 -0.000919886 -0.00456727 0.00011392 0.000879351 0.00142978 -0.000272521 0.00140265 0.00172346 0.00232324 -0.00224007 0.000643713 0.00107463 0.000314935 -0.000762782 -0.0033988 -0.00299158 -0.00216769 0.00160128 -0.000190808 -0.000410652 -0.00174989 -0.0010348
internal_weight=1.31579e+06 616587 699204 321784 294803 384065 315139 222416 74608 99368 223488 258736 77561 11412 20226 66149 37726 220195 181175 78408 102767 160577 202119 84061 36366 55358 23050 52295 20297 13795
internal_count=1315791 616587 699204 321784 294803 384065 315139 222416 74608 99368 223488 258736 77561 11412 20226 66149 37726 220195 181175 78408 102767 160577 202119 84061 36366 55358 23050 52295 20297 13795
cat_boundaries=0 1 2 3 4 5 6 7 8 9
cat_threshold=112 112 104 65 7 54 81 2 10
is_linear=0
shrinkage=0.05


Tree=35
num_leaves=31
num_cat=10
split_feature=7 7 7 1 7 7 7 6 1 6 1 1 3 3 6 3 1 1 3 1 3 7 6 1 6 2 3 1 6 1
split_gain=1241.72 186.635 113.209 55.474 35.0358 34.086 24.3396 18.6265 16.1721 16.1196 14.6577 13.3567 41.0615 17.9458 13.1623 12.8878 18.5128 11.8948 11.368 10.8521 10.5945 10.4521 10.1602 10.1424 9.9911 9.01698 8.97565 10.5512 8.41524 8.11031
threshold=0.067426327462205657 0.044312859329215457 0.086387359317017867 0 0.10414963761858197 0.033321867509809124 0.052294649958558363 13.846957140209947 1 12.968424008565655 2 3 4.5000000000000009 4.5000000000000009 11.583360624843122 4.5000000000000009 4 5 3.5000000000000004 6 1.5000000000000002 0.12220391884697518 12.147946851847994 7 11.583360624843122 16.500000000000004 4.5000000000000009 8 13.668571974866669 9
decision_type=2 2 2 1 2 2 2 2 1 2 1 1 2 2 2 2 1 1 2 1 2 2 2 1 2 2 2 1 2 1
left_child=1 5 9 7 17 10 18 22 -7 11 26 12 20 23 -6 16 28 24 -5 -17 -2 -16 -3 -13 -4 -26 27 -1 -11 -15
right_child=2 3 4 6 14 8 -8 -9 -10 15 -12 13 -14 29 21 19 -18 -19 -20 -21 -22 -23 -24 -25 25 -27 -28 -29 -30 -31
leaf_value=0.00022268226557676379 -0.00040497156894250407 0.00026998951633703318 0.0016259157251438722 -0.00052674142311290686 0.0018523758308293895 -0.00034799305791084626 -0.0003044961033240021 -0.00033440635302592472 -0.00056313835215382176 0.0002203468742016031 -0.0010897497325717037 0.00013638527606945746 0.00087252609880115193 9.330666702821595e-05 0.00026017805935373353 6.844142589545488e-05 -0.00024712472340458546 4.6116476311689123e-05 -0.00034249557700250931 -0.0001962472449290242 0.00015574702807185885 0.00050747680520280838 -0.00011097345645131188 -0.00025199369945517271 0.00011239059516041624 0.00027011047247897391 -6.5832778292293314e-05 -0.00096399003546898546 -8.7820014668591492e-05 -0.00059116634140556241
leaf_weight=781 6859 7429 1061 75959 1343 32188 154792 23432 121973 10027 83813 28232 7476 3207 107481 36391 105552 160416 57506 17769 11184 34726 49098 8105 76735 53001 3074 6542 18162 11477
leaf_count=781 6859 7429 1061 75959 1343 32188 154792 23432 121973 10027 83813 28232 7476 3207 107481 36391 105552 160416 57506 17769 11184 34726 49098 8105 76735 53001 3074 6542 18162 11477
internal_value=-0.00111219 -0.00274785 0.000330203 -0.0020334 0.000826392 -0.00380703 -0.00235662 -0.000867775 -0.00334913 -0.000485573 -0.00455631 0.000126077 0.00105977 -0.000341068 0.00146569 -0.000734723 -0.000998237 0.000511257 -0.0028515 -8.40115e-05 -0.000230839 0.00141916 -0.000376547 0.000254973 0.000865128 0.000825676 -0.00277554 -0.00373003 0.000140252 -0.00181626
internal_weight=1.31579e+06 616587 699204 368216 434763 248371 288257 79959 154161 264441 94210 76540 25519 51021 143550 187901 133741 291213 133465 54160 18043 142207 56527 36337 130797 129736 10397 7323 28189 14684
internal_count=1315791 616587 699204 368216 434763 248371 288257 79959 154161 264441 94210 76540 25519 51021 143550 187901 133741 291213 133465 54160 18043 142207 56527 36337 130797 129736 10397 7323 28189 14684
cat_boundaries=0 1 2 3 4 5 6 7 8 9 10
cat_threshold=112 114 104 56 17 114 44 65 64 6
is_linear=0
shrinkage=0.05


Tree=36
num_leaves=31
num_cat=10
split_feature=7 7 7 1 7 7 6 7 1 7 1 6 1 6 3 6 3 1 3 1 3 1 1 7 3 6 3 1 3 1
split_gain=1164.54 169.512 125.614 39.121 35.0708 34.8547 22.7199 18.4128 14.7058 14.6509 14.6291 13.1475 12.8573 12.7455 12.4232 12.0017 13.2356 36.249 11.2115 13.3015 15.8971 12.5042 11.1259 10.1148 9.80347 9.06422 8.8007 9.88774 8.45765 7.87724
threshold=0.060802840486139792 0.084255406639824934 0.043980777748548618 0 0.033321867509809124 0.10297475800934078 12.750319505129609 0.069397796195364417 1 0.051322440910878987 2 12.357696562278482 3 11.583360624843122 3.5000000000000004 12.609590024708785 5.5000000000000009 4 2.5000000000000004 5 5.5000000000000009 6 7 0.12357928555065191 4.5000000000000009 11.79893450632702 4.5000000000000009 8 3.5000000000000004 9
decision_type=2 2 2 1 2 2 2 2 1 2 1 2 1 2 2 2 2 1 2 1 2 1 1 2 2 2 2 1 2 1
left_child=2 6 4 11 10 12 25 28 -6 14 26 -4 -3 -7 -5 16 -14 -18 21 20 -20 -17 -16 -15 -21 -2 27 -1 -8 -26
right_child=1 5 3 9 8 13 7 -9 -10 -11 -12 -13 15 23 22 18 17 -19 19 24 -22 -23 -24 -25 29 -27 -28 -29 -30 -31
leaf_value=0.00021154815229792597 0.00081433204016376649 7.9409186482451071e-06 0.00020239258457018045 -0.0005167050706078104 -0.00033017000998299291 0.0018126604476433553 -0.00032180332850666117 -0.00011527166182884771 -0.0005378243906181188 -0.00031232059511060759 -0.0010352622459431184 -0.00020242152921611588 0.00039949757252438268 0.0002452009422729251 -0.00061318442261657229 0.00025699916335863261 0.0010627334466961093 -0.00083057909381109769 6.5704527981681697e-05 0.00011251098845460291 -0.0012576560448745702 -9.3656979537767344e-05 -0.0002633442858443291 0.00050245222541164662 -1.1411529581976114e-05 -2.9701401150824981e-07 -6.2541139377678639e-05 -0.0009157905336955361 -0.00015239369890442946 0.00038400085197395765
leaf_weight=781 2600 127465 7119 71964 28632 1427 58090 163473 115117 116668 83813 36106 34022 127940 11347 15054 1775 4179 7678 35156 2544 43857 43319 29728 5124 56403 3074 6542 44717 30077
leaf_count=781 2600 127465 7119 71964 28632 1427 58090 163473 115117 116668 83813 36106 34022 127940 11347 15054 1775 4179 7678 35156 2544 43857 43319 29728 5124 56403 3074 6542 44717 30077
internal_value=-0.00109 0.000121007 -0.00291709 -0.00221192 -0.00376618 0.000732404 -0.000754928 -0.000951631 -0.00327477 -0.00245816 -0.00451598 -0.000825143 0.000421087 0.00133301 -0.00283069 0.000693796 0.00145762 -0.000717166 0.000474943 0.000858225 -0.000826819 -4.93129e-05 -0.00226247 0.00129043 0.001103 0.000132789 -0.0027371 -0.00368224 -0.00147592 0.00169299
internal_weight=1.31579e+06 791309 524482 286523 237959 466026 325283 266280 143749 243298 94210 43225 306931 159095 126630 179466 39976 5954 139490 80579 10222 58911 54666 157668 70357 59003 10397 7323 102807 35201
internal_count=1315791 791309 524482 286523 237959 466026 325283 266280 143749 243298 94210 43225 306931 159095 126630 179466 39976 5954 139490 80579 10222 58911 54666 157668 70357 59003 10397 7323 102807 35201
cat_boundaries=0 1 2 3 4 5 6 7 8 9 10
cat_threshold=112 114 104 9 36 64 80 1 64 16
is_linear=0
shrinkage=0.05


Tree=37
num_leaves=31
num_cat=9
split_feature=7 7 7 1 7 7 6 7 1 6 6 5 6 1 3 3 7 1 3 3 3 1 2 1 3 1 1 0 3 6
split_gain=1098.85 167.767 116.609 40.5319 31.6335 30.2358 24.0788 20.9587 18.888 15.2374 12.1285 11.1847 11.1173 9.90471 20.2762 9.66037 9.35144 9.15816 42.2424 19.1408 12.5912 10.0953 9.0654 8.9809 8.472 15.3753 7.8477 7.80348 7.47798 7.65392
threshold=0.058922228013065493 0.084611166957296327 0.034521400803542678 0 0.049373452292769696 0.10225043802741259 12.750319505129609 0.069397796195364417 1 12.32972287990661 11.583360624843122 5.5000000000000009 11.990580988694822 2 3.5000000000000004 3.5000000000000004 0.12220391884697518 3 4.5000000000000009 5.5000000000000009 1.5000000000000002 4 20.500000000000004 5 3.5000000000000004 6 7 8 5.5000000000000009 13.846957140209947
decision_type=2 2 2 1 2 2 2 2 1 2 2 2 2 1 2 2 2 1 2 2 2 1 2 1 2 1 1 1 2 2
left_child=2 6 8 9 13 11 17 15 -1 -4 -7 12 -3 14 -5 23 -12 18 20 -19 -2 -21 -16 -8 25 -9 -14 -20 29 -11
right_child=1 5 3 4 -6 10 7 24 -10 28 16 -13 26 -15 22 -17 -18 19 27 21 -22 -23 -24 -25 -26 -27 -28 -29 -30 -31
leaf_value=-0.00044969194279547136 -0.00049404899049062991 0.00083476279808171688 0.00013143466085031028 -0.0005334793690820451 -0.0003168794209616702 0.001723902182875434 -8.7486093459769948e-05 3.558535470113836e-05 -0.00097930713269084595 -0.00010749120817867365 0.00022494656052244406 -1.3730504894714512e-05 3.45254646160497e-05 -0.00049729401181465322 -0.00020444012007791551 -0.00014875756424651877 0.0004594919424442159 1.7505336522656928e-05 0.0010962397169845747 -0.001560665852578831 0.00011924051262035829 7.0706264135608619e-05 -0.00049491810549278303 -0.00035829977924167977 -3.4466176606097515e-05 -0.00024780601886211493 0.00017266522668978629 0.00056009826124785536 -0.00062762257153900155 -0.00031935616305167071
leaf_weight=11584 7168 3259 7967 57419 132461 1475 11237 24585 87784 23212 133315 92621 83469 118679 36257 52453 34726 31282 3471 3885 11726 1543 7488 56907 72552 70429 111645 4325 6417 14450
leaf_count=11584 7168 3259 7967 57419 132461 1475 11237 24585 87784 23212 133315 92621 83469 118679 36257 52453 34726 31282 3471 3885 11726 1543 7488 56907 72552 70429 111645 4325 6417 14450
internal_value=-0.00106518 7.28186e-05 -0.00289982 -0.00252269 -0.00271511 0.000700744 -0.000749696 -0.00094379 -0.00443443 -0.00121946 0.00123156 0.000391519 0.000603332 -0.00308295 -0.00271779 -0.00144643 0.00119194 0.000132491 0.000837077 -0.000379903 -0.000440353 -0.00312086 -0.00190708 -0.00183905 -0.000582041 -0.000892712 0.000554956 0.00393407 -0.00158341 -0.00131459
internal_weight=1.31579e+06 812073 503718 404350 352304 460510 351563 288163 99368 52046 169516 290994 198373 219843 101164 120597 168041 63400 26690 36710 18894 5428 43745 68144 167566 95014 195114 7796 44079 37662
internal_count=1315791 812073 503718 404350 352304 460510 351563 288163 99368 52046 169516 290994 198373 219843 101164 120597 168041 63400 26690 36710 18894 5428 43745 68144 167566 95014 195114 7796 44079 37662
cat_boundaries=0 1 2 3 4 5 6 7 8 9
cat_threshold=112 104 10 40 64 16 81 9 5001642
is_linear=0
shrinkage=0.05


Tree=38
num_leaves=31
num_cat=9
split_feature=7 7 7 7 7 6 1 2 1 7 6 7 6 1 1 3 3 6 1 3 2 1 3 3 3 1 1 1 6 3
split_gain=1038.22 153.097 119.189 38.5816 28.29 21.0406 19.8482 30.1421 19.4744 18.366 13.8125 13.0346 11.0877 10.9951 9.56993 10.4073 9.69753 9.46234 9.40916 9.00231 8.59774 8.23991 36.639 19.0848 11.3758 8.75875 8.11766 7.79962 7.63087 7.52722
threshold=0.058922228013065493 0.084255406639824934 0.034521400803542678 0.049066712573575526 0.1037406997740149 12.750319505129609 0 20.500000000000004 1 0.069397796195364417 12.32972287990661 0.046618293312646497 12.381949521562431 2 3 5.5000000000000009 2.5000000000000004 11.583360624843122 4 3.5000000000000004 16.500000000000004 5 2.5000000000000004 5.5000000000000009 5.5000000000000009 6 7 8 12.108213082958892 2.5000000000000004
decision_type=2 2 2 2 2 2 1 2 1 2 2 2 2 1 1 2 2 2 1 2 2 1 2 2 2 1 1 1 2 2
left_child=2 5 8 6 13 21 7 11 28 19 -5 18 14 17 16 -16 -6 -3 -4 26 -19 22 -2 -23 -24 -25 -7 -12 -1 -14
right_child=1 4 3 10 12 9 -8 -9 -10 -11 27 -13 29 -15 15 -17 -18 20 -20 -21 -22 23 24 25 -26 -27 -28 -29 -30 -31
leaf_value=7.1994652114969678e-05 -0.00030953314075768076 0.0014903903471964412 0.00029179137043825522 6.3225850780596152e-05 0.00038762654690741846 -8.3111788786781684e-05 -0.00045036225643829144 -0.00053452325196464529 -0.00093034177605630375 -0.00010421490535073809 -0.00021211120894166612 -0.00031298324413451075 0.00013639913834555674 2.7295862239562232e-05 0.00045941569968406288 -0.00074721339330752971 0.0013117305301385213 8.8769616672340691e-05 -0.00011155211897104945 -0.00014131968603419258 0.00024564087692979385 1.5989492048328388e-05 0.00033863493352772586 -0.0014826325594197258 0.00094634669222880329 3.5038182360534184e-05 -0.00034038479027959589 -0.0003282887154347262 -0.00050961496776902912 0.0003078004908559524
leaf_weight=1804 11031 1146 2075 6619 3593 11237 168579 23759 87784 163473 47998 26484 54195 181402 10358 1733 5066 82413 17244 52453 52226 30314 11542 3815 3844 1431 56907 111592 9780 73894
leaf_count=1804 11031 1146 2075 6619 3593 11237 168579 23759 87784 163473 47998 26484 54195 181402 10358 1733 5066 82413 17244 52453 52226 30314 11542 3815 3844 1431 56907 111592 9780 73894
internal_value=-0.00104227 6.38908e-05 -0.00282557 -0.00244429 0.000655477 -0.000732806 -0.00285232 -0.00214037 -0.00437706 -0.000914917 -0.00185968 -0.00139107 0.00122417 0.000388618 0.00229638 0.00138377 0.003565 0.000728855 -0.00040349 -0.001383 0.000690401 0.000101891 0.000770612 -0.000394997 0.00234759 -0.00317957 -0.00176201 -0.0019525 -0.00244264 0.00105048
internal_weight=1.31579e+06 812073 503718 404350 466026 346047 238141 69562 99368 284070 166209 45803 148839 317187 20750 12091 8659 135785 19319 120597 134639 61977 26417 35560 15386 5246 68144 159590 11584 128089
internal_count=1315791 812073 503718 404350 466026 346047 238141 69562 99368 284070 166209 45803 148839 317187 20750 12091 8659 135785 19319 120597 134639 61977 26417 35560 15386 5246 68144 159590 11584 128089
cat_boundaries=0 1 2 3 4 5 6 7 8 9
cat_threshold=120 104 114 32 48 40 64 16 54
is_linear=0
shrinkage=0.05


Tree=39
num_leaves=31
num_cat=8
split_feature=7 7 7 7 7 1 1 6 7 2 1 3 5 6 6 7 5 3 1 1 2 7 6 1 6 1 2 6 3 1
split_gain=977.536 141.866 121.9 35.4976 25.2404 19.8798 19.1848 18.8602 17.3486 15.9296 16.6 15.5731 13.4168 12.8413 12.5626 12.26 10.5505 9.69214 15.825 13.4817 8.61569 8.5827 8.50257 7.92778 7.83568 7.51426 7.23344 7.14457 7.8647 6.8714
threshold=0.058434729769309891 0.084255406639824934 0.034521400803542678 0.049066712573575526 0.11133455822118264 0 1 12.750319505129609 0.068310066114405113 20.500000000000004 2 3.5000000000000004 5.5000000000000009 12.238323199352537 11.903400437239741 0.046618293312646497 6.5000000000000009 4.5000000000000009 3 4 9.5000000000000018 0.13142010876366625 11.583360624843122 5 13.090468603901829 6 21.500000000000004 12.108213082958892 4.5000000000000009 7
decision_type=2 2 2 2 2 1 1 2 2 2 1 2 2 2 2 2 2 2 1 1 2 2 2 1 2 1 2 2 2 1
left_child=2 7 5 6 12 27 -4 22 -9 10 11 -8 14 -5 -3 20 -14 18 -10 -19 25 -6 -2 -15 -22 -12 -7 -1 -29 -24
right_child=1 4 3 13 21 26 9 8 17 -11 15 -13 16 23 -16 -17 -18 19 -20 -21 24 -23 29 -25 -26 -27 -28 28 -30 -31
leaf_value=6.8394919509221419e-05 0.0010146570578435533 0.00097651423951701651 -0.00045081133815362551 0.00014516984479968543 0.00031980106012517414 -0.00089499003312666517 -0.0005357482421702828 -0.00022770202967283505 3.4185489167686282e-05 -0.00050787637024593785 0.00012427537396897102 -0.00020925956031271525 -7.5443708676876204e-05 -0.0001975446848361498 0.00012857062648114994 -0.00029733408192778542 0.00012515831541786744 9.5105387287538578e-05 -0.00020995052986981516 -0.00021776178899394198 0.00044104877365352068 0.00078974704778578286 0.00013200375655582174 -0.00031224297736230167 1.075073109900437e-06 -0.00032716639036204574 1.5894558360957101e-06 -0.00072690713359513457 -0.00011913340282910662 -8.5845653549169917e-05
leaf_weight=1804 1523 3692 118456 4242 66966 86954 28462 108389 31048 23762 2528 21658 72331 46422 264782 26484 53187 34777 97209 16983 1865 5068 25822 110461 6516 8410 830 6879 2901 35380
leaf_count=1804 1523 3692 118456 4242 66966 86954 28462 108389 31048 23762 2528 21658 72331 46422 264782 26484 53187 34777 97209 16983 1865 5068 25822 110461 6516 8410 830 6879 2901 35380
internal_value=-0.00101605 4.85391e-05 -0.00276068 -0.00237068 0.000620393 -0.00432775 -0.00275847 -0.000710434 -0.000881328 -0.00231108 -0.00202418 -0.0026531 0.000463054 -0.00179752 0.000662558 -0.0013351 3.63283e-05 -0.000580419 -0.000813485 -2.89918e-06 -0.000377609 0.00148097 7.53276e-05 -0.00187092 0.000828659 -0.00130188 -0.00458482 -0.00237364 -0.002909 -1.65039e-05
internal_weight=1.31579e+06 817157 498634 399266 466026 99368 238141 351131 288406 119685 95923 50120 393992 161125 268474 45803 125518 180017 128257 51760 19319 72034 62725 156883 8381 10938 87784 11584 9780 61202
internal_count=1315791 817157 498634 399266 466026 99368 238141 351131 288406 119685 95923 50120 393992 161125 268474 45803 125518 180017 128257 51760 19319 72034 62725 156883 8381 10938 87784 11584 9780 61202
cat_boundaries=0 1 2 3 4 5 6 7 8
cat_threshold=104 5 2 81 44 54 24 40
is_linear=0
shrinkage=0.05


Tree=40
num_leaves=31
num_cat=9
split_feature=7 7 7 1 7 7 1 3 1 1 3 6 1 3 6 6 3 3 1 6 3 1 1 1 3 6 3 3 6 5
split_gain=921.366 132.853 123.032 33.0528 29.5393 26.6432 20.3912 16.8152 37.6941 33.1789 15.7437 12.3766 12.1503 15.2081 28.7911 11.5518 9.69744 9.17651 29.4127 9.04124 8.67511 22.1009 17.9638 11.5668 35.1579 9.49883 8.8889 8.62308 8.19613 8.07792
threshold=0.057924780312054024 0.081026486669150619 0.034521400803542678 0 0.09920915220449486 0.050787607986193001 1 2.5000000000000004 2 3 4.5000000000000009 12.108213082958892 4 3.5000000000000004 12.951153258800586 11.583360624843122 5.5000000000000009 3.5000000000000004 5 13.836985315391791 2.5000000000000004 6 7 8 5.5000000000000009 12.908474988866919 4.5000000000000009 4.5000000000000009 13.748627688370652 5.5000000000000009
decision_type=2 2 2 1 2 2 1 2 1 1 2 2 1 2 2 2 2 2 1 2 2 1 1 1 2 2 2 2 2 2
left_child=2 7 6 11 12 17 -1 9 10 28 -9 -4 13 -3 -15 -6 19 -5 -19 -13 22 25 -17 26 27 -22 -23 -25 -2 -14
right_child=1 4 3 5 15 -7 -8 8 -10 -11 -12 16 29 14 -16 20 -18 18 -20 -21 21 23 -24 24 -26 -27 -28 -29 -30 -31
leaf_value=-0.00038438924650399675 0.00012644118831163905 2.5688876118500202e-05 0.00029301285044875156 -0.00043176666573078 0.0015544853779350658 -0.00025939668744362439 -0.00084030346306406098 2.0262308281264997e-05 -0.00012931876983501175 -0.0003037271924732415 0.00054210114229594685 -6.2794672960214554e-05 5.1063717536899311e-05 0.0009235675412148863 8.4693936544868361e-05 0.00043800987680786964 -0.00060474960893003782 -0.00050888941268234717 -0.00022705549577161385 -0.00028270178908518587 0.00087974405654120793 0.00016721616175222837 5.7864250222896155e-05 0.00035841766245805931 -0.00058518987899586195 0.00023468096357641291 0.00040666418552191613 -2.1243429198337345e-05 -0.00013939197286314022 -7.1305978566239673e-05
leaf_weight=11584 19964 21179 3789 137149 1723 102342 87784 12055 154755 96896 11983 24651 172611 7251 9566 16911 6713 40355 64329 14549 13537 34174 76394 19924 10139 4968 34269 10007 13485 80755
leaf_count=11584 19964 21179 3789 137149 1723 102342 87784 12055 154755 96896 11983 24651 172611 7251 9566 16911 6713 40355 64329 14549 13537 34174 76394 19924 10139 4968 34269 10007 13485 80755
internal_value=-0.0009896 3.49756e-05 -0.0026982 -0.00230157 0.000528058 -0.00247563 -0.00427039 -0.000783923 -0.000469063 -0.00121581 0.00137267 -0.00109551 0.00019697 0.00103063 0.00215347 0.000962502 -0.00132239 -0.00276189 -0.00240935 -0.00102168 0.00093061 0.00119951 0.000564545 0.000926853 0.000251995 0.00279638 0.00132185 0.00111406 0.000142113 7.19077e-05
internal_weight=1.31579e+06 822546 493245 393877 513408 344175 99368 309138 178793 130345 24038 49702 291362 37996 16817 222046 45913 241833 104684 39200 220323 127018 93305 108513 40070 18505 68443 29931 33449 253366
internal_count=1315791 822546 493245 393877 513408 344175 99368 309138 178793 130345 24038 49702 291362 37996 16817 222046 45913 241833 104684 39200 220323 127018 93305 108513 40070 18505 68443 29931 33449 253366
cat_boundaries=0 1 2 3 4 5 6 7 8 9
cat_threshold=112 104 32 81 48 1 32 80 14
is_linear=0
shrinkage=0.05


Tree=41
num_leaves=31
num_cat=11
split_feature=7 7 7 7 1 1 1 6 7 6 3 1 1 1 6 3 1 3 6 3 1 3 6 1 2 6 1 3 1 7
split_gain=866.407 152.8 103.918 29.4979 26.3848 20.9511 20.2277 13.7201 13.456 12.5404 12.0984 13.1704 11.3495 11.0291 15.7333 12.4486 25.191 13.2234 10.8977 10.7095 10.1263 17.0748 9.47918 9.26264 9.20607 9.03028 11.5455 24.8217 11.9295 8.1777
threshold=0.05423600787202091 0.078539738675614132 0.034521400803542678 0.09920915220449486 0 1 2 13.858269235864768 0.0441431289198276 11.903400437239741 3.5000000000000004 3 4 5 13.238405342681794 2.5000000000000004 6 4.5000000000000009 11.583360624843122 5.5000000000000009 7 5.5000000000000009 13.836985315391791 8 21.500000000000004 13.638640315673452 9 2.5000000000000004 10 0.11844494027259878
decision_type=2 2 2 2 1 1 1 2 2 2 2 1 1 1 2 2 1 2 2 2 1 2 2 1 2 2 1 2 1 2
left_child=2 6 5 9 12 -1 7 13 -6 -3 -8 -12 -4 14 -2 23 17 -17 -5 22 -18 -22 -14 -15 -7 26 27 28 -11 -20
right_child=1 3 4 18 8 24 10 -9 -10 25 11 -13 19 15 -16 16 20 -19 29 -21 21 -23 -24 -25 -26 -27 -28 -29 -30 -31
leaf_value=-0.00036516978417879692 0.00061813261358384484 0.00074442559808315012 0.0010594911839784818 0.0014767611090383125 -0.00039168928735795543 -0.00080822535831712888 -0.00030726222009685766 -0.00022074145638848708 -0.00031562727359943572 0.00045149918363491414 -6.3599710606586431e-05 -0.00042191092475425728 -4.2362904160979735e-05 2.6452656663229547e-05 3.9225658218429934e-05 1.6105597569335776e-05 -4.5333195156943958e-05 0.00051011824283827948 0.00015883331704948892 -0.00062201357442921799 -0.00014242840162838048 -0.0014479594646425625 -0.00027637805505865379 -0.00024729812894822559 4.3525156197493993e-05 -8.0034061678053994e-05 2.6094803292375239e-05 0.00049352772449984294 -0.00029573835424316451 0.00035945718201035897
leaf_weight=11584 2254 4199 646 1723 129110 86954 65202 55704 172473 1858 40185 9468 21795 12226 17958 11495 41083 11405 175202 5844 12601 4259 12432 46430 830 65778 223327 16745 9900 45121
leaf_count=11584 2254 4199 646 1723 129110 86954 65202 55704 172473 1858 40185 9468 21795 12226 17958 11495 41083 11405 175202 5844 12601 4259 12432 46430 830 65778 223327 16745 9900 45121
internal_value=-0.000964938 -5.29285e-05 -0.00276993 0.000462228 -0.00235671 -0.0041934 -0.000901234 -0.000615413 -0.00251801 0.00015635 -0.00143712 -0.000849195 -0.00116102 -0.000379781 0.0007116 -0.000537923 -0.000135634 0.001268 0.000905532 -0.00126756 -0.000690475 -0.00172199 -0.000930115 -0.00109247 -0.00445725 0.000120462 0.00025672 0.00120419 -0.000556218 0.000874556
internal_weight=1.31579e+06 874123 441668 543853 342300 99368 330270 215415 301583 321807 114855 49653 40717 159711 20212 139499 80843 22900 222046 40071 57943 16860 34227 58656 87784 317608 251830 28503 11758 220323
internal_count=1315791 874123 441668 543853 342300 99368 330270 215415 301583 321807 114855 49653 40717 159711 20212 139499 80843 22900 222046 40071 57943 16860 34227 58656 87784 317608 251830 28503 11758 220323
cat_boundaries=0 1 2 3 4 5 6 7 8 9 10 11
cat_threshold=112 104 120 6 32 16 32 8 64 48 16
is_linear=0
shrinkage=0.05


Tree=42
num_leaves=31
num_cat=10
split_feature=7 7 7 7 1 1 1 7 6 6 1 6 3 1 1 3 6 1 3 3 1 3 6 5 2 6 3 1 3 1
split_gain=813.964 139.878 108.039 27.1283 24.9528 21.1033 18.1264 13.3403 12.549 11.6595 18.6886 11.2392 10.9605 12.6759 10.1274 10.0073 9.91072 11.4178 13.096 10.0338 9.58907 22.8399 9.05463 8.89885 8.81459 8.3855 8.22704 20.9519 12.3989 11.3912
threshold=0.05423600787202091 0.078034230429874021 0.034521400803542678 0.09920915220449486 0 1 2 0.049066712573575526 13.445790538661404 13.506550710592995 3 11.903400437239741 3.5000000000000004 4 5 5.5000000000000009 12.381949521562431 6 4.5000000000000009 2.5000000000000004 7 4.5000000000000009 12.108213082958892 5.5000000000000009 21.500000000000004 13.836985315391791 2.5000000000000004 8 5.5000000000000009 9
decision_type=2 2 2 2 1 1 1 2 2 2 1 2 2 1 1 2 2 1 2 2 1 2 2 2 2 2 2 1 2 1
left_child=2 6 5 11 14 -1 9 20 -9 10 -2 -3 -8 -14 -4 25 17 19 -19 -5 21 -6 -12 -13 -7 -16 29 -28 -29 -24
right_child=1 3 4 16 7 24 12 8 -10 -11 22 23 13 -15 15 -17 -18 18 -20 -21 -22 -23 26 -25 -26 -27 27 28 -30 -31
leaf_value=-0.00034691129496985674 0.00034445239678764774 0.00069882339586918585 0.0010065166247795576 0.00029605811745325852 -0.00039239160599816394 -0.00076781409040127242 -0.00029138741900644444 -0.00019174064338334701 -0.00036711169622574079 -0.00015830535688000086 0.00025317169592774111 5.5328661927112341e-05 -6.0761492009149178e-05 -0.00040081537836741173 -4.0244758952930419e-05 -0.00059091289570775707 0.00016506750863795933 0.00042419662471821325 -0.00032873748984409422 0.0011515807556345594 -0.00038744687482531208 -0.0001327803783154912 -7.8105918792702834e-05 -5.7875283400486235e-05 4.1348898387619239e-05 -0.00026255915230572082 8.1853668586909594e-05 -0.00017924654794002786 -0.0013795407366109286 -0.00049975438893967283
leaf_weight=11584 6108 4272 646 4176 69034 86954 64766 48181 37931 106191 8867 220303 39852 9438 21795 5844 193852 12894 5248 5876 118456 27981 23242 102685 830 12432 38204 10175 3457 14517
leaf_count=11584 6108 4272 646 4176 69034 86954 64766 48181 37931 106191 8867 220303 39852 9438 21795 5844 193852 12894 5248 5876 118456 27981 23242 102685 830 12432 38204 10175 3457 14517
internal_value=-0.000939136 -5.51593e-05 -0.00268865 0.000431216 -0.00226731 -0.00414007 -0.00087768 -0.00242418 -0.00189823 -0.000602812 -0.000228078 0.000141782 -0.00138543 -0.000823698 -0.00110455 -0.00120519 0.000857794 0.0017337 0.000982811 0.00308487 -0.00263449 -0.00226462 -0.000394631 0.000108083 -0.00440486 -0.000878986 -0.000545512 -0.000136586 -0.00181865 -0.00110689
internal_weight=1.31579e+06 874123 441668 549306 342300 99368 324817 301583 86112 210761 104570 327260 114056 49290 40717 40071 222046 28194 18142 10052 215471 97015 98462 322988 87784 34227 89595 51836 13632 37759
internal_count=1315791 874123 441668 549306 342300 99368 324817 301583 86112 210761 104570 327260 114056 49290 40717 40071 222046 28194 18142 10052 215471 97015 98462 322988 87784 34227 89595 51836 13632 37759
cat_boundaries=0 1 2 3 4 5 6 7 8 9 10
cat_threshold=112 104 120 16 6 32 32 10 40 72
is_linear=0
shrinkage=0.05


Tree=43
num_leaves=31
num_cat=9
split_feature=7 7 7 7 1 1 1 7 6 1 3 6 3 1 3 1 3 3 1 6 7 3 2 3 1 5 7 1 6 6
split_gain=766.653 127.913 110.733 25.2578 23.09 21.2517 16.0092 13.1358 10.7274 10.5211 33.4373 10.4477 9.76792 11.9395 9.48003 9.27381 9.90128 8.45545 10.4342 10.0586 11.3745 8.51953 8.41631 8.25878 16.3402 8.01421 8.00472 7.71184 7.54872 7.51984
threshold=0.05423600787202091 0.077522266920712082 0.034521400803542678 0.097439109594248535 0 1 2 0.0441431289198276 12.238323199352537 3 2.5000000000000004 11.79893450632702 3.5000000000000004 4 4.5000000000000009 5 5.5000000000000009 3.5000000000000004 6 13.168517689813857 0.048395305166077367 4.5000000000000009 21.500000000000004 4.5000000000000009 7 5.5000000000000009 0.11621054548671803 8 13.836985315391791 13.858269235864768
decision_type=2 2 2 2 1 1 1 2 2 1 2 2 2 1 2 1 2 2 1 2 2 2 2 2 1 2 2 1 2 2
left_child=2 6 5 9 15 23 8 -6 -2 10 -3 27 -8 -14 -12 -4 28 19 -19 20 -9 -20 -7 24 -1 -11 -13 -5 -17 -10
right_child=1 3 4 11 7 22 12 17 29 25 14 26 13 -15 -16 16 -18 18 21 -21 -22 -23 -24 -25 -26 -27 -28 -29 -30 -31
leaf_value=0.00033292551228872563 0.00015686845475030393 -0.00027023019335642467 0.00095619079354057981 0.0019354241944129647 -0.00035383491355082307 -0.0007294233858812087 -0.00027627798728012827 -0.00035995779633994136 -8.434026201408699e-05 3.3683347152516649e-05 0.00029298041240055655 0.00012694690083066499 -5.7435544431770277e-05 -0.00038069120832355644 0.00085675293791898056 -3.8232521005283569e-05 -0.00056136725092236926 -0.00037047626073763153 -0.00029161810653494531 -0.000400851025278548 -0.00012627892857865823 -0.00010556908534004836 3.9281453468238348e-05 -2.5306556790917794e-06 -0.00070463167617380515 -8.2927653926528433e-05 0.00031551850284146496 0.00045580805678863503 -0.00024943119469043483 -0.0002020318794441839
leaf_weight=1230 13102 9881 646 1325 129110 86954 64265 17744 140341 185192 7073 205178 39522 9424 7114 21795 5844 22160 17351 59184 21064 34970 830 3408 6946 86703 49816 2243 12432 52944
leaf_count=1230 13102 9881 646 1325 129110 86954 64265 17744 140341 185192 7073 205178 39522 9424 7114 21795 5844 22160 17351 59184 21064 34970 830 3408 6946 86703 49816 2243 12432 52944
internal_value=-0.000914892 -5.69897e-05 -0.0026128 0.00040219 -0.00218624 -0.0040822 -0.000853699 -0.00233714 -0.000591507 8.67833e-05 0.00108854 0.00076322 -0.00133151 -0.000799454 0.00264432 -0.00106772 -0.00116402 -0.00205171 -0.00165015 -0.00235693 -0.00173135 -0.00126417 -0.00434791 -0.00206314 -0.00292686 -1.93201e-06 0.000725624 0.00345011 -0.000839543 -0.000685388
internal_weight=1.31579e+06 874123 441668 554525 342300 99368 319598 301583 206387 295963 24068 258562 113211 48946 14187 40717 40071 172473 74481 97992 38808 52321 87784 11584 8176 271895 254994 3568 34227 193285
internal_count=1315791 874123 441668 554525 342300 99368 319598 301583 206387 295963 24068 258562 113211 48946 14187 40717 40071 172473 74481 97992 38808 52321 87784 11584 8176 271895 254994 3568 34227 193285
cat_boundaries=0 1 2 3 4 5 6 7 8 9
cat_threshold=112 104 120 32 6 32 1 64 32
is_linear=0
shrinkage=0.05


Tree=44
num_leaves=31
num_cat=9
split_feature=7 7 7 7 1 1 1 6 3 1 7 7 6 3 1 3 1 1 3 3 6 3 3 6 3 1 1 7 3 3
split_gain=722.775 116.597 110.792 22.7503 21.1622 20.5392 15.5761 16.8256 29.0413 17.7368 12.4742 9.90616 9.65752 13.7301 42.8448 10.3322 18.762 16.3258 14.1196 12.6496 9.3136 8.93112 8.46633 9.13459 8.31787 11.3206 9.46397 9.25629 8.3842 7.9514
threshold=0.05423600787202091 0.077522266920712082 0.034521400803542678 0.097439109594248535 0 1 2 13.284449487363705 4.5000000000000009 3 0.043980777748548618 0.024630190825150434 12.775502262725922 5.5000000000000009 4 3.5000000000000004 5 6 5.5000000000000009 4.5000000000000009 11.583360624843122 1.5000000000000002 5.5000000000000009 12.413077667390478 3.5000000000000004 7 8 0.048739663163306905 4.5000000000000009 4.5000000000000009
decision_type=2 2 2 2 1 1 1 2 2 1 2 2 2 2 1 2 1 1 2 2 2 2 2 2 2 1 1 2 2 2
left_child=2 6 5 12 22 29 7 8 9 -2 -6 -7 13 -3 -15 17 19 -14 -18 -17 -5 -11 23 -4 26 -26 27 -12 -27 -1
right_child=1 3 4 20 10 11 -8 -9 -10 21 24 -13 15 14 -16 16 18 -19 -20 -21 -22 -23 -24 -25 25 28 -28 -29 -30 -31
leaf_value=-0.00052377383718216349 0.00054828332972296854 0.00018361387848054019 0.00014546421775656892 0.0013656467576168329 -0.0003375105409438204 -0.0011392449500046895 -0.00019522330053914762 -0.00013163269456878063 0.00041823517627874538 -0.0003637035412456826 -0.00033763945154283674 -0.00051231420741405277 8.6579207090166032e-05 -0.00069811924647760143 0.00086066070795467347 -3.9418628312769964e-05 1.1329107172784161e-05 -0.00015943772560514312 -0.00054445026431146337 0.00023431438683242444 0.00015529770357468065 -2.6802577391315497e-05 -0.00050875031196457319 -0.00015722052040420171 -0.00035608827250314132 -0.00027293453502106235 -0.00037287375889086261 -0.00010905794005352425 -9.6027737561514407e-05 -2.4041228951370323e-06
leaf_weight=8176 2148 66608 5943 1853 124009 37538 141015 128520 14431 12880 12464 50246 40659 8577 2877 21438 20543 82984 10348 41929 256709 20604 5941 28833 23361 17690 69999 18436 35624 3408
leaf_count=8176 2148 66608 5943 1853 124009 37538 141015 128520 14431 12880 12464 50246 40659 8577 2877 21438 20543 82984 10348 41929 256709 20604 5941 28833 23361 17690 69999 18436 35624 3408
internal_value=-0.000890838 -5.78477e-05 -0.00253944 0.00038055 -0.00211277 -0.00400924 -0.000818498 -0.000508224 0.000269359 -0.000497026 -0.00225723 -0.00427045 8.12083e-05 0.000558401 -0.00104069 -8.97438e-05 0.000304588 -0.000390359 -0.000705642 0.000797055 0.000723191 -0.000779842 -0.00104194 -0.000744193 -0.00198858 -0.00159602 -0.00228689 -0.00155613 -0.00119308 -0.00202432
internal_weight=1.31579e+06 874123 441668 554525 342300 99368 319598 178583 50063 35632 301583 87784 295963 78062 11454 217901 94258 123643 30891 63367 258562 33484 40717 34776 177574 76675 100899 30900 53314 11584
internal_count=1315791 874123 441668 554525 342300 99368 319598 178583 50063 35632 301583 87784 295963 78062 11454 217901 94258 123643 30891 63367 258562 33484 40717 34776 177574 76675 100899 30900 53314 11584
cat_boundaries=0 1 2 3 4 5 6 7 8 9
cat_threshold=112 104 56 16 65 46 81 1 1
is_linear=0
shrinkage=0.05


Tree=45
num_leaves=31
num_cat=8
split_feature=7 7 7 7 1 1 6 1 7 6 1 3 6 6 3 1 7 3 1 6 1 3 3 3 6 2 2 3 1 3
split_gain=679.616 115.434 105.72 23.3976 20.6436 19.0112 13.5721 11.9973 11.2122 10.1483 11.0754 21.2528 12.2094 9.96605 17.1869 20.2009 9.3062 9.18229 9.67732 8.93767 10.335 13.2503 10.544 8.05669 8.16611 8.11176 7.80247 7.45204 15.6964 7.44591
threshold=0.053246242644966579 0.074994913060566937 0.034521400803542678 0.097439109594248535 0 1 12.238323199352537 2 0.024630190825150434 13.836985315391791 3 2.5000000000000004 13.004851554804405 13.532364183156789 4.5000000000000009 4 0.043980777748548618 3.5000000000000004 5 12.381949521562431 6 5.5000000000000009 4.5000000000000009 5.5000000000000009 13.597834221510492 9.5000000000000018 21.500000000000004 4.5000000000000009 7 4.5000000000000009
decision_type=2 2 2 2 1 1 2 1 2 2 1 2 2 2 2 1 2 2 1 2 1 2 2 2 2 2 2 2 1 2
left_child=2 6 4 9 27 23 -2 13 -6 10 11 -3 -13 14 15 -8 -7 -18 -19 20 22 -22 -5 24 25 -4 -10 28 -1 -20
right_child=1 3 5 19 8 16 7 -9 26 -11 -12 12 -14 -15 -16 -17 17 18 29 -21 21 -23 -24 -25 -26 -27 -28 -29 -30 -31
leaf_value=0.00034246792853339758 0.0001305319954598095 -8.8288781436388964e-05 -0.00017410605743762629 0.00046024796225949545 -0.0010822827025044549 -0.00032063501389662956 0.00039088919784858702 -0.00019329530567724039 -0.00049718934554821297 -0.00012045356042221655 7.443068130911898e-06 0.00064885987807897759 0.00011709318273027956 -0.00015083336223686091 0.00018451836318279555 -0.00018112848737201996 -0.00031658567691493126 -0.00035050561672517834 -0.00026471968970440639 0.00012753581650181472 0.00031150451658901542 -0.00065667431427794242 0.001353122186689283 -0.00050297643088569597 -0.00019785804150885823 0.00017817832325129723 6.293309116552904e-05 -2.2839167503802308e-06 -0.0006432114005060067 -9.5575334150595383e-05
leaf_weight=1230 13198 16133 8391 7508 37538 124009 4042 141521 49416 46861 236231 12858 9603 92695 19284 43414 91252 18419 16919 226955 17956 3075 3068 5440 15810 7824 830 3408 6946 33957
leaf_count=1230 13198 16133 8391 7508 37538 124009 4042 141521 49416 46861 236231 12858 9603 92695 19284 43414 91252 18419 16919 226955 17956 3075 3068 5440 15810 7824 830 3408 6946 33957
internal_value=-0.000868152 -8.81718e-05 -0.00252367 0.000329789 -0.00394936 -0.00208373 -0.000860153 -0.000928974 -0.00421122 4.5136e-05 0.000161101 0.000946274 0.00194092 -0.00063141 -0.000165569 -0.000677049 -0.00222314 -0.00197192 -0.00153799 0.000683935 0.00147167 0.000829094 0.00274608 -0.00102402 -0.000722093 6.62954e-05 -0.00372328 -0.00195964 -0.00278009 -0.00118166
internal_weight=1.31579e+06 894402 421389 580248 99368 322021 314154 300956 87784 321686 274825 38594 22461 159435 66740 47456 284556 160547 69295 258562 31607 21031 10576 37465 32025 16215 50246 11584 8176 50876
internal_count=1315791 894402 421389 580248 99368 322021 314154 300956 87784 321686 274825 38594 22461 159435 66740 47456 284556 160547 69295 258562 31607 21031 10576 37465 32025 16215 50246 11584 8176 50876
cat_boundaries=0 1 2 3 4 5 6 7 8
cat_threshold=104 112 56 48 16 1 32 64
is_linear=0
shrinkage=0.05


Tree=46
num_leaves=31
num_cat=8
split_feature=7 7 7 1 7 1 6 7 1 6 6 3 1 6 7 7 3 1 5 3 6 6 2 3 1 3 1 3 6 1
split_gain=637.18 107.616 105.653 21.1765 20.9561 16.8905 12.5004 12.461 10.544 9.37498 8.96579 11.8129 20.5158 12.7848 8.68705 8.34989 8.35743 9.88106 8.16462 7.49393 7.65091 7.43212 7.32694 7.03124 22.4772 31.9855 18.6021 18.0915 10.0157 9.04896
threshold=0.052995308294739189 0.074994913060566937 0.034521400803542678 0 0.097439109594248535 1 12.238323199352537 0.024630190825150434 2 12.147946851847994 13.858269235864768 4.5000000000000009 3 13.137882825286564 0.13142010876366625 0.043980777748548618 3.5000000000000004 4 5.5000000000000009 5.5000000000000009 13.836985315391791 12.261251879726503 21.500000000000004 2.5000000000000004 5 5.5000000000000009 6 4.5000000000000009 12.725631027497728 7
decision_type=2 2 2 1 2 1 2 2 1 2 2 2 1 2 2 2 2 1 2 2 2 2 2 2 1 2 1 2 2 1
left_child=2 6 3 21 9 19 -2 -5 10 -3 11 12 -8 -13 23 -7 -17 -18 -11 20 -4 -1 -9 26 27 -26 -6 -25 -29 -27
right_child=1 4 5 7 14 15 8 22 -10 18 -12 13 -14 -15 -16 16 17 -19 -20 -21 -22 -23 -24 24 25 29 -28 28 -30 -31
leaf_value=4.404801415513481e-05 0.00012409876955757622 0.00038501436167793016 -1.8767850211585503e-05 -0.0010281685673792322 0.00036223342481432163 -0.00030460326320179789 0.00018586489875961534 -0.00047232987827080245 -0.00018388834254203312 3.047017861463466e-05 -0.00019255196318446413 0.00039622628402775451 -0.00017513337275161474 -2.6312623177034151e-05 0.00064519229592889049 -0.00030388057788697495 -0.00033969385941201303 -0.00014445816657362884 -8.1517013738362199e-05 -0.00047290569781528816 -0.00022873895114865068 -0.00039703679733131542 5.9786436607252651e-05 0.00014209437459760968 0.00015562265973238058 -0.0010951924993569172 -5.1980622322377296e-06 0.00089144083551982983 0.00036103039234283989 -0.00022255669318605532
leaf_weight=2725 13343 11300 20380 37538 20444 124009 11969 49416 145112 211636 49217 8822 67350 23673 5068 88786 17229 50164 98750 5278 10843 8859 830 46855 39336 5486 86883 7945 38744 7801
leaf_count=2725 13343 11300 20380 37538 20444 124009 11969 49416 145112 211636 49217 8822 67350 23673 5068 88786 17229 50164 98750 5278 10843 8859 830 46855 39336 5486 86883 7945 38744 7801
internal_value=-0.00084349 -9.52738e-05 -0.00246153 -0.00388395 0.000310487 -0.00201521 -0.000832213 -0.00414915 -0.000897507 4.10948e-05 -0.000618819 -0.000371332 -0.000700275 0.000431604 0.000645647 -0.00214702 -0.00190387 -0.00148406 -1.04076e-05 -0.00100258 -0.000708293 -0.00186907 -0.00363472 0.000604668 0.000830316 3.51371e-06 0.000297361 0.00129529 0.00199201 -0.00211748
internal_weight=1.31579e+06 899734 416057 99368 580248 316689 319486 87784 306143 321686 161031 111814 79319 32495 258562 280188 156179 67393 310386 36501 31223 11584 50246 253494 146167 52623 107327 93544 46689 13287
internal_count=1315791 899734 416057 99368 580248 316689 319486 87784 306143 321686 161031 111814 79319 32495 258562 280188 156179 67393 310386 36501 31223 11584 50246 253494 146167 52623 107327 93544 46689 13287
cat_boundaries=0 1 2 3 4 5 6 7 8
cat_threshold=104 112 56 16 1 38 80 64
is_linear=0
shrinkage=0.05


Tree=47
num_leaves=31
num_cat=8
split_feature=7 7 7 1 7 6 1 6 6 1 3 1 6 3 1 3 1 6 3 2 1 7 3 7 1 2 7 3 6 2
split_gain=599.043 105.091 101.57 22.8718 19.121 17.6455 16.0724 11.8069 10.8451 14.3443 26.3902 13.5787 10.1887 8.55659 22.7104 18.0936 17.0061 10.438 13.5678 8.10416 9.13196 24.5548 12.0963 11.3506 7.76344 7.04412 6.94374 6.80992 7.12059 7.23314
threshold=0.052294649958558363 0.074994913060566937 0.034521400803542678 0 0.10454569582555139 12.281729595966118 1 12.238323199352537 13.638640315673452 2 2.5000000000000004 3 12.178043472755791 2.5000000000000004 4 5.5000000000000009 5 13.506550710592995 4.5000000000000009 19.500000000000004 6 0.045771777356362224 4.5000000000000009 0.048739663163306905 7 14.500000000000002 0.024630190825150434 4.5000000000000009 13.597834221510492 11.500000000000002
decision_type=2 2 2 1 2 2 1 2 2 1 2 1 2 2 1 2 1 2 2 2 1 2 2 2 1 2 2 2 2 2
left_child=2 7 3 26 8 -5 27 -2 9 10 11 -3 -12 16 15 -15 -9 18 -16 20 21 -8 -23 -22 -18 -7 -1 28 29 -4
right_child=1 4 6 5 -6 25 19 13 -10 -11 12 -13 -14 14 17 -17 24 -19 -20 -21 23 22 -24 -25 -26 -27 -28 -29 -30 -31
leaf_value=-0.0010418710180397661 0.00010986314460451712 0.00039723093874075493 -0.00011898023822705834 4.7785217645765509e-05 0.00018661029989449027 -0.00043280067788433499 0.0002018259673071223 -4.78815546709374e-06 -7.0143295217662744e-05 2.8089960285683103e-05 0.0013748303254285639 -0.0002358670676401387 0.00038820499504243849 -0.00016511962378119483 -0.00010110587064287541 -0.00070867839510843937 -0.00017296301194795162 -0.00013304702708412299 9.163347607804707e-05 -0.00042498673237795426 -0.00028872875821344123 -0.00030540532955879531 -8.9951282986042836e-05 -0.00012050577390517123 -0.00037941885258113494 -3.8634545227853679e-05 -0.00047318155902519954 -0.00033132034153712781 -0.00017049953750455048 0.00024161847367002752
leaf_weight=34611 13730 3191 6963 3532 138549 41777 4603 26206 88852 310059 2310 14594 22693 26933 41232 9105 75578 67021 41206 17918 167640 43715 17598 16048 33843 1885 17563 9874 11527 5435
leaf_count=34611 13730 3191 6963 3532 138549 41777 4603 26206 88852 310059 2310 14594 22693 26933 41232 9105 75578 67021 41206 17918 167640 43715 17598 16048 33843 1885 17563 9874 11527 5435
internal_value=-0.000821032 -0.000115081 -0.0024333 -0.00381954 0.00029196 -0.00301924 -0.00197615 -0.000820418 0.000131208 0.000255534 0.0011136 -0.000358449 0.00216114 -0.00088181 -0.000661117 -0.00178762 -0.00118365 -0.000389346 -1.26167e-05 -0.00210595 -0.0020323 -0.00152641 -0.00179106 -0.00221363 -0.00145759 -0.00329486 -0.00454201 -0.000947826 -0.000492164 0.00033957
internal_weight=1.31579e+06 915102 400689 99368 580248 47194 301321 334854 441699 352847 42788 17785 25003 321124 185497 36038 135627 149459 82438 267522 249604 65916 61313 183688 109421 43662 52174 33799 23925 12398
internal_count=1315791 915102 400689 99368 580248 47194 301321 334854 441699 352847 42788 17785 25003 321124 185497 36038 135627 149459 82438 267522 249604 65916 61313 183688 109421 43662 52174 33799 23925 12398
cat_boundaries=0 1 2 3 4 5 6 7 8
cat_threshold=3 112 48 16 65 80 8 13
is_linear=0
shrinkage=0.05


Tree=48
num_leaves=31
num_cat=5
split_feature=7 7 7 1 6 7 1 1 3 3 3 5 5 6 6 6 7 7 3 1 1 6 6 3 3 6 6 2 3 3
split_gain=563.391 109.311 88.5917 24.278 16.4593 16.4042 14.9149 13.1489 40.7184 14.6749 16.182 9.41515 10.8678 8.90994 8.13283 7.98152 7.86021 7.71776 7.57964 9.04632 7.41987 8.3879 6.9033 6.67283 6.65252 6.6784 6.62072 6.5526 6.17439 6.01475
threshold=0.053246242644966579 0.034521400803542678 0.084255406639824934 0 12.261251879726503 0.067426327462205657 1 2 4.5000000000000009 1.5000000000000002 1.0000000180025095e-35 5.5000000000000009 6.5000000000000009 12.889404311148082 12.315433647650661 12.178043472755791 0.024630190825150434 0.043980777748548618 3.5000000000000004 3 4 13.376660574879262 11.583360624843122 4.5000000000000009 5.5000000000000009 12.298723605796148 12.108213082958892 14.500000000000002 4.5000000000000009 2.5000000000000004
decision_type=2 2 2 1 2 2 1 1 2 2 2 2 2 2 2 2 2 2 2 1 1 2 2 2 2 2 2 2 2 2
left_child=1 3 5 16 -5 14 24 8 9 10 -4 -9 -13 22 -2 -11 -1 -8 20 28 -19 -22 -10 -21 25 -3 -7 -6 -20 -28
right_child=2 6 7 4 27 26 17 11 13 15 -12 12 -14 -15 -16 -17 -18 18 19 23 21 -23 -24 -25 -26 -27 29 -29 -30 -31
leaf_value=-0.00098977746713777774 6.3507865652658781e-05 0.00017593466513772321 0.00012437522875007953 5.0479821535438645e-05 -0.00041115877363121232 0.00030652171863514307 -0.00027464647014007788 9.7797504183417928e-05 0.0029039282099343065 0.00090016394050534227 -0.00095333654563326995 -9.9133945303348444e-05 9.9047113599677586e-05 0.00036214551093859495 -0.00015370835194916647 0.00014757014834208146 -0.00044952248107393969 -0.00038710350362603234 -0.00011472500847066919 -0.00023169845721379822 -0.00015607389092225519 -0.00032510011897095883 0.00096161194549066191 -7.5465021700873124e-05 -0.00043801581839590198 -0.0001263105815251265 -0.00012054325659696771 -3.6702817966461093e-05 -0.00043389685724137724 -2.7926508616506462e-05
leaf_weight=34611 11423 4075 7035 3324 41985 6561 124009 283681 372 2692 6171 76298 56605 4240 183775 18980 17563 21686 6118 16919 35128 34438 9952 33957 5440 27950 95834 1885 12301 130783
leaf_count=34611 11423 4075 7035 3324 41985 6561 124009 283681 372 2692 6171 76298 56605 4240 183775 18980 17563 21686 6118 16919 35128 34438 9952 33957 5440 27950 95834 1885 12301 130783
internal_value=-0.000798612 -0.00230593 -8.84514e-05 -0.00375564 -0.00293132 -0.000607482 -0.00185859 0.000388647 0.00115951 0.000232524 -0.00108133 0.000297123 -5.01505e-05 0.00338025 -0.000945656 0.00103313 -0.00449985 -0.00198207 -0.00175329 -0.00135905 -0.00205267 -0.0017999 0.0041728 -0.00101462 -0.000919948 -0.000645591 -0.000324389 -0.00318897 -0.00230859 -0.000369722
internal_weight=1.31579e+06 421389 894402 99368 47194 428376 322021 466026 49442 34878 13206 416584 132903 14564 195198 21672 52174 284556 160547 69295 91252 69566 10324 50876 37465 32025 233178 43870 18419 226617
internal_count=1315791 421389 894402 99368 47194 428376 322021 466026 49442 34878 13206 416584 132903 14564 195198 21672 52174 284556 160547 69295 91252 69566 10324 50876 37465 32025 233178 43870 18419 226617
cat_boundaries=0 1 2 3 4 5
cat_threshold=3 112 32 1 2
is_linear=0
shrinkage=0.05


Tree=49
num_leaves=31
num_cat=11
split_feature=7 7 7 1 6 1 3 3 1 3 1 3 1 3 1 6 1 3 3 3 1 7 6 7 1 3 1 6 2 1
split_gain=530.521 104.331 87.7132 25.553 16.857 16.647 47.9572 30.3649 20.4236 16.4409 32.4098 21.9006 17.1484 16.962 16.1316 15.535 14.4584 13.1478 10.349 14.8414 10.0615 9.07389 9.05353 8.9723 8.73489 8.71326 8.26664 7.92489 7.92286 7.90533
threshold=0.052294649958558363 0.034521400803542678 0.074994913060566937 0 12.763054968923383 1 4.5000000000000009 4.5000000000000009 2 3.5000000000000004 3 5.5000000000000009 4 4.5000000000000009 5 12.261251879726503 6 5.5000000000000009 1.5000000000000002 1.0000000180025095e-35 7 0.024630190825150434 12.238323199352537 0.11437927845860141 8 1.5000000000000002 9 11.903400437239741 19.500000000000004 10
decision_type=2 2 2 1 2 1 2 2 1 2 1 2 1 2 1 2 1 2 2 2 1 2 2 2 1 2 1 2 2 1
left_child=1 3 20 21 5 7 14 18 -8 12 13 -12 -6 26 -7 -5 -3 -10 19 -4 22 -1 25 -14 -19 -2 -11 -9 29 -18
right_child=2 16 4 15 9 6 8 27 17 10 11 -13 23 -15 -16 -17 28 24 -20 -21 -22 -23 -24 -25 -26 -27 -28 -29 -30 -31
leaf_value=-0.00094028859378088899 -0.00034166144490262114 -0.00012260285738536589 0.00024953854402788431 4.7955830458666601e-05 9.7750213014580575e-05 0.00037550846277986292 0.00038219422963129242 0.002387603545029328 -0.00012565993253838871 0.00020851422492889393 2.9822190945303961e-05 -0.00046396260725699713 -0.00012628671001317361 0.00025845066080510613 7.7707562397958004e-05 -0.00037675741684700887 -0.00018708204912359255 -0.00027548452677412475 0.00032996312395976038 -0.0008080821409899774 -0.00013606181113184977 -0.00042704635702024273 -7.0742577781140838e-05 0.00012511721674468568 -0.0010144422748067424 0.0006157755957815319 -0.00010278148337509814 0.00086369381074049016 -0.0003900050722520525 -0.00024857989239205806
leaf_weight=34611 1568 33799 5342 3324 70487 44518 4785 855 15202 17678 35524 17976 146671 85129 42825 43870 65916 6178 16395 4704 258089 17563 71003 20918 9289 4194 25604 10168 17918 183688
leaf_count=34611 1568 33799 5342 3324 70487 44518 4785 855 15202 17678 35524 17976 146671 85129 42825 43870 65916 6178 16395 4704 258089 17563 71003 20918 9289 4194 25604 10168 17918 183688
internal_value=-0.000773038 -0.00229029 -0.000108689 -0.00369526 0.000263179 0.000699452 0.00041785 0.00162192 -0.00113302 9.67042e-05 0.000454589 -0.000579332 -0.000176751 0.000885329 0.00104742 -0.00284976 -0.00182697 -0.0016068 0.000703263 -0.000560423 -0.000753076 -0.00445865 -0.000250408 -0.000451943 -0.00263367 0.00165567 7.94776e-05 0.003827 -0.00195009 -0.00187725
internal_weight=1.31579e+06 400689 915102 99368 580248 160261 122797 37464 35454 419987 181911 53500 238076 128411 87343 47194 301321 30669 26441 10046 334854 52174 76765 167589 15467 5762 43282 11023 267522 249604
internal_count=1315791 400689 915102 99368 580248 160261 122797 37464 35454 419987 181911 53500 238076 128411 87343 47194 301321 30669 26441 10046 334854 52174 76765 167589 15467 5762 43282 11023 267522 249604
cat_boundaries=0 1 2 3 4 5 6 7 8 9 10 11
cat_threshold=3 40 6 46 81 64 112 48 1 34 8
is_linear=0
shrinkage=0.05


Tree=50
num_leaves=31
num_cat=7
split_feature=7 7 7 1 7 6 1 6 1 3 7 7 3 3 1 3 3 5 5 6 2 2 1 2 3 1 6 6 1 3
split_gain=496.19 105.408 79.341 26.5069 15.4141 15.0854 13.4663 12.3204 10.3072 11.9594 10.1554 9.73672 8.04351 8.00486 29.6288 11.9038 9.44239 7.69909 9.09013 7.58236 6.70539 6.53837 7.10832 6.0618 6.14219 7.52944 9.67837 5.46212 5.40517 14.801
threshold=0.052294649958558363 0.034521400803542678 0.084255406639824934 0 0.067426327462205657 12.51280338464896 1 12.178043472755791 2 4.5000000000000009 0.024630190825150434 0.11621054548671803 1.5000000000000002 3.5000000000000004 3 4.5000000000000009 4.5000000000000009 5.5000000000000009 6.5000000000000009 11.583360624843122 14.500000000000002 19.500000000000004 4 21.500000000000004 4.5000000000000009 5 13.402230870373574 12.108213082958892 6 2.5000000000000004
decision_type=2 2 2 1 2 2 1 2 1 2 2 2 2 2 1 2 2 2 2 2 2 2 1 2 2 1 2 2 1 2
left_child=1 3 4 10 19 -5 23 8 12 -10 -1 17 -4 21 15 -15 -16 -9 -19 -2 -7 22 -8 24 -3 26 -26 -6 29 -21
right_child=2 6 7 5 27 20 13 11 9 -11 -12 -13 -14 14 16 -17 -18 18 -20 28 -22 -23 -24 -25 25 -27 -28 -29 -30 -31
leaf_value=-0.0008932741640918445 0.00083460199801725079 -5.231404781646181e-07 7.2520377303051111e-05 -6.9330912762116786e-05 0.00028034732033422168 -0.00038066445683326177 -0.00021945879729296931 7.4383038082739079e-05 0.00041450027217218224 -0.00030134972524150738 -0.00040569403916923075 0.00023729337518442126 0.0010777992477734844 -0.00015186174035044684 -0.00021265114754769016 -0.00043370231855810183 -6.284409339140798e-05 -0.00010641243251352183 8.1335401232512458e-05 -0.00037143155803007254 -1.6057661249078194e-05 -0.00047253239416761479 -0.00031878222827920027 -0.00025531749253237857 0.00052877037694225206 -0.00067366190845216212 -0.00018236258887885831 -6.1451211742085716e-05 -0.00014197048708509502 0.00022964714235218869
leaf_weight=34611 881 19330 1700 6289 6561 39029 95028 269745 12369 5139 17563 46728 4562 14755 23931 29359 47717 72575 53208 7413 1876 10142 46590 6502 720 3715 3532 226617 197395 10209
leaf_count=34611 881 19330 1700 6289 6561 39029 95028 269745 12369 5139 17563 46728 4562 14755 23931 29359 47717 72575 53208 7413 1876 10142 46590 6502 720 3715 3532 226617 197395 10209
internal_value=-0.000752822 -0.00222016 -0.000110328 -0.00363236 -0.000584602 -0.00277138 -0.00175446 0.000346696 0.00145562 0.000831144 -0.00440978 0.000287095 0.00319515 -0.00187327 -0.00156019 -0.00257955 -0.000932067 0.000206457 -0.000116591 -0.000889032 -0.00312248 -0.00211222 -0.00202439 -0.000813246 -0.000486685 -0.00165495 -0.000213516 -0.000302731 -0.000907999 -6.86264e-05
internal_weight=1.31579e+06 400689 915102 99368 449076 47194 301321 466026 23770 17508 52174 442256 6262 267522 115762 44114 71648 395528 125783 215898 40905 151760 141618 33799 27297 7967 4252 233178 215017 17622
internal_count=1315791 400689 915102 99368 449076 47194 301321 466026 23770 17508 52174 442256 6262 267522 115762 44114 71648 395528 125783 215898 40905 151760 141618 33799 27297 7967 4252 233178 215017 17622
cat_boundaries=0 1 2 3 4 5 6 7
cat_threshold=3 112 32 1 9 48 32
is_linear=0
shrinkage=0.05


Tree=51
num_leaves=31
num_cat=7
split_feature=7 7 7 1 7 6 1 7 6 1 3 7 2 1 7 3 7 6 5 5 2 3 3 6 1 6 5 3 1 1
split_gain=468.821 105.312 71.6512 27.9859 16.0514 14.0455 12.5526 11.2369 10.0708 8.11748 9.81671 8.01753 7.73992 7.27413 24.7353 10.478 10.1519 7.08556 6.30114 8.57502 6.25293 6.10544 6.05334 6.56719 5.29239 5.18108 4.95389 5.16111 5.87704 5.81965
threshold=0.052294649958558363 0.034521400803542678 0.086387359317017867 0 0.067725050271471812 12.51280338464896 1 0.024630190825150434 12.147946851847994 2 4.5000000000000009 0.11621054548671803 19.500000000000004 3 0.046314219883237036 4.5000000000000009 0.048739663163306905 12.315433647650661 5.5000000000000009 6.5000000000000009 14.500000000000002 1.5000000000000002 5.5000000000000009 13.836985315391791 4 11.903400437239741 5.5000000000000009 2.5000000000000004 5 6
decision_type=2 2 2 1 2 2 1 2 2 1 2 2 2 1 2 2 2 2 2 2 2 2 2 2 1 2 2 2 1 1
left_child=1 3 4 7 17 -5 22 -1 9 21 -11 18 13 14 -8 -16 -15 -2 -10 -20 -7 -4 23 -3 -24 -6 -27 28 -28 -29
right_child=2 6 8 5 25 20 12 -9 11 10 -12 -13 -14 16 15 -17 -18 -19 19 -21 -22 -23 24 -25 -26 26 27 29 -30 -31
leaf_value=-0.00084861045588725229 5.7455314306401087e-05 3.0968154324615311e-06 0.00013088910044711967 -6.5864367124010762e-05 0.00048938667098970951 -0.00036163123399159873 0.00016212234522977056 -0.00038540933721076926 7.7667107637658674e-05 0.00042667905615738859 -0.00028594877112703756 0.0002258824557264035 -0.00035503905517132359 -0.00023712005861466256 -0.00026781880469817172 -7.4153849898838081e-05 -8.2286459261621671e-05 -0.00013365982611772878 -9.6997275043994084e-05 8.9374768418194013e-05 -1.5254778186624386e-05 0.001056968654915145 -0.00016436588170051409 -0.00019470624041548548 -0.0011165335990012879 -2.3348125131425472e-05 -2.5472212504108998e-05 3.5258183651185609e-05 -0.00028119073838919246 -0.00019507985460308539
leaf_weight=34611 12477 19152 1518 6289 3075 39029 6560 17563 250329 10450 4367 47064 17918 167640 42316 17040 16048 208512 67647 49435 1876 3953 3054 9748 1845 174765 10795 29040 23366 18309
leaf_count=34611 12477 19152 1518 6289 3075 39029 6560 17563 250329 10450 4367 47064 17918 167640 42316 17040 16048 208512 67647 49435 1876 3953 3054 9748 1845 174765 10795 29040 23366 18309
internal_value=-0.000730098 -0.0021564 -0.000105574 -0.00356795 -0.000526494 -0.00268346 -0.00169091 -0.00436667 0.000359471 0.00144716 0.000837323 0.00030623 -0.00180562 -0.00173363 -0.0012822 -0.00160439 -0.00189545 -0.000839613 0.000227523 -7.52476e-05 -0.00302225 0.00309159 -0.000782189 -0.000506922 -0.00240764 -0.000259689 -0.000284169 -0.000606062 -0.00107447 -0.000268117
internal_weight=1.31579e+06 400689 915102 99368 480339 47194 301321 52174 434763 20288 14817 414475 267522 249604 65916 59356 183688 220989 367411 117082 40905 5471 33799 28900 4899 259350 256275 81510 34161 47349
internal_count=1315791 400689 915102 99368 480339 47194 301321 52174 434763 20288 14817 414475 267522 249604 65916 59356 183688 220989 367411 117082 40905 5471 33799 28900 4899 259350 256275 81510 34161 47349
cat_boundaries=0 1 2 3 4 5 6 7
cat_threshold=3 112 32 8 48 81 44
is_linear=0
shrinkage=0.05


Tree=52
num_leaves=31
num_cat=8
split_feature=7 7 7 1 7 6 7 1 6 7 3 1 3 3 6 2 1 5 5 3 6 3 1 2 0 6 1 6 1 3
split_gain=440.385 105.662 64.8767 29.439 14.2908 13.6258 12.1348 11.4994 9.14029 7.90351 7.44736 28.6977 12.0332 8.37652 6.76707 6.34741 6.58459 6.2675 7.89941 5.89465 6.18068 5.72718 6.84136 6.25075 5.36525 5.28564 5.27878 5.2213 9.39129 5.20745
threshold=0.052294649958558363 0.034521400803542678 0.086387359317017867 0 0.067426327462205657 12.261251879726503 0.024630190825150434 1 11.583360624843122 0.12220391884697518 3.5000000000000004 2 4.5000000000000009 4.5000000000000009 11.583360624843122 19.500000000000004 3 5.5000000000000009 6.5000000000000009 5.5000000000000009 12.44545660439722 4.5000000000000009 4 21.500000000000004 5 13.232467225603605 6 14.023480368120872 7 2.5000000000000004
decision_type=2 2 2 1 2 2 2 1 2 2 2 1 2 2 2 2 1 2 2 2 2 2 1 2 1 2 1 2 1 2
left_child=1 3 4 6 14 -5 -1 19 24 17 15 12 -12 -13 -2 16 -9 -10 -19 20 -3 23 -23 -7 -4 -15 -21 28 -16 -6
right_child=2 7 8 5 29 21 -8 10 9 -11 11 13 -14 25 27 -17 -18 18 -20 26 -22 22 -24 -25 -26 -27 -28 -29 -30 -31
leaf_value=-0.00080617993309288971 0.00078999913240106873 0.00014153733092193806 0.0017522700901516732 5.2317802930039907e-05 -9.4274669506241624e-05 -0.0003909990063193855 -0.00036613887035023081 -0.00019750602611880004 8.5354279688390391e-05 0.00026139180585252737 -0.00013346127357570896 -0.00018937869721976763 -0.00040119529201275363 4.1095563697204696e-05 -3.4053537442360231e-06 -0.00043115382170066778 -0.00029131878829156467 -8.1285177249183272e-05 9.1774071968138133e-05 -0.0001561475876154882 -0.00011093312845751764 5.8527616678744071e-05 -0.00025411497648664122 0.00017503974231976218 0.0006540947383881974 -9.6439588679622114e-05 -0.0010607069190512236 -0.00024838346943066618 -0.00012945975638757389 -1.1944034933414711e-05
leaf_weight=34611 881 5402 722 3324 111822 30493 17563 95028 270628 34726 14755 23931 29359 14641 35867 10142 46590 73104 53767 3054 23498 2493 10299 585 1816 33076 1845 16527 162623 152619
leaf_count=34611 881 5402 722 3324 111822 30493 17563 95028 270628 34726 14755 23931 29359 14641 35867 10142 46590 73104 53767 3054 23498 2493 10299 585 1816 33076 1845 16527 162623 152619
internal_value=-0.000706272 -0.00208864 -0.000100984 -0.00350254 -0.000501512 -0.00259554 -0.00432163 -0.00162237 0.00034153 0.000323962 -0.00173217 -0.00143018 -0.00243337 -0.000812053 -0.000803344 -0.00196264 -0.0018761 0.000260767 -2.92041e-05 -0.000752611 -0.00048097 -0.00282995 -0.00193949 -0.00319647 0.00333333 -0.000429303 -0.0023566 -0.000821262 -0.000750165 -0.000255086
internal_weight=1.31579e+06 400689 915102 99368 480339 47194 52174 301321 434763 432225 267522 115762 44114 71648 215898 151760 141618 397499 126871 33799 28900 43870 12792 31078 2538 47717 4899 215017 198490 264441
internal_count=1315791 400689 915102 99368 480339 47194 52174 301321 434763 432225 267522 115762 44114 71648 215898 151760 141618 397499 126871 33799 28900 43870 12792 31078 2538 47717 4899 215017 198490 264441
cat_boundaries=0 1 2 3 4 5 6 7 8
cat_threshold=3 112 1 9 40 282624 48 48
is_linear=0
shrinkage=0.05


Tree=53
num_leaves=31
num_cat=9
split_feature=7 7 7 1 7 6 6 1 2 6 1 1 6 3 1 2 3 1 3 7 3 2 5 3 1 3 1 5 2 1
split_gain=416.353 105.028 58.5826 30.7094 13.1789 12.6795 12.6027 11.3195 15.1278 11.6185 10.7667 10.2154 15.0967 22.1449 14.9988 8.47049 8.36446 7.69091 8.09641 7.28209 7.16262 6.83389 6.22668 6.17004 11.2556 6.02279 6.92492 6.01202 6.00342 5.67682
threshold=0.052294649958558363 0.034521400803542678 0.0794326935991055 0 0.024630190825150434 11.583360624843122 12.2093123918769 1 16.500000000000004 12.83963501503476 2 3 13.284449487363705 4.5000000000000009 4 8.5000000000000018 1.5000000000000002 5 1.0000000180025095e-35 0.066162824367806392 4.5000000000000009 19.500000000000004 5.5000000000000009 4.5000000000000009 6 4.5000000000000009 7 5.5000000000000009 21.500000000000004 8
decision_type=2 2 2 1 2 2 2 1 2 2 1 1 2 2 1 2 2 1 2 2 2 2 2 2 1 2 1 2 2 1
left_child=1 3 11 4 -1 -4 -5 15 -9 -10 -3 12 13 14 -2 20 17 -16 -19 -14 -7 22 -12 29 -25 28 -27 -13 -8 -11
right_child=2 10 5 6 -6 7 25 8 9 23 21 27 19 -15 16 -17 -18 18 -20 -21 -22 -23 -24 24 -26 26 -28 -29 -30 -31
leaf_value=-0.00076587093643824518 0.00049641074803066733 -0.00010225125535860552 0.0010566832396314604 8.862016534725473e-05 -0.00034783192683271924 0.00022771746714861287 -0.00037139951016411832 5.4053122095589946e-06 0.00030255594800900911 0.00019343139554105134 -0.00016735333044852097 -9.391620789986437e-05 -0.00014838333544297768 0.0003790426901394006 8.5028233138132456e-05 -4.8287830962598779e-05 1.1258226154139108e-05 -0.00015307293131425925 -0.0010065586595790442 -4.847357460315486e-05 -0.00012928274440645891 -0.00032246167230670473 -0.0002468144407011135 0.00031006978834122542 -0.00012121535446314896 6.8486565028639295e-05 -0.00024233496534828005 -0.0002077488905326318 0.00016628775520377402 4.8613565453262118e-06
leaf_weight=34611 2580 33799 2891 2857 17563 25802 30827 153706 56015 21061 169817 119470 64581 15676 3462 151324 22195 5551 4882 86971 10302 17918 79787 30009 8611 2589 10336 56161 585 73852
leaf_count=34611 2580 33799 2891 2857 17563 25802 30827 153706 56015 21061 169817 119470 64581 15676 3462 151324 22195 5551 4882 86971 10302 17918 79787 30009 8611 2589 10336 56161 585 73852
internal_value=-0.000685372 -0.00202949 -9.68319e-05 -0.00343914 -0.00427564 0.000241456 -0.00251292 0.000223466 0.000394098 0.000693016 -0.00156463 -0.000569932 -0.000330926 0.00038402 -0.0002586 -8.9044e-05 -0.000522162 -0.00148435 -0.00216078 -0.000587324 0.000599101 -0.00167087 -0.00160322 0.000439478 0.000972293 -0.00272087 -0.00181238 -0.000850059 -0.00309468 0.000222676
internal_weight=1.31579e+06 400689 915102 99368 52174 533573 47194 530682 343254 189548 301321 381529 205898 54346 38670 187428 36090 13895 10433 151552 36104 267522 249604 133533 38620 44337 12925 175631 31412 94913
internal_count=1315791 400689 915102 99368 52174 533573 47194 530682 343254 189548 301321 381529 205898 54346 38670 187428 36090 13895 10433 151552 36104 267522 249604 133533 38620 44337 12925 175631 31412 94913
cat_boundaries=0 1 2 3 4 5 6 7 8 9
cat_threshold=3 9 112 56 16 8 38 40 80
is_linear=0
shrinkage=0.05


Tree=54
num_leaves=31
num_cat=10
split_feature=7 7 7 1 7 6 6 1 3 3 3 1 3 1 3 1 1 1 1 6 3 1 3 3 2 3 1 3 3 6
split_gain=389.118 104.91 53.3763 31.6961 14.5691 12.0417 10.8325 12.657 34.283 15.5674 10.5999 36.9264 27.3047 22.2221 16.0093 11.7137 9.7134 8.98714 8.50944 13.1339 19.6813 13.5032 7.33844 7.31271 7.262 7.24013 26.7369 12.1621 7.66349 6.67118
threshold=0.052294649958558363 0.034521400803542678 0.078539738675614132 0 0.024630190825150434 12.524089917644028 12.55648741036959 1 4.5000000000000009 4.5000000000000009 3.5000000000000004 2 5.5000000000000009 3 4.5000000000000009 4 5 6 7 13.238405342681794 3.5000000000000004 8 4.5000000000000009 5.5000000000000009 17.500000000000004 3.5000000000000004 9 4.5000000000000009 4.5000000000000009 13.256440058740017
decision_type=2 2 2 1 2 2 2 1 2 2 2 1 2 1 2 1 1 1 1 2 2 1 2 2 2 2 1 2 2 2
left_child=1 3 18 4 -1 -5 7 9 17 -4 13 14 22 -8 -12 -14 -3 -9 19 20 21 -2 -13 -10 -15 29 27 -27 -28 -18
right_child=2 16 6 5 -6 -7 10 8 23 -11 11 12 15 24 -16 -17 25 -19 -20 -21 -22 -23 -24 -25 -26 26 28 -29 -30 -31
leaf_value=-0.00072757738961633277 0.00018964976481086063 -9.7138692590675177e-05 0.00019363669218243863 -6.0781987545323369e-05 -0.00033044033049108316 -0.0002976581378278113 0.0001151079915457369 0.00036059222469714562 -9.2312670456935636e-05 0.00093632869726235674 2.4578783269505524e-05 0.00015716647724979533 -0.0003063829944319546 -0.00015686912313495676 0.00026115858251439967 -0.0012755955883971327 -0.00017610600016526695 4.077238124776034e-05 -0.00012154810960711331 -8.8665815187013303e-05 0.0003106678797970278 -0.00023646825846289997 -0.00010939557004707574 -0.00059818633580807287 -1.8093085113987101e-05 -0.00011751850858835124 -0.00017034414126438605 -0.00037151863879036976 -3.8520407979466342e-05 -0.00027550903847057032
leaf_weight=34611 6916 33799 17715 6388 17563 40806 86132 31911 10002 7441 43692 21600 16901 89999 85858 4889 84797 17178 173142 149528 21069 20594 21673 10184 78678 14755 23931 29359 47717 66963
leaf_count=34611 6916 33799 17715 6388 17563 40806 86132 31911 10002 7441 43692 21600 16901 89999 85858 4889 84797 17178 173142 149528 21069 20594 21673 10184 78678 14755 23931 29359 47717 66963
internal_value=-0.00066394 -0.00196336 -9.49742e-05 -0.00337221 -0.00422198 -0.00243136 0.000220527 0.000707341 0.000358301 0.00166773 0.00011824 0.000396093 -0.000575739 -9.39735e-05 0.000884145 -0.00201928 -0.00149875 0.00107162 -0.000557161 -0.000333314 0.000380925 -0.000499819 0.000151017 -0.0013762 -0.000427628 -0.00159966 -0.0013019 -0.00227019 -0.000705296 -0.0018269
internal_weight=1.31579e+06 400689 915102 99368 52174 47194 543853 94431 69275 25156 449422 194613 65063 254809 129550 21790 301321 49089 371249 198107 48579 27510 43273 20186 168677 267522 115762 44114 71648 151760
internal_count=1315791 400689 915102 99368 52174 47194 543853 94431 69275 25156 449422 194613 65063 254809 129550 21790 301321 49089 371249 198107 48579 27510 43273 20186 168677 267522 115762 44114 71648 151760
cat_boundaries=0 1 2 3 4 5 6 7 8 9 10
cat_threshold=3 32 46 81 17 112 64 56 24 1
is_linear=0
shrinkage=0.05


Tree=55
num_leaves=31
num_cat=10
split_feature=7 7 7 7 1 6 1 3 3 1 6 3 1 1 6 5 5 2 1 7 3 3 1 3 1 6 3 1 1 3
split_gain=363.704 99.5736 52.6569 25.1428 22.6788 11.4053 12.2321 24.8538 13.5936 13.3529 12.5052 12.7455 9.48748 8.26637 7.78644 7.22151 7.88446 7.02415 8.46419 22.5824 7.20765 6.65769 17.0833 15.9368 12.9171 8.61953 11.6122 6.98412 6.18865 6.13189
threshold=0.051322440910878987 0.024630190825150434 0.074994913060566937 0.034521400803542678 0 13.836985315391791 1 1.5000000000000002 1.0000000180025095e-35 2 12.963984688793717 4.5000000000000009 3 4 12.502919158420534 5.5000000000000009 6.5000000000000009 19.500000000000004 5 0.046314219883237036 5.5000000000000009 2.5000000000000004 6 5.5000000000000009 7 13.63147563377021 4.5000000000000009 8 9 4.5000000000000009
decision_type=2 2 2 2 1 2 1 2 2 1 2 2 1 1 2 2 2 2 1 2 2 2 1 2 1 2 2 1 1 2
left_child=1 4 14 12 -1 6 7 8 -4 -10 11 -9 -3 28 -2 -8 -17 18 19 -15 -21 24 23 -23 -16 26 -24 -26 -5 -6
right_child=2 3 5 13 29 -7 15 10 9 -11 -12 -13 -14 17 21 16 -18 -19 -20 20 -22 22 25 -25 27 -27 -28 -29 -30 -31
leaf_value=-0.00069119852013551611 1.6730593303952426e-05 0.00017563744591655878 0.00012021829913539767 0.0013170231551462607 -0.00031290457593618885 -0.0001027287846715911 6.0186279966685946e-05 0.00026762749486182214 0.0002396247441114722 -0.00091590354688634136 8.8976234004520727e-05 0.00079133186231749556 -0.00029265106415056187 0.00017798519699579137 1.3387794147084001e-05 -0.00010564888035489599 5.9111199749602828e-05 -0.00030531879652574928 -0.00019091280696565904 -0.000197815764788415 1.4690094295673158e-05 -0.00011920581874196593 -7.7287674111482151e-05 -0.00056743095242773646 -0.00012999046819579783 -0.00011381287203879457 8.2761483593680985e-05 -0.00031940501088807948 -0.00010404476909797673 6.6233633019546857e-05
leaf_weight=34611 36838 1672 11298 285 5318 54997 303381 21193 2371 7732 22027 14236 55552 6560 24472 81718 61295 17761 175031 43814 7473 24623 46204 8233 80179 58757 46130 30017 29798 2215
leaf_count=34611 36838 1672 11298 285 5318 54997 303381 21193 2371 7732 22027 14236 55552 6560 24472 81718 61295 17761 175031 43814 7473 24623 46204 8233 80179 58757 46130 30017 29798 2215
internal_value=-0.000643534 -0.00194783 -0.000113718 -0.00166204 -0.00423951 0.000179853 0.000251583 0.000825629 -0.00062871 -0.0019613 0.00136748 0.00194911 -0.00261726 -0.00146732 -0.000592949 0.000150154 -0.00014275 -0.00156133 -0.00148829 -0.000963325 -0.00131681 -0.000672521 -0.000476959 -0.00151007 -0.000939645 -0.000252184 4.90598e-05 -0.00117035 -0.000683383 -0.00174533
internal_weight=1.31579e+06 380090 935701 337946 42144 580248 525251 78857 21401 10103 57456 35429 57224 280722 355453 446394 143013 250639 232878 57847 51287 318615 183947 32856 134668 151091 92334 110196 30083 7533
internal_count=1315791 380090 935701 337946 42144 580248 525251 78857 21401 10103 57456 35429 57224 280722 355453 446394 143013 250639 232878 57847 51287 318615 183947 32856 134668 151091 92334 110196 30083 7533
cat_boundaries=0 1 2 3 4 5 6 7 8 9 10
cat_threshold=3 48 16 64 112 8 65 80 13 32
is_linear=0
shrinkage=0.05


Tree=56
num_leaves=31
num_cat=7
split_feature=7 7 7 7 1 7 1 1 7 6 2 1 7 3 7 2 3 7 3 2 6 1 6 5 5 5 6 1 3 1
split_gain=341.148 101.15 48.9521 24.2825 22.8714 11.4267 9.19332 7.68458 7.00371 6.97323 6.4739 7.68665 20.7156 6.46368 5.95784 5.73489 5.71922 5.56651 5.49461 5.89853 5.40156 5.31938 5.43482 5.26904 6.44791 5.07391 4.98972 5.09963 8.05476 8.77627
threshold=0.051322440910878987 0.024630190825150434 0.086387359317017867 0.034521400803542678 0 0.067426327462205657 1 2 0.12220391884697518 12.502919158420534 19.500000000000004 3 0.047327318174891456 5.5000000000000009 0.049684397321221409 21.500000000000004 4.5000000000000009 0.045536734602365347 5.5000000000000009 21.500000000000004 11.583360624843122 4 13.548346216537688 5.5000000000000009 6.5000000000000009 5.5000000000000009 14.023480368120872 5 3.5000000000000004 6
decision_type=2 2 2 2 1 2 1 1 2 2 2 1 2 2 2 2 2 2 2 2 2 1 2 2 2 2 2 1 2 1
left_child=1 4 5 6 -1 9 -3 18 23 -2 11 12 17 -14 25 20 -6 -9 19 -5 -8 22 -20 -4 -25 -13 27 28 29 -11
right_child=2 3 8 7 16 -7 15 10 -10 26 -12 14 13 -15 -16 -17 -18 -19 21 -21 -22 -23 -24 24 -26 -27 -28 -29 -30 -31
leaf_value=-0.00065663859412874032 1.1463223358590096e-05 3.4253920316813872e-05 7.3139685013878255e-05 2.4400286887159862e-06 -0.00029725934713937933 -4.0067567962574488e-05 0.00058202305268748825 0.00025149020452820919 0.00024307015991562684 3.6539421344562231e-05 -0.00029005285669946192 -0.0001607235073661323 -0.00020953086267351878 4.1395509669125979e-06 -6.1297772315425079e-06 0.00010395866291276632 6.2921951368569593e-05 2.103581279523904e-05 0.00036086084256710431 -0.00020340804537610381 -0.00028942768732534066 -0.0010131461160024372 -0.00024943254812926361 -8.0815451872806335e-05 7.7646380856296636e-05 -0.00024689094833203702 -0.00023269793467002462 -0.00012573075241852297 4.4728824499253589e-05 -0.00022614402208653769
leaf_weight=34611 24981 2687 271875 20151 5318 264441 121 3947 35197 11233 17761 114870 39069 6611 6005 830 2215 8220 523 5545 53586 1738 2126 73526 54165 54156 19133 133656 25643 21851
leaf_count=34611 24981 2687 271875 20151 5318 264441 121 3947 35197 11233 17761 114870 39069 6611 6005 830 2215 8220 523 5545 53586 1738 2126 73526 54165 54156 19133 133656 25643 21851
internal_value=-0.00062385 -0.00188705 -0.000110726 -0.00159901 -0.0041968 -0.000447641 -0.00253775 -0.00140766 0.000277472 -0.000700158 -0.00149829 -0.00142817 -0.000927892 -0.00141638 -0.00159337 -0.00267815 -0.0016923 0.000905316 -0.000651814 -0.000372822 -0.00274238 -0.00228744 -0.000863108 0.00021791 -4.70288e-05 -0.00164845 -0.000793464 -0.000716878 -0.000328329 -0.000843914
internal_weight=1.31579e+06 380090 935701 337946 42144 500938 57224 280722 434763 236497 250639 232878 57847 45680 175031 54537 7533 12167 30083 25696 53707 4387 2649 399566 127691 169026 211516 192383 58727 33084
internal_count=1315791 380090 935701 337946 42144 500938 57224 280722 434763 236497 250639 232878 57847 45680 175031 54537 7533 12167 30083 25696 53707 4387 2649 399566 127691 169026 211516 192383 58727 33084
cat_boundaries=0 1 2 3 4 5 6 7
cat_threshold=3 72 112 8 48 50 16
is_linear=0
shrinkage=0.05


Tree=57
num_leaves=31
num_cat=9
split_feature=7 7 7 1 7 5 1 3 1 3 6 6 6 6 1 1 3 3 1 6 6 7 2 1 6 2 3 1 1 2
split_gain=321.128 102.96 44.3282 22.951 22.8235 9.90608 8.65542 8.00123 9.61817 12.9214 7.68942 7.51172 7.31387 7.17767 7.13798 6.3963 23.1326 18.7838 8.55504 7.96802 7.44661 6.34947 6.22889 9.89306 7.76843 6.8417 5.88399 6.85993 5.86258 5.76103
threshold=0.051322440910878987 0.024630190825150434 0.084611166957296327 0 0.034521400803542678 5.5000000000000009 1 2.5000000000000004 2 5.5000000000000009 12.108213082958892 11.903400437239741 12.238323199352537 12.357696562278482 3 4 4.5000000000000009 4.5000000000000009 5 13.445790538661404 13.645621591750851 0.066817926249645027 16.500000000000004 6 12.914605851762095 8.5000000000000018 4.5000000000000009 7 8 20.500000000000004
decision_type=2 2 2 1 2 2 1 2 1 2 2 2 2 2 1 1 2 2 1 2 2 2 2 1 2 2 2 1 1 2
left_child=1 3 5 -1 6 10 -3 28 9 -9 -2 14 -6 -10 -4 16 18 -17 19 -14 -18 -12 25 -24 -25 -13 -26 -28 -7 -20
right_child=2 4 11 -5 12 7 -8 8 13 -11 21 22 15 -15 -16 17 20 -19 29 -21 -22 -23 23 24 26 -27 27 -29 -30 -31
leaf_value=-0.00062380666442230339 0.00025521401648566204 0.00016514287760488976 0.0011822904727361828 -0.00018888709494435896 5.4320335767101841e-05 -8.2705036980713185e-05 -0.0002638649991035546 -0.00010120499005295684 0.00050025304654025189 -0.00064105493272039826 -7.6087470722702291e-05 9.3588626750788935e-05 0.00031153029015772854 -5.3120367073939251e-05 0.00022286706922505933 -0.00014150601702300007 1.5923329754954099e-05 -0.0003583323604987945 -0.00018748189162551873 -0.00010113036163446063 -0.00014986730231360431 -2.0245819510351398e-05 -2.520420363210882e-05 0.00023769708715841686 2.6712108039860774e-05 -4.1426705643191902e-05 0.00027470132193891435 -0.00011083585094005498 -0.00026338671838425887 -0.00032809286985689587
leaf_weight=34611 8436 1672 2348 7533 5560 22129 55552 13630 2793 5417 150361 60151 1964 66171 5554 72807 33532 29480 98012 10665 16353 164981 69567 63587 85229 139301 27650 7123 41273 12349
leaf_count=34611 8436 1672 2348 7533 5560 22129 55552 13630 2793 5417 150361 60151 1964 66171 5554 72807 33532 29480 98012 10665 16353 164981 69567 63587 85229 139301 27650 7123 41273 12349
internal_value=-0.000605306 -0.00183088 -0.000107466 -0.00416121 -0.00154028 -0.000446253 -0.00245037 -0.000780086 -0.00047159 -0.00146587 -0.000290138 0.000242122 -0.00135476 -0.000196742 0.00177044 -0.00139104 -0.00120528 -0.00170469 -0.00157371 -0.000339822 -0.000297185 -0.000329992 0.000215439 0.000380081 0.000572469 6.46653e-06 0.000335743 0.000883874 -0.00120832 -0.00171472
internal_weight=1.31579e+06 380090 935701 42144 337946 475191 57224 151413 88011 19047 323778 460510 280722 68964 7902 275162 172875 102287 122990 12629 49885 315342 452608 253156 183589 199452 120002 34773 63402 110361
internal_count=1315791 380090 935701 42144 337946 475191 57224 151413 88011 19047 323778 460510 280722 68964 7902 275162 172875 102287 122990 12629 49885 315342 452608 253156 183589 199452 120002 34773 63402 110361
cat_boundaries=0 1 2 3 4 5 6 7 8 9
cat_threshold=3 64 65 32 30 16 9 38 81
is_linear=0
shrinkage=0.05


Tree=58
num_leaves=31
num_cat=6
split_feature=7 7 7 1 7 6 1 3 6 6 1 5 2 1 6 3 6 5 3 1 3 3 1 6 6 3 2 3 2 2
split_gain=301.132 103.229 40.6227 23.2942 21.5437 9.77839 13.4642 10.1858 8.91602 8.53855 7.30324 7.04945 7.02405 8.78201 6.97139 6.93329 6.74914 6.42028 6.39072 5.92277 21.3782 17.7668 8.04126 7.54964 7.0479 5.5361 5.49766 5.42127 5.31407 5.23392
threshold=0.051322440910878987 0.024630190825150434 0.074994913060566937 0 0.034521400803542678 13.435334469880846 1 4.5000000000000009 11.583360624843122 11.990580988694822 2 5.5000000000000009 16.500000000000004 3 12.83963501503476 4.5000000000000009 12.238323199352537 6.5000000000000009 2.5000000000000004 4 4.5000000000000009 5.5000000000000009 5 13.548346216537688 13.376660574879262 3.5000000000000004 8.5000000000000018 2.5000000000000004 20.500000000000004 20.500000000000004
decision_type=2 2 2 1 2 2 1 2 2 2 1 2 2 1 2 2 2 2 2 1 2 2 1 2 2 2 2 2 2 2
left_child=1 3 11 -1 9 6 -4 -7 -8 -3 -9 -2 26 15 -15 -14 -6 -13 -16 20 22 -21 23 -18 -22 -5 -10 -19 -11 -24
right_child=2 4 5 25 16 7 8 10 12 28 -12 17 13 14 18 -17 19 27 -20 21 24 -23 29 -25 -26 -27 -28 -29 -30 -31
leaf_value=-0.00059261633120118802 -5.3447619890267059e-05 0.00043099568156079645 0.00048525477105322156 -0.00031208115323372483 5.1604318978746583e-05 -9.2141861339177511e-05 0.00092419368313997679 0.00016316124979113433 9.3675549689568372e-05 -0.00025712469259253732 -0.00013965643266685009 -0.00018735842053079594 3.7574116763997325e-05 0.00025263841225346776 -2.4425017351338141e-05 -0.00029801361142582237 0.0002738153619925715 -0.00015714237929183869 0.000152288054632702 -0.00015204560875930952 4.4399531188340777e-05 -0.00043449800129524517 -0.0001781077970442431 -0.00010266824442347457 -9.954433273062919e-05 -6.8397997271174484e-06 -2.2356376888899275e-05 4.605659201666988e-06 1.602412029987917e-05 -0.00031168822636405105
leaf_weight=34611 242222 731 5163 4232 5560 106423 3102 31985 59001 54648 10733 65141 24951 56738 41856 10146 2277 20053 57093 87425 21177 14862 98012 10352 28708 3301 173057 28037 1845 12349
leaf_count=34611 242222 731 5163 4232 5560 106423 3102 31985 59001 54648 10733 65141 24951 56738 41856 10146 2277 20053 57093 87425 21177 14862 98012 10352 28708 3301 173057 28037 1845 12349
internal_value=-0.000586458 -0.00177327 -0.000104367 -0.00410664 -0.00148228 0.000153485 0.000274211 -0.000195487 0.000243405 -0.00236649 0.000456715 -0.000525289 0.000223818 0.000448569 0.000609612 -0.000265903 -0.00130204 -0.000850961 0.000356293 -0.00133689 -0.00115814 -0.00163871 -0.00151232 -0.000316086 -0.000285157 -0.00157961 3.90408e-05 -0.000412769 -0.00243597 -0.00164903
internal_weight=1.31579e+06 380090 935701 42144 337946 580248 431107 149141 425944 57224 42718 355453 422842 190784 155687 35097 280722 113231 98949 275162 172875 102287 122990 12629 49885 7533 232058 48090 56493 110361
internal_count=1315791 380090 935701 42144 337946 580248 431107 149141 425944 57224 42718 355453 422842 190784 155687 35097 280722 113231 98949 275162 172875 102287 122990 12629 49885 7533 232058 48090 56493 110361
cat_boundaries=0 1 2 3 4 5 6
cat_threshold=3 16 46 1 30 16
is_linear=0
shrinkage=0.05


Tree=59
num_leaves=31
num_cat=9
split_feature=7 7 7 1 7 6 7 1 6 5 5 6 5 6 1 2 3 3 1 3 1 1 6 1 6 7 2 1 7 1
split_gain=281.572 103.311 37.1307 23.3268 20.8985 8.73094 8.76255 7.69319 6.56613 6.49459 6.7514 6.28372 6.1387 5.50111 6.90038 5.20397 5.11353 5.06296 4.82221 7.15074 9.06729 7.51137 5.14606 4.75368 4.73546 4.70068 4.64646 6.75034 7.84898 9.4624
threshold=0.051322440910878987 0.024630190825150434 0.084611166957296327 0 0.034521400803542678 11.583360624843122 0.066817926249645027 1 11.79893450632702 5.5000000000000009 6.5000000000000009 11.903400437239741 5.5000000000000009 13.846957140209947 2 21.500000000000004 3.5000000000000004 2.5000000000000004 3 4.5000000000000009 4 5 13.836985315391791 6 11.583360624843122 0.12357928555065191 20.500000000000004 7 0.04696943842221267 8
decision_type=2 2 2 1 2 2 2 1 2 2 2 2 2 2 1 2 2 2 1 2 1 1 2 1 2 2 2 1 2 1
left_child=1 3 5 -1 7 -2 13 -3 -6 11 -11 -4 26 14 -7 24 -5 -12 19 21 -21 22 -8 -22 -9 -13 27 28 29 -10
right_child=2 4 9 16 8 6 18 15 12 10 17 25 -14 -15 -16 -17 -18 -19 -20 20 23 -23 -24 -25 -26 -27 -28 -29 -30 -31
leaf_value=-0.00056298551464112855 0.00077207940924031205 3.9410009525613998e-05 0.00061132457044004167 -0.00029647709557203869 0.00053987188210185275 3.0877168620098064e-05 0.00017040389427777083 0.0005445653659302516 -0.00016929922851068412 -8.1749596624693761e-05 -4.0455845902229791e-05 5.6700421822794795e-05 -0.00019781790372984436 -0.00017412645943207128 -8.9295761048658424e-05 0.00011115277370731167 -6.4978097407618257e-06 0.00014487114577215783 -0.00010092379207055367 0.00040631028218838258 7.1828169470815206e-05 -8.8807883556924923e-05 -7.0913358170581508e-05 -0.00012628559891055482 -0.00024901171767170558 0.00026777408380742614 -0.00021215145509904021 -0.00013451136663494305 -0.00011106525092809408 0.00015811430064837718
leaf_weight=34611 1821 2687 5269 4232 788 27824 17594 121 6139 84349 26001 288369 90060 36272 161463 830 3301 36531 73229 9210 28614 93008 13541 12615 53586 19991 16085 119288 40352 8010
leaf_count=34611 1821 2687 5269 4232 788 27824 17594 121 6139 84349 26001 288369 90060 36272 161463 830 3301 36531 73229 9210 28614 93008 13541 12615 53586 19991 16085 119288 40352 8010
internal_value=-0.000566584 -0.0017142 -0.000100413 -0.0040485 -0.0014231 -0.000410478 -0.000423771 -0.00229397 -0.00124558 0.000219538 -5.48415e-05 0.000348037 -0.0012584 -0.000649255 -0.000541164 -0.00242241 -0.00151995 0.000338865 -0.000218535 -7.56633e-05 0.000426355 -0.000279638 0.000392518 0.00010924 -0.00248357 0.000318782 -0.00109715 -0.0010219 -0.00056053 0.000452681
internal_weight=1.31579e+06 380090 935701 42144 337946 475191 473370 57224 280722 460510 146881 313629 279934 225559 189287 54537 7533 62532 247811 174582 50439 124143 31135 41229 53707 308360 189874 173789 54501 14149
internal_count=1315791 380090 935701 42144 337946 475191 473370 57224 280722 460510 146881 313629 279934 225559 189287 54537 7533 62532 247811 174582 50439 124143 31135 41229 53707 308360 189874 173789 54501 14149
cat_boundaries=0 1 2 3 4 5 6 7 8 9
cat_threshold=3 72 48 57 32 17 8 120 64
is_linear=0
shrinkage=0.05


Tree=60
num_leaves=31
num_cat=12
split_feature=7 7 7 1 7 5 1 3 1 3 6 6 1 1 3 3 1 1 1 6 6 3 1 3 1 3 1 3 3 1
split_gain=261.631 101.754 33.5923 23.5805 19.4663 9.2881 7.22734 7.12443 9.65878 12.7621 6.78229 6.51737 6.09127 6.07875 13.6784 13.5721 14.385 6.40072 5.92104 8.5491 5.86475 9.65606 29.6744 6.58638 26.4151 21.4052 15.2152 8.61162 6.4956 7.04922
threshold=0.051322440910878987 0.024630190825150434 0.086387359317017867 0 0.034521400803542678 5.5000000000000009 1 2.5000000000000004 2 5.5000000000000009 11.583360624843122 12.357696562278482 3 4 4.5000000000000009 3.5000000000000004 5 6 7 13.376660574879262 12.55648741036959 5.5000000000000009 8 3.5000000000000004 9 4.5000000000000009 10 4.5000000000000009 5.5000000000000009 11
decision_type=2 2 2 1 2 2 1 2 1 2 2 2 1 1 2 2 1 1 1 2 2 2 1 2 1 2 1 2 2 1
left_child=1 3 5 -1 6 10 -3 12 9 -9 -2 -10 -7 14 -6 16 -15 -17 -19 -20 21 -4 -23 26 25 -25 -22 -26 -27 -30
right_child=2 4 20 -5 13 7 -8 8 11 -11 -12 -13 -14 15 -16 17 -18 18 19 -21 23 22 -24 24 27 28 -28 -29 29 -31
leaf_value=-0.00053483623890907201 0.00094752565864140493 0.00014857324396531143 0.00019408515509243855 -0.00016379544620721183 -0.00012007062063436429 -6.6705571459761015e-05 -0.00022682343218651883 -9.4282885257149083e-05 0.00047913578517353573 -0.00059204128153003948 -3.6757122200542356e-05 -3.9556345642677124e-05 -0.00023947167147660869 -5.4361966798678709e-06 -0.00030448099445678768 0.0025073841329787245 -0.00019459665483287445 -0.00036433604768819247 1.9062402425716846e-05 -0.00010775774547611182 0.00012103298462866148 0.00082615518664878082 -0.00059028389930737253 0.00016968659942397476 4.3479445113080293e-05 -0.00015927763783261229 -7.9982249120687276e-05 0.00023636253826794679 -0.00034845216473269034 -0.0011626413549919959
leaf_weight=34611 1241 1672 67833 7533 67793 23905 55552 15159 2907 6044 340165 68623 42894 17021 27433 133 88133 5209 31929 43071 67819 3548 8122 14216 37410 14246 133546 73758 10320 3945
leaf_count=34611 1241 1672 67833 7533 67793 23905 55552 15159 2907 6044 340165 68623 42894 17021 27433 133 88133 5209 31929 43071 67819 3548 8122 14216 37410 14246 133546 73758 10320 3945
internal_value=-0.00054614 -0.00165237 -9.67789e-05 -0.00396901 -0.00136347 -0.000375876 -0.00220397 -0.000690834 -0.000407246 -0.00134422 -0.000228703 -0.000129299 -0.00108452 -0.00119214 -0.00151707 -0.0010252 -0.00139909 -0.00053596 -0.00055467 -0.000441276 0.000224799 0.000612995 -0.000715511 0.000137926 0.000384189 -0.000672369 -5.0283e-05 0.000790263 -0.00146277 -0.00221697
internal_weight=1.31579e+06 380090 935701 42144 337946 500938 57224 159532 92733 21203 341406 71530 66799 280722 95226 185496 105154 80342 80209 75000 434763 79503 11670 355260 153895 42727 201365 111168 28511 14265
internal_count=1315791 380090 935701 42144 337946 500938 57224 159532 92733 21203 341406 71530 66799 280722 95226 185496 105154 80342 80209 75000 434763 79503 11670 355260 153895 42727 201365 111168 28511 14265
cat_boundaries=0 1 2 3 4 5 6 7 8 9 10 11 12
cat_threshold=3 64 65 81 1 112 32 64 36 65 81 1
is_linear=0
shrinkage=0.05


Tree=61
num_leaves=31
num_cat=8
split_feature=7 7 7 1 7 6 1 6 6 6 5 5 6 5 3 1 6 3 1 3 1 3 1 7 3 1 2 3 3 1
split_gain=243.699 100.29 30.9969 23.5958 18.0871 9.66172 16.6979 7.16262 6.95964 6.48728 6.43896 6.50251 5.75399 5.80372 5.70385 5.8956 5.19728 4.99771 23.0549 15.4769 9.53717 8.66155 4.99162 4.82153 4.68287 4.66757 4.58732 4.04906 5.27439 14.0065
threshold=0.051322440910878987 0.024630190825150434 0.070859323985042702 0 0.034521400803542678 13.435334469880846 1 11.990580988694822 11.583360624843122 12.413077667390478 5.5000000000000009 6.5000000000000009 11.79893450632702 5.5000000000000009 4.5000000000000009 2 13.022453535216695 3.5000000000000004 3 5.5000000000000009 4 4.5000000000000009 5 0.12220391884697518 4.5000000000000009 6 21.500000000000004 2.5000000000000004 5.5000000000000009 7
decision_type=2 2 2 1 2 2 1 2 2 2 2 2 2 2 2 1 2 2 1 2 1 2 1 2 2 1 2 2 2 1
left_child=1 3 9 -1 7 6 16 -3 -8 -2 23 -12 -6 -14 22 -16 -4 20 21 -20 -11 -19 -7 -10 -5 -26 -9 -13 -29 -30
right_child=2 4 5 24 12 14 8 26 10 17 11 27 13 -15 15 -17 -18 18 19 -21 -22 -23 -24 -25 25 -27 -28 28 29 -31
leaf_value=-0.0005080944269636186 4.6107976702634661e-05 0.00039499438422878883 0.00087242012464678091 -0.00024474371568555255 0.00051809277554245854 2.9288448028366537e-05 0.00078438108935351592 -0.0002185833863167987 5.1765224509078229e-05 -2.8890022050554487e-05 -9.13330970849085e-05 -3.8491089712983076e-05 -0.00011144616004199286 -0.00018212360755297911 0.00011059805745188038 -0.00013291743678792964 0.00036619693592127825 -8.7394815580033627e-05 -8.7127390857324799e-05 -0.00042901153942600162 -0.00015573926532726098 7.1168671201802844e-05 -0.00010992361884859654 0.00027096281567578405 -0.00018523645364556634 0.00025118616721249264 0.00011693630663127202 0.00021158242653760947 0.00043083015967442678 -0.00047535381604899539
leaf_weight=34611 23789 731 1145 5318 788 32441 3305 55663 284698 52868 82041 25933 189874 90060 38272 13299 5151 26178 27044 13585 102271 52156 95655 19393 839 1376 830 27311 3639 5527
leaf_count=34611 23789 731 1145 5318 788 32441 3305 55663 284698 52868 82041 25933 189874 90060 38272 13299 5151 26178 27044 13585 102271 52156 95655 19393 839 1376 830 27311 3639 5527
internal_value=-0.000529078 -0.00159673 -9.53896e-05 -0.00389664 -0.00130991 0.000101283 0.00022315 -0.00212009 0.000187481 -0.000516482 0.000170641 -0.000104223 -0.00114476 -0.00115677 -0.000209472 0.00023453 0.00277831 -0.000585221 -0.00034141 -0.00130774 -0.00077218 0.000159934 -0.000388226 0.000301208 -0.00135424 0.00057562 -0.00218372 0.000280403 0.000619979 -0.00041785
internal_weight=1.31579e+06 380090 935701 42144 337946 637810 458143 57224 451847 297891 448542 144451 280722 279934 179667 51571 6296 274102 118963 40629 155139 78334 128096 304091 7533 2215 56493 62410 36477 9166
internal_count=1315791 380090 935701 42144 337946 637810 458143 57224 451847 297891 448542 144451 280722 279934 179667 51571 6296 274102 118963 40629 155139 78334 128096 304091 7533 2215 56493 62410 36477 9166
cat_boundaries=0 1 2 3 4 5 6 7 8
cat_threshold=3 16 46 46 81 81 20 44
is_linear=0
shrinkage=0.05


Tree=62
num_leaves=31
num_cat=10
split_feature=7 7 1 7 7 7 6 3 6 1 1 3 3 1 1 1 6 1 3 1 6 5 7 5 3 6 3 1 1 3
split_gain=225.508 98.0056 37.5066 18.5085 13.6596 11.8465 9.10824 8.04911 6.56627 6.90161 6.13746 12.7082 12.649 13.032 5.93141 5.89607 7.97808 5.53029 5.13922 4.94299 5.72463 4.81013 4.66028 4.64491 5.03788 4.46849 7.19673 29.5492 5.57868 4.62071
threshold=0.034521400803542678 0.066488747448651006 0 0.028165668868557519 0.051060678640826133 0.094363649500800714 12.238323199352537 4.5000000000000009 13.846957140209947 1 2 4.5000000000000009 3.5000000000000004 3 4 5 13.376660574879262 6 5.5000000000000009 7 13.090468603901829 5.5000000000000009 0.061649426708659048 6.5000000000000009 2.5000000000000004 12.725631027497728 5.5000000000000009 8 9 2.5000000000000004
decision_type=2 2 1 2 2 2 2 2 2 1 1 2 2 1 1 1 2 1 2 1 2 2 2 2 2 2 2 1 1 2
left_child=2 4 3 -1 10 21 -4 14 9 22 11 -2 13 -12 -8 18 19 -9 -14 20 -17 -3 -6 -23 -25 26 -7 28 -28 -27
right_child=1 5 6 -5 8 25 7 17 -10 -11 12 -13 15 -15 -16 16 -18 -19 -20 -21 -22 23 -24 24 -26 29 27 -29 -30 -31
leaf_value=-0.00048301002399266037 -0.00011008271069715299 -2.1800692755603188e-06 8.5038961001429036e-05 -0.00022374673756720976 0.00015842327039213019 0.00016645018888417415 -0.00010698053377215418 0.00013266303459260372 -0.00016411855215035453 -7.566159906291442e-05 -5.2964385221451461e-07 -0.00028273031685779187 -0.00015462858621953472 -0.00017843405931681637 -0.00027843829384619905 0.00042487932210936281 -9.3065263538559401e-05 -0.00013413982208273362 -0.00090956983408681702 -7.4562195098868048e-06 6.6926055117706219e-05 -0.00012308025835545291 -6.3145650001220701e-05 -0.00010777595525515731 7.1619794863007601e-05 -2.2753633626027423e-05 -0.0001538599605537833 0.00080130591253726926 -0.00081755438083774964 8.0201361482455677e-05
leaf_weight=34655 67007 268475 3077 17519 12830 77682 6960 2550 37323 161673 16445 27110 3412 86347 24293 1480 41635 10314 1711 24566 5686 72371 14770 22215 31095 97194 3824 4283 5246 132043
leaf_count=34655 67007 268475 3077 17519 12830 77682 6960 2550 37323 161673 16445 27110 3412 86347 24293 1480 41635 10314 1711 24566 5686 72371 14770 22215 31095 97194 3824 4283 5246 132043
internal_value=-0.000512396 -0.000325312 -0.00280261 -0.00372662 -0.000860717 5.08927e-05 -0.00177994 -0.00196376 -0.00057318 -0.000453658 -0.0010973 -0.00142504 -0.000927014 -0.00129203 -0.00239705 -0.000449103 -0.00033437 -0.000911071 -0.00208747 0.000262825 0.00141722 -0.000132639 0.000277072 -0.000387928 -3.3766e-05 0.000276764 0.00057313 -0.00049914 -0.00211454 0.00015907
internal_weight=1.31579e+06 1.21642e+06 99368 52174 501995 714428 47194 44117 226596 189273 275399 94117 181282 102792 31253 78490 73367 12864 5123 31732 7166 394156 27600 125681 53310 320272 91035 13353 9070 229237
internal_count=1315791 1216423 99368 52174 501995 714428 47194 44117 226596 189273 275399 94117 181282 102792 31253 78490 73367 12864 5123 31732 7166 394156 27600 125681 53310 320272 91035 13353 9070 229237
cat_boundaries=0 1 2 3 4 5 6 7 8 9 10
cat_threshold=3 48 1 112 88 64 40 56 67 3
is_linear=0
shrinkage=0.05


Tree=63
num_leaves=31
num_cat=6
split_feature=7 7 1 7 7 7 6 3 6 1 2 1 7 1 7 3 2 1 1 5 6 6 5 5 3 3 5 5 6 7
split_gain=216.524 89.1681 36.8567 19.1106 12.8834 10.5737 8.27148 7.69512 6.11701 5.96358 5.9579 12.8008 13.0343 12.4576 8.1663 7.70716 8.25988 5.51262 5.31917 5.21458 4.98618 4.89964 4.45874 4.41965 4.557 4.26585 4.24595 4.14218 4.06355 4.05466
threshold=0.034521400803542678 0.066488747448651006 0 0.028165668868557519 0.051060678640826133 0.094363649500800714 12.2093123918769 4.5000000000000009 13.846957140209947 1 20.500000000000004 2 0.047327318174891456 3 0.045536734602365347 5.5000000000000009 13.500000000000002 4 5 5.5000000000000009 13.090468603901829 13.16282226600673 5.5000000000000009 6.5000000000000009 2.5000000000000004 5.5000000000000009 5.5000000000000009 6.5000000000000009 13.579335906955114 0.061649426708659048
decision_type=2 2 1 2 2 2 2 2 2 1 2 1 2 1 2 2 2 1 1 2 2 2 2 2 2 2 2 2 2 2
left_child=2 4 3 -1 10 22 -4 17 9 29 11 12 13 15 20 16 -2 28 -9 -13 -15 -14 -3 -24 -25 -23 -7 -28 -8 -6
right_child=1 5 6 -5 8 26 7 18 -10 -11 -12 19 21 14 -16 -17 -18 -19 -20 -21 -22 25 23 24 -26 -27 27 -29 -30 -31
leaf_value=-0.00045885952279302729 -0.00014650876367337866 -2.0710658117822232e-06 0.00010123454951809421 -0.00021255940068884915 0.00015050210687252369 8.3792329361489267e-05 4.5687390786279297e-05 0.00012623362571724338 -0.00015591262454283663 -7.1878519109768658e-05 -0.00020605314952578391 -0.00011044891897994159 9.4868789693513937e-05 0.00059113270691398706 6.1519705678096095e-05 -0.00087144115163026383 0.00047638947322811037 -0.00026423570804110923 -0.00012745998841609576 -0.00018786732823908772 0.00023204717245076378 -0.00014428022644141452 -0.00011692624543767992 -0.00010238715749239945 6.8038805119857409e-05 1.1921456962401312e-05 -7.2202362906329388e-05 8.0676541015068748e-05 -0.00019216679919048797 -5.9988367501159694e-05
leaf_weight=34655 7274 268475 2857 17519 12830 218301 2407 2589 37323 161673 23793 118324 4325 948 9853 1387 979 24431 10336 55606 4227 41629 72371 22215 31095 7054 58461 43510 4574 14770
leaf_count=34655 7274 268475 2857 17519 12830 218301 2407 2589 37323 161673 23793 118324 4325 948 9853 1387 979 24431 10336 55606 4227 41629 72371 22215 31095 7054 58461 43510 4574 14770
internal_value=-0.000496588 -0.000313268 -0.00274072 -0.00365668 -0.000823964 4.55737e-05 -0.00172697 -0.00189537 -0.000544715 -0.000429355 -0.00105373 -0.000982211 -0.000448345 0.000501053 0.00140045 -0.000901556 -0.000322914 -0.00231791 -0.000868473 -0.00122054 0.00300966 -0.000890244 -0.000127819 -0.000373606 -2.81385e-05 -0.00103352 0.000258966 -7.40526e-06 -0.00107352 0.000249908
internal_weight=1.31579e+06 1.21642e+06 99368 52174 501995 714428 47194 44337 226596 189273 275399 251606 77676 24668 15028 9640 8253 31412 12925 173930 5175 53008 394156 125681 53310 48683 320272 101971 6981 27600
internal_count=1315791 1216423 99368 52174 501995 714428 47194 44337 226596 189273 275399 251606 77676 24668 15028 9640 8253 31412 12925 173930 5175 53008 394156 125681 53310 48683 320272 101971 6981 27600
cat_boundaries=0 1 2 3 4 5 6
cat_threshold=3 48 120 64 88 40
is_linear=0
shrinkage=0.05


Tree=64
num_leaves=31
num_cat=12
split_feature=7 7 1 7 7 7 6 3 1 1 1 3 1 2 7 1 7 2 7 1 3 1 6 3 1 1 3 1 1 3
split_gain=205.459 82.0473 35.5449 18.5818 11.6474 9.81144 8.50207 7.49481 11.1116 7.53366 6.63775 6.20368 6.00478 15.7497 8.28295 11.4776 7.4305 7.21049 7.20082 7.05264 14.3159 5.70367 5.38163 8.32574 29.991 6.22978 5.26847 9.50605 8.58035 6.12988
threshold=0.034521400803542678 0.066488747448651006 0 0.028165668868557519 0.049684397321221409 0.091495601640996252 13.645621591750851 4.5000000000000009 1 2 3 3.5000000000000004 4 20.500000000000004 0.047327318174891456 5 0.045308045100993642 13.500000000000002 0.046028074296676803 6 3.5000000000000004 7 12.757262318944296 5.5000000000000009 8 9 2.5000000000000004 10 11 5.5000000000000009
decision_type=2 2 1 2 2 2 2 2 1 1 1 2 1 2 2 1 2 2 2 1 2 1 2 2 1 1 2 1 1 2
left_child=2 4 3 -1 12 -3 10 8 -4 -9 11 21 13 14 15 17 -17 -2 19 20 -14 -6 23 -7 -25 -26 27 -24 29 -28
right_child=1 5 7 -5 6 22 -8 9 -10 -11 -12 -13 18 -15 -16 16 -18 -19 -20 -21 -22 -23 26 24 25 -27 28 -29 -30 -31
leaf_value=-0.00043591654665337578 -0.00020338821450250461 -2.5546757867272569e-05 0.00034441990483355498 -0.00020193143065440659 0.00019577334316688068 0.00015508057172100448 -0.00013338299793023964 0.0001565774000310908 -0.00022100466828554565 -0.00011673784702308508 -6.2140657316972389e-05 0.00025446640347833691 -0.00014205201116617878 -0.0001968755155248732 -9.1670801014852925e-05 0.00029582179541569922 6.6702390125405111e-05 0.00039046059147208775 -0.00027485194565113525 -0.00013654136429852966 7.1281507993701003e-05 -0.00019074525464154735 0.00012842791245924146 0.00075008129608857628 -0.0001423985389094318 -0.00076115876299109539 7.1267827880134815e-05 -0.00010313951409659031 -6.2374209150885558e-05 0.00026687553601453741
leaf_weight=34655 8510 347315 1230 17519 3693 93047 73251 2942 32245 10777 157654 9681 20179 23759 30916 4462 10566 1130 18422 115556 15330 8886 30806 4958 4771 6221 78256 78629 44397 26028
leaf_count=34655 8510 347315 1230 17519 3693 93047 73251 2942 32245 10777 157654 9681 20179 23759 30916 4462 10566 1130 18422 115556 15330 8886 30806 4958 4771 6221 78256 78629 44397 26028
internal_value=-0.000478196 -0.000299621 -0.00266424 -0.00356374 -0.000789501 4.45939e-05 -0.000550729 -0.00166872 -0.00207244 -0.000684818 -0.000365843 0.000442298 -0.00103243 -0.000673133 -0.000212652 0.000470649 0.00133395 -0.000875649 -0.00120052 -0.00108679 -0.000470031 -0.00028977 0.000224821 0.000519417 -0.000536051 -0.00199146 0.000100419 -0.000162883 0.000294219 0.000542024
internal_weight=1.31579e+06 1.21642e+06 99368 52174 501995 714428 253165 47194 33475 13719 179914 22260 248830 79343 55584 24668 15028 9640 169487 151065 35509 12579 367113 108997 15950 10992 258116 109435 148681 104284
internal_count=1315791 1216423 99368 52174 501995 714428 253165 47194 33475 13719 179914 22260 248830 79343 55584 24668 15028 9640 169487 151065 35509 12579 367113 108997 15950 10992 258116 109435 148681 104284
cat_boundaries=0 1 2 3 4 5 6 7 8 9 10 11 12
cat_threshold=3 64 40 48 120 64 2 16 44 3 81 54
is_linear=0
shrinkage=0.05


Tree=65
num_leaves=31
num_cat=9
split_feature=7 7 1 7 7 7 6 6 3 1 3 1 1 3 3 1 6 1 1 2 7 1 3 5 5 1 7 5 7 3
split_gain=194.362 74.8303 35.2273 18.5922 11.0217 8.62166 7.80506 7.36808 6.79418 5.89816 5.66527 5.60438 5.47705 11.9429 10.2571 8.86989 5.15454 5.08397 4.84865 6.0269 5.74128 10.4904 4.57317 4.46623 4.64374 4.36276 4.08792 4.07104 3.90859 3.77388
threshold=0.034521400803542678 0.066488747448651006 0 0.028165668868557519 0.049684397321221409 0.095201956953013631 13.638640315673452 12.178043472755791 4.5000000000000009 1 2.5000000000000004 2 3 5.5000000000000009 3.5000000000000004 4 13.033384065256834 5 6 20.500000000000004 0.045536734602365347 7 5.5000000000000009 5.5000000000000009 6.5000000000000009 8 0.13142010876366625 5.5000000000000009 0.054777123202907098 2.5000000000000004
decision_type=2 2 1 2 2 2 2 2 2 1 2 1 1 2 2 1 2 1 1 2 2 1 2 2 2 1 2 2 2 2
left_child=2 4 3 -1 12 23 9 -4 17 10 11 -6 13 -2 15 -14 -10 -9 22 20 21 -20 -16 -3 -25 -23 -7 -11 -8 -26
right_child=1 5 7 -5 6 26 28 8 16 27 -12 -13 14 -15 18 -17 -18 -19 19 -21 -22 25 -24 24 29 -27 -28 -29 -30 -31
leaf_value=-0.00041412071932070697 -0.0001099263127423305 5.2181401420428491e-07 0.00011771016372012034 -0.00019183485912168641 0.00020242712604841081 4.9036846186069059e-05 -0.00015653000573916516 -8.6482530971655075e-05 2.5783801584500569e-05 -3.5637407671453654e-05 0.00020273121743438283 -0.00027080469472579542 -1.384887627969322e-06 -0.0003302747243174756 -0.00011911730516858007 -0.00015697092190795 -0.00015060575645873609 -0.000240183677107343 0.00035060607061976302 -0.00014274434966238971 -5.7994627167064925e-05 8.8020728848912363e-05 -0.00082092410120763743 -0.00011204008716809021 -8.9156709964643022e-05 -5.5906942371372549e-05 0.00041692681134556297 -0.00010689658329227575 -9.4054135745587898e-05 6.627292102435084e-05
leaf_weight=34655 77834 279239 2552 17519 2769 299403 34035 7017 5609 106538 12799 6598 13826 13294 3145 75570 7407 24609 2239 10337 26391 13004 1569 75329 23060 11621 5068 49995 40431 32329
leaf_count=34655 77834 279239 2552 17519 2769 299403 34035 7017 5609 106538 12799 6598 13826 13294 3145 75570 7407 24609 2239 10337 26391 13004 1569 75329 23060 11621 5068 49995 40431 32329
internal_value=-0.000462578 -0.000288893 -0.00258876 -0.00348421 -0.000756732 3.98349e-05 -0.000524462 -0.00159775 -0.00174746 -0.000345247 0.000418018 -0.000516175 -0.000993049 -0.00130176 -0.000814524 -0.00116706 -0.000785957 -0.00214317 -0.000353264 -0.000238358 -2.39426e-05 0.000490618 -0.00189882 -0.000109854 -0.000351062 0.000191799 0.000241385 -0.000453327 -0.000954531 -3.52175e-06
internal_weight=1.31579e+06 1.21642e+06 99368 52174 501995 714428 253165 47194 44642 178699 22166 9367 248830 91128 157702 89396 13016 31626 68306 63592 53255 26864 4714 409957 130718 24625 304471 156533 74466 55389
internal_count=1315791 1216423 99368 52174 501995 714428 253165 47194 44642 178699 22166 9367 248830 91128 157702 89396 13016 31626 68306 63592 53255 26864 4714 409957 130718 24625 304471 156533 74466 55389
cat_boundaries=0 1 2 3 4 5 6 7 8 9
cat_threshold=3 48 16 1 112 88 64 56 2
is_linear=0
shrinkage=0.05


Tree=66
num_leaves=31
num_cat=9
split_feature=7 7 1 7 7 6 6 7 3 1 1 1 1 3 3 6 1 2 7 1 3 7 2 7 1 3 2 0 5 3
split_gain=186.357 68.7465 34.1464 18.4971 10.5066 8.37004 7.27033 6.88581 6.6866 9.54433 6.36829 6.32509 5.72361 12.9453 8.73754 5.53825 5.26599 13.9147 7.39205 10.648 7.05613 7.05404 6.97739 6.54033 5.92002 11.2813 4.95402 4.10283 3.97595 3.89275
threshold=0.034521400803542678 0.066817926249645027 0 0.028165668868557519 0.049684397321221409 12.147946851847994 13.570802083668511 0.095201956953013631 4.5000000000000009 1 2 3 4 4.5000000000000009 2.5000000000000004 11.583360624843122 5 20.500000000000004 0.047327318174891456 6 5.5000000000000009 0.046028074296676803 13.500000000000002 0.045308045100993642 7 3.5000000000000004 14.500000000000002 8 5.5000000000000009 4.5000000000000009
decision_type=2 2 1 2 2 2 2 2 2 1 1 1 1 2 2 2 1 2 2 1 2 2 2 2 1 2 2 1 2 2
left_child=2 4 3 -1 16 12 11 -7 9 -4 -10 -6 14 -14 -3 -13 17 18 19 20 22 24 -2 27 25 -18 -11 -21 -17 -26
right_child=1 5 8 -5 6 7 -8 -9 10 26 -12 15 13 -15 -16 28 21 -19 -20 23 -22 -23 -24 -25 29 -27 -28 -29 -30 -31
leaf_value=-0.00039341468335467176 -0.00012758933474980627 1.4329185635827786e-05 0.00032724235642921746 -0.00018224311616560213 0.00020063327088881323 -2.3442941654538751e-05 -0.00011472202211564504 4.2882367253492544e-05 0.00014745933995031124 -0.00021219062918790763 -0.00010799213479738151 0.00082572852332480576 0.00030372124026314474 -0.00042290512051105849 0.00088931045426128867 -2.9290740198877342e-05 -0.00012710086451247241 -0.00017973644077558313 -8.1074116888913347e-05 0.00044274925793470272 -0.00077921977378789047 -0.00025418066718587367 0.00043429340128958146 6.802199794672766e-05 -0.00010162128698543521 6.3672335366341248e-05 8.7873831378299663e-05 0.00017618171478386781 -0.00010003978638766696 -0.00017999780866024542
leaf_weight=34655 7274 3622 1230 17519 5224 391255 84919 288833 2942 30853 10777 924 14505 6026 5023 113935 20179 23759 30916 1519 1387 18422 979 10566 82250 15330 1392 2943 53327 33306
leaf_count=34655 7274 3622 1230 17519 5224 391255 84919 288833 2942 30853 10777 924 14505 6026 5023 113935 20179 23759 30916 1519 1387 18422 979 10566 82250 15330 1392 2943 53327 33306
internal_value=-0.000445934 -0.000275863 -0.00252788 -0.00340948 -0.000720377 4.1986e-05 -0.000497022 6.40974e-06 -0.0015522 -0.00193353 -0.00062286 -0.000311402 0.000871263 0.000415996 0.00194974 -0.000364635 -0.000952258 -0.000615794 -0.000182968 0.000462541 -0.000834198 -0.00110967 -0.000280505 0.00129405 -0.000997089 -0.000432023 -0.00209813 0.00290004 -0.000385982 -0.00117059
internal_weight=1.31579e+06 1.21642e+06 99368 52174 507159 709264 258329 680088 47194 33475 13719 173410 29176 20531 8645 168186 248830 79343 55584 24668 9640 169487 8253 15028 151065 35509 32245 4462 167262 115556
internal_count=1315791 1216423 99368 52174 507159 709264 258329 680088 47194 33475 13719 173410 29176 20531 8645 168186 248830 79343 55584 24668 9640 169487 8253 15028 151065 35509 32245 4462 167262 115556
cat_boundaries=0 1 2 3 4 5 6 7 8 9
cat_threshold=3 64 40 16 32 120 64 2 1053748
is_linear=0
shrinkage=0.05


Tree=67
num_leaves=31
num_cat=8
split_feature=7 7 1 7 5 5 6 7 3 1 5 5 3 1 1 3 3 3 1 7 2 3 1 0 1 3 6 6 2 6
split_gain=176.815 62.3369 32.2473 18.6907 10.8519 8.28488 7.54863 7.2099 6.69088 8.15437 6.40996 7.03567 6.2914 5.73419 5.3458 11.4852 7.76837 5.03434 5.66823 4.73951 4.64738 4.63073 10.28 4.75577 4.5972 6.70837 4.36134 4.27627 3.87581 3.44125
threshold=0.034521400803542678 0.067426327462205657 0 0.028165668868557519 5.5000000000000009 6.5000000000000009 12.147946851847994 0.049684397321221409 4.5000000000000009 1 5.5000000000000009 6.5000000000000009 2.5000000000000004 2 3 4.5000000000000009 1.5000000000000002 2.5000000000000004 4 0.12220391884697518 14.500000000000002 5.5000000000000009 5 6 7 4.5000000000000009 13.579335906955114 12.51280338464896 11.500000000000002 13.920344109223295
decision_type=2 2 1 2 2 2 2 2 2 1 2 2 2 1 1 2 2 2 1 2 2 2 1 1 1 2 2 2 2 2
left_child=2 4 3 -1 7 -6 14 -2 9 -4 19 -12 -7 -10 16 -16 -3 18 -13 -8 -11 -19 -23 -24 25 -14 -9 -26 -15 -29
right_child=1 6 8 -5 5 12 10 26 13 20 11 17 24 28 15 -17 -18 21 -20 -21 -22 22 23 -25 27 -27 -28 29 -30 -31
leaf_value=-0.00037374394918693809 -8.2496549109334179e-05 -0.00014026347496898491 0.00031088023860775696 -0.00017313096035732195 -0.00017007213367442025 -0.00014515400679507274 1.6024000745142484e-05 -1.7542510894038689e-05 0.00015984137413522191 -0.00020158109772851207 -9.649437778608669e-05 9.3804033761668007e-05 9.2333320261894721e-06 -0.00032947175330065581 0.00029130545306660577 -0.00038372465742012355 0.00073216854551983986 0.00013553010563990091 -0.00016316590534305305 0.00021236778452153127 8.3480139809384576e-05 -0.00062939542032471301 0.00027357293503749765 -0.0001077874632835937 0.00053570260246325766 -0.00026700523866183157 -8.478773168054318e-05 3.1071182931904428e-05 -4.9985244516483067e-05 -0.00017703573903256973
leaf_weight=34655 168264 2342 1230 17519 95152 29366 434615 124301 2658 30853 122962 13371 6925 2585 14371 5968 6154 39353 24221 22687 1392 3578 4538 5044 1116 6779 58844 22573 8476 3899
leaf_count=34655 168264 2342 1230 17519 95152 29366 434615 124301 2658 30853 122962 13371 6925 2585 14371 5968 6154 39353 24221 22687 1392 3578 4538 5044 1116 6779 58844 22573 8476 3899
internal_value=-0.000428986 -0.000263327 -0.00245693 -0.00331366 -0.000679491 -0.00101291 4.45209e-05 -0.000522171 -0.00150877 -0.00189022 1.04483e-05 -0.00021606 -0.000602764 -0.000579125 0.000836656 0.000395841 0.00188925 0.000119582 -0.000322144 0.000115983 -0.00204232 0.000435796 -0.000376141 0.000478523 -0.000204883 -0.000953042 -0.000305087 0.00016704 -0.00107985 3.92856e-05
internal_weight=1.31579e+06 1.21642e+06 99368 52174 517219 165810 699204 351409 47194 33475 670369 213067 70658 13719 28835 20339 8496 90105 37592 457302 32245 52513 13160 9582 41292 13704 183145 27588 11061 26472
internal_count=1315791 1216423 99368 52174 517219 165810 699204 351409 47194 33475 670369 213067 70658 13719 28835 20339 8496 90105 37592 457302 32245 52513 13160 9582 41292 13704 183145 27588 11061 26472
cat_boundaries=0 1 2 3 4 5 6 7 8
cat_threshold=3 64 32 32 81 65 8490286 65
is_linear=0
shrinkage=0.05


Tree=68
num_leaves=31
num_cat=11
split_feature=7 7 1 7 5 5 6 1 3 1 1 3 1 1 1 3 3 1 1 3 7 3 1 3 6 7 6 1 3 2
split_gain=167.663 56.7846 31.0968 18.8342 10.0987 7.16521 7.16471 11.7482 11.1849 20.8766 12.7184 9.43575 82.3446 12.424 8.90607 12.9884 9.21418 9.1945 7.51555 7.09908 6.7907 6.07869 7.23945 5.69354 5.54021 5.32991 4.82565 4.48025 6.49003 4.43915
threshold=0.034521400803542678 0.067725050271471812 0 0.028165668868557519 5.5000000000000009 6.5000000000000009 12.977402343100168 1 4.5000000000000009 2 3 5.5000000000000009 4 5 6 4.5000000000000009 2.5000000000000004 7 8 5.5000000000000009 0.049684397321221409 4.5000000000000009 9 2.5000000000000004 13.096752706020476 0.11437927845860141 12.031923105590947 10 5.5000000000000009 21.500000000000004
decision_type=2 2 1 2 2 2 2 1 2 1 1 2 1 1 1 2 2 1 1 2 2 2 1 2 2 2 2 1 2 2
left_child=2 4 3 -1 20 -6 7 -3 10 -10 -8 14 13 -13 15 -9 -16 26 -12 -11 -2 22 -4 -7 -23 -20 -18 -25 -29 -24
right_child=1 6 21 -5 5 23 8 11 9 19 18 12 -14 -15 16 -17 17 -19 25 -21 -22 24 29 27 -26 -27 -28 28 -30 -31
leaf_value=-0.00035505675172759106 -7.8371721653867508e-05 0.00084397952528375347 0.00029533622667736903 -0.00016447441233945586 -0.00016094495557595557 -0.00013835524966846469 7.7692328034630412e-05 0.00023339096826487061 0.00013083565883553481 -1.6058569624697828e-05 -0.00036167985469669092 -0.00027037033714580224 0.00050190430823446113 -0.00094563306705721425 -5.5794037792587034e-05 -0.00014678208917145305 0.00092971006465705905 2.4693707257808351e-05 -8.5165991421363044e-05 -0.00035558692690482066 -3.8698648371905049e-05 2.8575140457551622e-05 -0.00018814609727456941 2.7603552153732553e-05 -0.0001433232533339612 0.00010381140379080318 0.00023809651547635285 -3.2728780398216693e-05 -0.000325644469687824 0.00020449097448221556
leaf_weight=34655 168264 1047 1230 17519 96086 29677 62291 63444 92467 13719 13046 10246 17377 12613 79234 12682 2597 54781 200563 14006 186610 7105 31660 24078 6614 20229 23771 13178 4417 585
leaf_count=34655 168264 1047 1230 17519 96086 29677 62291 63444 92467 13719 13046 10246 17377 12613 79234 12682 2597 54781 200563 14006 186610 7105 31660 24078 6614 20229 23771 13178 4417 585
internal_value=-0.000414243 -0.000252927 -0.002389 -0.0032303 -0.000646744 -0.000966818 4.34139e-05 0.000240071 -8.7806e-05 0.000318988 -0.000252915 0.000219959 -0.000487873 -0.00245944 0.000340388 0.000785698 0.000128963 0.000503455 -0.000422027 -0.000884263 -0.000495726 -0.00145793 -0.00182151 -0.000587247 -0.000571836 -0.000353078 0.00127038 -0.000210329 -0.000816531 -0.00196481
internal_weight=1.31579e+06 1.21642e+06 99368 52174 522310 167436 694113 277792 416321 120192 296129 276745 40236 22859 236509 76126 160383 81149 233838 27725 354874 47194 33475 71350 13719 220792 26368 41673 17595 32245
internal_count=1315791 1216423 99368 52174 522310 167436 694113 277792 416321 120192 296129 276745 40236 22859 236509 76126 160383 81149 233838 27725 354874 47194 33475 71350 13719 220792 26368 41673 17595 32245
cat_boundaries=0 1 2 3 4 5 6 7 8 9 10 11
cat_threshold=3 16 46 17 65 1 72 32 32 64 46
is_linear=0
shrinkage=0.05


Tree=69
num_leaves=31
num_cat=10
split_feature=7 7 7 1 5 5 5 7 5 6 3 6 3 3 1 7 1 6 1 3 0 3 2 6 0 0 1 3 1 1
split_gain=157.705 50.6601 30.0415 15.7499 9.07005 6.67551 6.57069 6.10702 6.00033 5.96657 5.34757 5.3446 5.0202 5.66571 10.6862 4.73746 4.34496 4.18894 3.96401 6.2977 3.86428 3.69148 3.54504 3.41979 3.28469 3.15244 3.121 6.21429 7.18196 4.16237
threshold=0.034521400803542678 0.067426327462205657 0.022916694985247104 0 5.5000000000000009 5.5000000000000009 6.5000000000000009 0.049684397321221409 6.5000000000000009 11.903400437239741 2.5000000000000004 11.583360624843122 2.5000000000000004 5.5000000000000009 1 0.094363649500800714 2 12.502919158420534 3 4.5000000000000009 4 3.5000000000000004 21.500000000000004 12.51280338464896 5 6 7 4.5000000000000009 8 9
decision_type=2 2 2 1 2 2 2 2 2 2 2 2 2 2 1 2 1 2 1 2 1 2 2 2 1 1 1 2 1 1
left_child=2 4 3 -1 7 9 -6 -2 24 -3 -8 -4 16 -14 -15 -11 25 -9 23 -20 -16 -5 -13 -12 -7 -10 27 29 -29 -19
right_child=1 5 11 21 6 8 10 17 12 15 18 22 13 14 20 -17 -18 26 19 -21 -22 -23 -24 -25 -26 -27 -28 28 -30 -31
leaf_value=-0.00033933467704349473 -7.4453135571174038e-05 0.00044092911963356809 0.00050692051048147079 -0.00022137834706717542 -0.00015352127921190088 -0.00017161361025928599 -0.00013097854397189595 6.3762866357078149e-05 0.00026866919306416424 -5.4686533618850321e-06 0.00050753729473240912 -0.00015247308345874954 0.0001370526100964992 -0.00059402260509380572 0.00025374095303078024 6.3342370424008041e-05 -0.00014665126403752481 3.4134171203965259e-05 1.5999950072536824e-05 -0.00022486490297595783 -0.00010926187594873893 8.8903445677144358e-05 0.00013588193047385161 1.0569466979804809e-05 -5.5545317187292163e-05 -3.7679962375335282e-05 -7.0680177469029185e-05 -0.0001123637830875075 0.00014397435998109406 -0.00010422859212962752
leaf_weight=32265 168264 7229 270 2565 95152 36689 29366 17651 5699 254826 1116 61421 41438 4043 5067 214297 24873 16890 8803 8723 4723 2017 830 22650 91408 8912 90634 6763 14385 36822
leaf_count=32265 168264 7229 270 2565 95152 36689 29366 17651 5699 254826 1116 61421 41438 4043 5067 214297 24873 16890 8803 8723 4723 2017 830 22650 91408 8912 90634 6763 14385 36822
internal_value=-0.000401323 -0.000244871 -0.00231654 -0.00344899 -0.000620038 3.26502e-05 -0.000924855 -0.000476213 -0.000193224 0.000138321 -0.000559598 -0.00164913 0.000108436 0.00041604 -0.000460133 0.000116354 -0.000322157 -0.000276422 -0.000192775 -0.000763003 0.000433672 -0.000699043 -0.00167957 0.00022796 -0.000416365 0.000362149 -0.000354516 -0.000115535 0.000610458 -0.000401401
internal_weight=1.31579e+06 1.21642e+06 99368 36847 517219 699204 165810 351409 222852 476352 70658 62521 94755 55271 13833 469123 39484 183145 41292 17526 9790 4582 62251 23766 128097 14611 165494 74860 21148 53712
internal_count=1315791 1216423 99368 36847 517219 699204 165810 351409 222852 476352 70658 62521 94755 55271 13833 469123 39484 183145 41292 17526 9790 4582 62251 23766 128097 14611 165494 74860 21148 53712
cat_boundaries=0 1 2 3 4 5 6 7 8 9 10
cat_threshold=3 65 81 46 4296110 4628561 4823129 54 16 16
is_linear=0
shrinkage=0.05


Tree=70
num_leaves=31
num_cat=6
split_feature=7 7 1 7 5 6 6 1 6 5 6 3 6 2 7 2 7 1 6 3 1 6 6 3 3 1 3 7 3 1
split_gain=148.072 45.2863 32.5018 16.9976 9.23172 6.41596 6.37799 8.83014 8.52258 6.34216 6.01479 5.2905 5.24539 5.29302 5.22333 5.02497 4.9139 5.23112 4.91216 4.8436 6.89334 5.03602 4.98138 4.5905 4.38516 4.21778 5.6801 3.54761 3.40912 23.6005
threshold=0.036427205497572696 0.069138517793051232 0 0.028165668868557519 5.5000000000000009 12.281729595966118 13.836985315391791 1 13.250687108649263 6.5000000000000009 11.583360624843122 2.5000000000000004 11.583360624843122 16.500000000000004 0.049684397321221409 8.5000000000000018 0.077522266920712082 2 12.89639897621562 4.5000000000000009 3 13.579335906955114 13.562934333415045 2.5000000000000004 5.5000000000000009 4 5.5000000000000009 0.10414963761858197 5.5000000000000009 5
decision_type=2 2 1 2 2 2 2 1 2 2 2 2 2 2 2 2 2 1 2 2 1 2 2 2 2 1 2 2 2 1
left_child=2 4 3 -1 5 -2 7 8 -3 -6 -4 -11 -9 15 -7 -14 -15 18 28 20 21 -12 -21 -20 -10 -13 -27 -17 -18 -30
right_child=1 6 10 -5 9 14 -8 12 24 11 19 25 13 16 -16 27 17 -19 23 22 -22 -23 -24 -25 -26 26 -28 -29 29 -31
leaf_value=-0.00032086034764405234 0.00010622910711533494 0.00065983734458270669 0.00043383426591207618 -0.00015563596057484343 -0.00014427715987140534 -7.106679069956557e-05 -7.3590962600553688e-05 0.00063691083489937129 0.00017894776563417232 -0.00012135861256090132 0.00010885316544676184 2.7897262794118817e-05 5.5831773786286783e-05 -9.1067296650330698e-05 -4.0511721913208593e-05 -3.1953383691959604e-05 0.00024974518392108415 7.8942624509636202e-06 -5.4043804456286806e-05 -1.5047112788493355e-05 -0.00018720946222235851 -0.00013102835319401355 -0.00023913018987673092 0.0001411040812738207 -0.0002423050157676192 -2.6619996586524744e-05 -0.0003045994956015269 -0.00026371625055026505 0.00077900347066328906 -0.00076859329829447346
leaf_weight=34655 12075 2952 567 17978 99676 161325 74608 3413 16038 30705 3462 25380 73176 19250 195294 230161 45415 113802 29142 12048 28202 4938 2925 40199 2751 13308 4445 10112 3939 3850
leaf_count=34655 12075 2952 567 17978 99676 161325 74608 3413 16038 30705 3462 25380 73176 19250 195294 230161 45415 113802 29142 12048 28202 4938 2925 40199 2751 13308 4445 10112 3939 3850
internal_value=-0.000385477 -0.000229461 -0.00218874 -0.00306527 -0.000569045 -0.00042751 4.58416e-05 0.000100554 0.00108937 -0.000869787 -0.00130312 -0.000518569 6.29804e-05 5.126e-05 -0.000465891 -8.64427e-05 0.00022013 0.000282698 0.000509362 -0.00135967 -0.00166958 -0.000410227 -0.000602085 0.000232113 0.000697481 -0.000161478 -0.000752408 -0.000196923 0.000870798 -9.56489e-05
internal_weight=1.31579e+06 1.21102e+06 104775 52633 542208 368694 668808 594200 21741 173514 52142 73838 572459 569046 356619 313449 255597 236347 122545 51575 36602 8400 14973 69341 18789 43133 17753 240273 53204 7789
internal_count=1315791 1211016 104775 52633 542208 368694 668808 594200 21741 173514 52142 73838 572459 569046 356619 313449 255597 236347 122545 51575 36602 8400 14973 69341 18789 43133 17753 240273 53204 7789
cat_boundaries=0 1 2 3 4 5 6
cat_threshold=3 16 98 80 46 34
is_linear=0
shrinkage=0.05


Tree=71
num_leaves=31
num_cat=7
split_feature=7 7 1 7 6 5 5 6 5 6 3 1 6 6 3 1 5 3 7 3 3 1 7 6 1 0 3 6 1 6
split_gain=140.591 41.0685 31.4757 16.4233 7.90559 7.74634 6.13793 5.50379 5.05608 4.76399 4.71254 6.67073 4.6541 4.6356 4.58975 6.443 4.53606 4.41825 4.21255 4.15772 5.44519 9.69181 4.05014 3.84075 3.68086 3.35441 3.30637 3.05271 3.23772 3.24843
threshold=0.036427205497572696 0.067426327462205657 0 0.028165668868557519 12.315433647650661 5.5000000000000009 5.5000000000000009 11.583360624843122 6.5000000000000009 11.903400437239741 3.5000000000000004 1 11.583360624843122 13.579335906955114 5.5000000000000009 2 6.5000000000000009 2.5000000000000004 0.049373452292769696 2.5000000000000004 5.5000000000000009 3 0.10297475800934078 13.570802083668511 4 5 4.5000000000000009 13.652693937087976 6 12.959316073029704
decision_type=2 2 1 2 2 2 2 2 2 2 2 1 2 2 2 1 2 2 2 2 2 1 2 2 1 1 2 2 1 2
left_child=2 4 3 -1 12 18 9 -4 -8 -3 11 13 -2 -9 -14 -16 -7 -18 -6 24 -21 -22 -11 -12 -10 -23 -5 28 29 -20
right_child=1 6 7 26 5 16 8 10 19 22 23 -13 14 -15 15 -17 17 -19 27 20 21 25 -24 -25 -26 -27 -28 -29 -30 -31
leaf_value=-0.00030481733026184975 0.00075242600529682726 0.00041740192687456405 0.00041214255261647228 -0.00010528527964064304 -6.8273343982997917e-05 -0.00014087074508710909 -8.4251719876871835e-05 0.00011259668778749164 6.5608106095972786e-05 6.1096313968766502e-06 -4.1813551120151286e-05 -0.00019096072901445381 7.206368935313785e-05 -0.00013104300054311572 -0.00054187041817517164 0.00048353886760066697 -0.00012134577656435478 -2.8723805850570111e-05 0.00067470301553814588 0.00012995531407170168 -0.00055304018094315909 -0.00023313650988881189 8.4459657853162555e-05 -0.00019794532538177121 -0.00013698550630014515 0.00017000156455467631 -0.00027929314407943963 -7.830156777008867e-05 -2.8856247975056504e-05 0.00011473225110831742
leaf_weight=34655 1211 7229 567 12724 157006 90561 128097 2784 14611 363608 18159 22377 15830 3920 2015 762 27679 38894 441 41438 4043 2500 105515 4335 24873 7290 5254 53255 119816 4342
leaf_count=34655 1211 7229 567 12724 157006 90561 128097 2784 14611 363608 18159 22377 15830 3920 2015 762 27679 38894 441 41438 4043 2500 105515 4335 24873 7290 5254 53255 119816 4342
internal_value=-0.000371493 -0.00021947 -0.00212861 -0.00299119 -0.000559797 -0.000599236 2.96468e-05 -0.0012571 -0.000186941 0.000130973 -0.0013112 -0.00173154 0.000419315 -0.000345548 0.000223839 -0.00165106 -0.00088886 -0.000575535 -0.000463329 8.99677e-05 0.000369903 -0.000489049 0.000111345 -0.000767761 -0.000301896 0.000362244 -0.00176549 -0.000296705 -0.000161279 0.00111308
internal_weight=1.31579e+06 1.21102e+06 104775 52633 511812 491994 699204 52142 222852 476352 51575 29081 19818 6704 18607 2777 157134 66573 334860 94755 55271 13833 469123 22494 39484 9790 17978 177854 124599 4783
internal_count=1315791 1211016 104775 52633 511812 491994 699204 52142 222852 476352 51575 29081 19818 6704 18607 2777 157134 66573 334860 94755 55271 13833 469123 22494 39484 9790 17978 177854 124599 4783
cat_boundaries=0 1 2 3 4 5 6 7
cat_threshold=3 80 65 65 81 815680 16
is_linear=0
shrinkage=0.05


Tree=72
num_leaves=31
num_cat=11
split_feature=7 7 1 7 5 6 1 6 6 5 6 3 1 1 3 1 3 3 1 1 1 0 6 7 2 1 3 3 1 3
split_gain=132.828 37.3943 29.9912 15.9017 7.64957 5.74019 8.01484 7.87182 5.24464 5.05811 4.84242 10.3759 52.2377 9.11336 8.26976 12.3262 17.5746 11.6536 9.13937 6.40489 6.05421 5.52275 4.78463 4.63329 4.62064 4.60085 4.48547 4.45196 4.43932 4.43461
threshold=0.036427205497572696 0.069138517793051232 0 0.028165668868557519 5.5000000000000009 13.836985315391791 1 13.250687108649263 12.068607812365963 6.5000000000000009 12.763054968923383 5.5000000000000009 2 3 2.5000000000000004 4 5.5000000000000009 4.5000000000000009 5 6 7 8 12.2093123918769 0.049684397321221409 10.500000000000002 9 4.5000000000000009 2.5000000000000004 10 4.5000000000000009
decision_type=2 2 1 2 2 2 1 2 2 2 2 2 1 1 2 1 2 2 1 1 1 1 2 2 2 1 2 2 1 2
left_child=2 4 3 -1 8 6 7 -3 -2 -6 11 19 13 -13 18 16 29 -17 -12 24 -18 -14 -4 -10 -8 -20 28 -11 -24 -16
right_child=1 5 22 -5 9 -7 10 -9 23 27 14 12 21 -15 15 17 20 -19 25 -21 -22 -23 26 -25 -26 -27 -28 -29 -30 -31
leaf_value=-0.00028957646374875716 0.00020267959805323594 0.00062974358753734245 7.843008503597214e-05 -0.00013859643197748018 -0.00013018905525264164 -6.9440208376617691e-05 -0.00023972466351430399 0.00011849986322476021 -6.3929131654935262e-05 -0.000109823185155467 -0.00039643556320474488 -0.00017608958905939798 0.00087898959964298289 -0.00081304322481579982 7.8714018267032925e-05 -1.1631806575592128e-05 -0.00032827742502053187 0.00015704068324004289 5.8584085104527694e-05 -1.5889134704210206e-06 -0.0012104633218999634 0.00031850076441839034 -5.6252242397794832e-05 -3.5241852317403887e-05 0.00017172751006567504 -7.4311199427088776e-05 -5.7059843928531506e-05 -1.9888460287670775e-05 -0.0001715521291319915 -0.00016250253160146944
leaf_weight=34655 5298 2952 3425 17978 99676 74608 3916 18789 163382 30705 12534 6178 4155 10163 24769 90010 9333 89664 37175 52467 3202 4997 7401 200014 92252 119124 14145 43133 27171 12520
leaf_count=34655 5298 2952 3425 17978 99676 74608 3916 18789 163382 30705 12534 6178 4155 10163 24769 90010 9333 89664 37175 52467 3202 4997 7401 200014 92252 119124 14145 43133 27171 12520
internal_value=-0.000357699 -0.000209932 -0.00206562 -0.00290761 -0.000518511 4.02346e-05 9.21395e-05 0.0010342 -0.000389674 -0.000792272 5.63425e-05 0.00027629 -0.000655671 -0.00234879 -3.98048e-05 0.000155599 -0.000540195 0.000348555 -0.000305421 0.000436134 -0.00215995 0.00236739 -0.00121491 -0.000412444 0.000678532 -0.000201173 -0.00134214 -0.000478617 -0.00164902 4.15553e-06
internal_weight=1.31579e+06 1.21102e+06 104775 52633 542208 668808 594200 21741 368694 173514 572459 174128 25493 16341 398331 229498 49824 179674 168833 148635 12535 9152 52142 363396 96168 156299 48717 73838 34572 37289
internal_count=1315791 1211016 104775 52633 542208 668808 594200 21741 368694 173514 572459 174128 25493 16341 398331 229498 49824 179674 168833 148635 12535 9152 52142 363396 96168 156299 48717 73838 34572 37289
cat_boundaries=0 1 2 3 4 5 6 7 8 9 10 11
cat_threshold=3 16 65 1 65 32 104 1 14570762 65 80
is_linear=0
shrinkage=0.05


Tree=73
num_leaves=31
num_cat=5
split_feature=7 7 1 7 1 6 5 5 5 6 7 6 3 6 1 7 5 3 3 1 7 6 3 1 3 3 3 7 2 6
split_gain=125.406 33.0487 29.373 15.6394 6.97113 8.89062 5.8204 5.34131 4.60411 4.37011 4.2495 8.01668 4.11428 4.33689 4.10006 4.00585 3.95437 3.78624 5.27909 8.67054 3.53409 3.51914 4.87058 3.72142 30.6615 27.1013 6.06117 4.49527 4.09175 3.88674
threshold=0.036427205497572696 0.066817926249645027 0 0.028165668868557519 1 14.054192953675225 5.5000000000000009 5.5000000000000009 6.5000000000000009 12.2093123918769 0.061649426708659048 13.435334469880846 4.5000000000000009 13.562934333415045 2 0.12220391884697518 6.5000000000000009 2.5000000000000004 5.5000000000000009 3 0.033321867509809124 13.645621591750851 5.5000000000000009 4 5.5000000000000009 4.5000000000000009 4.5000000000000009 0.048049715389804147 19.500000000000004 12.914605851762095
decision_type=2 2 1 2 1 2 2 2 2 2 2 2 2 2 1 2 2 2 2 1 2 2 2 1 2 2 2 2 2 2
left_child=2 4 3 -1 5 10 15 21 -8 -4 11 -2 14 -14 -11 -3 -9 -10 -19 -20 -5 23 -23 25 26 -6 27 28 -25 -27
right_child=1 6 9 20 7 -7 8 16 17 12 -12 -13 13 -15 -16 -17 -18 18 19 -21 -22 22 -24 24 -26 29 -28 -29 -30 -31
leaf_value=-0.00027509764056131945 0.00026616429875512144 1.6899567176533968e-05 7.4508580784173709e-05 -0.00010370161458714972 -7.6296932145100585e-05 -0.00016094767535117693 -8.1990169731963367e-05 -0.00012979900079323597 -5.681571887117599e-05 -5.3439630277905036e-05 -4.8901976433822603e-05 8.8646039203782922e-06 -1.1171088054444287e-05 -0.00021442342191737955 -0.00016297452267539209 0.00020277949724018776 -6.3295550142694837e-05 0.00012235655960414664 -0.0008085045685924312 -3.4989514606366723e-07 -0.00034302900112035886 -0.00012556428339575445 3.9252016404197868e-05 -4.5518143168504863e-05 -0.00034304896839207105 0.00022416887498258515 -0.00013860837538541649 3.844226106398393e-05 0.00035941087259298366 8.3196432365293749e-05
leaf_weight=34655 10328 459121 3425 14840 92785 12790 129918 80660 40065 7401 19606 20533 11220 2925 27171 24126 59872 42018 1961 12055 3138 45783 7306 47323 15748 5099 16730 35211 689 31289
leaf_count=34655 10328 459121 3425 14840 92785 12790 129918 80660 40065 7401 19606 20533 11220 2925 27171 24126 59872 42018 1961 12055 3138 45783 7306 47323 15748 5099 16730 35211 689 31289
internal_value=-0.000346451 -0.000202872 -0.00200597 -0.00283922 -0.000513422 -2.26828e-05 1.68191e-05 -0.000584202 -0.000192619 -0.0011641 0.000275724 0.000641423 -0.00128569 -0.000567339 -0.0015796 0.000114774 -0.000838316 6.97706e-05 0.000335152 -0.000505138 -0.00164312 -0.000464371 -0.000833413 -0.000384362 -0.000590308 -0.000199834 -0.000267277 -9.27039e-05 -0.000407399 0.000956633
internal_weight=1.31579e+06 1.21102e+06 104775 52633 501752 63257 709264 438495 226017 52142 50467 30861 48717 14145 34572 483247 140532 96099 56034 14016 17978 297963 53089 244874 115701 129173 99953 83223 48012 36388
internal_count=1315791 1211016 104775 52633 501752 63257 709264 438495 226017 52142 50467 30861 48717 14145 34572 483247 140532 96099 56034 14016 17978 297963 53089 244874 115701 129173 99953 83223 48012 36388
cat_boundaries=0 1 2 3 4 5
cat_threshold=3 48 80 64 14
is_linear=0
shrinkage=0.05


Tree=74
num_leaves=31
num_cat=7
split_feature=7 7 7 1 7 6 1 3 1 6 3 3 3 6 2 1 7 6 6 6 6 5 2 3 1 3 1 3 7 1
split_gain=119.299 30.5528 28.2717 12.1163 6.9713 5.6661 6.12508 20.0904 11.7473 7.27081 7.40736 5.38503 16.0114 4.82188 4.71196 8.38237 21.5139 7.00493 4.17694 4.14458 4.08821 3.8238 3.77658 3.76892 18.891 12.4183 9.39213 7.30687 3.71552 6.12498
threshold=0.036427205497572696 0.070859323985042702 0.022916694985247104 0 0.051060678640826133 13.836985315391791 1 2.5000000000000004 2 13.022453535216695 4.5000000000000009 1.0000000180025095e-35 1.5000000000000002 11.583360624843122 20.500000000000004 3 0.046618293312646497 13.0843457800009 13.120496135176955 13.407846408716152 12.502919158420534 5.5000000000000009 21.500000000000004 3.5000000000000004 4 5.5000000000000009 5 5.5000000000000009 0.065814582208724104 6
decision_type=2 2 2 1 2 2 1 2 1 2 2 2 2 2 2 1 2 2 2 2 2 2 2 2 1 2 1 2 2 1
left_child=2 4 3 -1 14 6 7 8 19 10 -9 -10 -13 -4 15 16 18 -18 -2 -3 -6 -17 -15 26 27 -26 28 -25 29 -22
right_child=1 5 13 -5 20 -7 -8 9 11 -11 -12 12 -14 22 -16 21 17 -19 -20 -21 23 -23 -24 24 25 -27 -28 -29 -30 -31
leaf_value=-0.00026285035408052105 0.00045010614451302408 0.00052721400005061871 0.00044522817764939453 -6.0722237768187055e-05 3.8145071375961424e-05 -7.1644571372655644e-05 4.9375872344715712e-06 0.00018040572179582289 6.9619015726531899e-06 6.3423414828887867e-05 0.00058596722540012213 -0.00088183320371654987 -1.3752962436619323e-05 -0.0001223686820969152 -0.00014652012699983876 -6.2331861858601546e-05 0.00028497127528446305 -6.378890446024248e-05 0.00015176535618401598 8.8933912771888872e-05 3.2462452180690728e-06 -0.00012337273129013244 8.7808001227357243e-05 -5.2313072183250946e-06 -5.0635403199626402e-05 -0.00034892715918398421 -0.00014736226156047055 0.00012134293304143459 5.1100220568346691e-05 -0.00011784653096837037
leaf_weight=32265 1525 2380 301 4582 31527 68943 478612 16642 9941 19136 16826 8698 10064 65899 20570 124722 1609 54273 8499 6568 41285 58794 1728 52146 26202 13161 56751 26378 20685 35079
leaf_count=32265 1525 2380 301 4582 31527 68943 478612 16642 9941 19136 16826 8698 10064 65899 20570 124722 1609 54273 8499 6568 41285 58794 1728 52146 26202 13161 56751 26378 20685 35079
internal_value=-0.000333911 -0.000193871 -0.00195252 -0.00306769 -0.000458789 4.42126e-05 9.60933e-05 0.000473881 -0.000407826 0.00110505 0.00154954 -0.000900813 -0.00139964 -0.0013476 -0.000643576 -0.00058359 -9.98252e-05 -0.000482446 0.00203312 0.00117325 -0.000294249 -0.000757278 -0.00137571 -0.00035679 -0.00014408 -0.0010379 -0.000519832 0.000304071 -0.000220949 -0.000381987
internal_weight=1.31579e+06 1.21102e+06 104775 36847 573206 637810 568867 90255 37651 52604 33468 28703 18762 67928 269992 249422 65906 55882 10024 8948 303214 183516 67627 271687 117887 39363 153800 78524 97049 76364
internal_count=1315791 1211016 104775 36847 573206 637810 568867 90255 37651 52604 33468 28703 18762 67928 269992 249422 65906 55882 10024 8948 303214 183516 67627 271687 117887 39363 153800 78524 97049 76364
cat_boundaries=0 1 2 3 4 5 6 7
cat_threshold=3 48 16 56 46 89 17
is_linear=0
shrinkage=0.05


Tree=75
num_leaves=31
num_cat=6
split_feature=7 7 1 7 6 5 2 1 6 5 3 1 6 3 6 3 1 2 1 3 3 0 7 7 7 7 6 2 3 2
split_gain=111.455 27.5677 27.2452 14.4762 6.28274 6.02285 5.26772 5.49407 4.94719 4.42487 4.17041 6.07263 5.19353 4.158 3.92869 3.8672 10.1926 3.73322 3.70858 5.32999 3.69794 3.60882 3.56703 3.50444 3.50098 3.37761 3.74364 3.37458 5.17613 3.15707
threshold=0.036427205497572696 0.070859323985042702 0 0.028165668868557519 11.79893450632702 5.5000000000000009 16.500000000000004 1 12.908474988866919 6.5000000000000009 3.5000000000000004 2 13.430114218165301 2.5000000000000004 13.570802083668511 5.5000000000000009 3 8.5000000000000018 4 4.5000000000000009 5.5000000000000009 5 0.033321867509809124 0.080256544605338681 0.049684397321221409 0.10414963761858197 11.583360624843122 19.500000000000004 3.5000000000000004 10.500000000000002
decision_type=2 2 1 2 2 2 2 1 2 2 2 1 2 2 2 2 1 2 1 2 2 1 2 2 2 2 2 2 2 2
left_child=2 4 3 27 -2 24 17 8 -8 -7 11 12 -4 -11 -12 -9 -17 23 19 -15 22 -20 -5 -3 -6 26 -19 28 -1 -13
right_child=1 6 10 20 5 9 7 15 -10 13 14 29 -14 18 -16 16 -18 25 21 -21 -22 -23 -24 -25 -26 -27 -28 -29 -30 -31
leaf_value=-0.00029035345423055749 0.00038904047022554411 -0.00010406956926309838 0.00017432644627180779 -6.7441686210070395e-05 -5.4900368306909235e-05 -0.00011357915111247406 0.00018795864307014355 -2.8397945834399198e-05 4.277595934580162e-05 -0.00010055863146766461 -2.2664448908182032e-05 -0.00041372305755591507 -0.0001063190939468064 1.8047426676356144e-05 -0.0001729017360796916 0.00023149308809232314 -0.00028307126670463096 0.00070175198163386233 8.7264001439314241e-05 -0.00021652103503637545 -0.0003208919283940858 -4.6290663714990261e-05 -0.00030124582705764145 7.4045574505462747e-05 -2.9395306142939215e-05 -0.00026084929270292685 -3.1698440641378942e-05 -0.00030330938108804055 -0.0001107213681662278 -0.00012298928654980065
leaf_weight=9548 2854 10122 2521 12646 164291 104920 57380 121378 107544 32219 18389 4874 4270 7072 4335 15201 5217 1556 16384 6879 2648 14783 2684 63508 223804 10510 245394 17821 7286 17753
leaf_count=9548 2854 10122 2521 12646 164291 104920 57380 121378 107544 32219 18389 4874 4270 7072 4335 15201 5217 1556 16384 6879 2648 14783 2684 63508 223804 10510 245394 17821 7286 17753
internal_value=-0.000321219 -0.000185862 -0.00188571 -0.0026882 -0.000437505 -0.000449215 4.02929e-05 0.000189585 0.000385789 -0.000686312 -0.00107494 -0.00146815 -0.000155125 -0.000399357 -0.000566363 -3.86455e-05 0.000598001 -9.80108e-05 -8.95442e-05 -0.00076678 -0.00153744 0.000213778 -0.0012394 0.000215943 -0.000337869 -0.000187797 -0.000150437 -0.00328596 -0.00277831 -0.00186133
internal_weight=1.31579e+06 1.21102e+06 104775 52633 573206 570352 637810 306720 164924 182257 52142 29418 6791 77337 22724 141796 20418 331090 45118 13951 17978 31167 15330 73630 388095 257460 246950 34655 16834 22627
internal_count=1315791 1211016 104775 52633 573206 570352 637810 306720 164924 182257 52142 29418 6791 77337 22724 141796 20418 331090 45118 13951 17978 31167 15330 73630 388095 257460 246950 34655 16834 22627
cat_boundaries=0 1 2 3 4 5 6
cat_threshold=3 114 80 12 65 12866685
is_linear=0
shrinkage=0.05


Tree=76
num_leaves=31
num_cat=9
split_feature=7 7 1 7 7 1 3 6 1 1 6 3 1 1 6 3 6 1 3 2 7 1 6 2 3 5 3 6 1 3
split_gain=106.222 40.0263 14.252 8.86362 8.45912 5.52092 12.5712 21.7232 7.99388 7.67467 8.42363 5.76706 55.1477 9.47932 6.8705 5.85529 5.0496 4.63325 4.543 4.49458 4.96151 3.79405 11.1173 3.57569 4.96712 3.3865 3.28526 3.16534 5.67251 5.18661
threshold=0.024630190825150434 0.052294649958558363 0 0.091140839254393188 0.039807080262756707 1 4.5000000000000009 13.157220255891877 2 3 13.588992256038424 5.5000000000000009 4 5 12.775502262725922 4.5000000000000009 11.583360624843122 6 5.5000000000000009 19.500000000000004 0.058922228013065493 7 13.402230870373574 20.500000000000004 3.5000000000000004 5.5000000000000009 3.5000000000000004 12.902084468380513 8 5.5000000000000009
decision_type=2 2 1 2 2 1 2 2 1 1 2 2 1 1 2 2 2 1 2 2 2 1 2 2 2 2 2 2 1 2
left_child=2 4 23 5 16 6 9 -8 -9 10 -3 14 -13 -14 15 17 -2 19 -10 20 -7 22 -6 24 -1 -23 -4 29 -29 -5
right_child=1 3 26 27 21 11 7 8 18 -11 -12 12 13 -15 -16 -17 -18 -19 -20 -21 -22 25 -24 -25 -26 -27 -28 28 -30 -31
leaf_value=-0.00027556014713024971 0.00043401215434958466 0.00027533487407721698 -0.00015069805274868866 9.778622567774948e-05 0.00038404115911065321 0.00073013937493552738 0.00041707147650576467 6.656654865672079e-05 -1.9873466799530688e-06 -6.8328817484034215e-05 1.4937096479480939e-06 0.00014719206215389294 -0.00031322261671448448 -0.0010808756775737864 -6.8316332021456648e-05 -0.00015246132952573881 -0.00010227427166652705 -1.0816174360579753e-05 -0.00029255246895319302 -0.00013604768047636943 0.00018859231509481576 -5.1270987231749755e-05 -4.1966273137994099e-05 -0.00028805106552149339 -0.00010522417307876758 -9.6757068197281869e-05 3.4879545215880916e-05 2.9330855648562896e-05 -0.00010670663240054909 -0.00011048188591434215
leaf_weight=9531 349 8140 4232 127842 2377 485 17224 47870 8879 158961 37628 17841 11407 7825 145788 12009 83116 31413 9170 3045 25222 175613 14958 17803 7277 82132 3301 180377 42105 21871
leaf_count=9531 349 8140 4232 127842 2377 485 17224 47870 8879 158961 37628 17841 11407 7825 145788 12009 83116 31413 9170 3045 25222 175613 14958 17803 7277 82132 3301 180377 42105 21871
internal_value=-0.000309363 -0.000227643 -0.00277904 -5.21921e-05 -0.000675439 -0.000181036 -3.09514e-05 0.000487532 7.44083e-05 -0.000241516 0.000328978 -0.00035043 -0.000926956 -0.0027835 -0.000252385 0.000146589 -0.00111634 0.000347792 -0.000822029 0.000806271 0.0010217 -0.000541662 0.000174401 -0.00320774 -0.00268563 -0.000589805 -0.000804058 0.000135748 1.61349e-05 0.000313499
internal_weight=1.31579e+06 1.27365e+06 42144 915102 358545 542907 287872 83143 65919 204729 45768 255035 37073 19232 217962 72174 83465 60165 18049 28752 25707 275080 17335 34611 16808 257745 7533 372195 222482 149713
internal_count=1315791 1273647 42144 915102 358545 542907 287872 83143 65919 204729 45768 255035 37073 19232 217962 72174 83465 60165 18049 28752 25707 275080 17335 34611 16808 257745 7533 372195 222482 149713
cat_boundaries=0 1 2 3 4 5 6 7 8 9
cat_threshold=3 56 40 16 6 1 64 48 23
is_linear=0
shrinkage=0.05


Tree=77
num_leaves=31
num_cat=10
split_feature=7 7 1 7 7 1 3 6 1 1 6 3 1 1 6 3 6 1 3 2 7 6 2 3 6 6 3 1 1 1
split_gain=99.7784 36.076 13.4914 8.21095 7.67838 5.08517 10.9494 19.2183 7.06544 6.84731 7.4063 5.84816 51.1473 9.01736 6.10024 5.18959 4.49678 4.45058 4.08672 3.85789 5.03025 3.49632 3.14142 4.86188 2.96453 2.94949 5.66053 20.7808 4.87357 3.66071
threshold=0.024630190825150434 0.052294649958558363 0 0.091140839254393188 0.039807080262756707 1 4.5000000000000009 13.157220255891877 2 3 13.588992256038424 5.5000000000000009 4 5 12.763054968923383 4.5000000000000009 11.583360624843122 6 5.5000000000000009 19.500000000000004 0.058922228013065493 12.2093123918769 20.500000000000004 3.5000000000000004 13.090468603901829 12.757262318944296 5.5000000000000009 7 8 9
decision_type=2 2 1 2 2 1 2 2 1 1 2 2 1 1 2 2 2 1 2 2 2 2 2 2 2 2 2 1 1 1
left_child=2 4 22 5 16 6 9 -8 -9 10 24 14 -13 -14 15 17 -2 19 -10 20 -7 -6 23 -1 -3 26 -5 -28 -29 -27
right_child=1 3 -4 25 21 11 7 8 18 -11 -12 12 13 -15 -16 -17 -18 -19 -20 -21 -22 -23 -24 -25 -26 29 27 28 -30 -31
leaf_value=-0.00026178213977373735 0.00041231154663210531 0.00071136171042443042 -7.3955685386819137e-05 0.00011157999160958079 0.00014006905218519957 0.00069363240618875127 0.00039621790268047613 6.3238221223884731e-05 -1.8879793459551949e-06 -6.4912376609832653e-05 1.4190241655509528e-06 0.00013983245904619805 -0.00029756148587876014 -0.0010268318936950973 -6.4229468057846873e-05 -0.0001401238286378479 -9.7160558083200595e-05 -1.242437105204535e-05 -0.00027792484550553319 -0.00012789494111436787 0.00018140082284423824 -5.8708997739273207e-05 -0.00027364851224541859 -9.9962964424829212e-05 0.00020126196066483162 2.7833486422630381e-05 0.00059980585941098706 -0.00011595434051877574 -0.00058136021911662789 -7.2946494674631975e-05
leaf_weight=9531 349 1343 7533 94042 3856 485 17224 47870 8879 158961 37628 17841 11407 7825 148313 11593 83116 29760 9170 2995 24816 271224 17803 7277 6797 208435 4992 4827 6300 53599
leaf_count=9531 349 1343 7533 94042 3856 485 17224 47870 8879 158961 37628 17841 11407 7825 148313 11593 83116 29760 9170 2995 24816 271224 17803 7277 6797 208435 4992 4827 6300 53599
internal_value=-0.000298837 -0.000219634 -0.00269244 -5.30663e-05 -0.00064476 -0.000177076 -3.30356e-05 0.000450849 6.22722e-05 -0.000229549 0.000309318 -0.000339647 -0.000920213 -0.00270814 -0.000240915 0.000145083 -0.00106482 0.000337948 -0.000780498 0.000786758 0.000987904 -0.000517305 -0.00310953 -0.00262018 0.0016769 0.000127822 0.000344903 -0.000520815 -0.00172264 3.65589e-05
internal_weight=1.31579e+06 1.27365e+06 42144 915102 358545 542907 287872 83143 65919 204729 45768 255035 37073 19232 217962 69649 83465 58056 18049 28296 25301 275080 34611 16808 8140 372195 110161 16119 11127 262034
internal_count=1315791 1273647 42144 915102 358545 542907 287872 83143 65919 204729 45768 255035 37073 19232 217962 69649 83465 58056 18049 28296 25301 275080 34611 16808 8140 372195 110161 16119 11127 262034
cat_boundaries=0 1 2 3 4 5 6 7 8 9 10
cat_threshold=3 56 40 16 6 1 64 44 3 23
is_linear=0
shrinkage=0.05


Tree=78
num_leaves=31
num_cat=10
split_feature=7 7 1 7 7 1 3 6 1 1 6 3 1 1 6 6 3 3 1 6 1 6 7 7 7 1 3 3 1 2
split_gain=94.384 32.5456 13.3428 7.60871 7.03989 4.7791 9.93906 17.2785 6.23061 5.99784 6.40236 5.78988 47.669 8.74011 5.50223 4.19738 3.57106 3.451 3.51823 3.11187 6.8621 14.3324 6.13956 8.52873 5.25019 4.82699 9.73498 6.21781 10.7958 5.38194
threshold=0.024630190825150434 0.052294649958558363 0 0.091140839254393188 0.039807080262756707 1 4.5000000000000009 13.157220255891877 2 3 13.668571974866669 5.5000000000000009 4 5 12.609590024708785 11.583360624843122 5.5000000000000009 4.5000000000000009 6 13.846957140209947 7 13.376660574879262 0.048739663163306905 0.046314219883237036 0.046314219883237036 8 3.5000000000000004 5.5000000000000009 9 19.500000000000004
decision_type=2 2 1 2 2 1 2 2 1 1 2 2 1 1 2 2 2 2 1 2 1 2 2 2 2 1 2 2 1 2
left_child=2 4 -1 5 15 6 9 -8 -9 10 -3 14 -13 -14 17 -2 -10 18 -7 20 21 24 23 25 -6 26 -22 29 -29 -27
right_child=1 3 -4 -5 19 11 7 8 16 -11 -12 12 13 -15 -16 -17 -18 -19 -20 -21 22 -23 -24 -25 -26 27 -28 28 -30 -31
leaf_value=-0.00021480093046677626 0.00039169596930050028 0.00024225549096198543 -7.0257901117478259e-05 2.6417605272378436e-05 0.00028869047831837783 0.0001688501168463553 0.00037640700754645249 6.007631016269075e-05 -1.7935803786573186e-06 -6.1666757779341313e-05 -5.6357207623144278e-06 0.00013284083609388825 -0.00028268341158482231 -0.00097549029901034239 -5.4842777964177854e-05 -9.2302530179040425e-05 -0.00026402860323025619 -0.00012595338005020245 -1.4360547081106215e-05 -0.0001009291175423636 -8.243837095511916e-05 -5.0139283704688284e-05 3.2003363221860322e-05 -0.00023821052744299226 7.7999099462069626e-05 -6.1963825601003391e-05 8.941170208349101e-05 7.9411047175313232e-05 -0.00025456518047320864 0.00045600800186645408
leaf_weight=34611 349 10319 7533 372195 4431 23178 17224 47870 8879 158961 35449 17841 11407 7825 170440 83116 9170 8024 16320 32459 21202 42584 18663 14197 10848 97265 16108 3250 13434 639
leaf_count=34611 349 10319 7533 372195 4431 23178 17224 47870 8879 158961 35449 17841 11407 7825 170440 83116 9170 8024 16320 32459 21202 42584 18663 14197 10848 97265 16108 3250 13434 639
internal_value=-0.000287323 -0.000210291 -0.00261532 -5.20828e-05 -0.00061408 -0.000171458 -3.18198e-05 0.000429199 6.07552e-05 -0.000219047 0.000285289 -0.000329061 -0.000906726 -0.00263278 -0.000230821 -0.0010163 -0.000730662 0.000244938 0.000436983 -0.00049204 -0.000430529 4.46656e-05 -0.000579322 -0.00067597 0.0013584 -0.000566434 -7.23485e-05 -0.000727239 -0.00161952 -0.000575259
internal_weight=1.31579e+06 1.27365e+06 42144 915102 358545 542907 287872 83143 65919 204729 45768 255035 37073 19232 217962 83465 18049 47522 39498 275080 242621 57863 184758 166095 15279 151898 37310 114588 16684 97904
internal_count=1315791 1273647 42144 915102 358545 542907 287872 83143 65919 204729 45768 255035 37073 19232 217962 83465 18049 47522 39498 275080 242621 57863 184758 166095 15279 151898 37310 114588 16684 97904
cat_boundaries=0 1 2 3 4 5 6 7 8 9 10
cat_threshold=3 56 40 16 6 1 64 56 2 4
is_linear=0
shrinkage=0.05


Tree=79
num_leaves=31
num_cat=8
split_feature=7 7 1 7 7 1 3 6 3 1 1 1 1 6 6 3 2 1 6 7 6 2 3 1 2 7 2 2 3 3
split_gain=87.5853 30.1167 12.3152 6.97805 6.519 4.45344 8.94259 15.4697 5.63642 45.4376 8.3435 5.50761 5.40004 5.80327 5.18998 4.70885 3.80614 5.21045 7.88158 3.82217 3.58168 3.46374 6.64172 3.27219 3.64589 4.0519 3.25029 3.21417 5.60393 3.14188
threshold=0.024630190825150434 0.052294649958558363 0 0.091140839254393188 0.036427205497572696 1 4.5000000000000009 13.157220255891877 5.5000000000000009 2 3 4 5 13.668571974866669 12.775502262725922 4.5000000000000009 20.500000000000004 6 13.402230870373574 0.044872557787056198 11.79893450632702 18.500000000000004 4.5000000000000009 7 19.500000000000004 0.058922228013065493 15.500000000000002 20.500000000000004 3.5000000000000004 5.5000000000000009
decision_type=2 2 1 2 2 1 2 2 2 1 1 1 1 2 2 2 2 1 2 2 2 2 2 1 2 2 2 2 2 2
left_child=2 4 27 5 20 6 12 -8 14 -10 -11 -9 13 -3 15 23 17 18 19 -6 -2 -19 -23 24 25 -7 -27 28 -1 -13
right_child=1 3 -4 -5 16 8 7 11 9 10 -12 29 -14 -15 -16 -17 -18 21 -20 -21 -22 22 -24 -25 -26 26 -28 -29 -30 -31
leaf_value=-0.00023795298626171185 0.00037209335955298129 0.00023014271641388592 -6.6745006061604437e-05 2.5096725008759007e-05 0.00068546078164492894 0.00065050828003699592 0.00035758665716912957 5.7072494654556084e-05 0.00012619879428919407 -0.00026854924100558098 -0.00092671578405982547 -1.7039013597242321e-06 -5.8583419890374252e-05 -5.3539347241986884e-06 -5.8946903119283101e-05 -0.00013434421155908077 -0.00012185283380350288 -5.6752354403250021e-05 -2.3606641226755297e-06 0.00028333436160722582 -8.9294258952980372e-05 0.00019677820220863983 -0.00022451532919812151 -7.8370500787721885e-06 -0.00012635673380271466 0.00013316472343337569 0.00054777966169915345 -0.00024922604010980883 -8.4224769680249154e-05 -0.00025082717306874338
leaf_weight=9531 520 10319 7533 372195 457 485 17224 47870 17841 11407 7825 8879 158961 35449 145788 12009 20738 252877 12210 1847 62111 5518 2267 31413 3045 23551 1671 17803 7277 9170
leaf_count=9531 520 10319 7533 372195 457 485 17224 47870 17841 11407 7825 8879 158961 35449 145788 12009 20738 252877 12210 1847 62111 5518 2267 31413 3045 23551 1671 17803 7277 9170
internal_value=-0.000277823 -0.000203617 -0.00252041 -5.14272e-05 -0.000592047 -0.000165748 -3.09514e-05 0.000406347 -0.000317886 -0.000887844 -0.00257302 5.77212e-05 -0.000208545 0.000269997 -0.000220957 0.000125806 -0.000493962 -0.000444735 0.00047714 0.00315972 -0.00105547 -0.000496065 0.000542709 0.00030624 0.000691536 0.000885555 0.000798508 -0.00291889 -0.00242385 -0.000686363
internal_weight=1.31579e+06 1.27365e+06 42144 915102 358545 542907 287872 83143 255035 37073 19232 65919 204729 45768 217962 72174 295914 275176 14514 2304 62631 260662 7785 60165 28752 25707 25222 34611 16808 18049
internal_count=1315791 1273647 42144 915102 358545 542907 287872 83143 255035 37073 19232 65919 204729 45768 217962 72174 295914 275176 14514 2304 62631 260662 7785 60165 28752 25707 25222 34611 16808 18049
cat_boundaries=0 1 2 3 4 5 6 7 8
cat_threshold=3 56 6 1 40 16 48 64
is_linear=0
shrinkage=0.05


Tree=80
num_leaves=31
num_cat=8
split_feature=7 7 1 5 5 7 6 3 3 1 7 0 0 6 1 3 6 7 7 1 3 3 1 2 3 1 3 6 2 3
split_gain=81.7347 27.507 11.8706 6.8103 5.94562 5.89337 4.98421 4.5402 5.19209 8.61308 4.21353 3.93376 3.82624 3.44026 16.3865 6.1392 6.12378 5.24963 4.15752 5.59895 6.53092 5.53522 9.4952 4.30108 3.77919 3.77083 3.51649 3.11499 3.04052 5.55321
threshold=0.024630190825150434 0.052294649958558363 0 5.5000000000000009 6.5000000000000009 0.036427205497572696 12.108213082958892 2.5000000000000004 5.5000000000000009 1 0.088766613791931293 2 3 13.376660574879262 4 4.5000000000000009 13.090468603901829 0.048739663163306905 0.045536734602365347 5 3.5000000000000004 4.5000000000000009 6 19.500000000000004 5.5000000000000009 7 5.5000000000000009 12.2093123918769 20.500000000000004 3.5000000000000004
decision_type=2 2 1 2 2 2 2 2 2 1 2 1 1 2 1 2 2 2 2 1 2 2 1 2 2 1 2 2 2 2
left_child=2 5 28 6 11 27 -3 -6 -9 12 -8 -5 -10 14 16 25 -7 18 19 20 -16 23 -23 -21 -19 -15 -24 -2 29 -1
right_child=1 3 -4 4 7 13 10 8 9 -11 -12 -13 -14 15 17 -17 -18 24 -20 21 -22 22 26 -25 -26 -27 -28 -29 -30 -31
leaf_value=-0.0002260553369486263 7.2967530265182236e-05 0.00019237412091085762 -6.3407755758524309e-05 -0.00014218694144571323 -6.1805389454106343e-05 0.00031106604210695294 -1.5726902721820524e-05 9.0977833728499399e-05 -0.00018591499391806845 -0.000340847143080858 3.6940478116215356e-05 -4.5440230223944948e-05 0.00019556868419013182 -2.1873180002228392e-05 -5.2445198279596819e-05 -1.4408584249866721e-05 6.1195540504265652e-05 6.979026527066395e-05 -0.00016118183259696383 -4.1787891299924062e-05 0.00012808432217935184 5.9269755774353715e-05 -0.00010709196327646941 0.00048006350082678513 -0.00018238930514936786 -0.00012519200487574365 -0.00024305815373802734 -8.6202824984722706e-05 -0.00023676473810431837 -8.0013531196236609e-05
leaf_weight=9531 2344 20463 7533 68794 51766 3633 339231 54360 3277 6832 263538 98733 8108 14952 11517 32087 13471 14901 18705 78827 8772 6038 12878 427 2438 64118 13150 60287 17803 7277
leaf_count=9531 2344 20463 7533 68794 51766 3633 339231 54360 3277 6832 263538 98733 8108 14952 11517 32087 13471 14901 18705 78827 8772 6038 12878 427 2438 64118 13150 60287 17803 7277
internal_value=-0.000267411 -0.000195727 -0.0024338 -5.02797e-05 -0.000249599 -0.000566945 4.30646e-05 1.23437e-05 0.000267508 -0.00046303 1.7012e-05 -0.000444019 0.000379551 -0.000473686 -0.00034145 -0.00069348 0.00113241 -0.000491851 -0.000586906 -0.000487772 0.000276121 -0.000626966 -0.00118131 -0.000402757 0.00033191 -0.00093019 -0.00159536 -0.00100757 -0.00282502 -0.00234353
internal_weight=1.31579e+06 1.27365e+06 42144 915102 291870 358545 623232 124343 72577 18217 602769 167527 11385 295914 184757 111157 17104 167653 150314 131609 20289 111320 32066 79254 17339 79070 26028 62631 34611 16808
internal_count=1315791 1273647 42144 915102 291870 358545 623232 124343 72577 18217 602769 167527 11385 295914 184757 111157 17104 167653 150314 131609 20289 111320 32066 79254 17339 79070 26028 62631 34611 16808
cat_boundaries=0 1 2 3 4 5 6 7 8
cat_threshold=3 46 5120115 422480 56 2 4 17
is_linear=0
shrinkage=0.05


Tree=81
num_leaves=31
num_cat=10
split_feature=7 7 1 5 5 7 6 3 3 1 7 0 0 6 1 6 2 3 1 3 3 5 6 2 0 0 1 3 1 6
split_gain=76.0525 25.2341 11.0772 6.18559 5.40371 5.33889 4.50563 4.03033 4.78969 7.89923 3.86093 3.59065 3.50579 3.26892 4.69542 4.64697 3.23118 5.27183 3.06532 4.77406 3.29781 2.9009 2.8865 3.06815 2.89333 2.86063 2.75256 2.71125 2.96774 2.67869
threshold=0.024630190825150434 0.052294649958558363 0 5.5000000000000009 6.5000000000000009 0.036427205497572696 11.903400437239741 2.5000000000000004 5.5000000000000009 1 0.088766613791931293 2 3 13.873910353681742 4 13.120496135176955 20.500000000000004 3.5000000000000004 5 3.5000000000000004 4.5000000000000009 5.5000000000000009 12.2093123918769 21.500000000000004 6 7 8 3.5000000000000004 9 12.068607812365963
decision_type=2 2 1 2 2 2 2 2 2 1 2 1 1 2 1 2 2 2 1 2 2 2 2 2 1 1 1 2 1 2
left_child=2 5 16 6 11 22 18 26 25 12 -8 -5 -10 14 15 -7 17 -1 19 -3 -20 -16 24 -24 -2 -9 -6 28 -4 -29
right_child=1 3 27 4 7 13 10 8 9 -11 -12 -13 -14 -15 21 -17 -18 -19 20 -21 -22 -23 23 -25 -26 -27 -28 29 -30 -31
leaf_value=-0.00021475257010119509 0.00031460469589261758 0.00018115774771024814 -0.00032227662907665777 -0.00013229632174372141 -0.00018793966058023914 0.00053843099520138203 -1.4070200169533203e-05 -2.4177256178982313e-05 -0.00019375031807458392 -0.00032380478592681513 3.7032854360889727e-05 -4.1841512149773581e-05 0.00017888227407316941 -9.359041577729175e-05 -3.5202801265637004e-05 3.966968082926991e-05 -0.00022492650119910232 -7.6012854636424784e-05 0.00031784288478263001 0.0012626439070702752 -0.00034784042636732375 -7.6504856439524684e-05 -8.6537957768859748e-05 0.00010753931536621486 -6.0439256695110374e-05 0.00012120486832977556 -1.9886213287674966e-05 0.00042674937034360553 4.3484478414180251e-06 -3.5689558967756541e-06
leaf_weight=9531 884 1773 2507 72048 12959 1107 344581 12406 2904 6832 269788 95479 8481 32472 171988 9035 17803 7277 4042 1429 1619 81312 58559 1728 1460 41954 38807 383 1725 2918
leaf_count=9531 884 1773 2507 72048 12959 1107 344581 12406 2904 6832 269788 95479 8481 32472 171988 9035 17803 7277 4042 1429 1619 81312 58559 1728 1460 41954 38807 383 1725 2918
internal_value=-0.000256277 -0.000187129 -0.00234601 -4.7821e-05 -0.000237778 -0.000542681 4.11392e-05 1.19416e-05 0.000252351 -0.000449307 2.49919e-05 -0.000423127 0.000357612 -0.000453917 -0.000395572 0.000658982 -0.00272393 -0.00222751 0.00116044 0.00239415 0.00045759 -0.000437805 -0.000962065 -0.001029 0.000759384 0.00048749 -0.000325118 -0.000605198 -0.00144376 0.000468039
internal_weight=1.31579e+06 1.27365e+06 42144 915102 291870 358545 623232 124343 72577 18217 614369 167527 11385 295914 263442 10142 34611 16808 8863 3202 5661 253300 62631 60287 2344 54360 51766 7533 4232 3301
internal_count=1315791 1273647 42144 915102 291870 358545 623232 124343 72577 18217 614369 167527 11385 295914 263442 10142 34611 16808 8863 3202 5661 253300 62631 60287 2344 54360 51766 7533 4232 3301
cat_boundaries=0 1 2 3 4 5 6 7 8 9 10
cat_threshold=3 46 5152883 422464 48 32 10748220 665728 36 32
is_linear=0
shrinkage=0.05


Tree=82
num_leaves=31
num_cat=10
split_feature=7 7 1 6 1 6 3 1 3 1 3 3 1 6 1 7 7 6 1 6 3 2 2 7 2 3 0 1 3 0
split_gain=71.6826 23.0113 10.1076 5.78758 6.85064 6.80254 6.27093 34.1477 55.259 22.9594 20.161 13.2917 13.7363 10.7725 7.13166 7.56894 5.23725 4.77253 4.70155 4.48677 4.4597 3.47371 3.3077 3.66338 3.20713 5.16122 3.17488 2.99865 2.84109 3.23599
threshold=0.024630190825150434 0.052294649958558363 0 13.899034276792438 1 13.20038774189379 2.5000000000000004 2 4.5000000000000009 3 4.5000000000000009 5.5000000000000009 4 12.908474988866919 5 0.11437927845860141 0.039807080262756707 12.238323199352537 6 11.903400437239741 5.5000000000000009 19.500000000000004 19.500000000000004 0.061649426708659048 20.500000000000004 3.5000000000000004 7 8 3.5000000000000004 9
decision_type=2 2 1 2 1 2 2 1 2 1 2 2 1 2 1 2 2 2 1 2 2 2 2 2 2 2 1 1 2 1
left_child=2 16 24 4 5 -3 9 8 21 18 17 -10 -13 19 -11 -16 -2 -9 22 -12 -7 -8 23 -6 25 -1 -21 28 -19 -30
right_child=1 3 -4 -5 6 20 7 10 11 14 13 12 -14 -15 15 -17 -18 27 -20 26 -22 -23 -24 -25 -26 -27 -28 -29 29 -31
leaf_value=-0.00020401494159613537 -7.4669756002920069e-05 0.00052670323759583483 -5.8987587857374503e-05 -7.2540249600595719e-05 0.00063745048810392448 0.00011125448659979334 8.420846977893467e-05 0.00037278077919845214 -0.0001625718508383326 -4.2101810234333492e-05 0.0012483449483141401 -0.00024036204311606434 -0.00076348072706568747 0.00010027889472986991 -0.00019706725510000995 1.4991219680863567e-05 -4.4048497002618967e-05 -2.5808016755064791e-05 1.7743144400030974e-05 0.00045975879148933327 -0.00017366390653652532 -0.00026580672563222813 -0.00013265777923945326 0.000175407503888218 -0.00021368017613914716 -7.2212211904603557e-05 0.00024643218060722811 -4.9051072180233777e-05 0.00016649848814090362 -8.3917763344077631e-06
leaf_weight=9531 83465 3453 7533 86590 763 32305 72885 5009 37328 118189 1471 21743 16138 115240 83642 20133 275080 33153 64330 9005 5568 1808 2683 43156 17803 7277 26268 80171 18647 15424
leaf_count=9531 83465 3453 7533 86590 763 32305 72885 5009 37328 118189 1471 21743 16138 115240 83642 20133 275080 33153 64330 9005 5568 1808 2683 43156 17803 7277 26268 80171 18647 15424
internal_value=-0.000246017 -0.000178885 -0.00227482 -4.5854e-05 -5.20329e-06 0.000622217 -3.81493e-05 8.26553e-05 -0.000535048 -0.000203008 0.000386861 -0.00149178 -0.00215161 0.000794359 -0.000496546 -0.000799009 -0.000518416 -1.94889e-05 0.000384344 0.00153984 0.000428668 0.000428218 0.000766754 0.000871034 -0.00263583 -0.00214124 0.00142701 -7.10687e-05 0.000175208 0.000495875
internal_weight=1.31579e+06 1.27365e+06 42144 915102 828512 41326 787186 454290 149902 332896 304388 75209 37881 151984 221964 103775 358545 152404 110932 36744 37873 74693 46602 43919 34611 16808 35273 147395 67224 34071
internal_count=1315791 1273647 42144 915102 828512 41326 787186 454290 149902 332896 304388 75209 37881 151984 221964 103775 358545 152404 110932 36744 37873 74693 46602 43919 34611 16808 35273 147395 67224 34071
cat_boundaries=0 1 2 3 4 5 6 7 8 9 10
cat_threshold=3 16 65 65 1 12 64 6947850 34 10542886
is_linear=0
shrinkage=0.05


Tree=83
num_leaves=31
num_cat=9
split_feature=7 7 1 5 7 5 6 3 3 1 0 7 6 1 7 3 3 6 7 1 3 3 1 1 1 2 7 2 3 0
split_gain=66.7838 20.4685 9.56681 5.84317 5.16938 4.54802 4.20883 3.51513 4.49192 6.53835 3.46684 3.4071 3.14192 15.0326 5.33208 5.161 4.64827 4.08264 3.95362 5.08295 5.5347 5.20858 8.78919 3.86441 3.57318 3.54811 3.2578 3.03151 5.03303 2.98851
threshold=0.024630190825150434 0.053246242644966579 0 5.5000000000000009 0.039807080262756707 6.5000000000000009 11.583360624843122 2.5000000000000004 5.5000000000000009 1 2 0.088766613791931293 13.376660574879262 3 0.048739663163306905 4.5000000000000009 5.5000000000000009 13.090468603901829 0.045536734602365347 4 3.5000000000000004 5.5000000000000009 5 6 7 19.500000000000004 0.047327318174891456 20.500000000000004 3.5000000000000004 8
decision_type=2 2 1 2 2 2 2 2 2 1 1 2 2 1 2 2 2 2 2 1 2 2 1 1 1 2 2 2 2 1
left_child=2 4 27 6 -2 10 -3 -7 -9 -10 -5 -8 13 17 18 23 -16 29 19 20 -15 25 -23 -14 -18 -21 -19 28 -1 -6
right_child=1 3 -4 5 12 7 11 8 9 -11 -12 -13 15 14 16 -17 24 26 -20 21 -22 22 -24 -25 -26 -27 -28 -29 -30 -31
leaf_value=-0.00019381419451632855 -7.093626820277409e-05 0.00057918746429380685 -5.6038208464505642e-05 -3.6593213283595219e-05 5.4084499743559928e-05 -5.7251627856651223e-05 -1.1423009209265773e-05 8.0910664033465891e-05 -0.00062566019699144269 -1.7416017150178437e-05 -0.00012749589095014082 3.723300997592204e-05 -8.9457486231883713e-06 -4.4195431417948044e-05 5.1263909535351921e-05 -7.0619088298142272e-06 0.00020794875234436173 0.00017532163144558948 -0.0001485917527737951 -4.3341083341765723e-05 0.00012544077977312581 0.00011876958973958731 -0.00021743142010864202 -0.00011159070810858219 -0.00025514826799804174 0.00043910645802979246 2.5653701726409937e-05 -0.00020299616733218987 -6.8601601309373214e-05 0.00044527899821311808
leaf_weight=9531 83465 2785 7533 89527 1335 50622 333086 53176 2211 15591 74311 273093 15140 11447 25651 31059 915 4802 18705 87706 8714 2465 12540 61614 3305 464 7686 17803 7277 2232
leaf_count=9531 83465 2785 7533 89527 1335 50622 333086 53176 2211 15591 74311 273093 15140 11447 25651 31059 915 4802 18705 87706 8714 2465 12540 61614 3305 464 7686 17803 7277 2232
internal_value=-0.000238265 -0.000173468 -0.00219652 -4.29461e-05 -0.000481286 -0.000229613 4.45499e-05 2.05473e-06 0.000229084 -0.000458377 -0.000401556 3.56401e-05 -0.000383225 -0.000259807 -0.00039646 -0.000598398 0.000210738 0.00120292 -0.000524181 -0.000421452 0.000304644 -0.00056331 -0.00142453 -0.00081846 -0.00132702 -0.00041681 0.000777545 -0.00254773 -0.00206687 0.00269554
internal_weight=1.31579e+06 1.27365e+06 42144 894402 379245 285438 608964 121600 70978 17802 163838 606179 295780 187967 171912 107813 29871 16055 142041 123336 20161 103175 15005 76754 4220 88170 12488 34611 16808 3567
internal_count=1315791 1273647 42144 894402 379245 285438 608964 121600 70978 17802 163838 606179 295780 187967 171912 107813 29871 16055 142041 123336 20161 103175 15005 76754 4220 88170 12488 34611 16808 3567
cat_boundaries=0 1 2 3 4 5 6 7 8 9
cat_threshold=3 64 11558796 56 2 4 17 6 592196
is_linear=0
shrinkage=0.05


Tree=84
num_leaves=31
num_cat=9
split_feature=7 7 1 5 7 5 6 0 7 3 3 1 2 3 6 6 1 7 3 3 7 1 7 1 3 3 1 1 0 2
split_gain=61.9699 19.0143 9.16709 5.40825 4.56894 3.98085 3.83501 3.18349 3.09767 3.04663 4.10514 6.35114 2.97103 4.95493 2.87637 2.75065 13.2228 4.8357 4.68822 4.40703 3.57078 3.55545 3.52434 4.44254 5.054 4.95227 4.73211 3.10597 2.77936 2.7752
threshold=0.024630190825150434 0.053246242644966579 0 5.5000000000000009 0.039807080262756707 6.5000000000000009 11.583360624843122 1 0.088766613791931293 2.5000000000000004 5.5000000000000009 2 20.500000000000004 3.5000000000000004 11.583360624843122 13.376660574879262 3 0.048739663163306905 4.5000000000000009 5.5000000000000009 0.047327318174891456 4 0.045536734602365347 5 4.5000000000000009 3.5000000000000004 6 7 8 19.500000000000004
decision_type=2 2 1 2 2 2 2 1 2 2 2 1 2 2 2 2 1 2 2 2 2 1 2 1 2 2 1 1 1 2
left_child=2 4 12 6 14 7 -3 -5 -8 -7 -11 -12 13 -1 -2 16 20 22 21 28 -6 -17 23 25 29 -18 -26 -21 -19 -25
right_child=1 3 -4 5 15 9 8 -9 -10 10 11 -13 -14 -15 -16 18 17 19 -20 27 -22 -23 -24 24 26 -27 -28 -29 -30 -31
leaf_value=-0.00018412348479051219 0.00034630511923767934 0.00055022809107911652 -5.3236298041280447e-05 -0.00013113998745489244 0.00020476496926987448 -5.438904646381867e-05 -1.0851858748802335e-05 -4.3159420189945926e-05 3.5371359477125317e-05 7.6865130831793062e-05 -0.00059437718714187078 -1.6545216292669618e-05 -0.00019284635896558053 -6.5171521243904623e-05 -6.886965707141832e-05 -8.4984611920289946e-06 -4.1985659847050696e-05 -1.1794141539604169e-05 -6.7088133883232472e-06 0.00019755131472714337 5.8036013555370772e-05 -0.00010601117270315317 -0.00014116216513510553 -3.3233204048569869e-05 3.0820532132357207e-05 0.00011916874078446954 -0.00014937726951020529 -0.00024239085459813988 0.00011005190887255763 0.00037499266025656117
leaf_weight=9531 349 2785 7533 56673 6367 50622 333086 107165 273093 53176 2211 15591 17803 7277 83116 15140 11447 12624 31059 915 9688 61614 18705 73061 4908 8714 24811 3305 13027 395
leaf_count=9531 349 2785 7533 56673 6367 50622 333086 107165 273093 53176 2211 15591 17803 7277 83116 15140 11447 12624 31059 915 9688 61614 18705 73061 4908 8714 24811 3305 13027 395
internal_value=-0.000229487 -0.000167069 -0.00211584 -4.1269e-05 -0.000463752 -0.000220855 4.29077e-05 -0.00038172 3.44028e-05 -4.11303e-06 0.000207246 -0.000449951 -0.00245964 -0.00198358 -0.000790452 -0.000371561 -0.000256083 -0.000384245 -0.000572891 0.000194 0.00111578 -0.000782631 -0.000505876 -0.000408884 -0.000541504 0.000269941 -0.00109173 -0.00130332 0.000440333 -0.000318968
internal_weight=1.31579e+06 1.27365e+06 42144 894402 379245 285438 608964 163838 606179 121600 70978 17802 34611 16808 83465 295780 187967 171912 107813 29871 16055 76754 142041 123336 103175 20161 29719 4220 25651 73456
internal_count=1315791 1273647 42144 894402 379245 285438 608964 163838 606179 121600 70978 17802 34611 16808 83465 295780 187967 171912 107813 29871 16055 76754 142041 123336 103175 20161 29719 4220 25651 73456
cat_boundaries=0 1 2 3 4 5 6 7 8 9
cat_threshold=3 5120113 64 56 17 2 4 6 14822051
is_linear=0
shrinkage=0.05


Tree=85
num_leaves=31
num_cat=7
split_feature=7 7 1 7 1 6 3 1 6 3 3 6 2 6 1 1 6 2 7 3 1 2 3 5 6 7 0 7 7 7
split_gain=58.642 17.4622 8.77834 6.96859 4.86463 9.70495 8.47061 5.91427 6.56891 6.45821 7.86952 4.2975 4.2867 4.06354 5.80233 3.92557 3.63463 3.22266 3.2335 2.914 6.49402 2.86724 4.90936 2.81101 2.77864 2.73734 2.76742 2.68494 2.61513 3.00681
threshold=0.024630190825150434 0.070859323985042702 0 0.042406540809180111 1 13.540103834011935 4.5000000000000009 2 13.022453535216695 1.5000000000000002 1.0000000180025095e-35 12.801065229762154 16.500000000000004 13.430114218165301 3 4 12.469624665756697 8.5000000000000018 0.10414963761858197 5.5000000000000009 5 20.500000000000004 3.5000000000000004 5.5000000000000009 14.200316706876533 0.045536734602365347 6 0.080256544605338681 0.046618293312646497 0.055074923248330736
decision_type=2 2 1 2 1 2 2 1 2 2 2 2 2 2 1 1 2 2 2 2 1 2 2 2 2 2 1 2 2 2
left_child=2 3 21 13 5 6 7 8 -5 10 -9 -11 17 14 -2 16 -14 27 -19 -17 -21 22 -1 -6 28 26 -8 -3 -7 -30
right_child=1 12 -4 4 23 24 25 9 -10 11 -12 -13 15 -15 -16 19 -18 18 -20 20 -22 -23 -24 -25 -26 -27 -28 -29 29 -31
leaf_value=-0.00017491731055098645 7.0879740576549789e-05 -8.6344629454148606e-05 -5.0574483139216575e-05 0.0002852905655663198 -3.3599831285210381e-05 8.8076546939534477e-05 0.00058511140679180307 -4.8758762211960557e-05 2.4099082608327396e-05 0.00013809950986919949 -0.00088445958923884379 -0.00022233168110840978 0.00023230085327965254 -0.00010554320623587093 -5.4270120444254051e-05 -2.6529932757882403e-05 5.2864555096539908e-05 -2.8707918892379214e-05 -0.00026420428965055423 0.00020914495454105002 -0.00022409299403574137 -0.00018320404101730139 -6.1912945181709375e-05 -7.5639894469843908e-05 -0.0001462589616415588 0.00013934693760822898 0.00011040562807056994 6.3853796278173566e-05 -6.7212108835245374e-05 -1.0441273132873646e-05
leaf_weight=9531 8556 10122 7533 2972 195883 4015 500 4021 36479 8428 3561 4057 26473 31790 98645 121378 138451 246950 10510 15201 5217 17803 7277 90707 11815 23211 501 63508 55214 55482
leaf_count=9531 8556 10122 7533 2972 195883 4015 500 4021 36479 8428 3561 4057 26473 31790 98645 121378 138451 246950 10510 15201 5217 17803 7277 90707 11815 23211 501 63508 55214 55482
internal_value=-0.000220329 -0.00015961 -0.00205534 -0.000345035 -0.000257485 -7.48112e-05 0.000342767 2.2009e-05 0.00037746 -0.000676646 -0.00182801 2.20252e-05 2.52414e-05 -0.000657993 -0.000510771 0.000159917 0.000325765 -9.9521e-05 -0.000182942 -3.3004e-05 0.000519638 -0.00239176 -0.00192408 -0.000391488 -0.000351154 0.00113126 0.00369131 0.000192176 -0.000275956 -0.000321422
internal_weight=1.31579e+06 1.27365e+06 42144 635837 496846 210256 83730 59518 39451 20067 7582 12485 637810 138991 107201 306720 164924 331090 257460 141796 20418 34611 16808 286590 126526 24212 1001 73630 114711 110696
internal_count=1315791 1273647 42144 635837 496846 210256 83730 59518 39451 20067 7582 12485 637810 138991 107201 306720 164924 331090 257460 141796 20418 34611 16808 286590 126526 24212 1001 73630 114711 110696
cat_boundaries=0 1 2 3 4 5 6 7
cat_threshold=3 56 24 26 114 12 9098262
is_linear=0
shrinkage=0.05


Tree=86
num_leaves=31
num_cat=9
split_feature=7 7 1 7 1 6 3 1 3 3 6 6 1 6 2 1 6 2 7 7 2 3 7 7 0 0 0 3 1 5
split_gain=54.9751 15.6025 8.34544 6.62355 4.24495 8.42887 7.74591 5.56558 6.24783 7.59803 5.49352 3.91668 5.55644 3.88598 3.82515 3.51235 3.36494 2.8915 2.99818 2.87382 2.73168 4.76611 2.59591 3.26662 2.6327 2.54664 2.54051 2.53623 5.92765 2.51697
threshold=0.024630190825150434 0.070859323985042702 0 0.042406540809180111 1 13.540103834011935 4.5000000000000009 2 1.5000000000000002 1.0000000180025095e-35 13.062473235789007 13.588992256038424 3 12.801065229762154 16.500000000000004 4 12.908474988866919 8.5000000000000018 0.10414963761858197 0.077522266920712082 20.500000000000004 3.5000000000000004 0.046314219883237036 0.067132975390762337 5 6 7 5.5000000000000009 8 5.5000000000000009
decision_type=2 2 1 2 1 2 2 1 2 2 2 2 1 2 2 1 2 2 2 2 2 2 2 2 1 1 1 2 1 2
left_child=2 3 20 11 5 6 7 10 9 -9 26 12 -2 -10 17 16 19 -3 -19 -16 21 -1 -12 -24 -25 -18 -5 -17 -29 -6
right_child=1 14 -4 4 29 -7 -8 8 13 -11 22 -13 -14 -15 15 27 25 18 -20 -21 -22 -23 23 24 -26 -27 -28 28 -30 -31
leaf_value=-0.00016617144502343724 0.00011489976866522294 3.6305333727503212e-05 -4.8045758982255887e-05 0.0004933577778381558 -3.1919839720949558e-05 -4.2194972685359039e-05 0.0001449090529054189 -4.632082410136275e-05 0.00013119453437573922 -0.00084023660977690167 0.00016468865860328532 -0.00010751681168509368 -5.1388315837934409e-05 -0.00021121509705298918 -0.0003339461019211697 -2.5203436119987599e-05 9.5007025944350801e-05 -2.7272522947760825e-05 -0.00025099407516802707 0.00017176756003868621 -0.00017404383896643639 -5.8817297922623972e-05 -2.3895122147544572e-05 0.00045798691767754627 9.7081924148396766e-05 -1.1668233579624268e-05 0.00010485738813084141 0.00019868770681399743 -0.00021288834433395447 -7.1857899746351737e-05
leaf_weight=9531 4843 73630 7533 1726 195883 126526 24212 4021 8428 3561 3127 23294 110854 4057 1548 121378 43750 246950 10510 55832 17803 7277 27321 790 4512 63794 1975 15201 5217 90707
leaf_count=9531 4843 73630 7533 1726 195883 126526 24212 4021 8428 3561 3127 23294 110854 4057 1548 121378 43750 246950 10510 55832 17803 7277 27321 790 4512 63794 1975 15201 5217 90707
internal_value=-0.000213375 -0.000154585 -0.00199008 -0.000329858 -0.000244504 -7.386e-05 0.000315298 8.56764e-06 -0.000669175 -0.00180164 0.000353386 -0.00063497 -0.000515875 1.80204e-05 2.01459e-05 0.000147364 0.000304242 -9.77088e-05 -0.000176728 0.000613453 -0.0023181 -0.00186161 0.000163635 3.17249e-05 0.00116748 0.000139291 0.00218725 -3.51196e-05 0.000480457 -0.00036968
internal_weight=1.31579e+06 1.27365e+06 42144 635837 496846 210256 83730 59518 20067 7582 39451 138991 115697 12485 637810 306720 164924 331090 257460 57380 34611 16808 35750 32623 5302 107544 3701 141796 20418 286590
internal_count=1315791 1273647 42144 635837 496846 210256 83730 59518 20067 7582 39451 138991 115697 12485 637810 306720 164924 331090 257460 57380 34611 16808 35750 32623 5302 107544 3701 141796 20418 286590
cat_boundaries=0 1 2 3 4 5 6 7 8 9
cat_threshold=3 56 24 18 114 9191496 554572 1057952 12
is_linear=0
shrinkage=0.05


Tree=87
num_leaves=31
num_cat=6
split_feature=7 7 1 7 1 6 3 1 3 3 6 6 1 2 6 6 2 7 2 3 3 1 6 6 6 3 1 5 7 7
split_gain=50.6388 14.3328 7.91341 5.99643 3.79809 7.36644 6.41805 5.27267 5.78605 7.2428 4.31187 3.6985 5.35317 3.47196 3.32927 3.30742 2.72647 2.76032 2.63922 4.45268 2.48997 3.19862 2.51611 2.48884 2.4649 3.14154 6.62926 2.47954 2.45931 2.37247
threshold=0.024630190825150434 0.070859323985042702 0 0.042406540809180111 1 13.524332381254892 4.5000000000000009 2 1.5000000000000002 1.0000000180025095e-35 13.062473235789007 13.524332381254892 3 16.500000000000004 12.801065229762154 12.178043472755791 8.5000000000000018 0.10579941122073669 20.500000000000004 3.5000000000000004 3.5000000000000004 4 12.068607812365963 14.200316706876533 12.482153937926691 5.5000000000000009 5 5.5000000000000009 0.080256544605338681 0.045536734602365347
decision_type=2 2 1 2 1 2 2 1 2 2 2 2 1 2 2 2 2 2 2 2 2 1 2 2 2 2 1 2 2 2
left_child=2 3 18 11 5 6 7 10 9 -9 -5 12 -2 16 -10 -15 28 -18 19 -1 21 -4 -22 -7 25 -14 -27 -26 -3 -8
right_child=1 13 20 4 -6 23 29 8 14 -11 -12 -13 24 15 -16 -17 17 -19 -20 -21 22 -23 -24 -25 27 26 -28 -29 -30 -31
leaf_value=-0.00015786287277226552 0.00012083849941700803 -8.384266466781665e-05 -0.00029281868079859358 0.00025580289582941956 -4.2215036249812886e-05 -3.1378594639050961e-05 0.00032014608590152102 -4.4004782896294798e-05 0.00012463480765695226 -0.00079822477928805655 2.4072099352234663e-05 -9.774761964388473e-05 3.6282391962227394e-05 0.00027657430385095549 -0.00020065434220033963 2.3827784811230232e-05 -2.8118633775925743e-05 -0.00028274686340651209 -0.00016534164701811454 -5.5876433026492632e-05 0.00041875601865065724 1.7475142273578523e-05 9.9536087222949207e-06 -0.00013683626492521316 -3.7785258399456839e-05 0.00044709715198070594 -0.0003528475589727208 -9.4363248864492982e-05 5.8845839777889104e-05 0.0001212036568277589
leaf_weight=9531 4324 10122 2507 3701 286590 117203 975 4021 8428 3561 33986 26494 10961 11568 4057 295152 251801 5659 17803 7277 383 1725 2918 11815 64179 278 1617 31138 63508 22509
leaf_count=9531 4324 10122 2507 3701 286590 117203 975 4021 8428 3561 33986 26494 10961 11568 4057 295152 251801 5659 17803 7277 383 1725 2918 11815 64179 278 1617 31138 63508 22509
internal_value=-0.000205395 -0.000148971 -0.00191059 -0.000316961 -0.000235748 -7.43356e-05 0.000298628 1.52358e-05 -0.00063929 -0.0017291 0.000363821 -0.000607271 -0.000482103 1.84996e-05 2.20252e-05 0.000139703 -9.37823e-05 -0.000170513 -0.00223001 -0.0017813 -0.000439482 -0.00124291 0.000589214 -0.000309183 -0.000551058 9.87854e-05 -0.001781 -0.000638764 0.00017452 0.00099557
internal_weight=1.31579e+06 1.27365e+06 42144 635837 496846 210256 81238 57754 20067 7582 37687 138991 112497 637810 12485 306720 331090 257460 34611 16808 7533 4232 3301 129018 108173 12856 1895 95317 73630 23484
internal_count=1315791 1273647 42144 635837 496846 210256 81238 57754 20067 7582 37687 138991 112497 637810 12485 306720 331090 257460 34611 16808 7533 4232 3301 129018 108173 12856 1895 95317 73630 23484
cat_boundaries=0 1 2 3 4 5 6
cat_threshold=3 56 24 18 32 36
is_linear=0
shrinkage=0.05


Tree=88
num_leaves=31
num_cat=11
split_feature=7 7 1 6 1 6 3 3 1 3 1 3 3 1 6 1 7 1 6 5 6 1 6 0 3 0 0 2 3 3
split_gain=46.1739 13.2808 7.1558 5.91255 5.9765 6.32893 4.59369 4.50344 29.842 52.5736 23.561 18.7023 13.1016 13.7579 8.72199 6.21911 6.0023 4.15791 4.00531 3.82504 3.56829 3.23278 2.90687 2.76668 2.61733 3.19019 2.64745 2.57001 4.07637 2.57151
threshold=0.024630190825150434 0.050523761022795821 0 13.858269235864768 1 13.402230870373574 5.5000000000000009 2.5000000000000004 2 4.5000000000000009 3 4.5000000000000009 5.5000000000000009 4 12.908474988866919 5 0.11437927845860141 6 11.583360624843122 5.5000000000000009 11.903400437239741 7 12.238323199352537 8 3.5000000000000004 9 10 20.500000000000004 3.5000000000000004 4.5000000000000009
decision_type=2 2 1 2 1 2 2 2 1 2 1 2 2 1 2 1 2 1 2 2 2 1 2 1 2 1 1 2 2 2
left_child=2 18 27 4 5 -3 -7 10 9 -9 21 17 -11 -14 20 -12 -17 22 -2 -20 -13 -6 -10 -22 26 -26 -24 28 -1 -29
right_child=1 3 -4 -5 7 6 -8 8 11 12 15 14 13 -15 -16 16 -18 -19 19 -21 23 -23 24 -25 25 -27 -28 29 -30 -31
leaf_value=-0.00014996972913365223 0.00055640287205231415 0.00031131376057544797 -4.2130767233121143e-05 -6.0247847223259804e-05 0.00015249616064632736 8.2322191510689376e-05 -0.00021106682962465943 7.2994075328922109e-05 0.00037760453054190476 -0.00014814225264182527 -3.8108952257961227e-05 0.0011676062604040296 -0.000220095388474235 -0.00071323344557598536 9.503617219744256e-05 -0.00018124640893071636 8.6601566274907556e-06 -4.809150051418399e-05 -2.9280035689435932e-05 -7.0371394652539226e-05 0.00014785834061487765 2.8333374818798748e-05 7.3878071889506243e-05 0.00034515297853396587 -1.4305640781716079e-05 0.00016023997584561594 -0.00010502396964852266 -0.00012330201424221344 -5.3082611375167984e-05 -0.00025214403120726316
leaf_weight=9531 548 8839 7533 113794 47192 24729 4212 77714 4468 38855 119887 1486 23026 16334 115496 83322 20009 81595 217986 103387 12285 68209 13180 23345 14633 19294 19822 12642 7277 5161
leaf_count=9531 548 8839 7533 113794 47192 24729 4212 77714 4468 38855 119887 1486 23026 16334 115496 83322 20009 81595 217986 103387 12285 68209 13180 23345 14633 19294 19822 12642 7277 5161
internal_value=-0.000196883 -0.000143004 -0.00182517 -4.91015e-05 -3.17567e-06 0.000611272 0.000253791 -3.21947e-05 6.94088e-05 -0.000493431 -0.00017068 0.000356592 -0.00140862 -0.00205158 0.000748236 -0.000470551 -0.000754832 -3.40553e-05 -0.000420617 -0.0004279 0.00141502 0.000409362 0.000244583 0.0013149 0.000162186 0.000470568 -0.00015484 -0.00212891 -0.0016861 -0.00254817
internal_weight=1.31579e+06 1.27365e+06 42144 951726 837932 37780 28941 800152 461533 155929 338619 305604 78215 39360 152612 223218 103331 152992 321921 321373 37116 115401 71397 35630 66929 33927 33002 34611 16808 17803
internal_count=1315791 1273647 42144 951726 837932 37780 28941 800152 461533 155929 338619 305604 78215 39360 152612 223218 103331 152992 321921 321373 37116 115401 71397 35630 66929 33927 33002 34611 16808 17803
cat_boundaries=0 1 2 3 4 5 6 7 8 9 10 11
cat_threshold=3 16 65 65 1 12 34 64 1428160 5710041 5465612
is_linear=0
shrinkage=0.05


Tree=89
num_leaves=31
num_cat=11
split_feature=7 7 1 6 7 1 6 6 1 5 3 1 3 1 1 3 1 6 3 0 6 3 1 3 1 3 1 7 7 2
split_gain=42.4171 12.4003 6.46391 5.22215 4.88878 3.36214 10.5555 3.33702 4.33569 3.11311 3.12384 7.89837 4.12773 16.1368 9.82933 8.45494 4.14028 3.36425 3.09774 3.19283 2.93428 6.78184 12.6437 4.66635 13.8988 9.8801 5.9052 2.93344 3.4138 3.4359
threshold=0.024630190825150434 0.070859323985042702 0 11.79893450632702 0.042406540809180111 1 13.358450794029896 13.605791493620417 2 5.5000000000000009 1.0000000180025095e-35 3 1.5000000000000002 4 5 3.5000000000000004 6 12.031923105590947 5.5000000000000009 7 12.673526932670674 5.5000000000000009 8 3.5000000000000004 9 4.5000000000000009 10 0.066162824367806392 0.047327318174891456 20.500000000000004
decision_type=2 2 1 2 2 1 2 2 1 2 2 1 2 1 1 2 1 2 2 1 2 2 1 2 1 2 1 2 2 2
left_child=2 3 -1 -2 7 6 -6 8 -5 10 11 -3 13 -12 15 -14 -15 -17 -19 -20 21 -7 -23 26 -25 -26 -22 28 29 -8
right_child=1 9 -4 4 5 20 27 -9 -10 -11 12 -13 14 16 -16 17 -18 18 19 -21 23 22 -24 24 25 -27 -28 -29 -30 -31
leaf_value=-0.00012310195694976287 0.00030233225911348869 0.00023806353557066017 -4.0024228871465211e-05 0.00010080735145747578 0.00010118910936832468 2.1596625355166371e-05 9.9654465874966973e-05 -9.7343248550177801e-05 -4.5831248549094272e-05 -3.1706700513232983e-05 -0.00081431917665171082 -1.8797769077297968e-06 -7.0878322169407996e-06 7.9168194701291776e-05 -1.1352348547375074e-05 0.00097329697120991762 -8.5086315532261524e-05 0.00014414222717398252 0.00051171882739541117 0.00020621147133993378 -1.5195366271584252e-05 0.00032827185664394208 -0.00031581183774133121 3.2221024601036833e-05 1.8061278515055401e-05 -0.00017222086333683437 -0.00010312387642988179 4.6683001911225735e-05 -4.7535302060188438e-05 -0.00019402050160831564
leaf_weight=34611 3374 21494 7533 5026 26825 60266 9116 22508 110666 203653 5967 37348 34962 24434 225750 1548 32334 34366 7234 8720 44885 2837 7279 66629 12981 25266 92099 25771 118929 1380
leaf_count=34611 3374 21494 7533 5026 26825 60266 9116 22508 110666 203653 5967 37348 34962 24434 225750 1548 32334 34366 7234 8720 44885 2837 7279 66629 12981 25266 92099 25771 118929 1380
internal_value=-0.000188599 -0.000136958 -0.00174924 -0.000293213 -0.000303679 -0.000230172 -5.93592e-05 -0.000566571 -0.000458201 1.88132e-05 9.44692e-05 0.000433193 4.13641e-05 -0.000328765 0.000115649 0.00056771 -6.85136e-05 0.000972853 0.000902225 0.001478 -0.000329735 -4.56094e-05 -0.00124358 -0.00041243 -0.00016143 -0.000921009 -0.000604597 -0.000217661 -0.000314662 0.000549732
internal_weight=1.31579e+06 1.27365e+06 42144 635837 632463 494263 182021 138200 115692 637810 434157 58842 375315 62735 312580 86830 56768 51868 50320 15954 312242 70382 10116 241860 104876 38247 136984 155196 129425 10496
internal_count=1315791 1273647 42144 635837 632463 494263 182021 138200 115692 637810 434157 58842 375315 62735 312580 86830 56768 51868 50320 15954 312242 70382 10116 241860 104876 38247 136984 155196 129425 10496
cat_boundaries=0 1 2 3 4 5 6 7 8 9 10 11
cat_threshold=3 24 18 84 32 34 81 3692170 38 38 1
is_linear=0
shrinkage=0.05


Tree=90
num_leaves=31
num_cat=7
split_feature=7 7 1 6 5 5 3 0 2 6 7 2 2 7 3 2 1 3 1 7 7 1 7 3 3 2 0 1 2 3
split_gain=38.9772 11.3195 5.90178 5.39343 5.01512 4.57328 3.24597 3.20172 2.95776 3.04389 2.83744 2.47546 3.8236 4.42368 4.26757 3.2334 3.74364 3.09417 3.04773 2.83461 2.76735 2.76471 2.59636 3.9901 2.97975 5.50698 2.55334 2.51934 2.46973 2.78141
threshold=0.024630190825150434 0.071194167871942035 0 11.583360624843122 5.5000000000000009 6.5000000000000009 2.5000000000000004 1 16.500000000000004 12.068607812365963 0.042552736117973319 13.500000000000002 14.500000000000002 0.080256544605338681 4.5000000000000009 15.500000000000002 2 5.5000000000000009 3 0.076536027880184682 0.076536027880184682 4 0.096486407859378218 1.5000000000000002 1.0000000180025095e-35 9.5000000000000018 5 6 10.500000000000002 4.5000000000000009
decision_type=2 2 1 2 2 2 2 1 2 2 2 2 2 2 2 2 1 2 1 2 2 1 2 2 2 2 1 1 2 2
left_child=2 3 -1 -2 -5 10 -7 -8 11 -10 -6 21 -13 15 -15 16 17 20 -16 27 -14 22 23 24 -3 26 -26 -17 -25 -30
right_child=1 8 -4 4 5 6 7 -9 9 -11 -12 12 13 14 18 19 -18 -19 -20 -21 -22 -23 -24 28 25 -27 -28 -29 29 -31
leaf_value=-0.00011694685910227471 0.00047836674442799785 0.0001317374303491517 -3.8023017427892061e-05 -2.1812499579705926e-05 -0.000114891842941157 -6.5040924660089721e-05 7.308151926166863e-05 -2.7893639646175117e-05 0.00034522152084947986 2.3049270041842002e-05 -7.1053994038903218e-05 -0.00032212718993704511 0.00065521396862759846 -2.8948139024514578e-05 0.00024579941842038314 0.00070323440575991141 -0.00033822222767367267 -0.00057620760916047729 -0.0003248131618439423 0.00018304969880786166 9.6954307014485483e-05 -2.4114000210535609e-05 -4.2239018780773957e-06 6.8782600234530055e-05 0.00061260923053178676 -0.00071507884306765135 -0.00012614304703079289 -0.00050821037886705669 0.00016786019763105218 0.00050787492489453819
leaf_weight=34611 1748 4868 7533 435580 26408 36134 15770 34765 7840 297109 91183 5987 884 28679 1607 1113 1823 494 10097 2281 1950 190141 47533 12703 750 2371 1550 134 7243 4902
leaf_count=34611 1748 4868 7533 435580 26408 36134 15770 34765 7840 297109 91183 5987 884 28679 1607 1113 1823 494 10097 2281 1950 190141 47533 12703 750 2371 1550 134 7243 4902
internal_value=-0.000180847 -0.000131344 -0.00167687 -0.000279293 -0.00028687 -0.000491287 -0.000215707 4.30383e-05 1.88341e-05 0.000130857 -0.0006944 -8.55993e-05 -0.00039138 -0.000245813 -0.000465915 0.000778314 -2.03856e-05 0.000976632 -0.00127051 0.00194444 0.00161609 -2.37275e-05 0.000219088 0.000550061 -0.000319217 -0.00122137 0.000521738 0.00386127 0.000883772 0.00139358
internal_weight=1.31579e+06 1.27365e+06 42144 641588 639840 204260 86669 50535 632059 304949 117591 327110 55049 49062 40383 8679 5151 3328 11704 3528 2834 272061 81920 34387 9539 4671 2300 1247 24848 12145
internal_count=1315791 1273647 42144 641588 639840 204260 86669 50535 632059 304949 117591 327110 55049 49062 40383 8679 5151 3328 11704 3528 2834 272061 81920 34387 9539 4671 2300 1247 24848 12145
cat_boundaries=0 1 2 3 4 5 6 7
cat_threshold=3 8405109 64 32 33 1101876 32
is_linear=0
shrinkage=0.05


Tree=91
num_leaves=31
num_cat=9
split_feature=7 7 1 5 5 0 6 1 6 6 6 0 7 0 2 7 2 1 6 3 7 6 3 1 2 3 1 3 1 7
split_gain=35.9255 10.2585 5.40737 4.41182 3.93795 3.13573 2.94678 3.86873 4.17787 2.93374 2.61209 2.67335 2.56888 2.31079 2.30521 2.86533 2.77853 2.42723 2.58025 3.34205 2.30358 2.36491 6.25821 20.3933 3.66577 2.99543 8.7907 2.95693 2.9271 3.13725
threshold=0.024630190825150434 0.070859323985042702 0 5.5000000000000009 6.5000000000000009 1 13.836985315391791 2 13.430114218165301 11.583360624843122 11.583360624843122 3 0.041583106592019921 4 16.500000000000004 0.077032174627853778 9.5000000000000018 5 13.143303103056981 3.5000000000000004 0.1072346774557011 12.89639897621562 5.5000000000000009 6 10.500000000000002 3.5000000000000004 7 5.5000000000000009 8 0.098690406200936651
decision_type=2 2 1 2 2 1 2 1 2 2 2 1 2 1 2 2 2 1 2 2 2 2 2 1 2 2 1 2 1 2
left_child=2 3 -1 9 12 -6 7 8 -3 -2 11 -9 -5 -14 16 -16 -12 -17 -19 -20 21 22 24 -24 -18 -23 27 -27 29 -26
right_child=1 6 -4 4 5 -7 -8 10 -10 -11 14 -13 13 -15 15 17 20 18 19 -21 -22 25 23 -25 28 26 -28 -29 -30 -31
leaf_value=-0.00011109951614716096 0.00046133733704559481 0.00034382785373036011 -3.6121866556497527e-05 -0.00011591106764686887 2.2182223035893803e-05 -5.2069340596793661e-05 -5.4096623084211707e-05 0.0009136981215637106 4.6416848392507577e-05 -2.0875388952828359e-05 2.3472766256947509e-05 2.8967437910766862e-05 -3.6578763702948023e-05 -9.5479989849168084e-05 -0.00010477998949719017 -1.3860968004682426e-05 -0.0001894270387512961 0.00012287280678115105 -4.705521380550887e-05 0.00010630611734032461 -0.0003641082460857171 -0.00011744665993687128 -0.00058916456965015581 0.00024143421958441178 0.0001266079737529609 -0.0001391030017032124 7.0868914755910695e-05 -0.00067638366845887746 -8.5393230449980117e-05 -8.5373881884389635e-05
leaf_weight=34611 1085 6146 7533 21047 32287 53953 68943 1500 14637 431622 114521 1805 43350 52493 11299 76494 5819 77024 47075 36128 2893 49704 6920 6503 49587 4670 31229 2387 11953 10573
leaf_count=34611 1085 6146 7533 21047 32287 53953 68943 1500 14637 431622 114521 1805 43350 52493 11299 76494 5819 77024 47075 36128 2893 49704 6920 6503 49587 4670 31229 2387 11953 10573
internal_value=-0.000172981 -0.000125456 -0.00160925 -0.000267578 -0.000459805 -0.000203503 1.62262e-05 5.36405e-05 0.000723079 -0.000177338 2.82421e-05 0.00142965 -0.000648902 -0.00053906 1.97408e-05 0.000132246 -7.42871e-05 0.000169375 0.00027999 8.69548e-05 -0.00019557 -0.000172992 5.1983e-06 -0.000991955 0.000176948 -0.000357996 -2.5598e-05 -0.00161809 0.00027436 0.000416319
internal_weight=1.31579e+06 1.27365e+06 42144 635837 203130 86240 637810 568867 20783 432707 548084 3305 116890 95843 544779 248020 296759 236721 160227 83203 182238 179345 91355 13423 77932 87990 38286 7057 72113 60160
internal_count=1315791 1273647 42144 635837 203130 86240 637810 568867 20783 432707 548084 3305 116890 95843 544779 248020 296759 236721 160227 83203 182238 179345 91355 13423 77932 87990 38286 7057 72113 60160
cat_boundaries=0 1 2 3 4 5 6 7 8 9
cat_threshold=3 50549 16 282628 15769348 5 64 65 104
is_linear=0
shrinkage=0.05


Tree=92
num_leaves=31
num_cat=11
split_feature=7 7 1 6 1 3 1 6 7 3 1 1 3 6 3 6 7 1 5 3 1 3 1 1 3 1 6 0 3 6
split_gain=34.0193 9.3402 5.18596 4.37355 6.08518 5.23566 16.9527 4.61689 4.18551 3.20062 8.67133 8.24339 10.6108 4.69758 4.97609 2.77811 3.40536 3.38065 2.70097 3.00619 6.69005 3.72686 14.2127 8.28404 7.2541 3.4507 3.27879 3.99567 2.8283 2.63397
threshold=0.024630190825150434 0.071194167871942035 0 12.482153937926691 1 5.5000000000000009 2 12.845505840595335 0.042263503016598904 2.5000000000000004 3 4 4.5000000000000009 13.899034276792438 4.5000000000000009 13.524332381254892 0.066162824367806392 5 5.5000000000000009 1.0000000180025095e-35 6 1.5000000000000002 7 8 3.5000000000000004 9 12.908474988866919 10 5.5000000000000009 13.588992256038424
decision_type=2 2 1 2 1 2 1 2 2 2 1 1 2 2 2 2 2 1 2 2 1 2 1 1 2 1 2 1 2 2
left_child=2 3 -1 5 7 -2 -7 -5 29 10 15 12 -11 14 -13 16 -10 -17 19 20 -3 22 -21 24 -23 -24 27 28 -26 -6
right_child=1 18 -4 4 8 6 -8 -9 9 11 -12 13 -14 -15 -16 17 -18 -19 -20 21 -22 23 25 -25 26 -27 -28 -29 -30 -31
leaf_value=-0.0001055445403398028 5.0658603309891379e-05 0.00022206386054862532 -3.4315773228672516e-05 -6.5779977622459177e-05 -3.2936696750550977e-05 0.00048733551815697624 -0.00036899281305262198 -0.0002436425310522719 4.6421167173475016e-06 8.920358109233564e-06 -9.8072939330437535e-05 -8.980040685660438e-06 -0.00013712700994086697 -5.558955571359958e-05 5.6035938888863399e-05 2.5338804593945245e-05 0.00019981795544722058 -7.3464308069790245e-05 -3.054090701214714e-05 -0.00075046988938312761 3.0289701176202412e-06 -7.142672578706426e-06 7.2551733634326036e-05 -1.1237795205359524e-05 0.00037419355083159246 -8.0464522252592064e-05 0.00013570217854519842 0.0001974416706609126 0.00078347512860835319 -8.7166645705195325e-05
leaf_weight=34611 44088 21371 7533 21809 91715 2275 5270 17289 62575 29808 62205 79205 29592 32846 79702 17259 4129 38845 201880 5905 36923 34594 24324 223758 6116 31974 32913 9418 2883 22976
leaf_count=34611 44088 21371 7533 21809 91715 2275 5270 17289 62575 29808 62205 79205 29592 32846 79702 17259 4129 38845 201880 5905 36923 34594 24324 223758 6116 31974 32913 9418 2883 22976
internal_value=-0.000166521 -0.000120274 -0.00156416 -0.000254666 -0.000293286 0.000186604 -0.00103048 -0.000895982 -0.000250488 -0.000179818 -0.000337626 -6.3568e-05 -0.000578187 9.58724e-05 0.000208391 -9.39614e-05 0.000124129 -0.000353274 1.61445e-05 8.6951e-05 0.000420797 3.46197e-05 -0.000318555 0.000105559 0.000522842 -7.35254e-05 0.000900057 0.00143427 0.00218726 -0.000519266
internal_weight=1.31579e+06 1.27365e+06 42144 641588 589955 51633 7545 39098 550857 436166 185013 251153 59400 191753 158907 122808 66704 56104 632059 430179 58294 371885 62203 309682 85924 56298 51330 18417 8999 114691
internal_count=1315791 1273647 42144 641588 589955 51633 7545 39098 550857 436166 185013 251153 59400 191753 158907 122808 66704 56104 632059 430179 58294 371885 62203 309682 85924 56298 51330 18417 8999 114691
cat_boundaries=0 1 2 3 4 5 6 7 8 9 10 11
cat_threshold=3 96 38 25 1 17 84 32 34 81 6182282
is_linear=0
shrinkage=0.05


Tree=93
num_leaves=31
num_cat=10
split_feature=7 7 2 3 6 1 1 6 3 1 3 1 3 3 1 6 1 7 3 1 6 3 6 5 6 6 1 1 6 0
split_gain=31.6923 8.4953 4.97035 6.18905 4.90231 3.90435 3.74149 6.75478 4.18466 23.756 45.2077 20.5802 15.832 11.9022 13.2782 7.80418 4.24068 5.15247 3.97559 3.66324 3.5235 3.34999 3.20877 2.88386 2.82371 2.60981 2.54909 2.4809 3.51826 2.39811
threshold=0.024630190825150434 0.050523761022795821 20.500000000000004 3.5000000000000004 14.054192953675225 0 1 13.440146702021273 2.5000000000000004 2 4.5000000000000009 3 4.5000000000000009 5.5000000000000009 4 12.908474988866919 5 0.11437927845860141 5.5000000000000009 6 11.583360624843122 4.5000000000000009 12.342999049824568 5.5000000000000009 12.031923105590947 12.878284707174103 7 8 13.846957140209947 9
decision_type=2 2 2 2 2 1 1 2 2 1 2 1 2 2 1 2 1 2 2 1 2 2 2 2 2 2 1 1 2 1
left_child=2 20 3 5 6 -1 7 25 11 10 -10 26 19 -12 -15 24 -13 -18 -9 -11 -2 -4 -5 -22 -14 -3 -8 28 -25 -26
right_child=1 4 21 22 -6 -7 8 18 9 12 13 16 15 14 -16 -17 17 -19 -20 -21 23 -23 -24 27 29 -27 -28 -29 -30 -31
leaf_value=2.638611297974481e-05 0.00046877606161093929 0.0010089461510055587 -9.4342058178987045e-05 0.0002244897296883661 -8.1511788682074224e-05 -0.00013388754121396 0.00013776139428298519 4.285504501945089e-05 7.1000993314993536e-05 4.244032344793187e-05 -0.00013414605820783796 -4.1007193780127987e-05 0.00089761029376320936 -0.0001927120162703268 -0.00065022074221112835 8.1063264151316888e-05 -0.00016045322418421727 9.0399932629548469e-06 -0.00018470872267663306 -4.3991567461189203e-05 -2.2866693520095895e-05 -0.0002166089491602949 -2.7328690229507999e-05 1.1833650102220298e-05 0.00033847650388772738 0.00023293378002409615 2.7187493304147001e-05 -7.1857508896909855e-05 -0.00010612862046850578 0.0001830701316978034
leaf_weight=1722 548 165 12645 982 49765 12038 47192 43489 77804 72253 38893 135193 2506 23078 16334 126950 84367 20287 7443 92245 217986 5162 9595 23708 12432 10804 68348 70443 9236 22178
leaf_count=1722 548 165 12645 982 49765 12038 47192 43489 77804 72253 38893 135193 2506 23078 16334 126950 84367 20287 7443 92245 217986 5162 9595 23708 12432 10804 68348 70443 9236 22178
internal_value=-0.000160593 -0.000115956 -0.00150959 -0.00104512 -4.08533e-05 -0.00174419 -1.4198e-05 0.00036092 -4.18429e-05 5.37154e-05 -0.00045411 -0.000172166 0.000295001 -0.00130228 -0.00191465 0.000642545 -0.00043624 -0.000675209 0.000118588 -5.16128e-05 -0.000337988 -0.00214438 -0.000135673 -0.000344819 0.00128031 0.00148646 0.000376027 -0.000562306 -0.000203922 0.00116296
internal_weight=1.31579e+06 1.27365e+06 42144 24337 951726 13760 901961 61901 840060 484673 156109 355387 328564 78305 39412 164066 239847 104654 50932 164498 321921 17807 10577 321373 37116 10969 115540 103387 32944 34610
internal_count=1315791 1273647 42144 24337 951726 13760 901961 61901 840060 484673 156109 355387 328564 78305 39412 164066 239847 104654 50932 164498 321921 17807 10577 321373 37116 10969 115540 103387 32944 34610
cat_boundaries=0 1 2 3 4 5 6 7 8 9 10
cat_threshold=84 16 65 65 1 12 34 64 88 14812427
is_linear=0
shrinkage=0.05


Tree=94
num_leaves=31
num_cat=9
split_feature=7 7 1 3 1 6 6 1 3 6 1 3 1 6 7 3 7 3 1 1 3 6 3 1 6 1 6 2 7 6
split_gain=29.3196 7.22889 5.98571 7.19955 5.09986 4.28706 3.77808 5.3657 9.51496 7.55826 6.24243 5.34592 13.8551 4.81175 3.61963 3.28622 3.21342 3.11144 26.2663 6.57641 4.74397 3.9255 3.56019 3.44556 3.00066 2.96775 2.70458 2.6599 4.05227 2.62697
threshold=0.028165668868557519 0.071194167871942035 0 4.5000000000000009 1 13.096752706020476 12.482153937926691 2 3.5000000000000004 13.63147563377021 3 5.5000000000000009 4 14.037908028093151 0.064049632428339623 4.5000000000000009 0.045308045100993642 4.5000000000000009 5 6 5.5000000000000009 12.824983095337226 5.5000000000000009 7 13.296787582034348 8 13.137882825286564 17.500000000000004 0.078539738675614132 11.79893450632702
decision_type=2 2 1 2 1 2 2 1 2 2 1 2 1 2 2 2 2 2 1 1 2 2 2 1 2 1 2 2 2 2
left_child=2 6 15 4 -4 -5 11 8 10 16 13 -2 29 24 -12 -1 -10 19 22 -9 -20 -21 -19 -22 -8 26 -16 -3 -29 -13
right_child=1 27 3 5 -6 -7 7 17 9 -11 14 12 -14 -15 25 -17 -18 18 20 21 23 -23 -24 -25 -26 -27 -28 28 -30 -31
leaf_value=-8.9826919736847585e-05 5.0750262710711265e-05 -1.287010172977109e-05 -0.00012280946805870546 0.00010840165425465132 -2.2106623137183707e-05 -4.3338741856767983e-05 0.0003115446819795622 -7.0561954354155433e-06 0.00011880678667954697 -2.5653790147792068e-05 -7.1901052473167157e-05 0.0015795161322614004 -0.00034292352168687444 -6.9659923359802144e-05 0.00042224891704967379 -0.000206045849358771 4.0681337771283368e-05 -1.3265906551785686e-05 -9.283062061230481e-05 4.3071461508999705e-06 -0.0001835414122635568 -8.599561569105297e-05 9.1206619031349964e-05 -0.00064768339854225424 5.6506099884172857e-05 -7.6120676948056933e-05 4.3764885074423964e-05 -0.00011125102333068611 4.6173872136440669e-05 0.00034541948031303204
leaf_weight=12655 43177 404771 17138 4727 7490 5315 2543 116739 16635 60327 110465 230 5252 9154 741 5166 57204 15275 23222 14843 21050 61999 15724 2661 19431 16256 16405 15592 211696 1908
leaf_count=12655 43177 404771 17138 4727 7490 5315 2543 116739 16635 60327 110465 230 5252 9154 741 5166 57204 15275 23222 14843 21050 61999 15724 2661 19431 16256 16405 15592 211696 1908
internal_value=-0.000155767 -0.000107656 -0.00131365 -0.000929932 -0.00139029 0.000198167 -0.000227339 -0.000263436 -0.000120986 0.000195801 -0.000363869 0.000187176 -0.00105548 0.000278116 -0.000502757 -0.00205849 0.000535014 -0.000425619 -0.0006924 -0.00031824 -0.00143823 -0.000677407 0.00043713 -0.00193602 0.000679438 -4.6705e-05 0.0004121 1.18727e-05 0.000148753 0.0023324
internal_weight=1.31579e+06 1.2633e+06 52491 34670 24628 10042 631241 580674 309161 134166 174995 50567 7390 31128 143867 17821 73839 271513 77932 193581 46933 76842 30999 23711 21974 33402 17146 632059 227288 2138
internal_count=1315791 1263300 52491 34670 24628 10042 631241 580674 309161 134166 174995 50567 7390 31128 143867 17821 73839 271513 77932 193581 46933 76842 30999 23711 21974 33402 17146 632059 227288 2138
cat_boundaries=0 1 2 3 4 5 6 7 8 9
cat_threshold=1 34 26 16 38 36 65 1 8
is_linear=0
shrinkage=0.05


Tree=95
num_leaves=31
num_cat=14
split_feature=7 7 1 3 1 6 5 5 0 3 5 3 1 3 1 1 3 0 0 5 0 0 6 3 1 1 0 6 0 3
split_gain=26.9399 6.70734 5.76392 6.26209 4.40308 3.86927 3.74558 3.77966 2.97413 2.93446 2.3712 2.65244 5.53693 3.50636 13.3477 7.10456 6.126 3.15618 2.75852 2.19174 2.57329 2.18694 2.16778 4.19954 10.1806 3.17017 2.5929 2.34501 2.15443 2.0999
threshold=0.028165668868557519 0.071194167871942035 0 4.5000000000000009 1 13.096752706020476 5.5000000000000009 6.5000000000000009 2 4.5000000000000009 5.5000000000000009 1.0000000180025095e-35 3 1.5000000000000002 4 5 3.5000000000000004 6 7 6.5000000000000009 8 9 12.482153937926691 5.5000000000000009 10 11 12 12.845505840595335 13 5.5000000000000009
decision_type=2 2 1 2 1 2 2 2 1 2 2 2 1 2 1 1 2 1 1 2 1 1 2 2 1 1 1 2 1 2
left_child=2 6 9 4 -4 28 22 -8 -9 -1 11 12 -3 14 -13 16 21 -16 -18 20 -12 -15 23 -2 -25 27 -26 -24 -5 -17
right_child=1 10 3 5 -6 -7 7 8 -10 -11 19 13 -14 15 17 29 18 -19 -20 -21 -22 -23 25 24 26 -27 -28 -29 -30 -31
leaf_value=-8.5335573750005062e-05 5.740353449608985e-05 0.00020778824170133685 -0.00011666899465577024 0.00028882108047237261 -2.1001291980324627e-05 -4.1171804763929612e-05 -6.8411060257919754e-05 2.627725036537932e-05 -4.5062678310599641e-05 -0.00019574355689083237 -0.0001460485103389092 -0.00070428022861827302 5.6510674360907266e-06 9.8762548266608397e-05 -9.8466812732574019e-05 5.1040514565610078e-06 0.00030974960353341748 5.1855378025641054e-05 0.00014227104122991759 1.2479764259111133e-05 -3.3310920217217867e-05 -7.5657832432601932e-05 -4.73907060673596e-05 -0.0003655065108442157 0.00079668371780645345 -1.3954085200593585e-05 8.8180385938464481e-05 -0.00022042256415997011 7.6174388493609169e-05 -7.7434003874208088e-05
leaf_weight=12655 28941 21371 17138 443 7490 5315 116112 32008 53493 5166 27296 5905 36923 12358 24539 181551 14805 31759 36525 86108 88476 22236 14226 3312 615 370649 696 11189 4284 42207
leaf_count=12655 28941 21371 17138 443 7490 5315 116112 32008 53493 5166 27296 5905 36923 12358 24539 181551 14805 31759 36525 86108 88476 22236 14226 3312 615 370649 696 11189 4284 42207
internal_value=-0.000150409 -0.000104292 -0.00126031 -0.000883796 -0.00131314 0.000168292 -0.000219577 -0.000397371 -0.000145087 -0.0019912 1.08443e-05 7.71876e-05 0.000390777 2.80317e-05 -0.000314536 9.68401e-05 0.000483277 -7.70773e-05 0.000829923 -0.000130524 -0.000272606 -3.09314e-05 -0.000136142 0.000249671 -0.00114969 -0.000168838 0.00257002 -0.000708949 0.00120901 -5.15725e-05
internal_weight=1.31579e+06 1.2633e+06 52491 34670 24628 10042 631241 201613 85501 17821 632059 430179 58294 371885 62203 309682 85924 56298 51330 201880 115772 34594 429628 33564 4623 396064 1311 25415 4727 223758
internal_count=1315791 1263300 52491 34670 24628 10042 631241 201613 85501 17821 632059 430179 58294 371885 62203 309682 85924 56298 51330 201880 115772 34594 429628 33564 4623 396064 1311 25415 4727 223758
cat_boundaries=0 1 2 3 4 5 6 7 8 9 10 11 12 13 14
cat_threshold=1 34 50549 84 32 34 8678531 546562 4235345 615756 65 96 14733994 131336
is_linear=0
shrinkage=0.05


Tree=96
num_leaves=31
num_cat=9
split_feature=7 7 1 3 1 1 5 5 3 0 2 6 2 7 7 2 1 3 3 6 3 1 1 1 6 6 3 1 6 7
split_gain=25.4041 6.09483 5.36958 5.67148 4.23128 3.53397 3.36295 3.4411 2.97232 2.62861 2.4083 2.51567 2.45283 2.70663 2.29054 2.13625 2.03508 24.4145 13.2838 8.47653 5.28924 5.24353 4.06564 3.89656 3.57968 3.49405 2.75784 2.6333 2.38366 2.29626
threshold=0.028165668868557519 0.071194167871942035 0 4.5000000000000009 1 2 5.5000000000000009 6.5000000000000009 4.5000000000000009 3 16.500000000000004 12.178043472755791 8.5000000000000018 0.10414963761858197 0.080256544605338681 8.5000000000000018 4 4.5000000000000009 4.5000000000000009 12.914605851762095 5.5000000000000009 5 6 7 13.418732110989612 12.824983095337226 5.5000000000000009 8 14.200316706876533 0.053728384080022847
decision_type=2 2 1 2 1 1 2 2 2 1 2 2 2 2 2 2 1 2 2 2 2 1 1 1 2 2 2 1 2 2
left_child=2 6 8 4 -4 -5 16 -8 -1 -9 12 -12 14 -14 -3 -7 17 -2 21 -20 -19 24 26 -22 -18 -23 -21 -27 -26 -29
right_child=1 10 3 5 -6 15 7 9 -10 -11 11 -13 13 -15 -16 -17 18 20 19 22 23 25 -24 -25 28 27 -28 29 -30 -31
leaf_value=-8.1068795062504823e-05 1.5502129308815542e-05 -7.873330390354902e-05 -0.00011083554492298184 0.00020808315832252227 -1.9951227381308551e-05 -0.00017686190790088896 -6.4990507245024005e-05 2.4963387847110461e-05 -0.00018595637904629086 -4.2809544395069608e-05 0.00024902107186657854 1.7701605057226519e-05 -2.313496627597758e-05 -0.00022621509567690687 5.6270315385060002e-05 3.4318749593062664e-06 0.00025444506842271526 -7.7808959980607971e-05 0.00021887963011606119 1.2110525870023724e-05 -0.00017163601645872454 3.1628638815905525e-05 -7.5861109806160527e-05 -0.00063303391005113316 4.9143719792597095e-05 -0.00026485696275466917 8.6183999204685435e-05 -5.3184663878590581e-05 -0.00010973545185032539 -2.4826889533757101e-05
leaf_weight=12655 97678 9157 17138 2162 7490 1530 116112 32008 5166 53493 11549 293400 243935 10510 63508 6350 3124 19682 11207 30706 15024 20775 12215 3494 19539 5151 28879 90895 4093 67166
leaf_count=12655 97678 9157 17138 2162 7490 1530 116112 32008 5166 53493 11549 293400 243935 10510 63508 6350 3124 19682 11207 30706 15024 20775 12215 3494 19539 5151 28879 90895 4093 67166
internal_value=-0.000143455 -9.86713e-05 -0.00122126 -0.000857844 -0.00126645 0.000143397 -0.000208567 -0.000377035 -0.0019267 -0.000136315 1.10816e-05 0.000112165 -8.31536e-05 -0.000156322 0.000173053 -0.000348544 -0.000129509 -0.000289504 -5.54887e-05 0.00048026 -0.00136126 -0.000266511 0.000280639 -0.00196782 0.000387431 -0.00036161 0.000450959 -0.000439368 0.000177301 -0.000403016
internal_weight=1.31579e+06 1.2633e+06 52491 34670 24628 10042 631241 201613 17821 85501 632059 304949 327110 254445 72665 7880 429628 135878 293750 83007 38200 210743 71800 18518 26756 183987 59585 163212 23632 158061
internal_count=1315791 1263300 52491 34670 24628 10042 631241 201613 17821 85501 632059 304949 327110 254445 72665 7880 429628 135878 293750 83007 38200 210743 71800 18518 26756 183987 59585 163212 23632 158061
cat_boundaries=0 1 2 3 4 5 6 7 8 9
cat_threshold=1 34 32 50549 65 16 14 1 32
is_linear=0
shrinkage=0.05


Tree=97
num_leaves=31
num_cat=9
split_feature=7 7 1 3 1 1 6 1 3 6 3 1 6 1 3 1 1 6 2 6 7 3 7 7 7 7 1 7 2 2
split_gain=23.153 5.61251 5.00737 5.37106 3.95681 3.47518 3.28959 3.096 8.57519 6.76784 5.28447 30.2588 7.46885 6.51323 6.26448 5.53889 5.22028 4.01615 3.31073 3.02136 3.3356 2.92225 2.86126 2.82097 3.90924 3.85335 4.80286 4.76618 4.6057 2.91794
threshold=0.028165668868557519 0.071194167871942035 0 4.5000000000000009 1 2 11.79893450632702 3 3.5000000000000004 13.63147563377021 4.5000000000000009 4 12.757262318944296 5 5.5000000000000009 6 7 13.99691127342979 20.500000000000004 12.698342927798235 0.055380707831157457 4.5000000000000009 0.045308045100993642 0.054777123202907098 0.057428253650754317 0.045308045100993642 8 0.048049715389804147 15.500000000000002 11.500000000000002
decision_type=2 2 1 2 1 1 2 1 2 2 2 1 2 1 2 1 1 2 2 2 2 2 2 2 2 2 1 2 2 2
left_child=2 6 21 4 -4 -5 -2 8 16 22 12 19 -9 -14 -13 -16 17 -8 23 20 -12 -1 -10 25 -25 -18 27 -27 -29 -26
right_child=1 -3 3 5 -6 -7 7 10 9 -11 11 14 13 -15 15 -17 18 -19 -20 -21 -22 -23 -24 24 29 26 -28 28 -30 -31
leaf_value=-7.7015355309379555e-05 0.00026791769233973568 2.1286982818862227e-06 -0.00010529376767683258 0.00019767900040639627 -1.8953666012243277e-05 -1.7140046060869825e-05 7.9925008775804212e-05 2.3080621242273406e-05 0.00011373223832677256 -2.2193427815792818e-05 0.00030054063601135834 -8.4200651935246835e-05 -5.3700325368853821e-06 -7.5715408358841915e-05 -0.00016256872844533718 -0.00059423394950895692 7.7452054787149209e-06 -5.259537344511181e-05 -0.00012402480875188426 3.0522640914843695e-05 0.00020076920439237764 -0.00017665856009397627 3.9902305362892604e-05 0.00017239425896713244 7.4801694852475435e-05 5.586951869484254e-05 -0.00016575150398323587 -9.1327559719793343e-05 0.00065737449794479636 -5.0740945563880875e-05
leaf_weight=12655 3294 632059 17138 2162 7490 7880 20249 82879 16811 60327 1271 28164 70074 73446 23536 5174 17456 10879 20049 28491 4885 5166 57399 2412 10785 8409 13198 31187 145 40721
leaf_count=12655 3294 632059 17138 2162 7490 7880 20249 82879 16811 60327 1271 28164 70074 73446 23536 5174 17456 10879 20049 28491 4885 5166 57399 2412 10785 8409 13198 31187 145 40721
internal_value=-0.000138021 -9.52676e-05 -0.00116696 -0.000816033 -0.00121366 0.000158334 -0.000200725 -0.000208992 -9.65542e-05 0.000203772 -0.000318625 -0.000639253 -0.000189026 -0.000407262 -0.00134871 -0.00186869 -0.0003268 0.000260452 -0.000453413 0.000525578 0.00153021 -0.00184819 0.000523513 -0.000357285 -8.51305e-05 -0.000565737 -0.000778161 -0.000503259 -0.000787056 -0.000177262
internal_weight=1.31579e+06 1.2633e+06 52491 34670 24628 10042 631241 627947 310027 134537 317920 91521 226399 143520 56874 28710 175490 31128 144362 34647 6156 17821 74210 124313 53918 70395 52939 39741 31332 51506
internal_count=1315791 1263300 52491 34670 24628 10042 631241 627947 310027 134537 317920 91521 226399 143520 56874 28710 175490 31128 144362 34647 6156 17821 74210 124313 53918 70395 52939 39741 31332 51506
cat_boundaries=0 1 2 3 4 5 6 7 8 9
cat_threshold=1 34 32 26 36 1 1 16 8
is_linear=0
shrinkage=0.05


Tree=98
num_leaves=31
num_cat=10
split_feature=7 7 1 3 6 1 6 1 6 6 3 1 3 1 3 3 1 6 1 7 6 3 6 1 6 1 7 6 2 1
split_gain=21.2355 5.20074 4.79012 4.86759 4.06953 4.11353 5.06075 3.52228 3.18453 3.07533 2.93353 21.1401 39.1982 16.6255 12.9774 9.97214 12.9846 5.30658 4.98226 4.47134 3.48604 2.925 2.9146 2.80985 2.75622 4.73871 7.53477 5.70934 4.29969 4.15749
threshold=0.028165668868557519 0.048739663163306905 0 4.5000000000000009 13.866811852237587 1 13.213503054551053 2 13.132493889510007 11.583360624843122 2.5000000000000004 3 4.5000000000000009 4 5.5000000000000009 5.5000000000000009 5 12.908474988866919 6 0.11437927845860141 13.152188648711387 5.5000000000000009 12.178043472755791 7 14.091672654278895 8 0.046314219883237036 13.152188648711387 20.500000000000004 9
decision_type=2 2 1 2 2 1 2 1 2 2 2 1 2 1 2 2 1 2 1 2 2 2 2 1 2 1 2 2 2 1
left_child=2 24 -1 7 5 6 -3 -4 -5 -7 13 12 -12 -11 17 -14 -17 22 -15 -20 -16 -8 -13 -19 25 27 29 -2 -29 -27
right_child=1 4 3 8 -6 9 21 -9 -10 10 11 14 15 18 20 16 -18 23 19 -21 -22 -23 -24 -25 -26 26 -28 28 -30 -31
leaf_value=-9.8092681286887076e-05 0.00018914278806901497 0.0004085412859307603 -0.00010002907929299102 8.7430125334001934e-05 -4.6695449560571332e-05 0.00039601415333299737 8.5607659317161165e-05 -1.8005982711631252e-05 -3.9219992222381404e-05 5.8381926948646505e-05 6.685624976020568e-05 0.00039131868649328597 -0.00012211240747021584 -2.8584174423960717e-05 0.00024625994926171402 -0.00016733365207744627 -0.00058798054031152414 1.5747012543551914e-05 -0.0001507476552761818 4.9165399307275878e-06 9.0561917727759308e-05 -0.00014205220756232487 6.9887740623306732e-05 -5.6170541668634208e-05 -0.00012511974266519332 1.8629070645204981e-05 -0.00017982387662586219 4.8341966943845316e-05 -5.4580900350987947e-05 -3.3642980782274847e-05
leaf_weight=17821 4201 3965 17138 4954 119056 4516 31559 7490 5088 115918 78051 4783 39062 127817 32631 23245 16254 126811 82974 19837 46466 5347 49988 55282 6071 38322 14628 26933 20891 168692
leaf_count=17821 4201 3965 17138 4954 119056 4516 31559 7490 5088 115918 78051 4783 39062 127817 32631 23245 16254 126811 82974 19837 46466 5347 49988 55282 6071 38322 14628 26933 20891 168692
internal_value=-0.000132017 -9.10722e-05 -0.00111743 -0.000774223 -3.69689e-05 7.73817e-07 0.000490324 -0.00115275 0.000153355 -2.35247e-05 -3.06988e-05 5.03297e-05 -0.000424654 -0.000141195 0.000285769 -0.00121313 -0.00177334 0.000100605 -0.000386711 -0.000645832 0.000840296 0.000308079 0.000532123 -2.91896e-05 -0.0002813 -0.000257924 -0.000358717 0.000171518 1.63086e-05 -0.000281238
internal_weight=1.31579e+06 1.2633e+06 52491 34670 983562 864506 40871 24628 10042 823635 819119 472573 156612 346546 315961 78561 39499 236864 230628 102811 79097 36906 54771 182093 279738 273667 221642 52025 47824 207014
internal_count=1315791 1263300 52491 34670 983562 864506 40871 24628 10042 823635 819119 472573 156612 346546 315961 78561 39499 236864 230628 102811 79097 36906 54771 182093 279738 273667 221642 52025 47824 207014
cat_boundaries=0 1 2 3 4 5 6 7 8 9 10
cat_threshold=1 16 34 65 65 1 12 10 24 2
is_linear=0
shrinkage=0.05


Tree=99
num_leaves=31
num_cat=16
split_feature=7 5 5 1 3 6 3 3 1 0 0 1 0 7 6 1 0 3 3 1 3 1 1 3 0 1 0 6 0 0
split_gain=19.4578 5.28212 4.9958 4.0901 4.67286 3.78316 3.57485 3.57323 6.51831 3.7184 3.67599 3.3199 3.19406 3.16739 3.07875 3.05774 2.76601 2.51545 2.32299 4.17431 3.44201 10.8458 7.14942 5.16287 2.88077 2.82945 2.80875 2.12805 2.07553 2.01063
threshold=0.028165668868557519 5.5000000000000009 6.5000000000000009 0 4.5000000000000009 14.054192953675225 2.5000000000000004 5.5000000000000009 1 2 3 4 5 0.07329333279788576 13.757193973063826 6 7 4.5000000000000009 1.0000000180025095e-35 8 1.5000000000000002 9 10 5.5000000000000009 11 12 13 12.55648741036959 14 15
decision_type=2 2 2 1 2 2 2 2 1 1 1 1 1 2 2 1 1 2 2 1 2 1 1 2 1 1 1 2 1 1
left_child=3 13 12 17 11 6 15 9 -9 -8 -10 -5 -3 29 27 -4 -17 -1 19 -15 21 -20 23 26 -25 -23 -22 28 -6 -2
right_child=1 2 5 4 14 -7 7 8 10 -11 -12 -13 -14 18 -16 16 -18 -19 20 -21 22 25 -24 24 -26 -27 -28 -29 -30 -31
leaf_value=-6.825995347956616e-05 -2.4664080149923522e-05 -0.00010010006029238572 9.5171589029214497e-05 -9.50276253283415e-05 -1.3567437072466873e-05 -0.00017746258103197338 -1.6034070965705071e-07 -0.00021608801033968798 -0.00020555120462407555 0.00010061537362018229 0.00010193939377774174 -1.7105683576049809e-05 -3.9256183905244404e-05 0.00019248393807398345 -0.00015759676917313792 1.8516233480981578e-05 -8.9129599966906255e-05 -0.00016292099802493309 -0.00066678023622923632 1.1497688181484314e-05 0.00017344063658826723 6.9975401702815834e-05 -1.0478761129592301e-05 0.00046824576459658174 0.00016448292999804773 -7.1162448570547928e-05 2.2989495747704616e-05 5.9814348221177506e-06 0.00033341293320837277 -1.3569383441275482e-06
leaf_weight=12655 202341 80698 11459 17138 576 7747 32777 7840 3386 38931 12715 7490 151186 20566 1082 16949 39805 5166 5533 34874 18568 19334 212168 7367 8249 34306 48133 7446 938 248368
leaf_count=12655 202341 80698 11459 17138 576 7747 32777 7840 3386 38931 12715 7490 151186 20566 1082 16949 39805 5166 5533 34874 18568 19334 212168 7367 8249 34306 48133 7446 938 248368
internal_value=-0.000129395 -9.02015e-05 -0.000239448 -0.00107266 -0.00075548 -3.49353e-05 1.61099e-05 0.000213331 -0.000315569 0.000389913 0.00026038 -0.00112636 -0.0003908 -2.01627e-05 0.000153355 -0.000260435 -0.000410825 -0.00168835 8.05663e-05 0.000381492 3.33927e-05 -0.000314587 0.000103315 0.000498802 0.00131724 -9.69257e-05 0.000307266 0.000457588 0.00216645 -0.000111592
internal_weight=1.31579e+06 1.2633e+06 403493 52491 34670 171609 163862 95649 23941 71708 16101 24628 231884 859807 10042 68213 56754 17821 409098 55440 353658 59173 294485 82317 15616 53640 66701 8960 1514 450709
internal_count=1315791 1263300 403493 52491 34670 171609 163862 95649 23941 71708 16101 24628 231884 859807 10042 68213 56754 17821 409098 55440 353658 59173 294485 82317 15616 53640 66701 8960 1514 450709
cat_boundaries=0 1 2 3 4 5 6 7 8 9 10 11 12 13 14 15 16
cat_threshold=1 65 2862218 938560 34 5120113 80 171025 84 32 34 3691914 65 615684 369842 9312453
is_linear=0
shrinkage=0.05


Tree=100
num_leaves=31
num_cat=13
split_feature=7 5 5 1 3 6 3 3 1 0 0 1 6 3 1 0 3 1 3 3 1 1 3 3 1 3 3 1 1 6
split_gain=17.663 4.71822 4.49507 3.76188 4.14935 3.39864 3.23738 3.35088 5.96701 3.43829 3.42075 3.03316 2.86987 5.95893 19.8625 3.73388 3.6454 3.45213 3.32429 2.95267 3.18907 2.89677 22.9267 6.55734 11.2795 13.63 11.6225 7.64212 5.1298 4.0988
threshold=0.028165668868557519 5.5000000000000009 6.5000000000000009 0 4.5000000000000009 14.054192953675225 2.5000000000000004 5.5000000000000009 1 2 3 4 12.524089917644028 4.5000000000000009 5 6 5.5000000000000009 7 1.5000000000000002 1.0000000180025095e-35 8 9 5.5000000000000009 3.5000000000000004 10 5.5000000000000009 4.5000000000000009 11 12 13.147788404636154
decision_type=2 2 2 1 2 2 2 2 1 1 1 1 2 2 1 1 2 1 2 2 1 1 2 2 1 2 2 1 1 2
left_child=3 12 -3 -1 11 6 -4 10 -9 -10 -8 -5 13 17 15 -15 -16 -2 19 -19 -21 22 -14 27 26 28 -25 -23 -26 -27
right_child=1 2 5 4 -6 -7 7 8 9 -11 -12 -13 21 14 16 -17 -18 18 -20 20 -22 23 -24 24 25 29 -28 -29 -30 -31
leaf_value=-8.9056003873040298e-05 0.00018263377648197596 -5.6165161342112144e-05 -3.7160593913810069e-05 -9.0276244061924399e-05 7.4317350907399768e-06 -0.00016858945198037459 -1.5232367417435153e-07 -0.00020528360982270344 -0.00019527364439287173 9.6842424088855049e-05 9.5584604939172863e-05 -1.6250399397247492e-05 4.5318006464004971e-06 0.00068576506960024014 -0.00011868112583771176 0.0002237961838235699 -0.00031956619584713953 4.1360131567197197e-05 7.229240874137128e-05 -0.00054727303402854032 -1.5710530554313015e-05 1.9211037823209265e-05 -0.00067829716473531915 6.3133157930687388e-05 7.2282032480917082e-05 0.00023438263282195222 -8.8539345022262876e-05 -4.316365540060543e-05 -2.0981079043779065e-05 9.4632412144154062e-05
leaf_weight=17821 32053 231884 68213 17138 10042 7747 32777 7840 3386 12715 38931 7490 34537 2847 9990 6396 9468 7662 25219 3378 4316 132496 5442 33310 51915 20387 65002 278822 90415 46152
leaf_count=17821 32053 231884 68213 17138 10042 7747 32777 7840 3386 12715 38931 7490 34537 2847 9990 6396 9468 7662 25219 3378 4316 132496 5442 33310 51915 20387 65002 278822 90415 46152
internal_value=-0.000123467 -8.61248e-05 -0.00022718 -0.00102218 -0.000717994 -3.31871e-05 1.51945e-05 0.000202876 -0.000309303 0.000241759 0.000373876 -0.00106749 -1.99301e-05 0.000229992 -0.000379953 0.00152761 -0.00128621 0.000471029 0.000164468 -0.000415474 -0.00110736 -5.33185e-05 -0.000467505 -3.02653e-05 0.000144523 0.00035238 -0.000297086 -0.000160801 7.62301e-05 0.00094313
internal_weight=1.31579e+06 1.2633e+06 403493 52491 34670 171609 163862 95649 23941 16101 71708 24628 859807 101329 28701 9243 19458 72628 40575 15356 7694 758478 39979 718499 307181 208869 98312 411318 142330 66539
internal_count=1315791 1263300 403493 52491 34670 171609 163862 95649 23941 16101 71708 24628 859807 101329 28701 9243 19458 72628 40575 15356 7694 758478 39979 718499 307181 208869 98312 411318 142330 66539
cat_boundaries=0 1 2 3 4 5 6 7 8 9 10 11 12 13
cat_threshold=1 65 938560 2862218 34 38 13422602 64 32 64 17 17 34
is_linear=0
shrinkage=0.05


Tree=101
num_leaves=31
num_cat=11
split_feature=7 7 1 3 2 2 1 3 1 1 6 1 3 6 7 3 1 7 6 1 3 1 1 3 0 6 1 7 2 7
split_gain=16.5035 4.42314 3.48931 3.83551 3.43982 3.37639 3.18384 6.17517 29.5882 7.12703 6.10609 6.65187 4.88481 4.74195 4.48916 4.22 6.38188 3.10687 3.03191 2.98199 4.06093 2.8214 2.81401 2.61662 2.4871 2.29117 2.28499 5.79284 6.0915 3.71958
threshold=0.028165668868557519 0.077032174627853778 0 4.5000000000000009 17.500000000000004 8.5000000000000018 1 5.5000000000000009 2 3 13.238405342681794 4 5.5000000000000009 12.55648741036959 0.042850691317860783 3.5000000000000004 5 0.045308045100993642 12.763054968923383 6 4.5000000000000009 7 8 5.5000000000000009 9 12.932120731082575 10 0.08960462641287327 19.500000000000004 0.08756692481203783
decision_type=2 2 1 2 2 2 1 2 1 1 2 1 2 2 2 2 1 2 2 1 2 1 1 2 1 2 1 2 2 2
left_child=2 6 23 21 5 -3 10 13 24 -10 11 25 18 -8 -12 16 -15 -18 -13 -17 -21 -4 -5 -1 -9 -2 29 28 -28 -6
right_child=1 4 3 22 26 -7 7 8 9 -11 14 12 -14 15 -16 19 17 -19 -20 20 -22 -23 -24 -25 -26 -27 27 -29 -30 -31
leaf_value=-6.6150001722252436e-05 0.00027146703226952907 5.1922571243794138e-05 -8.5762431858828209e-05 0.00017658956350853161 2.287883834640834e-05 -3.04214874085136e-05 2.6398924346527787e-05 1.4300961771336688e-05 -0.00014353331409447029 -0.00055609458227866759 -5.5451782423187561e-05 8.1117632612888793e-05 0.00011144337357713308 -1.4259876625011222e-05 -1.1270983132682032e-05 3.4203904679263365e-05 -1.9664912596126818e-05 -0.00013237308482828369 -2.8907670172404025e-05 1.8948318892561953e-05 -7.5839138031935074e-05 -1.543787942738515e-05 -1.9693886157385508e-05 -0.00018250337205571681 0.00015567359011281503 0.00010815090011454524 0.00029135022614109517 3.2777329792101066e-05 -0.00016310248925406644 -0.00030319949757679312
leaf_weight=15182 3597 63919 17138 2162 12557 282435 63362 9877 23568 6329 39812 8830 9121 85834 232657 35104 15865 53039 45029 22072 21363 7490 7880 2639 10762 17534 13679 178288 3251 5416
leaf_count=15182 3597 63919 17138 2162 12557 282435 63362 9877 23568 6329 39812 8830 9121 85834 232657 35104 15865 53039 45029 22072 21363 7490 7880 2639 10762 17534 13679 178288 3251 5416
internal_value=-0.000119173 -8.30773e-05 -0.000987885 -0.000694926 2.18469e-05 -7.54154e-05 -0.000166501 -0.000274279 -0.000785184 -0.00179005 -6.15565e-05 0.000310838 5.31819e-05 -0.000187249 -0.000176517 -0.000291436 -0.000442943 -0.00080129 -0.000128021 7.06536e-06 -0.000269883 -0.00103094 0.000128459 -0.00155656 0.000670976 0.00107824 0.000179861 0.000229525 0.00111341 -0.000359507
internal_weight=1.31579e+06 1.2633e+06 52491 34670 559545 346354 703755 347175 50536 29897 356580 84111 62980 296639 272469 233277 154738 68904 53859 78539 43435 24628 10042 17821 20639 21131 213191 195218 16930 17973
internal_count=1315791 1263300 52491 34670 559545 346354 703755 347175 50536 29897 356580 84111 62980 296639 272469 233277 154738 68904 53859 78539 43435 24628 10042 17821 20639 21131 213191 195218 16930 17973
cat_boundaries=0 1 2 3 4 5 6 7 8 9 10 11
cat_threshold=1 28 34 1 24 65 34 34 32 1972309 1
is_linear=0
shrinkage=0.05


Tree=102
num_leaves=31
num_cat=13
split_feature=7 5 5 0 1 3 0 2 6 3 1 6 7 0 3 3 1 3 1 1 3 0 0 6 0 0 3 2 0 3
split_gain=14.9353 4.20785 4.04311 3.25071 3.24093 3.64134 2.91796 2.71953 2.65567 2.59896 2.56312 2.44988 2.44648 2.18884 2.21364 1.93602 3.5603 2.89731 9.15687 5.51868 4.23707 2.3629 2.3257 2.31591 1.99474 1.99356 1.92998 2.05006 1.85565 1.82625
threshold=0.028165668868557519 5.5000000000000009 6.5000000000000009 0 1 4.5000000000000009 2 8.5000000000000018 11.583360624843122 4.5000000000000009 3 14.037908028093151 0.07329333279788576 4 1.0000000180025095e-35 1.0000000180025095e-35 5 1.5000000000000002 6 7 5.5000000000000009 8 9 13.296787582034348 10 11 1.5000000000000002 9.5000000000000018 12 1.5000000000000002
decision_type=2 2 2 1 1 2 1 2 2 2 1 2 2 1 2 2 1 2 1 1 2 1 1 2 1 1 2 2 1 2
left_child=4 8 6 -4 9 10 -3 -7 13 -1 26 -5 28 14 -2 16 -14 18 -17 20 22 -22 -19 24 -20 -25 27 -6 -10 -8
right_child=1 2 3 11 5 7 29 -9 12 -11 -12 -13 15 -15 -16 17 -18 19 23 -21 21 -23 -24 25 -26 -27 -28 -29 -30 -31
leaf_value=-5.7086655525823139e-05 0.0020569174793912018 -0.00010219312707793196 4.349687747318237e-05 -1.7161107871799215e-05 -0.00042916582672764063 -0.00015796382748050556 -7.5800013238350343e-05 3.1259094767744494e-05 -2.321643028840151e-05 -0.00014488715509114249 -1.4665985456015892e-05 -0.00016376003747257346 0.00017624755024517173 0.00015247598359003335 0.00078314247871595849 -0.00062738350245386293 7.2646388148053058e-06 0.00015746787326266368 -6.4088051915764494e-05 -1.0787584348376932e-05 0.00041656113198569513 0.00014038073512444291 1.7868533474586438e-05 3.4883008783429643e-05 9.2872114784362097e-05 -0.00016301097893380449 -5.543181000425071e-05 -8.0322697352481391e-05 -1.2176721459494825e-06 -2.416637958121973e-05
leaf_weight=12655 136 50908 48544 116503 1907 1530 53521 8512 201888 5166 7490 6562 20417 2116 844 5391 34751 18427 12968 211455 7291 8202 47694 7847 19489 13170 10478 4753 247721 127455
leaf_count=12655 136 50908 48544 116503 1907 1530 53521 8512 201888 5166 7490 6562 20417 2116 844 5391 34751 18427 12968 211455 7291 8202 47694 7847 19489 13170 10478 4753 247721 127455
internal_value=-0.000114803 -8.04651e-05 -0.000213673 -2.96908e-05 -0.00094121 -0.000658882 -0.000349831 0.000143397 -1.79529e-05 -0.00148926 -0.000986277 -0.000166363 -2.32354e-05 0.0014438 0.00338384 6.55598e-05 0.000340957 2.23894e-05 -0.000297716 8.66849e-05 0.0004359 0.00118021 0.000261565 -9.94702e-05 0.000165294 -0.000508399 -0.00132319 -0.00198949 -0.000103636 -0.000255712
internal_weight=1.31579e+06 1.2633e+06 403493 171609 52491 34670 231884 10042 859807 17821 24628 123065 856711 3096 980 407102 55168 351934 58865 293069 81614 15493 66121 53474 32457 21017 17138 6660 449609 180976
internal_count=1315791 1263300 403493 171609 52491 34670 231884 10042 859807 17821 24628 123065 856711 3096 980 407102 55168 351934 58865 293069 81614 15493 66121 53474 32457 21017 17138 6660 449609 180976
cat_boundaries=0 1 2 3 4 5 6 7 8 9 10 11 12 13
cat_threshold=50261 1 139345 34 20484 84 32 34 3691914 615684 12936323 4817644 9312453
is_linear=0
shrinkage=0.05


Tree=103
num_leaves=31
num_cat=10
split_feature=7 1 6 1 6 6 3 1 3 1 3 3 1 6 7 6 1 3 3 0 7 2 0 3 2 7 0 1 3 3
split_gain=13.836 4.61472 3.69834 5.38681 5.27704 3.47242 3.41738 23.1877 34.9536 13.8669 12.8238 9.28699 13.7009 5.39101 4.38648 3.71467 3.51124 3.0921 3.05795 2.99838 2.9558 3.18249 2.87235 2.59578 5.53466 2.57458 2.44749 2.43952 5.78419 4.68591
threshold=0.036427205497572696 0 13.873910353681742 1 13.090468603901829 12.147946851847994 2.5000000000000004 2 4.5000000000000009 3 5.5000000000000009 5.5000000000000009 4 12.757262318944296 0.11437927845860141 13.152188648711387 5 4.5000000000000009 5.5000000000000009 6 0.033321867509809124 20.500000000000004 7 1.5000000000000002 9.5000000000000018 0.030551983978343782 8 9 4.5000000000000009 1.5000000000000002
decision_type=2 1 2 1 2 2 2 1 2 1 2 2 1 2 2 2 1 2 2 1 2 2 1 2 2 2 1 1 2 2
left_child=1 -1 3 4 -2 27 9 8 -8 14 17 -10 -13 16 -7 22 -11 -9 -6 -19 21 23 -12 24 -3 -26 -18 29 -29 -5
right_child=2 20 -4 5 18 6 7 10 11 13 15 12 -14 -15 -16 -17 26 19 -20 -21 -22 -23 -24 -25 25 -27 -28 28 -30 -31
leaf_value=-1.8282319421310219e-05 0.00043063696245266788 -0.00043323445353540574 -4.3823396797091099e-05 -0.00017697788563091101 8.4501954024843103e-05 -0.00011602771091503372 3.3980973786034356e-05 -7.0813910055778763e-06 -8.5070860164741121e-05 0.00016216559694660023 0.00029112017422247842 -0.00013741125290102761 -0.00054491885116838602 -1.7034716572885084e-05 1.249713711408742e-05 7.2993827412429815e-05 0.000176914221095285 8.7845803521824134e-05 -0.00011427906908208445 2.4002364308003264e-06 -0.0002452402272393135 -7.7033434718765643e-05 0.00013742834460893637 -2.6454227093007483e-05 -7.6161755437659142e-05 1.8527150095317771e-05 -9.3510348564768363e-08 0.00013972757342238501 -0.00018509670438145813 0.00042269314683690578
leaf_weight=43271 3171 2343 129557 3162 37895 100786 99402 187371 49618 28852 14350 36025 14220 223863 19123 57568 3481 47897 6532 45319 3183 17803 21979 29179 5157 3839 44997 19458 8063 8327
leaf_count=43271 3171 2343 129557 3162 37895 100786 99402 187371 49618 28852 14350 36025 14220 223863 19123 57568 3481 47897 6532 45319 3183 17803 21979 29179 5157 3839 44997 19458 8063 8327
internal_value=-0.000110433 -0.000661657 -6.27419e-05 -3.2499e-05 0.000487522 -5.64444e-05 -7.45903e-05 4.80056e-06 -0.000430938 -0.00018276 0.000236665 -0.00109165 -0.0015708 -1.711e-06 -0.000637473 0.000742461 0.000358204 6.74111e-05 0.000346972 0.000302737 -0.00093995 -0.000859126 0.00113835 -0.000614296 -0.00125628 -0.000692531 9.81674e-05 0.000406305 0.000150556 0.00101791
internal_weight=1.31579e+06 104775 1.21102e+06 1.08146e+06 47598 1.03386e+06 994851 573749 199265 421102 374484 99863 50245 301193 119909 93897 77330 280587 44427 93216 61504 58321 36329 40518 11339 8996 48478 39010 27521 11489
internal_count=1315791 104775 1211016 1081459 47598 1033861 994851 573749 199265 421102 374484 99863 50245 301193 119909 93897 77330 280587 44427 93216 61504 58321 36329 40518 11339 8996 48478 39010 27521 11489
cat_boundaries=0 1 2 3 4 5 6 7 8 9 10
cat_threshold=92 16 65 34 1 72 554775 10740778 4227712 32
is_linear=0
shrinkage=0.05


Tree=104
num_leaves=31
num_cat=12
split_feature=7 1 6 1 6 3 1 3 1 1 3 3 6 6 1 7 3 1 0 1 7 2 0 6 6 0 6 0 3 6
split_gain=12.5017 4.32267 3.34675 3.92768 5.81321 3.45085 22.5803 37.4844 14.5119 12.5345 12.5005 9.4439 5.40434 4.37633 3.83275 3.95564 3.23847 3.18138 3.49194 3.14118 2.98618 3.05678 2.62186 2.593 2.58504 2.92851 2.5406 2.53278 2.46902 2.33452
threshold=0.036427205497572696 0 14.054192953675225 1 13.402230870373574 2.5000000000000004 2 5.5000000000000009 3 4 5.5000000000000009 4.5000000000000009 12.908474988866919 13.152188648711387 5 0.11437927845860141 5.5000000000000009 6 7 8 0.033321867509809124 20.500000000000004 9 13.524332381254892 12.178043472755791 10 11.903400437239741 11 4.5000000000000009 13.430114218165301
decision_type=2 1 2 1 2 2 1 2 1 1 2 2 2 2 1 2 2 1 1 1 2 2 1 2 2 1 2 1 2 2
left_child=1 29 3 4 -2 8 7 11 19 -9 12 -7 24 26 23 -16 -6 -14 -19 -5 21 -3 -4 -10 25 -8 -12 -28 -23 -1
right_child=2 20 22 5 16 6 10 9 14 -11 13 -13 17 -15 15 -17 -18 18 -20 -21 -22 28 -24 -25 -26 -27 27 -29 -30 -31
leaf_value=-2.2514890082987471e-07 0.00023233900163048603 -3.8100990757977847e-05 -0.00014061358627346314 0.00010821750827406056 4.0183688938840768e-05 3.7099188293312432e-05 0.00012678837353024926 -0.00012957492464841367 -8.8473712367778469e-06 -0.00050047746263356474 0.001195187133214066 -8.0790431725799171e-05 1.02475128064672e-05 6.6847264129371849e-05 -0.00010920290119672475 1.0863967855329519e-05 -0.00012863273815893911 -0.00011591209814451 -1.7249792756117872e-06 7.695845451108277e-06 -0.0002329782158773479 -5.0138898270949709e-05 -3.1713809572012468e-05 -6.6419267653011112e-05 6.2341095291396388e-05 0.00065375182046410686 0.00030781250563480613 0.00015237624367161513 -0.00013334455631964869 -5.5979500995622464e-05
leaf_weight=29854 10726 40518 16851 51500 53418 107137 3430 36467 101861 17792 782 53506 178165 63851 105923 20287 9149 29174 35295 107423 3183 12642 43082 69164 55921 2718 9365 28029 5161 13417
leaf_count=29854 10726 40518 16851 51500 53418 107137 3430 36467 101861 17792 782 53506 178165 63851 105923 20287 9149 29174 35295 107423 3183 12642 43082 69164 55921 2718 9365 28029 5161 13417
internal_value=-0.000107621 -0.000631593 -6.22877e-05 -4.33213e-05 0.000310832 -6.7407e-05 9.23257e-06 -0.00040533 -0.00017185 -0.00154159 0.000228277 -2.15708e-05 6.78846e-05 0.000707312 -0.000378056 -0.000587071 0.000126503 -3.8619e-05 -0.000339569 0.000213831 -0.000900934 -0.000819689 -0.000426561 -0.000223786 0.000484218 0.00145738 0.00113081 0.00107183 -0.00136578 -0.000248494
internal_weight=1.31579e+06 104775 1.21102e+06 1.15108e+06 73293 1.07779e+06 621632 214902 456158 54259 406730 160643 304703 102027 297235 126210 62567 242634 64469 158923 61504 58321 59933 171025 62069 6148 38176 37394 17803 43271
internal_count=1315791 104775 1211016 1151083 73293 1077790 621632 214902 456158 54259 406730 160643 304703 102027 297235 126210 62567 242634 64469 158923 61504 58321 59933 171025 62069 6148 38176 37394 17803 43271
cat_boundaries=0 1 2 3 4 5 6 7 8 9 10 11 12
cat_threshold=92 16 65 65 1 12 10 5474473 64 12107921 4821288 8537130
is_linear=0
shrinkage=0.05


Tree=105
num_leaves=31
num_cat=16
split_feature=7 5 5 0 3 1 3 1 1 3 3 1 1 3 6 6 1 1 6 0 1 3 1 6 0 3 0 0 0 1
split_gain=11.7227 3.843 3.69304 2.85328 2.74783 5.85693 3.70521 18.3971 7.65056 29.4999 12.1783 8.98596 8.86001 6.25357 4.61616 3.60209 3.431 3.05455 2.83415 2.63535 2.53373 3.0576 2.58599 2.48433 2.43444 2.3595 2.31823 2.31171 2.15047 2.10308
threshold=0.028165668868557519 5.5000000000000009 6.5000000000000009 0 1.0000000180025095e-35 1 1.5000000000000002 2 3 5.5000000000000009 5.5000000000000009 4 5 4.5000000000000009 12.955610201979395 11.583360624843122 6 7 13.147788404636154 8 9 4.5000000000000009 10 14.037908028093151 11 4.5000000000000009 12 13 14 15
decision_type=2 2 2 1 2 1 2 1 1 2 2 1 1 2 2 2 1 1 2 1 1 2 1 2 1 2 1 1 1 1
left_child=20 4 19 -4 5 -2 7 -6 9 13 14 -12 -11 24 17 -13 -9 27 26 -3 25 29 -23 -5 -8 -1 -17 -10 -16 -22
right_child=1 2 3 23 6 -7 8 16 10 12 11 15 -14 -15 28 18 -18 -19 -20 -21 21 22 -24 -25 -26 -27 -28 -29 -30 -31
leaf_value=-4.7873706100046218e-05 0.0001693995076003616 -1.9002384477036205e-05 3.9165049072290321e-05 -1.6176811846217906e-05 -0.00064416840649415732 7.4784834982054103e-06 7.5820697870521383e-05 2.5602654558032704e-05 0.00030796194164584234 -0.00012576201146465431 -0.0001265137830420064 0.0017258578425330328 -0.00049079527808536065 -6.6787302554711166e-05 1.0613783452438119e-05 0.00029206798341631417 -5.0139928536890791e-05 4.1538126749067877e-06 8.3873553051071412e-05 -7.4673358010148621e-05 -7.2632412467187784e-05 0.00016942489148726711 -1.6958407005114974e-05 -0.00016090879766950626 7.3912077951258836e-06 -0.00012712389778466484 0.00013868607093447342 0.00010287496723222039 -2.8124390910697713e-05 -1.2109783498300224e-05
leaf_weight=12655 20868 99162 52432 112900 8591 95581 42058 49635 6686 24983 9716 254 11606 39018 102020 12822 66562 34631 46152 132722 17138 2162 7880 6277 75248 5166 11732 26371 175273 7490
leaf_count=12655 20868 99162 52432 112900 8591 95581 42058 49635 6686 24983 9716 254 11606 39018 102020 12822 66562 34631 46152 132722 17138 2162 7880 6277 75248 5166 11732 26371 175273 7490
internal_value=-0.000104277 -7.38554e-05 -0.000201157 -2.53204e-05 -1.41148e-05 0.000211722 -4.94928e-05 -0.000298027 6.45461e-07 -0.000260546 0.000119024 0.00067207 -0.00153858 3.85725e-05 -1.03061e-05 0.000867267 -0.000132825 0.000359885 0.000846037 -0.000331288 -0.00083643 -0.000586795 0.000148376 -0.000160547 0.000220959 -0.00132102 0.00128003 0.00070357 -0.000100671 -0.000886797
internal_weight=1.31579e+06 1.2633e+06 403493 171609 859807 116449 743358 124788 618570 192913 425657 80676 36589 156324 344981 70960 116197 67688 70706 231884 52491 34670 10042 119177 117306 17821 24554 33057 277293 24628
internal_count=1315791 1263300 403493 171609 859807 116449 743358 124788 618570 192913 425657 80676 36589 156324 344981 70960 116197 67688 70706 231884 52491 34670 10042 119177 117306 17821 24554 33057 277293 24628
cat_boundaries=0 1 2 3 4 5 6 7 8 9 10 11 12 13 14 15 16
cat_threshold=115797 80 32 65 16 1 81 56 9445132 1 32 9495096 9892010 5006528 9037636 34
is_linear=0
shrinkage=0.05


Tree=106
num_leaves=31
num_cat=17
split_feature=7 1 6 6 5 5 0 0 3 1 3 1 1 3 3 1 6 3 1 3 0 0 0 1 3 0 0 0 1 0
split_gain=11.2927 4.04879 3.05967 2.95394 2.78092 2.77206 2.53868 2.29104 2.20557 3.87084 3.00425 14.1785 5.43761 21.457 9.22786 8.51367 4.50814 4.47836 2.63992 2.4329 2.40184 2.37112 2.16894 2.12115 2.28676 2.16703 2.11839 2.04903 2.02909 2.01522
threshold=0.039807080262756707 0 12.147946851847994 13.430114218165301 5.5000000000000009 6.5000000000000009 1 2 1.0000000180025095e-35 3 1.5000000000000002 4 5 5.5000000000000009 4.5000000000000009 6 13.147788404636154 4.5000000000000009 7 5.5000000000000009 8 9 10 11 3.5000000000000004 12 13 14 15 16
decision_type=2 1 2 2 2 2 1 1 2 1 2 1 1 2 2 1 2 2 1 2 1 1 1 1 2 1 1 1 1 1
left_child=1 3 27 -1 8 6 -6 -7 9 -4 11 -10 13 17 23 -15 19 21 -18 20 -16 28 -11 24 -14 -26 -13 -2 -12 -21
right_child=2 -3 4 -5 5 7 -8 -9 10 22 12 26 14 15 16 -17 18 -19 -20 29 -22 -23 -24 -25 25 -27 -28 -29 -30 -31
leaf_value=-2.4775388662175219e-08 0.00018078134018948187 -5.0674600059462429e-05 0.00015345002225990119 -5.4374972548840382e-05 -1.6876841814981576e-05 3.2348903029001594e-05 -7.5664183431867541e-05 -2.7229478460715142e-05 -0.00060570317244235507 3.70808779202815e-05 0.00021602311919482879 -5.5876782700204486e-05 -1.3088803764571707e-05 -0.00011524189363987102 0.0001724333080707754 -0.00048962951571950453 5.0630955754892223e-05 -6.1144853520741886e-05 -5.3295863555395619e-05 3.6711376011194709e-05 -9.3717013353825098e-07 2.0496036294156168e-06 -3.0176501777345884e-05 -3.5340725627307925e-05 -1.8773840004491991e-06 0.00011859749433548326 6.2122639531535211e-06 -3.3873685308475813e-07 3.8450081274928403e-05 0.00025543535026989174
leaf_weight=38959 20277 63144 17741 23506 102903 58207 108558 97021 7418 50988 9619 42966 76907 22962 11305 8911 88473 34025 20703 4504 12390 65391 37677 125807 18655 19883 63563 18019 27356 17953
leaf_count=38959 20277 63144 17741 23506 102903 58207 108558 97021 7418 50988 9619 42966 76907 22962 11305 8911 88473 34025 20703 4504 12390 65391 37677 125807 18655 19883 63563 18019 27356 17953
internal_value=-0.000101579 -0.00055247 -5.39929e-05 -0.000266908 -6.86104e-05 -0.000182295 -0.00030008 -2.184e-05 -1.55196e-05 0.000196134 -4.86981e-05 -0.000282896 -1.45292e-06 -0.00023961 9.95979e-05 -0.00140762 0.000400184 3.33221e-05 0.000225048 0.000814481 0.000461067 0.000198502 6.11773e-05 -9.39279e-05 6.0845e-05 0.000375213 -0.000135585 0.000385679 0.000518452 0.00118738
internal_weight=1.31579e+06 125609 1.19018e+06 62465 1.15189e+06 366689 211461 155228 785197 106406 678791 113947 564844 168264 396580 31873 155328 136391 109176 46152 23695 102366 88665 241252 115445 38538 106529 38296 36975 22457
internal_count=1315791 125609 1190182 62465 1151886 366689 211461 155228 785197 106406 678791 113947 564844 168264 396580 31873 155328 136391 109176 46152 23695 102366 88665 241252 115445 38538 106529 38296 36975 22457
cat_boundaries=0 1 2 3 4 5 6 7 8 9 10 11 12 13 14 15 16 17
cat_threshold=92 11575052 50549 80 32 65 1 14 6972702 9527864 15738263 50 1519833 13001859 13426831 64 4194644
is_linear=0
shrinkage=0.05


Tree=107
num_leaves=31
num_cat=15
split_feature=7 1 6 3 1 1 6 3 1 3 1 1 6 1 6 0 7 7 0 3 0 0 1 3 3 1 0 7 1 6
split_gain=10.2133 3.74127 2.78381 6.06744 15.8444 3.83133 6.1141 3.06056 17.1757 2.91139 7.56312 5.16161 2.81039 2.68836 2.61043 2.34783 2.25267 2.74466 2.22849 2.11476 2.10047 1.9984 1.94816 3.2349 3.07362 10.0674 2.75934 1.93755 3.71911 3.12062
threshold=0.039807080262756707 0 12.55648741036959 5.5000000000000009 1 2 12.89639897621562 5.5000000000000009 3 3.5000000000000004 4 5 13.147788404636154 6 13.430114218165301 7 0.088353374510385843 0.10121563202033958 8 5.5000000000000009 9 10 11 1.0000000180025095e-35 1.5000000000000002 12 13 0.11437927845860141 14 13.358450794029896
decision_type=2 1 2 2 1 1 2 2 1 2 1 1 2 1 2 1 2 2 1 2 1 1 1 2 2 1 1 2 1 2
left_child=1 14 3 22 18 6 7 15 -9 11 12 -7 -11 -6 -1 -4 -15 -18 -5 21 -8 -14 23 26 25 -25 -2 28 29 -13
right_child=2 -3 5 4 13 9 20 8 -10 10 -12 27 19 16 -16 -17 17 -19 -20 -21 -22 -23 -24 24 -26 -27 -28 -29 -30 -31
leaf_value=-2.3536619228963003e-08 0.00034804205083724984 -4.8140870056489376e-05 0.00011433546262614014 9.1197877459087324e-05 -8.3101508457878424e-05 1.2876565259269479e-05 -9.289922613912964e-07 0.0003972728096901417 -0.00051514679336012528 0.00011264127103867032 -2.3208698051417629e-05 1.0954118122491527e-05 -4.1441421819861869e-05 -0.00045511086071683087 -5.1656223921398237e-05 -3.0672584906586165e-05 -3.1062291617084716e-05 -0.00055326165467553567 0.00048707331318020419 6.4140531090454403e-05 -0.00019859187443658011 2.7582587956518177e-05 -2.5092598919168217e-07 0.00010718184693214456 0.00010062127197509166 -0.000560311431682542 8.040595731350039e-05 5.8098412389354834e-05 -7.32461015301937e-05 -4.500710212640847e-05
leaf_weight=38959 8595 63144 19191 3005 7006 172528 6838 3853 4864 32623 197713 91457 32389 4736 23506 32480 2790 2502 4155 55878 38412 79338 45898 9700 64245 5383 6691 19407 93883 144622
leaf_count=38959 8595 63144 19191 3005 7006 172528 6838 3853 4864 32623 197713 91457 32389 4736 23506 32480 2790 2502 4155 55878 38412 79338 45898 9700 64245 5383 6691 19407 93883 144622
internal_value=-9.66009e-05 -0.000525401 -5.13463e-05 0.000139459 -0.000591883 -8.19924e-05 -0.000367164 -3.79226e-05 -0.000904556 -4.92376e-05 5.26322e-05 -0.000126913 0.000269228 -0.00142103 -0.000250902 0.00010828 -0.0019466 -0.00123961 0.00138075 0.000186598 -0.000806631 6.09957e-05 0.000265385 0.000395036 0.000266739 -0.00037559 0.0010611 -0.000237408 -0.000265971 -0.000160089
internal_weight=1.31579e+06 125609 1.19018e+06 164706 24194 1.02548e+06 105638 60388 8717 919838 397941 521897 200228 17034 62465 51671 10028 5292 7160 167605 45250 111727 140512 94614 79328 15083 15286 349369 329962 236079
internal_count=1315791 125609 1190182 164706 24194 1025476 105638 60388 8717 919838 397941 521897 200228 17034 62465 51671 10028 5292 7160 167605 45250 111727 140512 94614 79328 15083 15286 349369 329962 236079
cat_boundaries=0 1 2 3 4 5 6 7 8 9 10 11 12 13 14 15
cat_threshold=92 36 96 32 10 17 3 1385816 1155797 671810 5120130 96 64 14340126 12
is_linear=0
shrinkage=0.05


Tree=108
num_leaves=31
num_cat=16
split_feature=7 5 5 3 3 1 0 0 0 3 1 3 1 1 3 3 1 6 3 1 6 1 0 1 0 0 1 3 1 6
split_gain=9.29855 3.08976 3.06476 2.53086 2.91195 4.10371 2.88903 2.72487 2.48484 2.3233 4.4652 2.88178 15.3573 6.2257 23.9718 9.4735 7.5078 5.76179 5.27256 2.87055 2.73077 2.61567 2.63192 2.45591 2.40172 2.30711 2.23859 2.96944 2.81495 2.27995
threshold=0.028165668868557519 5.5000000000000009 6.5000000000000009 2.5000000000000004 5.5000000000000009 0 1 2 3 1.0000000180025095e-35 4 1.5000000000000002 5 6 5.5000000000000009 4.5000000000000009 7 13.147788404636154 4.5000000000000009 8 12.031923105590947 9 10 11 12 13 14 3.5000000000000004 15 12.342999049824568
decision_type=2 2 2 2 2 1 1 1 1 2 1 2 1 1 2 2 1 2 2 1 2 1 1 1 1 1 1 2 1 2
left_child=26 9 25 8 7 6 -6 -5 -4 10 -2 12 -11 14 18 21 -16 20 -13 -14 -17 22 -15 -19 -22 -3 -1 28 -28 -29
right_child=1 2 3 4 5 -7 -8 -9 -10 11 -12 13 19 15 16 17 -18 23 -20 -21 24 -23 -24 -25 -26 -27 27 29 -30 -31
leaf_value=-6.0720225627953524e-05 0.00015071565691335655 -8.9180987715069683e-05 1.7269601905163871e-05 -3.2934816526452649e-06 -0.00017631532987728599 -0.00013699539729192242 0.00013847236679543807 8.0907254428717599e-05 -7.1098682279961101e-05 -0.0005758014651106307 6.40036796919358e-06 2.7544956218830231e-05 2.5231988128833283e-05 5.3426640442903049e-05 -0.00011220245132204773 0.00090535313591751522 -0.00043319196987236035 -4.8818297488508991e-05 -5.9345117236468487e-05 -4.5432065286725775e-05 0.00020040880901052582 -3.2564427076409409e-05 -1.7472635154963849e-05 4.3470972636352137e-05 8.3748136859738547e-05 -3.2716647584414895e-05 -8.3058756525614645e-05 0.00020951446339918494 -2.7294470456401184e-06 -1.1453672931513598e-05
leaf_weight=17821 20868 50908 27230 34281 2727 13970 8369 40851 44181 8591 95581 117306 49635 56487 24983 1652 11606 19412 39018 66562 17738 137766 64620 95727 32255 180976 13561 1237 6030 13842
leaf_count=17821 20868 50908 27230 34281 2727 13970 8369 40851 44181 8591 95581 117306 49635 56487 24983 1652 11606 19412 39018 66562 17738 137766 64620 95727 32255 180976 13561 1237 6030 13842
internal_value=-9.29149e-05 -6.58209e-05 -0.000179967 -1.97845e-05 0.000142317 -0.000324345 0.00039348 0.000298008 -0.000247232 -1.22539e-05 0.000195406 -4.47845e-05 -0.000263969 -5.67013e-07 -0.000236184 0.00010622 -0.00138826 0.000400097 3.3455e-05 -0.000113032 0.000838899 -8.31114e-05 8.64029e-05 0.000203275 0.000772807 -0.000298513 -0.000744986 -0.000510382 -0.000916493 1.69097e-05
internal_weight=1.31579e+06 1.2633e+06 403493 171609 100198 25066 11096 75132 71411 859807 116449 743358 124788 618570 192913 425657 36589 166784 156324 116197 51645 258873 121107 115139 49993 231884 52491 34670 19591 15079
internal_count=1315791 1263300 403493 171609 100198 25066 11096 75132 71411 859807 116449 743358 124788 618570 192913 425657 36589 166784 156324 116197 51645 258873 121107 115139 49993 231884 52491 34670 19591 15079
cat_boundaries=0 1 2 3 4 5 6 7 8 9 10 11 12 13 14 15 16
cat_threshold=44 471616 2731658 761105 80 32 65 1 81 50 6416100 16 12772394 139345 1 34
is_linear=0
shrinkage=0.05


Tree=109
num_leaves=31
num_cat=8
split_feature=7 1 6 1 6 6 3 1 1 6 3 1 1 7 7 3 1 7 7 7 3 7 7 7 7 2 7 6 1 6
split_gain=8.86159 2.89507 2.68586 3.11967 4.98138 2.71943 5.30729 13.4526 3.29408 5.41466 3.77727 6.08481 3.11277 3.56807 2.8076 2.66883 15.3658 2.63713 4.21659 3.38181 2.58376 2.54583 3.44248 2.89116 2.73566 2.54615 3.93154 2.48254 2.43007 2.42131
threshold=0.039807080262756707 0 14.054192953675225 1 13.402230870373574 12.55648741036959 5.5000000000000009 2 3 12.89639897621562 3.5000000000000004 4 5 0.11311322974291106 0.045308045100993642 5.5000000000000009 6 0.053980929683468737 0.057428253650754317 0.063671594128153361 5.5000000000000009 0.045308045100993642 0.050787607986193001 0.047327318174891456 0.055735845590990436 21.500000000000004 0.066162824367806392 13.645621591750851 7 13.267467546372119
decision_type=2 1 2 1 2 2 2 1 1 2 2 1 1 2 2 2 1 2 2 2 2 2 2 2 2 2 2 2 1 2
left_child=1 29 3 4 -2 6 -5 -8 9 15 12 14 13 21 -12 -7 -17 -16 -19 -20 -6 -10 23 -23 -24 26 -26 -14 -9 -1
right_child=2 -3 -4 5 20 8 7 28 10 -11 11 -13 27 -15 17 16 -18 18 19 -21 -22 22 24 -25 25 -27 -28 -29 -30 -31
leaf_value=4.9558159746490032e-06 0.00022969733538598594 -4.4025370999230102e-05 -5.5856910424543617e-05 4.7268370006526945e-05 3.8397965173199195e-05 1.9225148005998973e-05 0.00031794862291458908 -7.4649431647189058e-05 8.3670069681965205e-06 -0.00016012275205492773 9.7448115916814632e-05 -2.1517739628432591e-05 -5.3233112211320616e-07 6.7910389938293655e-05 -1.6638833068357674e-05 0.00037514490079539238 -0.00047576131477817765 0.00018346360094875834 -7.0528039895986566e-05 6.7321112925733368e-05 -0.00011686682867006974 -9.1634670076101414e-05 0.00010655131862374509 -0.00035357066488581366 0.00014155598217319637 -0.0001755539803858766 -9.8537702336336721e-05 -4.9835570263670215e-05 -0.00032461626608639289 -4.2755708518936039e-05
leaf_weight=31754 10454 63144 58503 140512 51721 51671 7160 7006 15049 45250 14677 155400 270659 18678 36575 3853 4864 6017 14414 114789 8850 10431 2747 2712 3434 6784 52671 65273 10028 30711
leaf_count=31754 10454 63144 58503 140512 51721 51671 7160 7006 15049 45250 14677 155400 270659 18678 36575 3853 4864 6017 14414 114789 8850 10431 2747 2712 3434 6784 52671 65273 10028 30711
internal_value=-8.89629e-05 -0.000488382 -4.68092e-05 -2.97314e-05 0.000291053 -5.12144e-05 0.000135513 -0.000548484 -8.55419e-05 -0.00034776 -5.04871e-05 7.47051e-05 -0.00014593 -0.000373548 0.000267263 -3.79226e-05 -0.000847196 0.00021057 0.000312453 0.000252199 0.000117134 -0.000499213 -0.000613045 -0.00135167 -0.000465142 -0.000532606 -0.000421978 -6.96858e-05 -0.00131249 -0.0002469
internal_weight=1.31579e+06 125609 1.19018e+06 1.13168e+06 71025 1.06065e+06 164706 24194 895948 105638 790310 341872 448438 112506 186472 60388 8717 171795 135220 129203 60571 93828 78779 13143 65636 62889 56105 335932 17034 62465
internal_count=1315791 125609 1190182 1131679 71025 1060654 164706 24194 895948 105638 790310 341872 448438 112506 186472 60388 8717 171795 135220 129203 60571 93828 78779 13143 65636 62889 56105 335932 17034 62465
cat_boundaries=0 1 2 3 4 5 6 7 8
cat_threshold=92 16 36 96 10 2 32 3
is_linear=0
shrinkage=0.05


Tree=110
num_leaves=31
num_cat=8
split_feature=7 1 6 1 6 7 1 6 6 7 7 7 0 3 2 7 2 3 0 0 7 7 2 7 7 1 7 7 2 1
split_gain=8.00237 2.65379 2.47323 3.85009 3.89217 2.46406 2.88215 3.53886 2.17407 2.17279 2.7097 5.16411 2.88776 2.15797 2.11687 4.23383 2.0001 1.97879 2.1048 1.8855 1.87286 1.86914 6.01532 3.76582 4.35306 2.96158 2.92406 7.69069 2.39999 3.25512
threshold=0.039807080262756707 0 13.873910353681742 1 13.090468603901829 0.077522266920712082 2 13.238405342681794 13.430114218165301 0.047327318174891456 0.05423600787202091 0.057924780312054024 3 4.5000000000000009 11.500000000000002 0.068592070238769523 20.500000000000004 5.5000000000000009 4 5 0.066488747448651006 0.055735845590990436 21.500000000000004 0.060317631810185908 0.064430754603633414 6 0.048739663163306905 0.046314219883237036 21.500000000000004 7
decision_type=2 1 2 1 2 2 1 2 2 2 2 2 1 2 2 2 2 2 1 1 2 2 2 2 2 1 2 2 2 1
left_child=1 8 3 4 -2 6 7 -5 -1 16 12 -12 -11 -14 15 19 -9 -6 -19 20 -13 22 26 25 28 -23 27 -8 29 -25
right_child=2 -3 -4 5 17 -7 21 9 -10 10 11 14 13 -15 -16 -17 -18 18 -20 -21 -22 23 -24 24 -26 -27 -28 -29 -30 -31
leaf_value=-3.0177122537867447e-07 0.00039917034924117706 -4.1824102449268671e-05 -3.7138600655434187e-05 0.00010439615564832711 7.1663494342047896e-05 8.6262785587156923e-06 -1.2058034193192315e-05 0.00011246959557934392 -4.7262367626161862e-05 3.4091892047355365e-05 0.00018990157282056618 0.00046295037185630617 -0.00010104163530034064 1.4191138534598794e-06 -4.3871561200776795e-05 1.1384691364352674e-05 -6.0312761527438265e-05 8.8233278375248749e-05 -0.00017617446239577493 8.6142069649595434e-05 0.00028556516300292479 1.9478314994904186e-05 0.00015225830430360917 0.00026827506448620826 -5.5922621349068535e-05 -0.00014930106330181178 1.619996911876132e-05 -0.00016443135631226532 -0.00038087998358530769 4.1884144626707001e-05
leaf_weight=38959 3072 63144 125979 15961 36786 497778 152424 8031 23506 9070 4340 313 21054 8493 32099 21530 2813 2008 4322 2033 1331 5865 4852 1677 102350 22777 65391 14378 662 22793
leaf_count=38959 3072 63144 125979 15961 36786 497778 152424 8031 23506 9070 4340 313 21054 8493 32099 21530 2813 2008 4322 2033 1331 5865 4852 1677 102350 22777 65391 14378 662 22793
internal_value=-8.57329e-05 -0.000465294 -4.56749e-05 -2.0876e-05 0.000425558 -4.11348e-05 -0.000117227 8.97862e-05 -0.000234095 -1.02166e-05 -8.29331e-05 0.000122797 -0.000411349 -0.000650778 -3.14222e-06 0.000339785 0.000662116 0.000303135 -0.000513429 0.0019078 0.00316203 -0.000184129 -9.56581e-05 -0.000318466 -0.000202069 -0.000836535 -0.000132068 -0.000243164 0.000387553 0.000467919
internal_weight=1.31579e+06 125609 1.19018e+06 1.0642e+06 46188 1.01802e+06 520237 127068 62465 111107 100263 61646 38617 29547 57306 25207 10844 43116 6330 3677 1644 393169 237045 156124 127482 28642 232193 166802 25132 24470
internal_count=1315791 125609 1190182 1064203 46188 1018015 520237 127068 62465 111107 100263 61646 38617 29547 57306 25207 10844 43116 6330 3677 1644 393169 237045 156124 127482 28642 232193 166802 25132 24470
cat_boundaries=0 1 2 3 4 5 6 7 8
cat_threshold=92 16 8 1344033 13735168 10950114 36 2
is_linear=0
shrinkage=0.05


Tree=111
num_leaves=31
num_cat=15
split_feature=7 6 1 5 5 0 2 3 1 3 1 1 3 1 3 3 0 0 6 0 6 0 0 0 1 0 6 0 7 6
split_gain=7.41218 2.49515 2.48425 2.24599 2.60974 2.18799 2.10702 2.06554 3.41055 2.49258 13.2787 4.51075 5.21399 2.2515 18.3858 3.25809 3.43659 2.12971 2.10963 2.652 2.0044 1.87285 1.86166 1.85041 1.82572 1.72435 1.70813 2.82579 1.93524 1.64271
threshold=0.039807080262756707 11.583360624843122 0 5.5000000000000009 6.5000000000000009 1 15.500000000000002 1.0000000180025095e-35 2 1.5000000000000002 3 4 3.5000000000000004 5 5.5000000000000009 4.5000000000000009 6 7 12.908474988866919 8 13.430114218165301 9 10 11 12 13 13.06798691262142 14 0.13142010876366625 14.312297397065899
decision_type=2 2 1 2 2 1 2 2 1 2 1 1 2 1 2 2 1 1 2 1 2 1 1 1 1 1 2 1 2 2
left_child=2 25 20 7 5 -5 -6 8 -3 10 -9 12 26 14 15 16 -13 -12 19 -14 24 -8 -17 -10 -1 -2 27 -11 -29 -15
right_child=1 3 -4 4 6 -7 21 9 23 11 17 13 18 29 -16 22 -18 -19 -20 -21 -22 -23 -24 -25 -26 -27 -28 28 -30 -31
leaf_value=0.00011522424645540014 0.00067372398719882723 0.00014437430458252081 -3.9732897326805313e-05 -1.121252806208194e-05 -2.4176886933210209e-05 -6.5878291357137996e-05 8.7397275539682545e-05 -0.00054402327218754239 4.2100252020084035e-05 0.00017214729242264902 -7.5372217198763162e-05 -3.9733532585452445e-05 3.4369758326061785e-05 -2.0442038388657164e-06 -0.00038145087154319197 -0.00025624134100831419 0.00017009822311920414 7.7821865462362169e-07 4.9866771444559424e-05 0.00024944619575378656 -4.4899249244853616e-05 -2.9495519895334718e-06 -1.0397403959190441e-05 -1.8771627089629915e-05 -6.2948110179975345e-06 0.00010588577948392202 -4.8715790217243363e-05 -3.1379523413240266e-05 0.00076359046825767046 -0.00011910288984341911
leaf_weight=1800 1872 19654 63144 97153 93310 120261 28857 8217 43925 6393 19197 17516 8291 369593 10952 5566 17506 89669 60125 19260 23506 38347 5972 45813 37159 2801 34124 18271 472 7065
leaf_count=1800 1872 19654 63144 97153 93310 120261 28857 8217 43925 6393 19197 17516 8291 369593 10952 5566 17506 89669 60125 19260 23506 38347 5972 45813 37159 2801 34124 18271 472 7065
internal_value=-8.20849e-05 -4.35323e-05 -0.000447382 -4.80776e-05 -0.00014868 -0.000261576 4.2352e-06 -9.97996e-07 0.000201019 -3.26499e-05 -0.000243119 9.75606e-06 0.000249206 -7.1285e-05 -0.000362645 7.08751e-05 0.000310946 -9.67167e-05 0.000494091 0.000856411 -0.000223691 0.000217694 -0.000657828 7.03068e-05 -3.72305e-06 0.00110956 -0.000113062 0.000199712 -0.000110117 -2.67887e-05
internal_weight=1.31579e+06 1.19018e+06 125609 1.18551e+06 377928 217414 160514 807581 109392 698189 117083 581106 146936 434170 57512 46560 35022 108866 87676 27551 62465 67204 11538 89738 38959 4673 59260 25136 18743 376658
internal_count=1315791 1190182 125609 1185509 377928 217414 160514 807581 109392 698189 117083 581106 146936 434170 57512 46560 35022 108866 87676 27551 62465 67204 11538 89738 38959 4673 59260 25136 18743 376658
cat_boundaries=0 1 2 3 4 5 6 7 8 9 10 11 12 13 14 15
cat_threshold=92 9477900 80 32 34 64 3022276 8413185 75860 4310141 12132780 13641095 16 278532 3104769
is_linear=0
shrinkage=0.05


Tree=112
num_leaves=31
num_cat=7
split_feature=7 1 6 1 6 6 7 3 0 0 1 6 7 7 7 2 2 3 7 7 7 0 0 2 2 7 6 2 7 7
split_gain=6.82456 2.3463 2.27501 2.61617 4.47511 2.36344 2.35408 2.3093 2.24948 2.09575 1.89881 3.70921 2.02526 4.38413 5.60289 3.55323 2.37922 2.19126 2.00643 3.05679 2.93069 1.94731 1.90266 1.78128 3.27362 2.74627 2.0787 1.93435 7.07295 2.13243
threshold=0.039807080262756707 0 14.054192953675225 1 13.402230870373574 12.878284707174103 0.077522266920712082 5.5000000000000009 2 3 4 13.16282226600673 0.048049715389804147 0.054777123202907098 0.057428253650754317 15.500000000000002 20.500000000000004 5.5000000000000009 0.064782105815951105 0.070292870093602119 0.05941495000364224 5 6 16.500000000000004 8.5000000000000018 0.10414963761858197 12.068607812365963 7.5000000000000009 0.1049496474989602 0.10879013868478844
decision_type=2 1 2 1 2 2 2 2 1 1 1 2 2 2 2 2 2 2 2 2 2 1 1 2 2 2 2 2 2 2
left_child=1 -1 3 4 5 -2 10 -6 -4 -3 11 22 16 15 -15 17 -13 -14 20 -20 -16 -21 -5 24 27 -26 -25 -8 -29 -30
right_child=2 9 8 6 7 -7 23 -9 -10 -11 -12 12 13 14 18 -17 -18 -19 19 21 -22 -23 -24 26 25 -27 -28 28 29 -31
leaf_value=-4.65765675236509e-05 0.00087866402506999353 3.4772920518167822e-06 -0.000134453780524315 0.00023210626221627597 3.4066338682817979e-05 0.00019177412530507464 -5.0899878359345996e-06 -0.0001066995897996289 -2.468593113826904e-05 -3.3203545235009032e-05 -2.0174707713125188e-05 7.2481138541900418e-05 -7.3956104732332122e-05 0.00020840600727639028 5.8954194631121243e-05 0.00052221852237669265 -6.8204850325309161e-05 3.2875773403306261e-05 9.0688806496651427e-05 7.4811838234022259e-05 -9.7378067257460941e-05 -5.7561425748902984e-05 5.3409103626862377e-05 0.0002826419024064017 -2.3609716427551914e-05 -0.00022659876680429029 2.2862074475302602e-05 0.00039303427688321249 0.00012893401002753141 -6.0052329473366606e-05
leaf_weight=46179 192 32590 14949 4134 51721 10262 31769 8850 43554 46840 395585 15043 38597 3539 7456 171 4049 6478 17581 11911 18654 19315 5368 7691 188513 10510 242248 5684 12159 14199
leaf_count=46179 192 32590 14949 4134 51721 10262 31769 8850 43554 46840 395585 15043 38597 3539 7456 171 4049 6478 17581 11911 18654 19315 5368 7691 188513 10510 242248 5684 12159 14199
internal_value=-7.93489e-05 -0.000429867 -4.23561e-05 -2.66386e-05 0.000267121 0.0012225 -4.63118e-05 0.000102275 -0.000346394 -0.000264981 -0.000118375 3.16456e-05 -3.20053e-05 -0.000105982 0.000120066 -0.000497946 0.000447307 -0.000525237 2.82301e-05 0.000217488 -0.000325547 -7.94222e-05 0.000988212 3.06849e-05 -6.01913e-05 -0.000160108 0.00012625 0.000251444 0.000525559 0.000180589
internal_weight=1.31579e+06 125609 1.19018e+06 1.13168e+06 71025 10454 1.06065e+06 60571 58503 79430 547881 152296 142794 123702 78456 45246 19092 45075 74917 48807 26110 31226 9502 512773 262834 199023 249939 63811 32042 26358
internal_count=1315791 125609 1190182 1131679 71025 10454 1060654 60571 58503 79430 547881 152296 142794 123702 78456 45246 19092 45075 74917 48807 26110 31226 9502 512773 262834 199023 249939 63811 32042 26358
cat_boundaries=0 1 2 3 4 5 6 7
cat_threshold=33 16 3719313 14336300 8 10388068 1106024
is_linear=0
shrinkage=0.05


Tree=113
num_leaves=31
num_cat=13
split_feature=7 2 6 3 1 1 6 2 0 3 1 3 3 1 1 3 3 0 1 7 7 0 0 1 3 3 1 3 1 6
split_gain=6.12087 2.6904 2.50186 5.96346 13.5769 3.17759 4.7023 2.72871 2.41204 2.40361 6.86818 10.0268 5.97369 4.43636 3.67877 3.30019 2.81771 2.42716 2.35362 2.40278 2.67092 2.28656 2.13347 2.10366 3.69274 2.88978 2.8655 2.68322 2.42623 2.0088
threshold=0.030551983978343782 21.500000000000004 12.55648741036959 5.5000000000000009 0 1 12.89639897621562 19.500000000000004 2 3.5000000000000004 3 4.5000000000000009 5.5000000000000009 4 5 5.5000000000000009 4.5000000000000009 6 7 0.088353374510385843 0.10061086667301745 8 9 10 3.5000000000000004 5.5000000000000009 11 1.5000000000000002 12 12.068607812365963
decision_type=2 2 2 2 1 1 2 2 1 2 1 2 2 1 1 2 2 1 1 2 2 1 1 1 2 2 1 2 1 2
left_child=1 23 3 -2 -5 6 7 8 -4 13 12 21 14 22 -11 17 -16 -13 -6 -20 -21 -12 -7 25 26 -1 27 -25 -26 -30
right_child=2 -3 5 4 18 9 -8 -9 -10 10 11 15 -14 -15 16 -17 -18 -19 19 20 -22 -23 -24 24 28 -27 -28 -29 29 -31
leaf_value=-3.4457599722942381e-05 4.5259925638969202e-05 0.0004360207221763811 7.9190448816519573e-05 0.00030238377998974519 -7.4059606999625385e-05 -1.5093272217575493e-05 -0.0001490747567078141 -0.00017513878231997229 -4.9777681490304755e-05 5.2687195915159372e-05 -3.198239596250117e-05 -0.00010747120240247321 7.3178845567220581e-05 -3.1352525889611345e-05 -5.3678512317357012e-05 -0.00011363539129713603 1.36623578286563e-05 -6.0033092419099587e-06 -0.00041095306957097949 1.8820136714539127e-05 -0.0004511789834453191 7.3887429919107102e-05 2.8332004396362749e-05 -0.00038882697458100151 -9.1126407579029034e-05 -0.00013697823713733974 -3.141641865807318e-05 -8.4965806891385248e-05 0.00040179156344668252 1.4791145813238465e-05
leaf_weight=16407 147422 116 26129 7280 7515 74097 45824 5271 30093 57701 12513 10743 93296 365468 64985 46919 63530 35280 5318 2672 2620 33938 109578 2202 3117 2842 22641 2396 437 17441
leaf_count=16407 147422 116 26129 7280 7515 74097 45824 5271 30093 57701 12513 10743 93296 365468 64985 46919 63530 35280 5318 2672 2620 33938 109578 2202 3117 2842 22641 2396 437 17441
internal_value=-7.57389e-05 -0.000539136 -5.06424e-05 0.000125934 -0.00058158 -7.90209e-05 -0.000337148 -5.14705e-05 5.05128e-05 -5.04011e-05 3.9805e-05 -0.000246875 0.000182775 -0.000119214 1.91701e-05 -0.000546686 -0.000129742 -0.000245857 -0.00131376 -0.00179379 -0.0010412 0.000352951 8.1252e-05 -0.000552214 -0.000375592 -0.000994082 -0.000759757 -0.0018967 0.000122647 0.000347159
internal_weight=1.31579e+06 67599 1.24819e+06 172827 25405 1.07536e+06 107317 61493 56222 968048 418905 139393 279512 549143 186216 92942 128515 46023 18125 10610 5292 46451 183675 67483 48234 19249 27239 4598 20995 17878
internal_count=1315791 67599 1248192 172827 25405 1075365 107317 61493 56222 968048 418905 139393 279512 549143 186216 92942 128515 46023 18125 10610 5292 46451 183675 67483 48234 19249 27239 4598 20995 17878
cat_boundaries=0 1 2 3 4 5 6 7 8 9 10 11 12 13
cat_threshold=36 96 5580122 14 17 2 10633304 3 376922 10971201 1 32 80
is_linear=0
shrinkage=0.05


Tree=114
num_leaves=31
num_cat=8
split_feature=7 6 1 6 7 1 7 7 2 7 3 2 7 0 2 1 0 3 1 0 7 7 3 2 7 0 3 7 2 2
split_gain=5.67501 2.12662 3.1831 3.29145 1.99119 2.43639 2.93267 2.381 5.15659 4.11207 2.27586 2.06569 4.13169 1.96087 1.92667 1.88029 1.92937 1.87616 7.82854 2.21259 1.77062 3.07895 2.24905 2.81886 1.91454 1.75732 1.75327 1.68285 5.16052 3.25214
threshold=0.039807080262756707 13.873910353681742 0 13.213503054551053 0.077522266920712082 1 0.047327318174891456 0.05423600787202091 15.500000000000002 0.057428253650754317 5.5000000000000009 11.500000000000002 0.067426327462205657 2 20.500000000000004 3 4 5.5000000000000009 5 6 0.030551983978343782 0.033321867509809124 1.5000000000000002 19.500000000000004 0.037634030996358557 7 5.5000000000000009 0.055735845590990436 21.500000000000004 17.500000000000004
decision_type=2 2 1 2 2 1 2 2 2 2 2 2 2 1 2 1 1 2 1 1 2 2 2 2 2 1 2 2 2 2
left_child=15 2 3 -2 5 6 14 8 10 -9 25 12 13 -11 -4 17 -17 20 19 -19 22 -22 23 -1 -23 -8 -5 28 -7 -29
right_child=1 -3 4 26 -6 27 7 9 -10 11 -12 -13 -14 -15 -16 16 -18 18 -20 -21 21 24 -24 -25 -26 -27 -28 29 -30 -31
leaf_value=-0.00036938562585195106 0.00030731767243110628 -3.2113899654046805e-05 0.00011261178212958448 5.7565029102610331e-05 8.0985095059864339e-06 -1.1230346387829131e-05 2.5288666005247116e-05 0.000187131901231053 0.00068092451158667511 0.00047165082363831765 5.7231303975304463e-05 -2.4252044882535694e-05 4.5727276139908836e-05 9.5389806225324055e-05 -4.6719901671731126e-05 -3.3028028580960389e-05 1.6225214294589652e-07 1.941516375285838e-05 -0.00014161432042538968 0.0004123387774847767 1.88269578140686e-05 -0.00017965765716193279 -2.6512948571968087e-05 -3.8744434203210815e-05 1.0166386236214653e-05 -7.3335132900327016e-05 -8.3817822294227298e-05 -2.3725901155405838e-05 0.00014299858996821239 -0.00010088507683082174
leaf_weight=2202 4494 125979 11032 35585 497778 232193 7176 4067 156 948 6136 37670 26798 1037 2888 40795 38635 743 5515 594 11817 2753 15840 5465 1250 29160 6109 116227 4852 39897
leaf_count=2202 4494 125979 11032 35585 497778 232193 7176 4067 156 948 6136 37670 26798 1037 2888 40795 38635 743 5515 594 11817 2753 15840 5465 1250 29160 6109 116227 4852 39897
internal_value=-7.28129e-05 -3.90792e-05 -1.60837e-05 0.000389843 -3.45043e-05 -0.000102906 8.74254e-05 3.18048e-06 -0.000291828 0.000181508 -0.000325157 8.70528e-05 0.000405968 0.00260705 0.000772269 -0.000392449 -0.00024484 -0.000646151 -0.00140981 0.00201559 -0.000513262 -0.0001043 -0.00078849 -0.00149146 -0.00130277 -0.000475563 0.000251354 -0.000164417 -8.04711e-05 -0.000291885
internal_weight=1.31579e+06 1.19018e+06 1.0642e+06 46188 1.01802e+06 520237 127068 113148 42628 70520 42472 66453 28783 1985 13920 125609 79430 46179 6852 1337 39327 15820 23507 7667 4003 36336 41694 393169 237045 156124
internal_count=1315791 1190182 1064203 46188 1018015 520237 127068 113148 42628 70520 42472 66453 28783 1985 13920 125609 79430 46179 6852 1337 39327 15820 23507 7667 4003 36336 41694 393169 237045 156124
cat_boundaries=0 1 2 3 4 5 6 7 8
cat_threshold=16 8 2373570 33 2440275 32 11351442 1081889
is_linear=0
shrinkage=0.05


Tree=115
num_leaves=31
num_cat=15
split_feature=7 5 5 3 1 3 1 1 3 3 1 1 3 1 6 0 6 3 3 1 0 0 0 2 3 0 0 0 6 0
split_gain=5.19422 2.28898 2.57003 2.20059 3.26532 2.18652 12.3341 4.76991 18.3615 7.449 5.78697 5.24414 4.39701 2.61109 2.40032 2.66595 2.21413 2.16745 2.55278 3.12464 2.54232 2.36917 2.27043 2.08843 2.05648 2.04265 2.00646 1.98673 1.98373 2.11646
threshold=0.030551983978343782 5.5000000000000009 6.5000000000000009 1.0000000180025095e-35 0 1.5000000000000002 1 2 5.5000000000000009 5.5000000000000009 3 4 4.5000000000000009 5 12.902084468380513 6 12.775502262725922 2.5000000000000004 5.5000000000000009 7 8 9 10 21.500000000000004 3.5000000000000004 11 12 13 12.031923105590947 14
decision_type=2 2 2 2 1 2 1 1 2 2 1 1 2 1 2 1 2 2 2 1 1 1 1 2 2 1 1 1 2 1
left_child=23 3 27 4 -2 6 -5 8 12 13 -10 -11 -7 24 15 -13 -8 21 22 20 -20 -4 -19 -1 26 -6 -9 -3 -26 -30
right_child=1 2 17 5 25 7 16 9 10 11 -12 14 -14 -15 -16 -17 -18 18 19 -21 -22 -23 -24 -25 28 -27 -28 -29 29 -31
leaf_value=-2.8884372336655041e-05 0.00013641950462109004 -6.8651387669418299e-05 1.0678141911388562e-05 -0.00051440679481936312 -3.0258883990216856e-05 2.6567169585945213e-05 4.5782535887176136e-05 3.9767214719064537e-05 -9.6092472415650287e-05 -8.8463894228044419e-05 -0.00037248154221625857 0.00010479718159267461 -5.2859642186266475e-05 -1.8803711772631539e-05 8.0850536411633726e-05 0.00033874029133053139 -2.8733188832943664e-05 -1.8216714786608301e-06 -0.0001912431575797479 -0.00011899350267598716 0.0001244121408961711 -7.2375508118904629e-05 7.7309844893103425e-05 0.00041587108749661 0.00066357675572995206 3.4348879050618758e-05 -3.5109293695972014e-05 -2.112865781391861e-05 9.6597941249792514e-05 1.0518758487127208e-05
leaf_weight=67483 20693 91180 34270 8496 34751 116790 23823 33145 24850 9553 11585 6243 38851 179044 56964 6671 91010 32494 2402 13906 8438 36271 41642 116 1526 59614 47028 137973 34848 44131
leaf_count=67483 20693 91180 34270 8496 34751 116790 23823 33145 24850 9553 11585 6243 38851 179044 56964 6671 91010 32494 2402 13906 8438 36271 41642 116 1526 59614 47028 137973 34848 44131
internal_value=-6.93549e-05 -4.62361e-05 -0.000145093 1.40048e-07 0.000203461 -3.17073e-05 -0.000223752 7.04199e-06 -0.000199287 0.000101594 -0.00120969 0.000537509 3.72319e-05 -3.24986e-07 0.000687671 0.00130324 -8.76426e-05 2.56635e-06 0.000153616 -0.000286108 0.000350229 -0.00020917 0.000300393 -0.000496236 0.000145996 7.86743e-05 -3.32418e-05 -0.000254264 0.000324513 0.000290013
internal_weight=1.31579e+06 1.24819e+06 398576 849616 115058 734558 123329 611229 192076 419153 36435 79431 155641 339722 69878 12914 114833 169423 98882 24746 10840 70541 74136 67599 160678 94365 80173 229153 80505 78979
internal_count=1315791 1248192 398576 849616 115058 734558 123329 611229 192076 419153 36435 79431 155641 339722 69878 12914 114833 169423 98882 24746 10840 70541 74136 67599 160678 94365 80173 229153 80505 78979
cat_boundaries=0 1 2 3 4 5 6 7 8 9 10 11 12 13 14 15
cat_threshold=80 32 65 1 16 50 2690932 44 471552 761173 2731146 858728 2336460 7053425 4771591
is_linear=0
shrinkage=0.05


Tree=116
num_leaves=31
num_cat=9
split_feature=7 6 2 7 7 1 1 7 3 6 7 0 2 7 7 7 1 1 2 7 2 7 7 0 7 0 7 1 0 7
split_gain=4.8379 2.04472 2.01103 1.82905 5.9253 4.89383 3.69193 2.52686 2.45602 1.99756 1.90539 1.87561 1.80214 2.40376 1.84824 5.93305 4.78528 4.46108 2.33077 9.78835 3.34902 10.3951 4.6839 2.82958 2.54843 2.37725 2.17073 4.36292 2.16178 2.25294
threshold=0.039807080262756707 14.15007454626542 16.500000000000004 0.061251379371825627 0.056101570916515055 0 1 0.057428253650754317 5.5000000000000009 13.339005439748957 0.048395305166077367 2 11.500000000000002 0.1072346774557011 0.059873605089285568 0.05423600787202091 3 4 15.500000000000002 0.076536027880184682 13.500000000000002 0.076536027880184682 0.068864900929182002 5 0.068592070238769523 6 0.062505067222812016 7 8 0.057924780312054024
decision_type=2 2 2 2 2 1 1 2 2 2 2 1 2 2 2 2 1 1 2 2 2 2 2 1 2 1 2 1 1 2
left_child=-1 2 12 4 6 -6 11 -7 9 10 -8 -4 -2 14 15 -14 18 -17 20 -20 21 23 -22 -16 -25 -23 27 -18 -19 -30
right_child=1 -3 3 -5 5 7 8 -9 -10 -11 -12 -13 13 -15 16 17 26 28 19 -21 22 25 -24 24 -26 -27 -28 -29 29 -31
leaf_value=-2.3951858111864062e-05 1.9104373848071072e-06 -6.5463078396395813e-05 3.2728383987772008e-05 2.2742240021785958e-05 0.00019830812467821007 -8.2828144221381271e-05 0.00027464861354197488 -0.00028266689095805808 -0.00011972508645987311 -6.4976920407356243e-05 2.714681441649759e-05 0.00020273200021607283 -1.3058036009123617e-05 -0.00034855260691140581 0.00090829311734652834 -5.2733268346668567e-05 0.00011099985108444112 0.00023194898487067074 0.00072588740915204952 2.2222296964522764e-05 5.6312961159007799e-06 -7.8849414989950285e-05 -0.0001672209021872014 0.0010926303678845976 0.00025940418737472562 4.131735785744959e-05 -0.00012392150205131031 -0.00010038844960495941 0.00017460103967401991 3.3873227569080766e-05
leaf_weight=125609 341082 33459 3496 338680 2199 6985 1532 8412 4347 5939 18316 2848 183442 2443 822 7217 6816 4569 1448 17442 24854 29257 28100 193 1478 38276 44972 13639 7698 10221
leaf_count=125609 341082 33459 3496 338680 2199 6985 1532 8412 4347 5939 18316 2848 183442 2443 822 7217 6816 4569 1448 17442 24854 29257 28100 193 1478 38276 44972 13639 7698 10221
internal_value=-6.70749e-05 -3.59285e-05 -2.47824e-05 6.71655e-05 -0.000202871 -0.000956469 0.000160644 -0.00127118 -7.03303e-05 0.000114979 0.000355702 0.0012559 -7.20525e-05 -0.00014102 -0.000131933 -2.85496e-05 -0.000238234 0.000626998 -7.50646e-05 0.000442032 -0.000154498 7.24005e-05 -0.000454547 0.00324308 0.00201963 -4.4646e-05 -0.000591945 -0.000164998 0.000973863 0.00072536
internal_weight=1.31579e+06 1.19018e+06 1.15672e+06 392754 54074 17596 36478 15397 30134 25787 19848 6344 763969 422887 420444 213147 207297 29705 141870 18890 122980 70026 52954 2493 1671 67533 65427 20455 22488 17919
internal_count=1315791 1190182 1156723 392754 54074 17596 36478 15397 30134 25787 19848 6344 763969 422887 420444 213147 207297 29705 141870 18890 122980 70026 52954 2493 1671 67533 65427 20455 22488 17919
cat_boundaries=0 1 2 3 4 5 6 7 8 9
cat_threshold=36 38 4532723 98 1 364244 324273 20 5373962
is_linear=0
shrinkage=0.05


Tree=117
num_leaves=31
num_cat=15
split_feature=7 6 3 1 1 6 3 1 1 7 7 3 1 3 3 1 1 3 3 0 0 6 1 7 0 7 0 0 0 0
split_gain=4.35791 2.22553 4.88789 11.3788 2.97072 4.22407 2.41431 13.4324 2.26083 2.55783 2.47485 2.12171 5.60836 8.55045 4.79691 3.79665 3.09931 2.69836 2.60231 2.33786 2.06146 2.0192 3.13546 2.37354 1.98033 1.96199 2.22987 1.95643 1.95595 1.93737
threshold=0.030551983978343782 12.55648741036959 5.5000000000000009 0 1 12.89639897621562 5.5000000000000009 2 3 0.088353374510385843 0.10121563202033958 3.5000000000000004 4 4.5000000000000009 5.5000000000000009 5 6 5.5000000000000009 4.5000000000000009 7 8 13.033384065256834 9 0.05423600787202091 10 0.054502288977933654 11 12 13 14
decision_type=2 2 2 1 1 2 2 1 1 2 2 2 1 2 2 1 1 2 2 1 1 2 1 2 1 2 1 1 1 1
left_child=-1 2 -2 25 5 6 -3 -8 -5 -10 -11 15 14 20 16 24 -13 19 -18 -15 -14 22 -17 -23 -6 -4 -27 -20 -24 -7
right_child=1 4 3 8 11 29 7 -9 9 10 -12 12 13 17 -16 21 18 -19 27 -21 -22 23 28 -25 -26 26 -28 -29 -30 -31
leaf_value=-2.5667892295987003e-05 4.2675604843606766e-05 1.6538981038885328e-05 0.00072081921470105439 -6.5966381339431791e-05 -1.3599122344569329e-05 1.1745866310317851e-05 0.00033743550381937942 -0.00043286055859525872 -0.00037230258225887325 1.7665051097762361e-05 -0.00045730993092720949 4.8866481899357857e-05 8.2236822570585027e-05 -9.9436338296355828e-05 6.6877419083663717e-05 0.00018577201925623805 -4.9585918904683783e-05 -9.9975422919371375e-05 -2.7484670837003538e-05 -3.3720230311644433e-06 -4.2422005163191548e-06 -4.4597511546701557e-05 -7.4301044672909854e-05 -2.7525737666258133e-05 2.6224352247509276e-05 0.00043026302505724416 3.7367218807502644e-05 4.9739992233444584e-05 1.524557216118467e-05 -0.00016958851714186707
leaf_weight=67599 147422 52613 327 7515 74097 7533 3862 5018 5318 2790 2502 57701 25638 10743 93296 4149 64985 46919 25929 35280 20813 90710 15292 211197 109578 2890 4063 37601 44120 38291
leaf_count=67599 147422 52613 327 7515 74097 7533 3862 5018 5318 2790 2502 57701 25638 10743 93296 4149 64985 46919 25929 35280 20813 90710 15292 211197 109578 2890 4063 37601 44120 38291
internal_value=-6.38069e-05 -4.26309e-05 0.000123909 -0.000516632 -6.93962e-05 -0.00031898 -4.82181e-05 -0.000810812 -0.00118693 -0.00165725 -0.000880576 -4.17239e-05 4.30277e-05 -0.00021603 0.000172221 -0.000106376 2.56142e-05 -0.000492889 -0.000111069 -0.000220869 0.000337882 -0.000199575 5.65586e-05 -0.000253506 7.90744e-05 0.00115226 0.000975837 0.000116479 -3.63514e-05 -0.000682395
internal_weight=1.31579e+06 1.24819e+06 172827 25405 1.07536e+06 107317 61493 8880 18125 10610 5292 968048 418905 139393 279512 549143 186216 92942 128515 46023 46451 365468 63561 301907 183675 7280 6953 63530 59412 45824
internal_count=1315791 1248192 172827 25405 1075365 107317 61493 8880 18125 10610 5292 968048 418905 139393 279512 549143 186216 92942 128515 46023 46451 365468 63561 301907 183675 7280 6953 63530 59412 45824
cat_boundaries=0 1 2 3 4 5 6 7 8 9 10 11 12 13 14 15
cat_threshold=36 96 32 3 14 17 2 10633304 12200868 8 10971201 15620360 4131201 774178 704578
is_linear=0
shrinkage=0.05


Tree=118
num_leaves=31
num_cat=10
split_feature=7 6 1 3 6 1 3 1 1 1 3 6 7 7 6 2 2 7 7 0 7 0 0 0 7 7 2 3 1 3
split_gain=4.13742 1.98407 2.88573 6.51191 5.72875 4.39553 3.82983 23.3554 7.1901 5.65222 5.96708 3.17836 2.77974 2.57708 2.5109 2.42416 2.40799 3.24121 2.21393 2.04454 2.01917 2.05294 2.04841 2.013 1.92248 2.76105 1.84173 1.75769 6.28781 14.5816
threshold=0.039807080262756707 13.873910353681742 0 4.5000000000000009 13.157220255891877 1 4.5000000000000009 2 3 4 5.5000000000000009 13.090468603901829 0.047327318174891456 0.047327318174891456 12.581370599189196 19.500000000000004 19.500000000000004 0.057428253650754317 0.046314219883237036 5 0.11437927845860141 6 7 8 0.089968119969476928 0.10121563202033958 20.500000000000004 1.5000000000000002 9 1.0000000180025095e-35
decision_type=2 2 1 2 2 1 2 1 1 1 2 2 2 2 2 2 2 2 2 1 2 1 1 1 2 2 2 2 1 2
left_child=-1 2 3 5 -5 11 8 -8 12 -9 -11 -2 15 26 24 18 19 -18 -4 -14 22 -22 -10 -6 -12 -26 -7 28 -15 -30
right_child=1 -3 6 4 23 13 7 9 20 10 14 -13 16 27 -16 -17 17 -19 -20 -21 21 -23 -24 -25 25 -27 -28 -29 29 -31
leaf_value=-2.181782720863915e-05 0.0004608622166104991 -2.9578913312625446e-05 -6.6579210654767194e-06 0.00023133973612886783 9.1532926881867716e-05 9.9782606545579239e-05 4.2702359479013931e-05 -6.5386671671390111e-05 -5.1297027356456242e-06 -0.00013533606578553295 -0.00034536595431099528 5.7761026298339169e-05 8.5646803721392607e-05 -3.1558087835010239e-06 -0.00046396176662663038 0.0002742594344773688 -2.8140359591670417e-05 -0.00051195097249060947 -0.00027780345529200979 2.7546125093641453e-05 0.00016353157069827311 -6.1296009286225994e-05 -5.0310161658274899e-05 1.643434256657777e-07 5.3169971191475025e-05 -0.00042845986426372153 -7.7612262326685942e-05 -6.0002876161353626e-06 2.737685331916071e-05 -0.00054525310574175031
leaf_weight=125609 2128 125979 65127 30299 22670 7875 103344 72019 90913 17002 5250 30589 94045 50314 6909 797 5276 1274 934 95308 13960 10934 139524 44570 2640 2609 2052 119639 13952 12250
leaf_count=125609 2128 125979 65127 30299 22670 7875 103344 72019 90913 17002 5250 30589 94045 50314 6909 797 5276 1274 934 95308 13960 10934 139524 44570 2640 2609 2052 119639 13952 12250
internal_value=-6.06149e-05 -3.18115e-05 -9.59992e-06 0.00011152 0.000455765 -2.90842e-05 -6.55688e-05 -0.000245815 7.41062e-06 -0.000765651 -0.00129285 0.000509211 0.000191021 -0.000114562 -0.00194394 -8.73505e-05 0.000286033 -0.00065649 -0.00012042 0.000318636 -0.000181543 0.000246243 -0.000227764 0.000198541 -0.00145681 -0.00078015 0.0006714 -0.000154343 -0.000341498 -0.000969405
internal_weight=1.31579e+06 1.19018e+06 1.0642e+06 336338 97539 238799 727865 209773 518092 106429 34410 32717 262761 206082 17408 66858 195903 6550 66061 189353 255331 24894 230437 67240 10499 5249 9927 196155 76516 26202
internal_count=1315791 1190182 1064203 336338 97539 238799 727865 209773 518092 106429 34410 32717 262761 206082 17408 66858 195903 6550 66061 189353 255331 24894 230437 67240 10499 5249 9927 196155 76516 26202
cat_boundaries=0 1 2 3 4 5 6 7 8 9 10
cat_threshold=56 16 6 65 1 14258492 9221285 10522452 2003985 8
is_linear=0
shrinkage=0.05


Tree=119
num_leaves=31
num_cat=9
split_feature=7 6 5 5 0 6 2 1 7 7 3 7 6 3 2 2 3 3 0 3 1 3 1 1 3 0 0 3 1 6
split_gain=3.77619 1.96778 1.81362 1.95583 2.00705 1.78314 1.76964 1.70134 1.77411 2.34362 1.95797 1.78555 1.76066 1.75812 2.94369 2.68988 2.91154 2.59315 1.82378 1.66151 2.38014 1.91655 10.1526 3.2306 3.40273 1.85257 1.66948 1.88949 5.63732 1.65838
threshold=0.039807080262756707 11.583360624843122 5.5000000000000009 6.5000000000000009 0 14.054192953675225 15.500000000000002 1 0.033321867509809124 0.030551983978343782 4.5000000000000009 0.037634030996358557 13.290816713367452 1.5000000000000002 19.500000000000004 19.500000000000004 5.5000000000000009 4.5000000000000009 2 1.0000000180025095e-35 3 1.5000000000000002 4 5 3.5000000000000004 6 7 5.5000000000000009 8 12.908474988866919
decision_type=2 2 2 2 1 2 2 1 2 2 2 2 2 2 2 2 2 2 1 2 1 2 1 1 2 1 1 2 1 2
left_child=7 -2 19 4 -4 6 -5 8 9 13 -11 -10 -9 14 -1 17 -17 18 -15 20 -3 22 -21 24 -23 -24 27 -25 -29 -26
right_child=1 2 3 5 -6 -7 -8 12 11 10 -12 -13 -14 15 -16 16 -18 -19 -20 21 -22 23 25 26 29 -27 -28 28 -30 -31
leaf_value=-0.00034590024706169619 0.00026979633373800087 0.0001266612588320696 -6.9831979612001383e-05 -1.6287324493546747e-05 -1.9454854170342307e-05 -0.0001244454956256575 4.1009478391612402e-05 3.3817523515740063e-06 -0.00019612013801062036 3.0309799607095994e-05 -7.049943305652413e-05 -7.1902116057321252e-07 -2.8758152121747031e-05 0.00018641160987229539 -3.1791114995392902e-05 -2.3719559765543811e-05 -0.00011803251176154602 0.00015515422464631757 -9.3539922742545662e-05 -0.00046046570934559731 1.160604556869767e-05 -1.0680177863441355e-05 -4.8736284214026671e-05 -1.6192415894702547e-05 0.00015723919669309987 8.397403449372412e-06 2.1085129713506898e-06 3.2039178596380241e-05 -0.0001713791912783893 3.9166308056869216e-05
leaf_weight=2202 4673 19654 73609 89095 143805 7339 64080 42089 3220 9797 4082 1472 37341 646 5465 10942 2842 2503 3008 8217 89738 59260 35175 120850 27551 73691 285199 12607 15514 60125
leaf_count=2202 4673 19654 73609 89095 143805 7339 64080 42089 3220 9797 4082 1472 37341 646 5465 10942 2842 2503 3008 8217 89738 59260 35175 120850 27551 73691 285199 12607 15514 60125
internal_value=-5.96649e-05 -3.21475e-05 -3.6184e-05 -0.000126586 -0.00022432 5.7927e-06 4.22707e-05 -0.0003204 -0.000561715 -0.000457614 7.24104e-05 -0.00148338 -0.000180011 -0.000724067 -0.00136755 -0.000476657 -0.000864772 0.000392235 -0.000457035 6.12203e-06 0.000187307 -2.22659e-05 -0.00020682 1.49186e-05 0.000217562 -7.88064e-05 -5.36656e-05 -0.000189321 -0.000558481 0.000415392
internal_weight=1.31579e+06 1.19018e+06 1.18551e+06 377928 217414 160514 153175 125609 46179 41487 13879 4692 79430 27608 7667 19941 13784 6157 3654 807581 109392 698189 117083 581106 146936 108866 434170 148971 28121 87676
internal_count=1315791 1190182 1185509 377928 217414 160514 153175 125609 46179 41487 13879 4692 79430 27608 7667 19941 13784 6157 3654 807581 109392 698189 117083 581106 146936 108866 434170 148971 28121 87676
cat_boundaries=0 1 2 3 4 5 6 7 8 9
cat_threshold=4923505 33 264064 80 32 34 12870785 2312580 12
is_linear=0
shrinkage=0.05


Tree=120
num_leaves=31
num_cat=12
split_feature=7 6 6 5 1 6 5 0 6 0 0 1 3 1 0 0 6 0 3 2 3 1 2 2 0 0 2 2 7 7
split_gain=3.34006 1.76653 1.6004 1.59158 1.63432 5.04659 2.11329 1.87087 1.83477 2.06993 1.66064 1.58038 1.69045 6.01783 1.74982 1.55277 1.49247 1.3816 1.37974 2.63814 2.27766 1.79827 1.28895 1.25973 1.45789 1.26954 1.25178 1.80904 2.21093 2.08329
threshold=0.039807080262756707 12.381949521562431 11.583360624843122 5.5000000000000009 0 13.352168292231307 6.5000000000000009 1 13.022453535216695 2 3 4 5.5000000000000009 5 6 7 14.00912786849355 8 3.5000000000000004 9.5000000000000018 5.5000000000000009 9 16.500000000000004 8.5000000000000018 10 11 15.500000000000002 13.500000000000002 0.098690406200936651 0.062923896024368639
decision_type=2 2 2 2 1 2 2 1 2 1 1 1 2 1 1 1 2 1 2 2 2 1 2 2 1 1 2 2 2 2
left_child=2 26 -1 -3 5 8 7 -6 10 -10 -5 12 17 14 -14 18 -7 -4 21 20 -20 -13 23 24 -8 -25 27 28 -2 -29
right_child=1 3 11 4 6 16 22 -9 9 -11 -12 15 13 -15 -16 -17 -18 -19 19 -21 -22 -23 -24 25 -26 -27 -28 29 -30 -31
leaf_value=0.0002085558867474382 7.3819976119357333e-05 -1.1313228486194119e-06 -4.4759506488433147e-05 0.00046765742101661671 -8.7261283147885784e-05 -2.4395057196001908e-06 0.00020937246971151121 -3.3865930510838909e-05 -2.149868750683949e-05 0.00014426817717536587 0.00016626782972949591 5.8056248934823392e-05 1.5702797097813183e-05 -0.00012229806168153332 0.00037458999148834882 -2.5616661043723182e-05 -7.3887776057102335e-05 -7.2689831892170514e-06 -1.6997178030884907e-06 4.5312478761874467e-05 -0.00036046925044456795 -3.2013673122877668e-05 3.8543737116046004e-05 0.00012786054405803589 4.202384022887176e-06 -4.148479645126003e-05 8.7675967953856624e-05 5.734886755568458e-05 -0.00012630211423483796 -0.00015455694097612997
leaf_weight=648 30059 748138 19368 947 51387 75088 2294 83546 5677 8716 1847 4613 723 5515 581 42463 22593 19754 1771 13368 877 15928 33980 2237 7992 51237 40281 5183 8299 10681
leaf_count=648 30059 748138 19368 947 51387 75088 2294 83546 5677 8716 1847 4613 723 5515 581 42463 22593 19754 1771 13368 877 15928 33980 2237 7992 51237 40281 5183 8299 10681
internal_value=-5.72709e-05 -3.13913e-05 -0.000302487 -4.92811e-05 -0.000137697 1.66251e-05 -0.000213876 -0.000342134 0.000806713 0.0005791 0.00197924 -0.00031534 -0.00054852 -0.00127511 0.00177321 -0.00017968 -0.000122389 -0.000422014 5.92052e-05 0.000407092 -0.00103474 -0.000212016 -3.68336e-05 -0.000169386 0.000337351 -0.00026686 0.000176025 1.91792e-05 0.00020491 -0.000429905
internal_weight=1.31579e+06 1.19018e+06 125609 1.09568e+06 347541 114868 232673 134933 17187 14393 2794 124961 45941 6819 1304 79020 97681 39122 36557 16016 2648 20541 97740 63760 10286 53474 94503 54222 38358 15864
internal_count=1315791 1190182 125609 1095679 347541 114868 232673 134933 17187 14393 2794 124961 45941 6819 1304 79020 97681 39122 36557 16016 2648 20541 97740 63760 10286 53474 94503 54222 38358 15864
cat_boundaries=0 1 2 3 4 5 6 7 8 9 10 11 12
cat_threshold=24 729203 2123736 8578 33 32 11089298 14336428 3429485 80 4332800 16
is_linear=0
shrinkage=0.05


Tree=121
num_leaves=31
num_cat=12
split_feature=7 6 6 5 5 3 0 3 6 0 1 6 0 0 2 7 6 1 3 6 0 0 3 3 1 0 3 1 1 3
split_gain=3.08293 1.90898 1.81675 1.83619 2.17532 1.99106 2.51636 2.62065 1.96167 1.95039 1.9216 2.63267 2.11365 1.78984 1.76394 1.68672 1.60373 1.58674 1.84924 1.76968 1.7469 1.56561 1.52674 1.48253 2.24507 1.92069 1.86499 9.91788 4.06381 13.2704
threshold=0.030551983978343782 14.174977275137024 11.79893450632702 5.5000000000000009 6.5000000000000009 2.5000000000000004 0 5.5000000000000009 12.902084468380513 1 2 13.137882825286564 3 4 21.500000000000004 0.080256544605338681 11.583360624843122 5 4.5000000000000009 12.2093123918769 6 7 1.5000000000000002 1.0000000180025095e-35 8 9 1.5000000000000002 10 11 5.5000000000000009
decision_type=2 2 2 2 2 2 1 2 2 1 1 2 1 1 2 2 2 1 2 2 1 1 2 2 1 1 2 1 1 2
left_child=14 2 21 23 10 9 7 8 -7 -6 11 -5 -12 -13 16 -14 -1 19 20 -8 -19 -2 -11 24 -4 -26 27 -25 29 -28
right_child=1 -3 3 4 5 6 17 -9 -10 22 12 13 15 -15 -16 -17 -18 18 -20 -21 -22 -23 -24 26 25 -27 28 -29 -30 -31
leaf_value=0.00020063584603546467 -3.963437821077465e-05 -6.5743702152158218e-05 0.00012831457072498301 0.00024414856011150017 2.0101982382050991e-05 0.00010149156606715888 0.00065922982076572741 -0.00012928667227077729 -2.5801705531058027e-05 -2.5573302423859986e-05 -9.6635981078275896e-05 2.2846730260988298e-05 -5.0968296457469153e-05 -4.3080450373032922e-05 0.00040136815266087801 -1.3470732397006674e-05 -2.2375996863742074e-05 0.0002302756579460971 -5.5234618747368893e-05 8.20646442025533e-05 2.4647015368617311e-05 0.00031027078924420501 -0.00012786906654720938 -0.00044340410475562702 -3.0679048040783254e-05 3.3369065164786495e-05 4.2244843430574488e-06 -1.0970968370182122e-05 1.5582261756041536e-05 -0.00012634645735779823
leaf_weight=440 3637 29624 18639 3078 25185 10808 687 10567 21149 28281 27708 32968 67065 27534 116 63342 67043 3147 12142 27899 9250 6169 14845 8162 32092 60829 153517 111225 402705 35938
leaf_count=440 3637 29624 18639 3078 25185 10808 687 10567 21149 28281 27708 32968 67065 27534 116 63342 67043 3147 12142 27899 9250 6169 14845 8162 32092 60829 153517 111225 402705 35938
internal_value=-5.56749e-05 -3.7864e-05 -2.82228e-05 -3.37216e-05 -0.000123752 1.43316e-05 0.000161579 -0.000125078 0.000100603 -0.000191844 -0.000225875 6.28911e-06 -0.000319211 -6.628e-05 -0.000384548 -0.000234902 -0.000395138 0.000390984 9.59294e-05 0.000644145 0.000525529 0.000649601 -0.000395958 8.46065e-06 0.00017793 7.74218e-05 -1.81096e-05 -0.00019839 1.82371e-05 -0.000172724
internal_weight=1.31579e+06 1.24819e+06 1.21857e+06 1.20876e+06 385655 163960 95649 42524 31957 68311 221695 63580 158115 60502 67599 130407 67483 53125 24539 28586 12397 9806 43126 823107 111560 92921 711547 119387 592160 189455
internal_count=1315791 1248192 1218568 1208762 385655 163960 95649 42524 31957 68311 221695 63580 158115 60502 67599 130407 67483 53125 24539 28586 12397 9806 43126 823107 111560 92921 711547 119387 592160 189455
cat_boundaries=0 1 2 3 4 5 6 7 8 9 10 11 12
cat_threshold=2079360 760913 24 41025 10066595 58 16644 1212674 80 793192 32 65
is_linear=0
shrinkage=0.05


Tree=122
num_leaves=31
num_cat=9
split_feature=7 6 1 6 6 2 6 7 3 1 3 1 1 3 3 1 6 6 0 7 7 7 3 0 6 0 6 0 6 2
split_gain=2.94282 1.70456 2.44902 2.84251 1.73147 1.67331 1.60581 1.55965 1.46147 10.8276 17.8321 8.06421 5.31822 5.2117 5.01605 3.00703 2.55348 2.33202 2.22995 2.13028 2.12022 2.27727 2.07729 1.8213 1.81077 1.80936 1.69019 1.8 1.68596 1.61251
threshold=0.037634030996358557 13.873910353681742 0 13.440146702021273 12.878284707174103 21.500000000000004 11.583360624843122 0.033321867509809124 2.5000000000000004 1 4.5000000000000009 2 3 5.5000000000000009 4.5000000000000009 4 12.581370599189196 12.914605851762095 5 0.11214418972523373 0.089968119969476928 0.10121563202033958 3.5000000000000004 6 12.368543260317088 7 13.458420527144716 8 12.368543260317088 17.500000000000004
decision_type=2 2 1 2 2 2 2 2 2 1 2 1 1 2 2 1 2 2 1 2 2 2 2 1 2 1 2 1 2 2
left_child=5 2 3 4 -2 -1 -4 -7 11 10 22 19 -12 -14 25 -13 20 18 -16 -8 -15 -22 23 -10 -17 -11 27 -26 -25 -21
right_child=1 -3 6 -5 -6 7 8 -9 9 14 12 15 13 16 17 24 -18 -19 -20 29 21 -23 -24 28 26 -27 -28 -29 -30 -31
leaf_value=-1.9615074770683481e-05 0.00075634714138577992 -2.7249151914555509e-05 0.00023539371858518287 1.5196877895533051e-05 0.0001422349331006477 0.00031563603748808989 -7.7784733900478325e-05 2.5716950451336364e-05 4.6457850239204142e-05 -2.6283514202232719e-05 -5.8181324443743509e-05 8.5640657686216523e-05 -0.00013080826652235656 -0.0003154100466604887 2.8199942907098194e-05 -0.00011507509397174752 -0.00042671156938608182 4.1323153644120359e-05 0.00018140076010664287 -0.00041606591655488323 5.8425857313464547e-05 -0.00037414059623535229 6.1501675337147295e-05 0.0001098848005389386 3.1549175009728158e-05 2.0201389520124853e-05 -3.5151274602460091e-05 -1.1629339892226675e-05 -5.021525528638805e-05 4.400946325836211e-05
leaf_weight=107336 198 128890 4726 33940 12969 488 102725 2079 21182 89171 72434 50311 17041 5311 12857 6909 7001 147838 28359 1730 2579 2532 53515 5086 85378 100091 64594 102788 26475 19258
leaf_count=107336 198 128890 4726 33940 12969 488 102725 2079 21182 89171 72434 50311 17041 5311 12857 6909 7001 147838 28359 1730 2579 2532 53515 5086 85378 100091 64594 102788 26475 19258
internal_value=-5.36229e-05 -3.10489e-05 -1.0484e-05 0.00034202 0.000965671 -0.000301312 -2.66105e-05 0.000960264 -3.08499e-05 2.02703e-05 -0.000264724 -0.000100568 -0.000720688 -0.00123194 0.000180848 3.56451e-05 -0.00184038 0.000363017 0.000695602 -0.000441835 -0.00134427 -0.000617297 0.000193961 -2.87254e-05 -3.29072e-05 -1.11077e-06 -1.10789e-05 6.46757e-05 -0.000269394 1.71515e-05
internal_weight=1.31579e+06 1.20589e+06 1.077e+06 47107 13167 109903 1.02989e+06 2567 1.02516e+06 591472 213156 433693 106898 34464 378316 309980 17423 189054 41216 123713 10422 5111 106258 52743 259669 189262 252760 188166 31561 20988
internal_count=1315791 1205888 1076998 47107 13167 109903 1029891 2567 1025165 591472 213156 433693 106898 34464 378316 309980 17423 189054 41216 123713 10422 5111 106258 52743 259669 189262 252760 188166 31561 20988
cat_boundaries=0 1 2 3 4 5 6 7 8 9
cat_threshold=16 65 34 1 64 1428032 5849516 4923579 5282099
is_linear=0
shrinkage=0.05


Tree=123
num_leaves=31
num_cat=12
split_feature=7 6 3 1 1 6 2 0 0 0 1 3 0 3 1 6 6 1 6 0 7 7 7 2 0 2 2 5 0 7
split_gain=2.67086 1.58099 2.70143 7.10806 2.52884 3.97117 2.25675 2.46277 1.96447 1.95465 1.60372 2.26895 2.35978 1.70848 6.33981 1.66918 1.57172 2.27845 5.95144 2.64859 2.31107 2.24421 3.82992 2.51828 2.25854 2.10915 2.01692 1.88529 1.56283 1.55199
threshold=0.039807080262756707 12.55648741036959 5.5000000000000009 0 1 12.89639897621562 19.500000000000004 2 3 4 5 1.0000000180025095e-35 6 1.5000000000000002 7 11.583360624843122 13.858269235864768 8 13.152188648711387 9 0.047698780274746 0.054502288977933654 0.057924780312054024 15.500000000000002 10 11.500000000000002 20.500000000000004 5.5000000000000009 11 0.055380707831157457
decision_type=2 2 2 1 1 2 2 1 1 1 1 2 1 2 1 2 2 1 2 1 2 2 2 2 1 2 2 2 1 2
left_child=-1 2 10 8 5 6 7 -3 -4 -7 11 12 -2 14 -13 -14 17 18 19 -6 26 23 25 24 -22 -23 -20 -19 -29 -12
right_child=1 4 3 -5 16 9 -8 -9 -10 -11 29 13 15 -15 -16 -17 -18 27 20 -21 21 22 -24 -25 -26 -27 -28 28 -30 -31
leaf_value=-1.7240264371980116e-05 -4.7197877826792419e-05 8.2736243818092427e-05 0.0004156019226507623 -0.00012988829356126131 0.00025106074198628442 1.7905122464925772e-05 -0.00015094417224867878 -4.2199207538857038e-05 6.4653267249880719e-05 -0.00015810422521567524 2.5427526238328696e-05 9.2891265499036441e-05 0.00084473182613749916 8.0643156266304089e-05 -0.00040737727570231406 0.00024793935173331259 -2.4892862828713457e-05 1.3998625399872354e-06 8.9654251358372084e-05 7.1275214120425313e-05 3.7387519139788442e-05 -0.00031111807572587261 1.031357668673914e-05 0.00047242769701119278 -5.9899409049880512e-05 0.00018496051982506344 -6.6946374922805928e-05 -5.140318235856035e-05 -8.7566768214748154e-06 -6.8020694220096613e-05
leaf_weight=125609 3743 25630 2953 17034 8198 7489 5271 29487 4207 37761 21575 9700 503 64245 5383 11040 135573 378859 13328 9192 9883 391 147180 166 33428 5442 3267 74142 100789 24323
leaf_count=125609 3743 25630 2953 17034 8198 7489 5271 29487 4207 37761 21575 9700 503 64245 5383 11040 135573 378859 13328 9192 9883 391 147180 166 33428 5442 3267 74142 100789 24323
internal_value=-5.17609e-05 -2.86187e-05 0.000115174 -0.000372821 -5.17138e-05 -0.000283395 -1.80511e-05 7.64725e-05 0.000948395 -0.00063757 0.000199199 0.000316832 0.000874655 0.000209383 -0.00026951 0.00122782 -2.51032e-05 2.07081e-06 0.000134172 0.00102358 6.15939e-05 1.374e-05 0.000103814 -0.000303265 -0.000326823 0.00136036 0.0006282 -5.29084e-05 -0.000188676 -4.33488e-05
internal_weight=1.31579e+06 1.19018e+06 164706 24194 1.02548e+06 105638 60388 55117 7160 45250 140512 94614 15286 79328 15083 11543 919838 784265 230475 17390 213085 196490 153013 43477 43311 5833 16595 553790 174931 45898
internal_count=1315791 1190182 164706 24194 1025476 105638 60388 55117 7160 45250 140512 94614 15286 79328 15083 11543 919838 784265 230475 17390 213085 196490 153013 43477 43311 5833 16595 553790 174931 45898
cat_boundaries=0 1 2 3 4 5 6 7 8 9 10 11 12
cat_threshold=36 96 5580122 15620360 704578 96 337729 64 24 1106130 1344033 1008227
is_linear=0
shrinkage=0.05


Tree=124
num_leaves=31
num_cat=12
split_feature=7 2 6 6 6 0 2 7 7 1 1 7 2 7 1 1 1 1 0 2 7 2 7 7 7 7 0 0 0 0
split_gain=2.35825 1.54573 1.47039 1.4178 1.3736 1.39418 1.34236 1.91032 5.92064 3.68334 2.51938 1.91072 1.78768 2.06676 2.08074 1.98749 1.69387 1.57529 1.55485 1.52893 2.76147 2.50783 2.80576 3.22138 3.52749 2.83429 1.67161 1.64397 1.5736 1.50258
threshold=0.037634030996358557 21.500000000000004 13.721531691394475 14.174977275137024 11.583360624843122 0 16.500000000000004 0.060317631810185908 0.057428253650754317 1 2 0.055074923248330736 21.500000000000004 0.063296034266724199 3 4 5 6 7 8.5000000000000018 0.10579941122073669 7.5000000000000009 0.10879013868478844 0.097933576906992295 0.10297475800934078 0.07292149525771785 8 9 10 11
decision_type=2 2 2 2 2 1 2 2 2 1 1 2 2 2 1 1 1 1 1 2 2 2 2 2 2 2 1 1 1 1
left_child=1 -1 -3 4 5 -2 19 8 10 -10 11 16 13 14 -9 18 -8 -16 -15 21 -21 27 23 25 28 -23 -22 -6 -25 -26
right_child=3 2 -4 -5 6 -7 7 12 9 -11 -12 -13 -14 15 17 -17 -18 -19 -20 20 26 22 -24 24 29 -27 -28 -29 -30 -31
leaf_value=-1.7772307813550448e-05 0.00045217025273693062 0.00017977441503416654 -2.2903639332798227e-05 -5.7976350253911027e-05 -7.524530143952364e-05 -8.2160021783546483e-05 0.00017001497881374573 -0.00052811623514331999 0.00022422561045005266 -0.00025546226786820898 -4.7070273808949162e-05 -2.3581061604939513e-05 -0.00032253822366831253 -6.9242046176341449e-05 0.0004479895713537797 3.3273153760669824e-05 4.2296515013127708e-05 0.0001391270498422971 1.2648332941047556e-05 -1.1290112340521988e-05 -8.1823669256682861e-05 7.2754799615296436e-05 -5.555043958581957e-05 0.00095311377292569871 5.5521075482263559e-05 -0.00014651856716666812 -0.00047997929359780233 4.1753206878254207e-06 0.00027476971424672097 0.00022409369265740327
leaf_weight=107336 2787 1392 1175 29277 14546 1939 3183 336 1061 7737 23416 11568 700 36248 327 247719 13741 4695 50308 648931 2738 12921 14143 672 5689 4690 2681 52652 1568 9615
leaf_count=107336 2787 1392 1175 29277 14546 1939 3183 336 1061 7737 23416 11568 700 36248 327 247719 13741 4695 50308 648931 2738 12921 14143 672 5689 4690 2681 52652 1568 9615
internal_value=-5.00129e-05 -0.000271741 0.000940786 -2.9805e-05 -2.12529e-05 0.000829453 -2.46836e-05 4.95077e-05 -0.000208877 -0.00140828 -5.588e-06 0.000310152 9.55964e-05 0.000100799 0.00107503 8.51832e-05 0.000648782 0.00132949 -0.000121065 -6.32823e-05 -9.29942e-05 0.000103608 0.000374456 0.00061371 0.00109325 0.000135993 -0.00121702 -9.50933e-05 0.00294643 0.000822006
internal_weight=1.31579e+06 109903 2567 1.20589e+06 1.17661e+06 4726 1.17188e+06 401039 60706 8798 51908 28492 340333 339633 5358 334275 16924 5022 86556 770846 654350 116496 49298 35155 17544 17611 5419 67198 2240 15304
internal_count=1315791 109903 2567 1205888 1176611 4726 1171885 401039 60706 8798 51908 28492 340333 339633 5358 334275 16924 5022 86556 770846 654350 116496 49298 35155 17544 17611 5419 67198 2240 15304
cat_boundaries=0 1 2 3 4 5 6 7 8 9 10 11 12
cat_threshold=282756 36 39 64 5 6 10 5499972 6974730 2294296 7689249 1984330
is_linear=0
shrinkage=0.05


Tree=125
num_leaves=31
num_cat=11
split_feature=7 1 6 2 7 7 1 7 3 1 3 2 6 0 3 0 6 6 3 1 1 6 2 0 0 6 3 1 1 7
split_gain=2.1556 1.44428 1.97648 1.9924 1.76979 1.69624 2.17014 1.65806 2.26305 3.35473 2.33959 2.32749 1.95351 2.02197 1.5847 1.47529 1.449 1.40057 2.7275 6.47468 2.51347 3.49983 2.1835 2.12377 1.8251 1.77938 1.57568 3.72572 2.62105 2.12585
threshold=0.037634030996358557 0 14.054192953675225 14.500000000000002 0.033321867509809124 0.033321867509809124 1 0.030551983978343782 2.5000000000000004 2 4.5000000000000009 9.5000000000000018 12.629022336480388 3 5.5000000000000009 4 13.244695162885757 12.55648741036959 5.5000000000000009 5 6 12.89639897621562 19.500000000000004 7 8 11.903400437239741 3.5000000000000004 9 10 0.045308045100993642
decision_type=2 1 2 2 2 2 1 2 2 1 2 2 2 1 2 1 2 2 2 1 1 2 2 1 1 2 2 1 1 2
left_child=1 2 3 -1 -5 7 16 8 11 10 -10 -3 13 -11 -9 -14 -7 18 -2 25 21 22 23 -19 -23 -20 28 29 -22 -28
right_child=17 5 -4 4 -6 6 -8 14 9 12 -12 -13 15 -15 -16 -17 -18 20 19 -21 26 24 -24 -25 -26 -27 27 -29 -30 -31
leaf_value=-3.8293491675598956e-06 3.545949776471403e-05 -0.00026209669479540233 -0.00010486166396275373 0.00035146683791387147 6.3828479495914138e-05 9.7232811822470203e-05 -0.00018098051979383947 2.2422751853900356e-05 -3.4598107055855734e-06 1.3166846944234757e-05 -8.0425667578624925e-05 -2.7039663521231939e-05 -3.0445877098258624e-05 0.00026913517316109109 -8.4342624612459424e-05 2.4015618601167303e-05 -6.4397130767370755e-05 7.4609060543570188e-05 0.00095189033205260931 -0.00012454047847713692 9.7230424731966668e-06 1.726263597549111e-05 -0.00014169850986807557 -4.3022303559969847e-05 -0.00014991160499424716 0.00015481848026504836 7.290347220547965e-05 -1.4209409522099519e-05 -2.3021971875833899e-05 2.3046820864004132e-05
leaf_weight=37137 142127 3386 2125 541 2484 1111 3241 12162 5452 1394 5579 15435 4588 1417 2127 7275 4449 25883 781 17266 174238 7501 5271 29778 37902 6425 18277 200415 355038 184986
leaf_count=37137 142127 3386 2125 541 2484 1111 3241 12162 5452 1394 5579 15435 4588 1417 2127 7275 4449 25883 781 17266 174238 7501 5271 29778 37902 6425 18277 200415 355038 184986
internal_value=-4.88349e-05 -0.000260822 -3.15637e-05 4.70582e-05 0.00128099 -0.000404136 -0.00105159 -0.000307321 -0.000457711 -0.000152695 -0.000811069 -0.000874291 0.000342549 0.00152792 0.000161312 6.19562e-05 -0.000448834 -2.95147e-05 0.000105071 -0.000382479 -5.1089e-05 -0.000281397 -3.38094e-05 5.82982e-05 -0.000613727 0.00087583 -2.4836e-05 4.9568e-05 -8.15843e-05 0.000200394
internal_weight=1.31579e+06 109903 42287 40162 3025 67616 8801 58815 44526 25705 11031 18821 14674 2811 14289 11863 5560 1.20589e+06 166599 24472 1.03929e+06 106335 60932 55661 45403 7206 932954 403678 529276 203263
internal_count=1315791 109903 42287 40162 3025 67616 8801 58815 44526 25705 11031 18821 14674 2811 14289 11863 5560 1205888 166599 24472 1039289 106335 60932 55661 45403 7206 932954 403678 529276 203263
cat_boundaries=0 1 2 3 4 5 6 7 8 9 10 11
cat_threshold=84 8 1 2177221 10865938 36 96 5580122 704578 10 17
is_linear=0
shrinkage=0.05


Tree=126
num_leaves=31
num_cat=16
split_feature=5 5 7 3 3 0 0 1 0 0 3 1 3 1 3 3 1 1 7 3 6 1 3 6 0 0 0 0 0 0
split_gain=2.05504 2.15557 2.62729 2.05605 2.34467 3.10694 2.32038 2.18094 2.18089 1.8269 1.57082 2.18599 2.04571 7.13743 13.3284 7.65791 5.48442 3.90408 3.20732 2.54009 2.35024 2.29945 7.72118 2.09792 2.0815 1.85135 1.77143 1.76832 1.75884 1.66525
threshold=5.5000000000000009 6.5000000000000009 0.041583106592019921 2.5000000000000004 5.5000000000000009 0 1 2 3 4 1.0000000180025095e-35 5 2.5000000000000004 6 5.5000000000000009 5.5000000000000009 7 8 0.031580842558335064 4.5000000000000009 11.903400437239741 9 1.5000000000000002 12.342999049824568 10 11 12 13 14 15
decision_type=2 2 2 2 2 1 1 1 1 1 2 1 2 1 2 2 1 1 2 2 2 1 2 2 1 1 1 1 1 1
left_child=10 2 -2 7 6 -6 -5 -3 -9 -4 11 -1 16 15 19 23 28 18 -16 29 -17 22 -18 26 -24 -22 -14 -21 -12 -15
right_child=1 3 9 4 5 -7 -8 8 -10 -11 12 -13 13 14 17 20 21 -19 -20 27 25 -23 24 -25 -26 -27 -28 -29 -30 -31
leaf_value=0.00011024342536564305 -5.5736229831602896e-05 -0.00011056316043499002 -2.5673041382897322e-06 -5.0027700890647557e-06 -0.00014469951065797484 2.1761804041547305e-05 7.0356790153331669e-05 -5.7144584828356763e-05 2.337313164944633e-05 -4.8284043067555145e-05 4.3690198126181365e-05 7.4559314994725242e-06 0.00029159218047554274 5.7312317744024705e-05 -0.00012116036794965662 0.0010396846348621792 -0.00041856749304725857 -0.0002897100532411194 -6.7864210203826052e-05 1.8826611190935081e-05 8.2034844048910508e-06 -3.2107025221142485e-05 0.00014477147589367944 1.7142550697735844e-06 -9.6273185583592796e-05 0.00010666473483201022 4.7725392370780596e-05 -5.2936535035586618e-05 -6.5745921276933257e-06 2.0792242961910974e-06
leaf_weight=21397 28829 16779 96350 34324 10176 15941 43900 24143 33458 116292 45858 99995 3712 37157 2895 573 9188 11623 33983 14850 14206 136095 4542 228089 6248 58938 5427 36861 57881 66081
leaf_count=21397 28829 16779 96350 34324 10176 15941 43900 24143 33458 116292 45858 99995 3712 37157 2895 573 9188 11623 33983 14850 14206 136095 4542 228089 6248 58938 5427 36861 57881 66081
internal_value=-4.65929e-05 -0.000137819 -0.000235247 -6.18401e-06 0.000137002 -0.000273195 0.000273956 -0.000207046 -6.08403e-05 -0.00017452 -3.79195e-06 0.000163436 -3.00125e-05 2.77499e-05 -0.000202498 0.000178401 -0.000144375 -0.000925858 -0.000673391 2.39099e-05 0.000623532 -0.000331652 -0.000832501 4.00868e-05 7.41415e-05 0.000598544 0.000782907 -0.000262131 0.000137398 0.000167185
internal_weight=1.31579e+06 420192 241471 178721 104341 26117 78224 74380 57601 212642 895599 121392 774207 514395 203450 310945 259812 48501 36878 154949 73717 156073 19978 237228 10790 73144 9139 51711 103739 103238
internal_count=1315791 420192 241471 178721 104341 26117 78224 74380 57601 212642 895599 121392 774207 514395 203450 310945 259812 48501 36878 154949 73717 156073 19978 237228 10790 73144 9139 51711 103739 103238
cat_boundaries=0 1 2 3 4 5 6 7 8 9 10 11 12 13 14 15 16
cat_threshold=1504128 2731146 36 14705322 9756420 80 46 81 17 32 4939863 67652 7128204 828931 174714 14222248
is_linear=0
shrinkage=0.05


Tree=127
num_leaves=31
num_cat=10
split_feature=6 7 6 0 1 6 3 6 3 1 3 1 3 1 3 1 6 7 6 0 2 7 3 1 0 7 7 7 7 0
split_gain=1.86931 2.01216 1.60926 1.59754 1.58705 4.03707 1.82669 1.5286 1.49891 9.83215 16.6155 6.78281 5.17381 4.7473 4.63693 2.42014 2.41162 2.55786 2.22302 2.08816 2.04299 2.0211 1.87928 1.67174 2.202 1.63122 1.70371 1.85821 3.06413 1.82154
threshold=11.583360624843122 0.028165668868557519 14.15007454626542 0 1 13.524332381254892 5.5000000000000009 12.878284707174103 2.5000000000000004 2 4.5000000000000009 3 4.5000000000000009 4 5.5000000000000009 5 12.581370599189196 0.089200895554978468 12.914605851762095 6 9.5000000000000018 0.10121563202033958 3.5000000000000004 7 8 0.11214418972523373 0.045308045100993642 0.051060678640826133 0.047327318174891456 9
decision_type=2 2 2 1 1 2 2 2 2 1 2 1 2 1 2 1 2 2 2 1 2 2 2 1 1 2 2 2 2 1
left_child=-1 -2 4 -4 5 7 -7 -3 11 10 22 -6 23 -12 -15 -13 17 -16 19 -14 -17 -19 -10 24 -11 26 29 28 -28 -22
right_child=1 2 3 -5 8 6 -8 -9 9 12 13 15 18 14 16 20 -18 21 -20 -21 25 -23 -24 -25 -26 -27 27 -29 -30 -31
leaf_value=0.00019557491029802512 -1.8888688996273676e-05 0.00070967709876493831 -6.9424555871942695e-06 -0.00010262949418083403 2.0689445328873558e-05 1.6782773275596759e-05 -9.2483660037838325e-05 0.00012743040523531792 -4.2233000532560326e-06 -1.2221944226568065e-05 -5.4600248249188261e-05 -1.8457009370885943e-05 -1.0818611985783937e-06 -0.00012074585195006934 -0.00030490935447341732 -0.00037277954889781929 -0.00039110358590247943 6.1138149556234011e-05 3.4466633303144381e-05 0.0001512754476803163 -6.1070276946490178e-05 -0.00033791368617122923 5.3036426808852284e-05 -1.9050964470255561e-05 6.9855153345521097e-05 -1.9580758377565507e-07 -7.4285006705341887e-05 -8.0804459229771771e-05 -0.00035782499158011996 5.6083127146115473e-05
leaf_weight=5321 52106 200 18456 16672 166921 57531 9845 15545 55792 47781 77815 189720 9435 17555 5625 630 7061 2710 173017 33398 4788 2532 56665 129452 38780 21220 7926 82444 2077 6771
leaf_count=5321 52106 200 18456 16672 166921 57531 9845 15545 55792 47781 77815 189720 9435 17555 5625 630 7061 2710 173017 33398 4788 2532 56665 129452 38780 21220 7926 82444 2077 6771
internal_value=-4.35149e-05 -4.73125e-05 -3.4705e-05 -0.000368368 -2.51231e-05 0.00018579 1.7364e-05 0.000906636 -4.05011e-05 8.60563e-06 -0.000258788 -0.000107432 0.000148387 -0.000686156 -0.00116544 -0.00024377 -0.00173137 -0.00126392 0.000321518 0.000644012 -0.000413775 -0.000469288 0.000171753 -2.46062e-05 0.000145486 -0.000399519 -0.000481031 -0.000552588 -0.00119614 9.12697e-05
internal_weight=1.31579e+06 1.31047e+06 1.25836e+06 35128 1.22324e+06 83121 67376 15745 1.14012e+06 657618 225755 482497 431863 113298 35483 315576 17928 10867 215850 42833 125856 5242 112457 216013 86561 125226 104006 92447 10003 11559
internal_count=1315791 1310470 1258364 35128 1223236 83121 67376 15745 1140115 657618 225755 482497 431863 113298 35483 315576 17928 10867 215850 42833 125856 5242 112457 216013 86561 125226 104006 92447 10003 11559
cat_boundaries=0 1 2 3 4 5 6 7 8 9 10
cat_threshold=4427022 16 65 65 1 12 363072 34 1847515 5400866
is_linear=0
shrinkage=0.05


Tree=128
num_leaves=31
num_cat=14
split_feature=7 6 1 2 6 3 1 2 7 7 0 1 3 0 0 0 3 1 0 6 1 6 6 0 0 7 7 1 7 0
split_gain=1.88419 1.31479 2.01699 3.37872 3.09567 1.81603 4.75168 1.65257 2.92791 1.61775 1.70925 1.56683 2.01742 2.13569 1.51122 1.43246 1.42942 4.93151 1.41636 1.40725 1.85913 2.29934 1.55099 1.56518 1.39826 1.3427 1.60026 1.32372 1.73784 1.77784
threshold=0.039807080262756707 12.55648741036959 0 19.500000000000004 12.977402343100168 5.5000000000000009 1 15.500000000000002 0.077032174627853778 0.054502288977933654 2 3 1.0000000180025095e-35 4 5 6 1.5000000000000002 7 8 13.873910353681742 9 13.402230870373574 12.878284707174103 10 11 0.042703481640714268 0.040583133770588982 12 0.088353374510385843 13
decision_type=2 2 1 2 2 2 1 2 2 2 1 1 2 1 1 1 2 1 1 2 1 2 2 1 1 2 2 1 2 1
left_child=-1 5 3 4 7 11 9 14 -9 -7 -11 12 13 -2 -3 -10 17 18 -14 20 21 22 -4 -24 -5 26 -21 -8 -29 -30
right_child=1 2 19 24 -6 6 27 8 15 10 -12 -13 16 -15 -16 -17 -18 -19 -20 25 -22 -23 23 -25 -26 -27 -28 28 29 -31
leaf_value=-1.4672266146539199e-05 -8.6228993199660239e-05 5.173874529424079e-05 0.00070854105767164418 -0.00030894964609151561 -0.00013069031334143506 0.00094291943974797682 -2.6786331887829553e-05 0.00079096119049232327 0.00020213807200231411 0.00031610347259742851 -3.6625193439281055e-06 -8.1168336429048275e-06 0.00021613426781778541 0.00024018231565123383 -6.6113646664619268e-05 3.1807533599312729e-06 7.3440032915830924e-05 -0.00037779668595127567 2.299064522459025e-05 2.0059851231487399e-05 -2.176532710969409e-06 1.7612134401128793e-05 0.00036320346000650726 9.5670861433433806e-05 -0.00011712447495817216 -1.9664049247428553e-05 -0.00014408646733716663 -0.00025806252590356363 0.00018766760164965027 -0.00017376097838128979
leaf_weight=125609 2904 12532 192 2099 27879 207 7006 376 8255 2890 4063 45898 2519 12382 29512 17830 64245 5383 7181 1471 747671 35734 2247 8015 7155 121977 2531 4736 699 4593
leaf_count=125609 2904 12532 192 2099 27879 207 7006 376 8255 2890 4063 45898 2519 12382 29512 17830 64245 5383 7181 1471 747671 35734 2247 8015 7155 121977 2531 4736 699 4593
internal_value=-4.26789e-05 -2.32413e-05 -4.43026e-05 -0.000251213 -0.000163618 0.000107888 -0.000292222 1.71508e-05 0.000326706 0.000788004 0.000659426 0.000176781 0.000293053 0.000819049 -0.000177672 0.00026356 0.000191734 -0.000246305 0.000427393 -2.05372e-05 4.09903e-06 0.000311917 0.000964223 0.000880919 -0.00116382 -0.000175784 -0.00107696 -0.000746305 -0.00111477 -0.000493198
internal_weight=1.31579e+06 1.19018e+06 1.02548e+06 105638 96384 164706 24194 68505 26461 7160 6953 140512 94614 15286 42044 26085 79328 15083 9700 919838 793859 46188 10454 10262 9254 125979 4002 17034 10028 5292
internal_count=1315791 1190182 1025476 105638 96384 164706 24194 68505 26461 7160 6953 140512 94614 15286 42044 26085 79328 15083 9700 919838 793859 46188 10454 10262 9254 125979 4002 17034 10028 5292
cat_boundaries=0 1 2 3 4 5 6 7 8 9 10 11 12 13 14
cat_threshold=96 36 15620360 96 337473 6225930 472152 64 9830505 16 43010 4459648 3 393232
is_linear=0
shrinkage=0.05


Tree=129
num_leaves=31
num_cat=14
split_feature=5 5 7 6 3 1 3 0 0 0 1 7 0 0 1 3 1 3 1 3 3 1 1 7 3 1 3 0 6 6
split_gain=1.90595 1.98083 2.22492 1.87035 1.89532 2.40173 2.07272 3.17461 2.40677 1.98587 1.8555 1.69465 1.69213 1.62461 1.49622 1.40994 1.76888 1.64224 5.77485 10.6549 6.4168 4.4243 2.92528 2.99973 1.99481 1.93549 6.7486 1.93332 1.92932 1.92669
threshold=5.5000000000000009 6.5000000000000009 0.041583106592019921 13.920344109223295 2.5000000000000004 0 5.5000000000000009 1 2 3 4 0.10535545766871728 5 6 7 1.0000000180025095e-35 8 2.5000000000000004 9 5.5000000000000009 5.5000000000000009 10 11 0.03111032678968928 4.5000000000000009 12 1.5000000000000002 13 11.583360624843122 12.261251879726503
decision_type=2 2 2 2 2 1 2 1 1 1 1 2 1 1 1 2 1 2 1 2 2 1 1 2 2 1 2 1 2 2
left_child=15 2 -2 4 5 -3 8 -8 -6 -7 11 -9 -4 -5 -10 16 -1 21 20 24 29 -17 23 -21 -20 26 -23 -28 -22 -19
right_child=1 3 12 13 6 9 7 10 14 -11 -12 -13 -14 -15 -16 17 -18 18 19 22 28 25 -24 -25 -26 -27 27 -29 -30 -31
leaf_value=6.3519700561241924e-05 -5.1638021469308057e-05 -0.00010346707582107192 -4.6760133289485234e-06 -0.00016259632655291702 -5.3122285424347104e-07 -4.6864142109081688e-05 -0.00022058752183031296 5.1124348825458489e-05 0.00014036634699086644 3.5562963982738979e-05 -5.7946409276585201e-05 0.0006575046145487301 -4.6904581727256599e-05 -2.8704910974955479e-05 4.7115530929565265e-05 1.6253269661783292e-05 3.6222351773564957e-06 0.00016666650294054619 1.8287539294708537e-05 -0.0001164567162144822 0.0012336456535324599 -0.0003871780516858094 -0.00025241917551912016 -6.1646632662165074e-05 -2.7435736246132119e-05 -2.8882718973298603e-05 0.00014045350020070398 -8.7033760869695745e-05 8.0503440601574944e-05 1.5686311442040447e-06
leaf_weight=39009 28829 16779 107801 4601 31674 24257 4640 8571 12794 27382 9994 843 104841 9685 27501 103739 82383 6408 103238 2652 284 9188 11623 34226 51711 136095 4542 6248 73433 230820
leaf_count=39009 28829 16779 107801 4601 31674 24257 4640 8571 12794 27382 9994 843 104841 9685 27501 103739 82383 6408 103238 2652 284 9188 11623 34226 51711 136095 4542 6248 73433 230820
internal_value=-4.11589e-05 -0.000129014 -0.000222409 -2.82683e-06 4.48494e-05 -0.000156247 0.000188143 -0.00021374 0.000322429 1.26806e-05 6.7462e-05 0.000570882 -0.000166525 -0.00055159 0.000578711 6.02193e-08 0.000158494 -2.47814e-05 2.69722e-05 -0.000180135 0.000162482 -0.000127247 -0.000826891 -0.000608329 2.22965e-05 -0.000295453 -0.000754954 9.26772e-05 0.000569949 3.58715e-05
internal_weight=1.31579e+06 420192 241471 178721 164435 68418 96017 24048 71969 51639 19408 9414 212642 14286 40295 895599 121392 774207 514395 203450 310945 259812 48501 36878 154949 156073 19978 10790 73717 237228
internal_count=1315791 420192 241471 178721 164435 68418 96017 24048 71969 51639 19408 9414 212642 14286 40295 895599 121392 774207 514395 203450 310945 259812 48501 36878 154949 156073 19978 10790 73717 237228
cat_boundaries=0 1 2 3 4 5 6 7 8 9 10 11 12 13 14
cat_threshold=36 1446400 2731146 15753898 60 9756548 2371729 50 84 46 81 17 32 4939863
is_linear=0
shrinkage=0.05


Tree=130
num_leaves=31
num_cat=13
split_feature=2 2 6 1 3 7 3 7 1 1 6 7 0 0 6 7 7 0 0 0 6 1 2 3 1 0 0 1 6 7
split_gain=1.78259 1.67461 1.58092 1.48136 10.3854 3.39809 2.72294 1.79474 2.70004 1.59457 2.77083 2.28717 1.64991 1.55879 1.55441 2.63873 1.81235 2.48769 1.40365 1.39908 1.3224 2.5015 2.07997 2.03026 6.5585 2.50995 1.99709 1.86646 1.45862 1.42908
threshold=20.500000000000004 16.500000000000004 12.031923105590947 0 4.5000000000000009 0.063296034266724199 4.5000000000000009 0.083926900043025637 1 2 13.364478622272491 0.07367656427701233 3 4 13.143303103056981 0.11311322974291106 0.092845830888495504 5 6 7 12.757262318944296 8 10.500000000000002 5.5000000000000009 9 10 11 12 12.878284707174103 0.087152745487173097
decision_type=2 2 2 1 2 2 2 2 1 1 2 2 1 1 2 2 2 1 1 1 2 1 2 2 1 1 1 1 2 2
left_child=1 20 -3 4 13 19 9 -8 14 10 -7 -12 -13 -4 15 -9 17 -16 -18 -5 23 22 -22 -1 25 -25 28 -26 -24 -29
right_child=-2 2 3 5 -6 6 7 8 -10 -11 11 12 -14 -15 16 -17 18 -19 -20 -21 21 -23 26 24 27 -27 -28 29 -30 -31
leaf_value=1.7936762434231468e-05 -2.3546324064198851e-05 0.00019044930903400466 7.5511254042369229e-05 2.9285581065930735e-05 -0.0001126308520619815 0.00044156082507839734 -8.4030983513297022e-06 0.00063291256087788029 5.0467380592986017e-05 -1.41899446977483e-05 0.0002525499499480675 0.00014071546173704606 -5.8536628993271025e-05 7.1656065628936608e-06 0.00042265387829386742 0.00024275940438023264 0.00018504606909801021 0.00012662185332801344 -0.0001469356471684038 0.00024181162341462399 -0.0001409278431318611 -8.1281652016608964e-06 0.00014132517223826381 0.0003103209787707417 -4.7864447000701957e-05 2.062087993514945e-05 -0.00013129583896393345 -0.00028663718168491653 -3.2847755517716815e-05 -8.7704234075827974e-05
leaf_weight=175342 84595 8618 25026 2556 31283 1924 21189 3018 32486 157748 1211 6903 10671 52032 2082 3786 2488 4851 2474 3694 12133 603103 6037 3884 12077 4832 18064 5527 12456 3701
leaf_count=175342 84595 8618 25026 2556 31283 1924 21189 3018 32486 157748 1211 6903 10671 52032 2082 3786 2488 4851 2474 3694 12133 603103 6037 3884 12077 4832 18064 5527 12456 3701
internal_value=-4.07029e-05 -2.5448e-05 6.28263e-05 4.70403e-05 -0.00010803 0.000112391 8.37006e-05 0.000342387 0.000502587 -2.12108e-05 0.000391186 0.00020628 6.14532e-05 0.000203871 0.000981077 0.00158436 0.000636821 0.00115895 -9.27057e-05 0.001264 -6.39685e-05 -9.88286e-05 -0.000443533 4.66723e-05 -0.000333268 0.000821681 -0.000255356 -0.000805772 0.000109981 -0.0013412
internal_weight=1.31579e+06 1.2312e+06 374040 365422 108341 257081 250831 72374 51185 178457 20709 18785 17574 77058 18699 6804 11895 6933 4962 6250 857156 651793 48690 205363 30021 8716 36557 21305 18493 9228
internal_count=1315791 1231196 374040 365422 108341 257081 250831 72374 51185 178457 20709 18785 17574 77058 18699 6804 11895 6933 4962 6250 857156 651793 48690 205363 30021 8716 36557 21305 18493 9228
cat_boundaries=0 1 2 3 4 5 6 7 8 9 10 11 12 13
cat_threshold=65 40 16 6972494 3264560 2239072 12940594 13772136 96 44 14308618 1794126 3
is_linear=0
shrinkage=0.05


Tree=131
num_leaves=31
num_cat=14
split_feature=5 5 7 6 3 1 3 0 0 1 0 0 2 7 0 0 6 1 3 3 6 0 3 1 3 3 1 1 7 0
split_gain=1.8273 1.81233 1.99768 1.65102 1.69118 2.19196 1.98759 2.8283 2.16437 1.88203 1.75756 1.55244 1.52551 1.455 1.44318 1.33343 1.36907 1.32622 1.30501 1.26914 1.77047 2.11405 1.60188 4.99609 9.42666 5.45949 3.78237 2.66646 2.51182 1.83295
threshold=5.5000000000000009 6.5000000000000009 0.041583106592019921 13.920344109223295 2.5000000000000004 0 5.5000000000000009 1 2 3 4 5 7.5000000000000009 0.10414963761858197 6 7 12.541846423687623 8 3.5000000000000004 1.0000000180025095e-35 11.583360624843122 9 2.5000000000000004 10 5.5000000000000009 5.5000000000000009 11 12 0.031580842558335064 13
decision_type=2 2 2 2 2 1 2 1 1 1 1 1 2 2 1 1 2 1 2 2 2 1 2 1 2 2 1 1 2 1
left_child=19 2 15 4 5 -3 8 12 -6 13 -7 -4 -8 -9 -5 16 -2 -10 -19 20 21 -1 26 25 -25 -24 -21 28 -26 -27
right_child=1 3 11 14 6 10 7 9 17 -11 -12 -13 -14 -15 -16 -17 -18 18 -20 22 -22 -23 23 24 27 29 -28 -29 -30 -31
leaf_value=-4.0651183255424998e-06 4.8305344270407422e-05 -9.8302718510315164e-05 -4.0899898281567288e-06 -0.00015153995519683706 -1.2167262018797115e-07 -4.4763145004250955e-05 0.00022340399793759278 4.4322804191943032e-05 0.00013384545703867855 -6.3052780983629335e-05 3.4544366871956839e-05 -4.4427866117617181e-05 -0.00026699322802218906 0.00057476386454253018 -2.5730977636519238e-05 -2.5384093647820665e-05 -8.2733761293033424e-05 0.00010619318212381113 1.5422573098757319e-05 1.5392901109205592e-05 1.829851941746177e-05 0.0014851374754472121 5.0028687452604419e-06 2.4062984843498104e-06 -0.00010639972951332716 1.4942535147496821e-05 -3.8057272321006963e-05 -0.00023176412851047478 -5.6578492697036286e-05 0.00010268586593538683
leaf_weight=247 1554 16779 107801 4601 31674 24257 167 9073 12794 10648 27382 104841 3160 1000 9685 16012 11263 9149 18352 103739 120946 199 237228 154949 2895 19836 156073 11623 33983 53881
leaf_count=247 1554 16779 107801 4601 31674 24257 167 9073 12794 10648 27382 104841 3160 1000 9685 16012 11263 9149 18352 103739 120946 199 237228 154949 2895 19836 156073 11623 33983 53881
internal_value=-3.91829e-05 -0.000125206 -0.00021454 -4.50542e-06 4.02883e-05 -0.000149669 0.000175645 -0.000217899 0.000307145 -2.42376e-07 1.17125e-05 -0.000161587 -0.00156878 0.000489436 -0.000520091 -0.000605121 -0.000985033 0.000550179 0.000354221 1.17679e-06 0.000151491 0.00329596 -2.23918e-05 2.87219e-05 -0.000163915 0.000154764 -0.000123591 -0.000772253 -0.000563599 0.000530609
internal_weight=1.31579e+06 420192 241471 178721 164435 68418 96017 24048 71969 20721 51639 212642 3327 10073 14286 28829 12817 40295 27501 895599 121392 446 774207 514395 203450 310945 259812 48501 36878 73717
internal_count=1315791 420192 241471 178721 164435 68418 96017 24048 71969 20721 51639 212642 3327 10073 14286 28829 12817 40295 27501 895599 121392 446 774207 514395 203450 310945 259812 48501 36878 73717
cat_boundaries=0 1 2 3 4 5 6 7 8 9 10 11 12 13 14
cat_threshold=36 397824 2731146 60 15753898 9756548 2371729 2613333 50 295296 46 81 17 2164820
is_linear=0
shrinkage=0.05


Tree=132
num_leaves=31
num_cat=12
split_feature=5 5 1 6 0 6 3 1 0 3 0 0 3 2 3 0 2 0 7 6 1 0 0 6 7 7 1 2 7 3
split_gain=1.69414 1.61975 1.88681 2.20846 2.04878 1.45317 1.48983 1.96012 1.76681 1.53437 1.9439 1.43603 1.77771 2.82181 1.37638 2.16699 1.39095 1.28041 1.27355 1.25639 3.49674 1.86279 1.67217 1.76929 1.39444 3.02867 2.22393 2.06048 1.36727 1.22212
threshold=5.5000000000000009 6.5000000000000009 0 13.137882825286564 1 14.054192953675225 2.5000000000000004 2 3 1.5000000000000002 4 5 1.0000000180025095e-35 12.500000000000002 5.5000000000000009 6 7.5000000000000009 7 0.024630190825150434 13.267467546372119 8 9 10 11.583360624843122 0.054777123202907098 0.057428253650754317 11 21.500000000000004 0.091495601640996252 3.5000000000000004
decision_type=2 2 1 2 1 2 2 1 1 2 1 1 2 2 2 1 2 1 2 2 1 1 1 2 2 2 1 2 2 2
left_child=19 2 3 17 -4 6 7 -3 -8 11 -11 18 -13 -14 -10 16 -16 -2 -9 20 21 29 -22 -24 -21 26 -26 -27 -25 -1
right_child=1 5 4 -5 -6 -7 8 9 14 10 -12 12 13 -15 15 -17 -18 -19 -20 24 22 -23 23 28 25 27 -28 -29 -30 -31
leaf_value=0.00017986222002544419 0.0003336557724131408 -9.3387582584800082e-05 -7.2753139928186157e-05 -6.3631308879203987e-06 -2.6211624787459962e-05 -9.7824677732587747e-05 6.2937458054199697e-05 -8.6249041236304648e-05 1.6613403989221563e-05 1.5721530228232076e-05 -0.00012408859586508409 -8.1406028395374213e-05 -8.1360219379240042e-05 0.00011010148908056856 0.00018865314066700571 -1.7337066270719347e-05 -0.00025105758430766465 8.8806498382977103e-05 8.8379562547258601e-05 -1.7727850804377849e-05 1.8252123787383475e-05 3.0598664593108283e-05 0.00042365738007363297 -1.3629037353995818e-05 0.00020591377441295857 -3.7085744785529587e-06 4.4325967486949767e-05 -0.00020675338905737332 1.8813961040238337e-05 7.2654063249175753e-05
leaf_weight=7349 1112 16779 50717 67547 120069 7832 31410 580 51272 9459 9401 9576 4106 7284 171 13605 3288 2026 13958 123690 178499 12942 1952 206314 2403 238866 6155 2430 110089 4910
leaf_count=7349 1112 16779 50717 67547 120069 7832 31410 580 51272 9459 9401 9576 4106 7284 171 13605 3288 2026 13958 123690 178499 12942 1952 206314 2403 238866 6155 2430 110089 4910
internal_value=-3.69029e-05 -0.000119732 -0.000204187 1.30832e-05 -0.000294095 -5.62448e-06 2.4898e-05 -0.000149911 0.000149579 -4.04724e-06 -0.000368506 0.000189555 -7.53254e-05 0.000346794 6.87558e-06 -0.000382092 -0.00149755 0.00130975 0.000571211 1.95839e-06 5.20527e-05 0.000626511 2.29025e-05 -4.5782e-05 -6.80521e-05 -8.12388e-08 0.00092428 -3.28654e-05 -5.50418e-05 0.00106814
internal_weight=1.31579e+06 420192 241471 70685 170786 178721 170889 71143 99746 54364 18860 35504 20966 11390 68336 17064 3459 3138 14538 895599 522055 25201 496854 318355 373544 249854 8558 241296 316403 12259
internal_count=1315791 420192 241471 70685 170786 178721 170889 71143 99746 54364 18860 35504 20966 11390 68336 17064 3459 3138 14538 895599 522055 25201 496854 318355 373544 249854 8558 241296 316403 12259
cat_boundaries=0 1 2 3 4 5 6 7 8 9 10 11 12
cat_threshold=24 106609 36 12600628 2735173 14587216 397824 1313922 24 1826961 4761370 8
is_linear=0
shrinkage=0.05


Tree=133
num_leaves=31
num_cat=9
split_feature=2 2 6 7 3 7 7 1 0 1 1 0 0 7 2 7 2 7 7 2 7 7 2 0 0 0 6 7 2 7
split_gain=1.58918 1.50582 1.37222 1.38429 3.23192 2.82776 1.815 1.75801 1.74246 1.65719 1.37387 1.42024 1.2736 1.18886 1.09908 1.16109 2.4285 2.56502 1.96395 1.92521 1.79338 1.12459 1.09242 1.51673 1.24089 1.07205 1.36693 1.06603 1.06154 2.47763
threshold=20.500000000000004 16.500000000000004 12.031923105590947 0.060317631810185908 4.5000000000000009 0.055735845590990436 0.063296034266724199 0 1 2 3 4 5 0.049977756527417504 18.500000000000004 0.096960038120790362 17.500000000000004 0.089968119969476928 0.088353374510385843 17.500000000000004 0.10454569582555139 0.10032138269058817 18.500000000000004 6 7 8 11.79893450632702 0.11311322974291106 11.500000000000002 0.062923896024368639
decision_type=2 2 2 2 2 2 2 1 1 1 1 1 1 2 2 2 2 2 2 2 2 2 2 1 1 1 2 2 2 2
left_child=1 25 13 4 5 -4 9 -7 -6 -5 11 14 -11 -3 15 16 17 -8 -18 -17 -21 -16 23 -15 -24 -1 -27 -22 -28 -30
right_child=-2 2 3 6 8 7 10 -9 -10 12 -12 -13 -14 22 21 19 18 -19 -20 20 27 -23 24 -25 -26 26 28 -29 29 -31
leaf_value=7.0707832634653905e-06 -2.1566586302671729e-05 0.00026983016104324572 2.2293346412960351e-05 -0.00045703678431461761 -1.4583059815541594e-05 0.00033029753689427607 0.00086966594131105313 -0.00023185163821958315 -0.00011071864564898883 0.00024876436316850949 2.5828419142625583e-05 -5.6916508072646816e-05 6.2355737136352956e-05 -0.00022047295804083361 -2.5430984147528495e-05 -0.00013345544270684575 6.9055221427312855e-05 0.00019342025520296797 -0.00033257490188248322 0.00046310133470346139 0.00011772380958190855 -0.00036260577509645528 -0.00032436497863047408 0.00042751170160201839 0.00013639290773561358 0.00016910078286218018 -2.6776072639612284e-06 -0.00033645436464861819 -4.0207720569369836e-06 -5.5339956323593774e-05
leaf_weight=173644 84595 782 28157 321 5329 383 206 4244 7910 2351 227775 39174 2590 876 11051 8975 7552 8025 2044 892 5728 1787 1419 3451 2090 5134 308028 928 224552 145798
leaf_count=173644 84595 782 28157 321 5329 383 206 4244 7910 2351 227775 39174 2590 876 11051 8975 7552 8025 2044 892 5728 1787 1419 3451 2090 5134 308028 928 224552 145798
internal_value=-3.5953e-05 -2.15493e-05 6.21579e-05 4.74508e-05 -0.000208918 5.73439e-05 8.43917e-05 -0.00108818 -0.000868269 0.00100532 6.89655e-05 -0.000100844 0.00123106 0.000685773 8.39007e-05 0.00023144 0.000511302 0.00114142 -2.918e-05 -7.0509e-05 0.000518017 -0.000310797 0.000500254 0.00103189 -0.000155316 -5.8077e-05 -8.62603e-05 0.000235876 -9.24128e-05 -0.000149454
internal_weight=1.31579e+06 1.2312e+06 374040 365422 46023 32784 319399 4627 13239 5262 314137 86362 4941 8618 47188 34350 17827 8231 9596 16523 7548 12838 7836 4327 3509 857156 683512 6656 678378 370350
internal_count=1315791 1231196 374040 365422 46023 32784 319399 4627 13239 5262 314137 86362 4941 8618 47188 34350 17827 8231 9596 16523 7548 12838 7836 4327 3509 857156 683512 6656 678378 370350
cat_boundaries=0 1 2 3 4 5 6 7 8 9
cat_threshold=4 2699783 64 5 2888635 905879 133474 5149 5801728
is_linear=0
shrinkage=0.05


Tree=134
num_leaves=31
num_cat=18
split_feature=5 5 1 6 0 0 6 0 6 1 0 7 0 0 1 7 7 2 1 0 0 3 1 6 0 1 3 1 0 0
split_gain=1.57629 1.46487 1.80471 2.13789 1.91804 1.38734 1.42972 1.31097 1.2258 3.11339 1.71062 1.46019 1.64658 1.38017 1.22489 1.34205 2.46163 1.87472 1.86634 1.32304 1.19619 1.19042 3.07104 1.87571 1.33808 1.11006 2.42076 2.97811 1.72499 1.3256
threshold=5.5000000000000009 6.5000000000000009 0 13.137882825286564 1 2 14.037908028093151 3 13.267467546372119 4 5 0.091140839254393188 6 7 8 0.054777123202907098 0.057428253650754317 21.500000000000004 9 10 11 1.5000000000000002 12 12.832051850916182 13 14 4.5000000000000009 15 16 17
decision_type=2 2 1 2 1 1 2 1 2 1 1 2 1 1 1 2 2 2 1 1 1 2 1 2 1 1 2 1 1 1
left_child=8 2 3 7 -4 -3 -7 -2 9 10 -1 13 -13 -11 -10 -16 18 -18 19 -17 -5 22 23 -6 -25 -23 29 28 -28 -27
right_child=1 5 4 20 21 6 -8 -9 14 11 -12 12 -14 -15 15 16 17 -19 -20 -21 -22 25 -24 24 -26 26 27 -29 -30 -31
leaf_value=0.00014865932691120507 0.00031591860063324496 2.7242283280258528e-05 -6.79018049339707e-05 -4.8927363177270661e-05 6.6266366693754495e-05 -7.7229818455323997e-06 -0.00011125240837452803 8.4259742053809466e-05 -0.00015469528655703415 1.6096070664617078e-05 3.123698635610945e-05 -5.369349827198431e-06 5.8437751990002491e-05 -9.7117312531169383e-06 -1.6413027600506709e-05 0.00032609398554340975 -7.026965689301145e-07 -0.00019533739028937096 4.3771023747898218e-05 0.00013085269385641177 1.3391981473050531e-05 2.8003348641797001e-05 -0.0001418428237086761 4.3237029897062967e-05 -0.00010256807179786197 5.4899765290251028e-05 0.00015711656507828408 -0.0001168627782249219 -4.1869798267554538e-05 -3.5212073704355581e-05
leaf_weight=11310 1112 50149 56677 18315 10307 122138 6434 2026 5246 73986 13891 79197 95495 248176 123225 829 234090 2430 6150 1574 49232 28692 11870 2757 8670 14935 2901 15701 4273 14003
leaf_count=11310 1112 50149 56677 18315 10307 122138 6434 2026 5246 73986 13891 79197 95495 248176 123225 829 234090 2430 6150 1574 49232 28692 11870 2757 8670 14935 2901 15701 4273 14003
internal_value=-3.4243e-05 -0.000114139 -0.000194455 1.8034e-05 -0.000282385 -5.62448e-06 -9.26269e-05 0.00129382 3.24245e-06 5.27231e-05 0.000594779 2.5217e-05 0.000141619 -3.79014e-05 -6.59104e-05 -5.5091e-05 1.25869e-05 -1.75473e-05 0.000845901 0.00202445 -4.12317e-05 -0.00016426 -0.000414238 -6.07076e-05 -0.000501883 -5.99354e-05 -0.000198079 -0.000582515 0.000261691 0.000105742
internal_weight=1.31579e+06 420192 241471 70685 170786 178721 128572 3138 895599 522055 25201 496854 174692 322162 373544 368298 245073 236520 8553 2403 67547 114109 33604 21734 11427 80505 51813 22875 7174 28938
internal_count=1315791 420192 241471 70685 170786 178721 128572 3138 895599 522055 25201 496854 174692 322162 373544 368298 245073 236520 8553 2403 67547 114109 33604 21734 11427 80505 51813 22875 7174 28938
cat_boundaries=0 1 2 3 4 5 6 7 8 9 10 11 12 13 14 15 16 17 18
cat_threshold=24 368753 115733 1313922 24 1695889 3214306 4760322 96 8 10962452 15090712 69 13126656 34 4 6820618 9440642
is_linear=0
shrinkage=0.05


Tree=135
num_leaves=31
num_cat=16
split_feature=5 5 7 0 6 0 3 1 1 3 0 0 0 1 6 0 3 1 0 3 1 3 3 1 1 7 1 3 0 6
split_gain=1.40907 1.38084 1.70548 1.37895 1.25729 1.3659 1.30432 1.84238 1.6532 1.93766 2.35502 2.16645 1.49577 1.33304 1.20871 1.19417 1.08252 1.60118 1.48081 1.46146 4.51358 8.44818 5.01136 3.30351 2.29282 2.5188 1.90301 6.30609 1.85548 1.84525
threshold=5.5000000000000009 6.5000000000000009 0.041583106592019921 0 13.920344109223295 1 2.5000000000000004 2 3 4.5000000000000009 4 5 6 7 13.660409926842986 8 1.0000000180025095e-35 9 10 2.5000000000000004 11 5.5000000000000009 5.5000000000000009 12 13 0.03111032678968928 14 1.5000000000000002 15 13.267467546372119
decision_type=2 2 2 1 2 1 2 1 1 2 1 1 1 1 2 1 2 1 1 2 1 2 2 1 1 2 1 2 1 2
left_child=16 2 15 -4 6 -6 7 -3 -8 10 14 -11 -9 -13 -10 -2 17 -1 -19 23 22 -22 -21 -18 25 -23 27 -25 -29 -24
right_child=1 4 3 -5 5 -7 8 12 9 11 -12 13 -14 -15 -16 -17 19 18 -20 20 21 24 29 26 -26 -27 -28 28 -30 -31
leaf_value=9.5810924413738962e-05 -2.0894030190630032e-05 -8.8431833234251962e-05 1.1165160510686935e-05 -3.2485225539800701e-05 -0.00012858759794892848 -1.2553152183683603e-05 0.00011765343834277136 -4.0187997625502783e-05 9.4841708507943147e-05 -0.00011139533866692012 -8.1304448610591162e-06 6.1184270097270005e-05 3.1532068830786667e-05 -3.0066909583984914e-05 -8.1934214499734467e-05 -6.1635731743569304e-05 1.4330699542517215e-05 -2.2136781712601154e-05 2.4743662609167262e-05 4.8680029063525148e-06 2.9070224614321087e-06 -0.00010469694291008573 0.0001287693435110324 -0.00036682674406550664 -0.00021961968311341468 -5.371029245683807e-05 -2.4725637968455222e-05 0.00034455805660337131 -1.3094549618991475e-05 3.4696136743297588e-05
leaf_weight=21397 14916 16779 59695 152947 5319 8967 13442 24257 18729 13807 21107 11462 27382 15841 1629 13913 103739 38775 61220 237228 154949 2652 34037 9188 11623 34226 136095 948 9842 39680
leaf_count=21397 14916 16779 59695 152947 5319 8967 13442 24257 18729 13807 21107 11462 27382 15841 1629 13913 103739 38775 61220 237228 154949 2652 34037 9188 11623 34226 136095 948 9842 39680
internal_value=-3.3483e-05 -0.000109023 -0.000187001 -0.000138074 -3.66612e-06 -0.000453592 3.54231e-05 -0.000131399 0.000154294 7.05322e-05 0.000311707 -0.000172709 1.65529e-05 8.54892e-05 0.000695207 -0.000547887 1.95839e-06 0.000140782 5.6746e-05 -1.98086e-05 2.90135e-05 -0.000154086 0.000148815 -0.00011647 -0.000729986 -0.00053649 -0.000261817 -0.000717432 0.000101945 0.000508904
internal_weight=1.31579e+06 420192 241471 212642 178721 14286 164435 68418 96017 82575 41465 41110 51639 27303 20358 28829 895599 121392 99995 774207 514395 203450 310945 259812 48501 36878 156073 19978 10790 73717
internal_count=1315791 420192 241471 212642 178721 14286 164435 68418 96017 82575 41465 41110 51639 27303 20358 28829 895599 121392 99995 774207 514395 203450 310945 259812 48501 36878 156073 19978 10790 73717
cat_boundaries=0 1 2 3 4 5 6 7 8 9 10 11 12 13 14 15 16
cat_threshold=9476864 2372817 36 48 9859924 9876224 15753898 10 14163626 80 989800 46 81 17 32 540752
is_linear=0
shrinkage=0.05


Tree=136
num_leaves=31
num_cat=12
split_feature=2 2 6 1 3 7 3 7 1 0 6 7 7 0 0 1 6 7 0 0 0 0 7 7 2 1 0 7 2 7
split_gain=1.33529 1.23267 1.26309 1.33488 8.14699 2.77998 2.21487 1.60684 2.30856 1.43116 1.38332 2.04935 1.62931 1.60737 1.55074 1.37748 2.39318 1.87386 1.64528 1.46189 1.36965 1.33723 1.30293 1.16907 1.78119 1.26828 1.15479 1.12252 1.14225 1.31518
threshold=20.500000000000004 16.500000000000004 12.068607812365963 0 4.5000000000000009 0.063296034266724199 4.5000000000000009 0.083926900043025637 1 2 13.143303103056981 0.11621054548671803 0.12610115003671465 3 4 5 13.022453535216695 0.07367656427701233 6 7 8 9 0.092845830888495504 0.032622803014054867 19.500000000000004 10 11 0.10297475800934078 19.500000000000004 0.033321867509809124
decision_type=2 2 2 1 2 2 2 2 1 1 2 2 2 1 1 1 2 2 1 1 1 1 2 2 2 1 1 2 2 2
left_child=1 -1 -3 4 9 21 15 26 10 23 11 14 -13 22 -9 16 -7 19 -19 -18 -17 -5 -12 -4 25 -25 -8 28 -6 -30
right_child=-2 2 3 5 27 6 7 8 -10 -11 13 12 -14 -15 -16 20 17 18 -20 -21 -22 -23 -24 24 -26 -27 -28 -29 29 -31
leaf_value=-6.5366515021222718e-06 -1.9776284597241114e-05 0.00015784472143609568 4.455792743380254e-05 1.8119712064713224e-05 -6.424102545878563e-05 0.00069726983875666626 5.7720953926588365e-05 0.001038143529098831 4.5773697159045774e-05 5.2487259491560496e-05 0.00042323743752947633 -0.00019525296333191687 0.00072643639131233682 6.8411488214502604e-05 0.00041368815839084281 3.141991962079462e-05 5.0213815222314996e-05 0.00015725903827544074 -3.3403207530174264e-05 0.00046387932697108383 -3.5859932888753527e-05 0.00022397541336101063 5.3226877198839786e-05 0.00010687015155407079 -9.7258122116307541e-05 -4.0288343198680857e-05 -6.1222126948763179e-05 -0.00034359753977588025 -4.085047234995434e-05 -0.00020746976824383888
leaf_weight=857156 84595 10357 3520 2345 17978 480 8380 1145 32486 41604 1351 1783 1158 9658 2619 47064 673 6050 12847 659 110360 3852 886 9051 5123 16877 12790 5138 4335 3471
leaf_count=857156 84595 10357 3520 2345 17978 480 8380 1145 32486 41604 1351 1783 1158 9658 2619 47064 673 6050 12847 659 110360 3852 886 9051 5123 16877 12790 5138 4335 3471
internal_value=-3.3331e-05 -2.0128e-05 5.56078e-05 4.01024e-05 -0.000108164 0.000101988 7.61004e-05 0.000309592 0.000461378 0.000169674 0.000905426 0.00148024 0.000491328 0.000582176 0.00225292 -1.86109e-05 0.00036464 0.00028202 0.000154256 0.00209459 -6.9046e-05 0.00114814 0.00178683 -6.81022e-05 -0.000166018 2.31291e-06 -5.66852e-05 -0.000792641 -0.000658161 -0.00116321
internal_weight=1.31579e+06 1.2312e+06 374040 363683 107097 256586 250389 72256 51086 76175 18600 6705 2941 11895 3764 178133 20709 20229 18897 1332 157424 6197 2237 34571 31051 25928 21170 30922 25784 7806
internal_count=1315791 1231196 374040 363683 107097 256586 250389 72256 51086 76175 18600 6705 2941 11895 3764 178133 20709 20229 18897 1332 157424 6197 2237 34571 31051 25928 21170 30922 25784 7806
cat_boundaries=0 1 2 3 4 5 6 7 8 9 10 11 12
cat_threshold=65 40 4992964 8800 10593665 16 7004748 8969505 8720908 13772072 64 7346243
is_linear=0
shrinkage=0.05


Tree=137
num_leaves=31
num_cat=14
split_feature=5 7 1 3 6 7 0 0 0 6 1 0 6 7 0 0 3 0 6 7 7 2 1 2 7 1 0 0 7 0
split_gain=1.34174 1.25014 1.2422 1.52006 1.45628 1.35119 1.2479 1.11683 1.09625 1.03932 2.46824 1.85308 1.71941 1.16559 1.61727 1.15805 1.1317 1.12115 1.19672 1.03091 1.94136 1.73508 1.38 1.27366 1.13193 1.09777 1.09017 1.0249 1.46584 0.994672
threshold=5.5000000000000009 0.037634030996358557 0 1.0000000180025095e-35 13.506550710592995 0.034521400803542678 1 2 3 13.301959138741568 4 5 13.339005439748957 0.091140839254393188 6 7 3.5000000000000004 8 13.052806418276131 0.054777123202907098 0.057428253650754317 10.500000000000002 9 21.500000000000004 0.050787607986193001 10 11 12 0.055380707831157457 13
decision_type=2 2 1 2 2 2 1 1 1 2 1 1 2 2 1 1 2 1 2 2 2 2 1 2 2 1 1 1 2 1
left_child=9 2 4 7 5 6 -2 -4 -6 10 11 16 15 17 -15 -11 -1 -12 -19 24 21 27 -23 -22 -14 29 -25 -21 -29 -26
right_child=1 -3 3 -5 8 -7 -8 -9 -10 12 13 -13 19 14 -16 -17 -18 18 -20 20 23 22 -24 26 25 -27 -28 28 -30 -31
leaf_value=0.00016591856995179722 0.00028760016809081253 -1.1990124724762818e-05 -4.3239016968694535e-06 -2.2662446376591778e-05 5.5858745577344803e-05 2.2611743199499051e-05 4.2781978923556266e-05 -0.00012798985767468598 -7.1046655648693117e-05 -0.00014495236065887622 -1.5874266661106659e-05 1.6430917352574088e-05 -6.7804006534086418e-06 -7.0736206142198524e-06 5.3654989070608162e-05 -3.9858692419420686e-05 6.1357615588208448e-05 1.2727893142776544e-05 -1.6243909321074517e-05 -0.00038388699243845016 1.6360979525743244e-06 0.00019453715291377306 6.4470999802513957e-05 8.5855116533370946e-06 -0.00012651211197327309 -3.6663168883414883e-06 -0.00029368382833305632 0.00039301400187727098 -0.00049568130634073282 -4.0300468181907384e-05
leaf_weight=8215 669 385045 1174 24651 1033 1741 528 2970 2381 3901 126322 15537 85765 82157 99119 17016 5636 151466 55454 331 212799 2222 4509 735 6527 9336 1177 132 191 7052
leaf_count=8215 669 385045 1174 24651 1033 1741 528 2970 2381 3901 126322 15537 85765 82157 99119 17016 5636 151466 55454 331 212799 2222 4509 735 6527 9336 1177 132 191 7052
internal_value=-3.1621e-05 -0.000105334 -0.000390788 -0.000530291 0.000242061 0.00105854 0.00235171 -0.00141651 -0.000459872 2.9633e-06 4.62752e-05 0.000491869 -6.40201e-05 2.0814e-05 0.00012285 -0.000503659 0.000912271 -3.46907e-05 3.69678e-05 -3.62191e-05 2.55283e-05 0.000822612 0.00106151 -1.88745e-06 -0.000162405 -0.000474581 -0.00128661 -0.00163609 0.000405404 -0.000761279
internal_weight=1.31579e+06 420192 35147 28795 6352 2938 1197 4144 3414 895599 543906 29388 351693 514518 181276 20917 13851 333242 206920 330776 222096 7385 6731 214711 108680 22915 1912 654 323 13579
internal_count=1315791 420192 35147 28795 6352 2938 1197 4144 3414 895599 543906 29388 351693 514518 181276 20917 13851 333242 206920 330776 222096 7385 6731 214711 108680 22915 1912 654 323 13579
cat_boundaries=0 1 2 3 4 5 6 7 8 9 10 11 12 13 14
cat_threshold=88 7351318 10161168 8410896 24 1696913 3214306 198560 10967044 8 8 12799057 14683826 9263588
is_linear=0
shrinkage=0.05


Tree=138
num_leaves=31
num_cat=12
split_feature=6 0 1 6 3 3 1 3 1 3 2 1 1 3 6 6 7 7 7 7 3 0 0 0 6 0 6 0 7 1
split_gain=1.27439 1.58437 1.2219 3.2813 2.14762 1.47673 7.99194 13.3997 6.04063 4.87765 3.59922 3.24459 3.08741 3.00772 2.78886 2.08358 2.19386 1.97068 1.84857 1.80589 1.71914 1.80706 1.6406 1.59329 1.57757 1.70395 1.58812 1.60751 1.44329 1.43058
threshold=14.15007454626542 0 1 13.548346216537688 5.5000000000000009 2.5000000000000004 2 4.5000000000000009 3 4.5000000000000009 9.5000000000000018 4 5 5.5000000000000009 12.357696562278482 12.581370599189196 0.088353374510385843 0.039807080262756707 0.10121563202033958 0.054502288977933654 3.5000000000000004 6 7 8 13.703726398863079 9 12.357696562278482 10 0.065131907865817476 11
decision_type=2 1 1 2 2 2 1 2 1 2 2 1 1 2 2 2 2 2 2 2 2 1 1 1 2 1 2 1 2 1
left_child=2 -2 3 -1 -5 8 7 20 10 29 -4 17 -10 -13 19 16 -15 -9 22 -11 21 -7 -18 -22 26 -26 28 -28 -14 -8
right_child=1 -3 5 4 -6 6 9 11 12 14 -12 13 24 15 -16 -17 18 -19 -20 -21 23 -23 -24 -25 25 -27 27 -29 -30 -31
leaf_value=0.00011096069990635777 -7.7710378530994008e-06 -9.9780317723177354e-05 -0.00022887433914219513 1.4353554407545449e-05 -9.453724786178083e-05 -4.2827015144767407e-05 1.7185690092884657e-05 -5.7831692585289672e-05 7.9539700589527552e-05 0.00032926165989536011 -4.7991496539036662e-05 -0.00010907764781400768 -1.1272596251888385e-05 -0.00024924139750202932 3.627273680124209e-05 -0.00033109990056107169 0.0001766883427591604 -3.8705344778115579e-05 -0.00031854673124756143 0.00021953196609816891 1.5592318418763459e-05 2.3902101950172319e-05 -0.00010679768290246635 7.4689098366413975e-05 1.3242569377113818e-05 -6.575995397356909e-05 2.2287768001137134e-05 -8.4008217447207761e-06 -0.00035735130617665071 -1.7495559655738623e-05
leaf_weight=17542 22141 13460 3587 60170 10273 22739 94248 10846 52765 1267 133382 17828 4347 5619 215617 7061 1319 72135 2609 8327 30961 35837 1610 28503 14682 34308 89462 169032 3030 131084
leaf_count=17542 22141 13460 3587 60170 10273 22739 94248 10846 52765 1267 133382 17828 4347 5619 215617 7061 1319 72135 2609 8327 30961 35837 1610 28503 14682 34308 89462 169032 3030 131084
internal_value=-3.0899e-05 -0.000325975 -2.26931e-05 0.00015711 4.75443e-06 -3.59637e-05 1.1706e-05 -0.000223283 -0.000100924 0.000135355 -0.00038433 -0.000597639 4.67735e-06 -0.000993733 0.000299918 -0.00144582 -0.00102044 -0.000425409 -0.000314194 0.00113404 0.000154184 -3.80714e-05 0.000547967 0.000343568 -5.46426e-05 -0.000315372 -6.60214e-06 1.40417e-05 -0.000729973 -2.91138e-05
internal_weight=1.31579e+06 35601 1.28019e+06 87985 70443 1.1922e+06 687610 237067 504595 450543 136969 119027 367626 36046 225211 18218 11157 82981 5538 9594 118040 58576 2929 59464 314861 48990 265871 258494 7377 225332
internal_count=1315791 35601 1280190 87985 70443 1192205 687610 237067 504595 450543 136969 119027 367626 36046 225211 18218 11157 82981 5538 9594 118040 58576 2929 59464 314861 48990 265871 258494 7377 225332
cat_boundaries=0 1 2 3 4 5 6 7 8 9 10 11 12
cat_threshold=4435214 16 65 34 1 64 10926656 9377811 4587775 4785105 5474594 34
is_linear=0
shrinkage=0.05


Tree=139
num_leaves=31
num_cat=13
split_feature=6 1 6 0 7 3 1 7 0 7 6 1 6 3 7 3 1 3 3 1 0 6 0 0 1 2 7 0 5 0
split_gain=1.25871 1.99274 3.1337 1.7162 1.56139 1.39015 4.90293 1.7474 1.37595 1.2792 1.27039 2.21764 1.81164 1.91668 1.66874 1.38782 2.87477 4.93676 2.33402 2.40683 1.75178 1.60161 1.50042 1.47801 1.44285 2.03259 4.00981 1.39925 1.5287 1.30246
threshold=12.55648741036959 0 12.89639897621562 1 0.07329333279788576 5.5000000000000009 2 0.054502288977933654 3 0.039807080262756707 13.858269235864768 4 13.548346216537688 5.5000000000000009 0.043980777748548618 3.5000000000000004 5 4.5000000000000009 5.5000000000000009 6 7 12.775502262725922 8 9 10 12.500000000000002 0.091140839254393188 11 5.5000000000000009 12
decision_type=2 1 2 1 2 2 1 2 1 2 2 1 2 2 2 2 1 2 2 1 1 2 1 1 1 2 2 1 2 1
left_child=5 2 3 -2 -4 -1 7 -7 -9 -8 11 12 -3 -14 -12 24 17 29 19 22 21 -21 -18 -20 25 26 -13 -19 -29 -17
right_child=1 10 4 -5 -6 6 9 8 -10 -11 14 15 13 -15 -16 16 18 27 23 20 -22 -23 -24 -25 -26 -27 -28 28 -30 -31
leaf_value=2.468739796194008e-05 -5.2267547327858443e-05 0.00010541266491103967 -0.00014402679076021036 3.9435391377940803e-05 -7.6282905375968829e-05 0.00031372926115780302 -0.00013848624404455063 0.00028599749563092879 -1.6262434458423198e-05 -6.9868758216365618e-05 -5.0304811552561032e-05 -2.1809627802446511e-05 3.0316706078382515e-05 -0.00010626978072036853 -1.4813109764809486e-05 -1.3776978974999749e-05 -8.226613963094019e-06 -6.8267652538503255e-05 7.91088882875662e-05 6.8419239721832523e-05 9.5085008648428302e-06 -8.2630927809727904e-05 4.20968102742621e-05 2.0371206878778477e-05 -3.8575663361730734e-06 -1.7433119003987268e-05 -0.00041597545499419799 -4.9680126889770838e-06 -8.0816507794066947e-05 5.9512898128761475e-05
leaf_weight=155301 29001 17542 17085 34788 30895 1091 1696 2455 4498 17034 14317 22666 27422 4674 130237 9675 46454 24562 40477 2363 22436 28057 71652 45094 350318 91886 4856 28705 14313 24241
leaf_count=155301 29001 17542 17085 34788 30895 1091 1696 2455 4498 17034 14317 22666 27422 4674 130237 9675 46454 24562 40477 2363 22436 28057 71652 45094 350318 91886 4856 28705 14313 24241
internal_value=-2.9075e-05 -4.8673e-05 -0.000249109 -1.95187e-05 -0.000554399 9.2955e-05 -0.000239786 0.000792152 0.000501221 -0.000683032 -2.67489e-05 -4.12135e-06 0.000320455 9.72072e-05 -0.000164092 -2.35888e-05 5.05673e-05 -0.000174671 0.000139683 3.29886e-05 -0.000247419 -0.000494579 0.000158487 0.000352864 -8.01117e-05 -0.000230201 -0.000607152 -0.000421724 -0.000249606 0.000317548
internal_weight=1.31579e+06 1.13372e+06 111769 63789 47980 182075 26774 8044 6953 18730 1.02195e+06 877393 49638 32096 144554 827755 358029 101496 256533 170962 52856 30420 118106 85571 469726 119408 27522 67580 43018 33916
internal_count=1315791 1133716 111769 63789 47980 182075 26774 8044 6953 18730 1021947 877393 49638 32096 144554 827755 358029 101496 256533 170962 52856 30420 118106 85571 469726 119408 27522 67580 43018 33916
cat_boundaries=0 1 2 3 4 5 6 7 8 9 10 11 12 13
cat_threshold=96 13240997 36 15601928 16 1 10 1280189 7282904 12100777 2 2296412 4539448
is_linear=0
shrinkage=0.05


Tree=140
num_leaves=31
num_cat=16
split_feature=7 6 1 1 3 1 1 6 7 7 6 0 1 3 3 1 0 0 0 7 0 3 1 1 7 3 0 0 6 0
split_gain=1.32751 1.30821 4.57273 2.14399 1.29459 16.0194 4.0957 2.00931 1.91068 1.80587 1.68163 1.82374 1.74069 1.73209 1.78388 7.46259 1.7292 1.65298 1.5057 1.50037 1.36375 1.25925 2.74908 1.50457 1.45801 1.24146 1.23741 1.23193 1.22942 1.18793
threshold=0.028165668868557519 13.232467225603605 0 1 5.5000000000000009 2 3 12.581370599189196 0.088353374510385843 0.10121563202033958 12.763054968923383 4 5 1.0000000180025095e-35 1.5000000000000002 6 7 8 9 0.12357928555065191 10 4.5000000000000009 11 12 0.042103882772743233 3.5000000000000004 13 14 11.583360624843122 15
decision_type=2 2 1 1 2 1 1 2 2 2 2 1 1 2 2 1 1 1 1 2 1 2 1 1 2 2 1 1 2 1
left_child=-1 2 29 25 10 17 26 8 -8 18 12 19 13 16 15 -15 -4 -6 -10 -12 -17 23 -23 -5 -25 -3 -7 -24 -19 -2
right_child=1 3 4 21 5 6 7 -9 9 -11 11 -13 -14 14 -16 20 -18 28 -20 -21 -22 22 27 24 -26 -27 -28 -29 -30 -31
leaf_value=-1.3450553741886984e-05 3.4940942455297778e-05 -0.00026850400143921954 -1.0420178042493677e-05 1.0061492525320967e-05 0.00015709008159796019 -8.6395318741193421e-05 -0.00022990512262163789 -0.00031268803658995235 0.00017134736353202054 -0.00029912595677436429 6.3197143881811811e-06 -2.1434798507315186e-05 -4.0291737836260977e-06 6.91579724761114e-05 5.3428488193600851e-05 -0.00015937680623334178 0.00018388189089393154 0.0009192753033482262 -9.7964360846524942e-05 0.00023773942313990768 -0.00044561612848812224 2.2040175722282231e-05 4.8677373678306155e-06 -4.4197933988581561e-05 -1.8677085442413569e-05 -4.4329234937217442e-05 -2.4126420048277783e-05 -7.4170569841900395e-05 5.5449120410265069e-05 0.00012440182192784011
leaf_weight=52491 10278 5310 6977 84620 13096 13577 5598 6890 1319 2609 145521 174278 102332 16734 101274 2753 17076 263 1610 4163 4776 123937 13935 21257 284336 4221 22291 21099 30422 20748
leaf_count=52491 10278 5310 6977 84620 13096 13577 5598 6890 1319 2609 145521 174278 102332 16734 101274 2753 17076 263 1610 4163 4776 123937 13935 21257 284336 4221 22291 21099 30422 20748
internal_value=-2.8049e-05 -1.78117e-05 2.74973e-05 -7.495e-05 1.54694e-07 -0.000168161 -0.000745215 -0.00136006 -0.000945583 -0.000287108 2.87025e-05 -4.66425e-05 0.000125593 0.00023429 0.000159832 -0.000225241 0.000622998 0.000542234 0.000565038 8.13648e-05 -0.00153137 -6.20376e-05 5.65815e-05 -0.000110364 -0.000162025 -0.00081805 -0.000435923 -0.000334438 0.00034126 0.000620891
internal_weight=1.31579e+06 1.2633e+06 704585 558715 673559 97675 53894 18026 11136 5538 575884 323962 251922 149590 125537 24263 24053 43781 2929 149684 7529 549184 158971 390213 305593 9531 35868 35034 30685 31026
internal_count=1315791 1263300 704585 558715 673559 97675 53894 18026 11136 5538 575884 323962 251922 149590 125537 24263 24053 43781 2929 149684 7529 549184 158971 390213 305593 9531 35868 35034 30685 31026
cat_boundaries=0 1 2 3 4 5 6 7 8 9 10 11 12 13 14 15 16
cat_threshold=24 96 38 1 8959796 100 68 331457 8406186 9377811 3336496 14 17 10684132 1776225 4988232
is_linear=0
shrinkage=0.05


Tree=141
num_leaves=31
num_cat=16
split_feature=5 5 1 6 0 0 0 0 3 1 6 0 2 3 1 3 0 6 0 1 0 6 0 3 1 3 1 3 1 3
split_gain=1.25384 1.25301 1.553 1.9094 1.58324 1.19614 1.16708 1.0616 1.02498 2.5083 1.45538 1.14809 1.04315 1.52921 1.37478 1.16291 1.50353 0.98635 1.23758 0.915795 1.09287 0.906392 0.97693 0.892312 1.27557 1.2591 3.13751 2.96796 2.75766 2.41754
threshold=5.5000000000000009 6.5000000000000009 0 13.137882825286564 1 2 3 4 1.5000000000000002 5 12.832051850916182 6 11.500000000000002 5.5000000000000009 7 2.5000000000000004 8 14.227162813018245 9 10 11 14.037908028093151 12 1.0000000180025095e-35 13 2.5000000000000004 14 5.5000000000000009 15 5.5000000000000009
decision_type=2 2 1 2 1 1 1 1 2 1 2 1 2 2 1 2 1 2 1 1 1 2 1 2 1 2 1 2 1 2
left_child=17 2 3 5 -4 -2 -3 -5 9 10 -6 -12 13 -10 -14 16 -16 23 -19 -15 -21 -8 -23 24 -1 28 27 -27 -25 -28
right_child=1 6 4 7 8 -7 21 -9 12 -11 11 -13 14 19 15 -17 -18 18 -20 20 -22 22 -24 25 -26 26 29 -29 -30 -31
leaf_value=5.5857926286341857e-05 0.00023607655689712056 2.8228902544977612e-05 -6.0244786383606956e-05 -4.2864534864330494e-05 6.1816092740521011e-05 4.0901783246258304e-05 -5.4893287665279299e-06 1.5421085313924938e-05 6.3061366497581129e-05 -0.00012510194020244814 4.1924562944483489e-05 -9.1137892817343038e-05 2.493916563203786e-05 4.0031931748790959e-05 -0.00010102025477722328 -5.8728806366247535e-05 6.7837761531084131e-05 2.7914879272620263e-05 -0.00010380328073587222 -8.5669284909500634e-06 -0.00015575814287122631 -0.0001721642760105901 -3.0508273119211509e-05 1.3693135813489289e-05 4.1701055076824687e-06 1.0898333463577563e-05 1.6740520792060248e-06 8.1544822740105933e-05 -3.10114166421612e-05 -4.0631532937038817e-05
leaf_weight=37700 1777 46094 60654 20890 9947 1361 125908 46657 16795 11604 2757 8318 22564 2006 1609 26534 4438 5160 9109 1763 1797 2420 4299 100842 81864 155022 230899 48208 154760 72035
leaf_count=37700 1777 46094 60654 20890 9947 1361 125908 46657 16795 11604 2757 8318 22564 2006 1609 26534 4438 5160 9109 1763 1797 2420 4299 100842 81864 155022 230899 48208 154760 72035
internal_value=-2.7175e-05 -9.84324e-05 -0.000172713 2.43994e-05 -0.000254281 0.00123008 1.92919e-06 -3.16088e-05 -0.000141273 -0.000376388 -5.04006e-05 -0.000444696 -4.23205e-05 0.000245739 -0.000159127 -0.00036682 0.000258805 6.25719e-06 -0.000406126 -0.000472513 -0.000952382 -7.3397e-05 -0.000639233 1.29338e-05 0.000139924 -6.99809e-06 3.86819e-05 0.00019066 -9.74574e-05 -6.32802e-05
internal_weight=1.31579e+06 420192 241471 70685 170786 3138 178721 67547 110132 32626 21022 11075 77506 22361 55145 32581 6047 895599 14269 5566 3560 132627 6719 881330 119564 761766 506164 203230 255602 302934
internal_count=1315791 420192 241471 70685 170786 3138 178721 67547 110132 32626 21022 11075 77506 22361 55145 32581 6047 895599 14269 5566 3560 132627 6719 881330 119564 761766 506164 203230 255602 302934
cat_boundaries=0 1 2 3 4 5 6 7 8 9 10 11 12 13 14 15 16
cat_threshold=24 499825 1387650 50197 15156312 69 13126656 34 2114052 4391182 36 9457676 3416448 84 38 81
is_linear=0
shrinkage=0.05


Tree=142
num_leaves=31
num_cat=11
split_feature=2 6 1 7 0 3 0 6 1 3 3 1 3 0 2 0 7 2 7 1 2 1 2 7 7 7 3 0 3 0
split_gain=1.12702 1.01219 2.54894 2.88717 1.71838 1.68909 1.78278 1.4268 1.42126 2.29902 1.37226 2.09181 4.84685 1.33811 1.12795 1.51776 1.06642 0.970626 1.92517 3.10843 2.70816 2.55259 3.09115 2.96271 2.54504 2.14609 1.99322 1.861 1.76512 2.0706
threshold=20.500000000000004 12.673526932670674 0 0.07367656427701233 1 1.5000000000000002 2 13.207024787043814 3 1.0000000180025095e-35 1.5000000000000002 4 4.5000000000000009 5 17.500000000000004 6 0.069682998866962095 11.500000000000002 0.062923896024368639 7 12.500000000000002 8 16.500000000000004 0.07367656427701233 0.092533608887427149 0.081409608983975507 3.5000000000000004 9 5.5000000000000009 10
decision_type=2 2 1 2 1 2 1 2 1 2 2 1 2 1 2 1 2 2 2 1 2 1 2 2 2 2 2 1 2 1
left_child=1 13 3 5 7 8 16 10 -3 -10 -5 -12 -13 -1 17 -16 -7 -4 19 -19 24 -22 -23 -24 25 -20 -27 -28 -21 -30
right_child=-2 2 14 4 -6 6 -8 -9 9 -11 11 12 -14 -15 15 -17 -18 18 20 28 21 22 23 -25 -26 26 27 -29 29 -31
leaf_value=-8.5158629999001599e-06 -1.7253223230427425e-05 -7.1646546512961579e-05 3.2068646796028596e-06 -4.2941439551340835e-05 -7.727323209888852e-05 0.00021678097731829844 -8.8594480897358663e-05 -0.00017974051912386343 -0.00010650578136561786 -0.00048617242996847846 0.00024429256359392772 0.00019687082827785898 -0.000288489806347908 2.887095876475418e-05 3.949770968194974e-05 -6.1305666269033675e-06 -0.00012986511347642132 5.8732589074798143e-05 -0.00017097942813150332 -1.1009459295044606e-05 -4.6923648493383592e-07 -0.00014170525943730874 0.00020484146980168021 -4.6070860679936207e-05 -0.00038396203710576275 -9.9528983013513403e-05 -7.1947080038609591e-05 0.00032906050893314248 7.7782764627066871e-05 -6.6179309441809154e-06
leaf_weight=107532 84595 3381 293598 6153 31401 1222 21558 2493 2775 2396 8507 4913 3244 135154 100298 101570 358 24345 6614 192290 94685 17512 1919 18133 5570 6057 2195 2665 13354 19304
leaf_count=107532 84595 3381 293598 6153 31401 1222 21558 2493 2775 2396 8507 4913 3244 135154 100298 101570 358 24345 6614 192290 94685 17512 1919 18133 5570 6057 2195 2665 13354 19304
internal_value=-2.6491e-05 -1.43612e-05 -3.68243e-05 -0.000293008 -7.9439e-05 -0.000675293 -0.000453368 0.000227092 -0.00127573 -0.00179599 0.000351272 0.000586893 1.40799e-05 7.71355e-05 -1.16608e-05 9.24354e-05 0.00116352 -4.17561e-05 -9.19712e-05 -5.87781e-06 -0.000230127 -0.000142876 -0.000491565 -6.78249e-05 -0.000729623 -0.000433804 -3.2072e-06 0.000751028 -6.39687e-05 0.000275888
internal_weight=1.31579e+06 1.2312e+06 988510 88401 56711 31690 23138 25310 8552 5171 22817 16664 8157 242686 900109 201868 1580 698241 404643 249293 155350 132249 37564 20052 23101 17531 10917 4860 224948 32658
internal_count=1315791 1231196 988510 88401 56711 31690 23138 25310 8552 5171 22817 16664 8157 242686 900109 201868 1580 698241 404643 249293 155350 132249 37564 20052 23101 17531 10917 4860 224948 32658
cat_boundaries=0 1 2 3 4 5 6 7 8 9 10 11
cat_threshold=96 747116 2277888 64 32 8598245 9025126 16 11 5011608 13231145
is_linear=0
shrinkage=0.05


Tree=143
num_leaves=31
num_cat=16
split_feature=5 5 1 6 0 0 0 0 3 1 6 0 2 2 7 1 0 3 3 1 0 0 3 1 1 0 3 7 0 7
split_gain=1.12622 1.0899 1.41717 1.61654 1.51233 1.06852 1.04349 1.03567 1.01132 2.51175 1.49387 1.08022 0.989845 1.17603 1.35602 1.1159 1.13629 1.31478 0.957057 1.10557 1.10939 1.09972 1.05952 7.61099 2.33513 2.01947 1.91286 1.52511 1.63298 1.51294
threshold=5.5000000000000009 6.5000000000000009 0 13.137882825286564 1 2 3 4 1.5000000000000002 5 12.832051850916182 6 15.500000000000002 8.5000000000000018 0.10335342902000616 7 8 2.5000000000000004 1.0000000180025095e-35 9 10 11 1.5000000000000002 12 13 14 4.5000000000000009 0.055380707831157457 15 0.13142010876366625
decision_type=2 2 1 2 1 1 1 1 2 1 2 1 2 2 2 1 1 2 2 1 1 1 2 1 1 1 2 2 1 2
left_child=18 2 3 6 -4 -3 -2 -5 9 10 -6 -12 13 -7 -15 -14 17 -17 19 20 -1 -21 23 27 26 -25 29 -20 -29 -24
right_child=1 5 4 7 8 12 -8 -9 -10 -11 11 -13 15 14 -16 16 -18 -19 22 21 -22 -23 24 25 -26 -27 -28 28 -30 -31
leaf_value=7.7029710611544028e-06 0.00031397299522664402 -4.108208935759171e-05 -5.8744613252356508e-05 6.9212393395312149e-05 6.0684369703225848e-05 4.7812291640614005e-05 8.6983202459170404e-05 -1.3052042255063038e-05 -6.0831039090907485e-06 -0.00012135369718162134 4.2647471440647188e-05 -8.7264633064661169e-05 -1.3535882275823111e-05 -1.3666847844955312e-05 -0.00033587186796940334 1.3875047808398694e-05 2.450356411839679e-05 0.00017087927645074709 -0.00045573546612180351 2.9218480406746824e-05 8.517075199167638e-05 -1.851549172146916e-05 7.7124010511223791e-06 -5.449423918571189e-05 -2.2590645859012179e-06 9.2720682028281189e-06 0.00015294526242044229 6.3601796973151514e-06 -0.00036861901347061475 0.00063221386635919376
leaf_weight=17746 918 25213 56677 6580 10307 14544 2220 60967 80505 11870 2757 8670 20455 73085 1546 6582 28152 9144 818 36897 21263 45486 31653 25675 591133 95025 20788 1773 6597 745
leaf_count=17746 918 25213 56677 6580 10307 14544 2220 60967 80505 11870 2757 8670 20455 73085 1546 6582 28152 9144 818 36897 21263 45486 31653 25675 591133 95025 20788 1773 6597 745
internal_value=-2.6377e-05 -9.39106e-05 -0.000163188 2.51067e-05 -0.000241108 -3.08934e-07 0.00113448 -2.64272e-05 -0.000136219 -0.000366624 -4.69107e-05 -0.000440624 4.92438e-05 -5.85938e-05 -0.000138751 0.00019873 0.000340866 0.000681239 5.3081e-06 0.00013584 0.000355082 3.19797e-05 -1.51586e-05 -0.000145434 1.11036e-05 -3.97659e-05 0.000328407 -0.00153186 -0.00133214 8.82759e-05
internal_weight=1.31579e+06 420192 241471 70685 170786 178721 3138 67547 114109 33604 21734 11427 153508 89175 74631 64333 43878 15726 895599 121392 39009 82383 774207 129888 644319 120700 53186 9188 8370 32398
internal_count=1315791 420192 241471 70685 170786 178721 3138 67547 114109 33604 21734 11427 153508 89175 74631 64333 43878 15726 895599 121392 39009 82383 774207 129888 644319 120700 53186 9188 8370 32398
cat_boundaries=0 1 2 3 4 5 6 7 8 9 10 11 12 13 14 15 16
cat_threshold=24 368753 8832 1312898 1081856 69 13126656 5 12960780 84 9838192 13788694 32 32 8414209 704824
is_linear=0
shrinkage=0.05


Tree=144
num_leaves=31
num_cat=17
split_feature=6 0 7 6 1 7 3 1 1 0 0 7 6 0 0 0 3 0 1 1 6 7 0 7 1 0 7 7 0 0
split_gain=1.05269 1.23788 1.05983 0.891919 2.7509 2.41515 2.35075 8.83304 2.55303 1.70017 1.61594 1.40417 2.76148 1.18916 1.11689 1.11196 1.09286 1.52545 1.55525 1.4931 1.8835 1.25286 1.23142 1.06301 1.06061 1.72359 1.04976 0.97751 1.70942 1.14415
threshold=14.174977275137024 0 0.028165668868557519 12.757262318944296 1 0.074516782080893587 4.5000000000000009 2 3 4 5 0.054777123202907098 12.619159467767542 6 7 8 3.5000000000000004 9 10 11 12.878284707174103 0.046314219883237036 12 0.065490264867075224 13 14 0.053980929683468737 0.034521400803542678 15 16
decision_type=2 1 2 2 1 2 2 1 1 1 1 2 2 1 1 1 2 1 1 1 2 2 1 2 1 1 2 2 1 1
left_child=2 -2 -1 6 5 13 8 11 27 -7 -10 12 15 -5 -14 -8 19 -18 21 20 -6 -19 -22 -13 -9 -26 -23 28 -4 -29
right_child=1 -3 3 4 16 9 7 24 10 -11 -12 23 14 -15 -16 -17 17 18 -20 -21 22 26 -24 -25 25 -27 -28 29 -30 -31
leaf_value=-1.191172038132108e-05 -0.00013310118926267595 -2.1496184593072597e-05 0.00030172462497485151 -4.181251347803731e-05 0.00080001295815576579 3.7236779791157889e-05 0.00046493453369500444 -3.3618132403370571e-05 2.5925485404829297e-05 -9.468836096946623e-05 -2.2983174665545147e-05 -3.5710357169622547e-05 0.00021106205816551123 -0.00015136115313271189 -0.00014039153511715631 0.00018076884782763008 2.0224689966202585e-05 5.2559678023815982e-05 -2.3527663152890491e-05 -1.0587392466252019e-05 -3.1521918717989283e-05 -3.3447443610325618e-05 4.957147230920904e-05 0.00017272713207594641 -0.00020297962014083218 -7.1841486697452677e-05 1.6895912623790131e-05 0.00014117915115158979 2.1138491501302158e-06 4.9611937408619657e-05
leaf_weight=52070 6238 24390 977 9414 129 22229 562 33702 62705 23729 62768 3432 423 15256 635 367 184987 12943 94410 445559 13510 16308 34770 17845 10719 16525 68919 19071 1076 60123
leaf_count=52070 6238 24390 977 9414 129 22229 562 33702 62705 23729 62768 3432 423 15256 635 367 184987 12943 94410 445559 13510 16308 34770 17845 10719 16525 68919 19071 1076 60123
internal_value=-2.5047e-05 -0.000314746 -1.81429e-05 -8.81237e-06 -3.24425e-05 -0.000332542 6.77127e-05 -0.000154971 0.000158426 -0.00011837 1.70131e-05 0.000673712 0.00194514 -0.000731659 0.000198487 0.00393434 -8.11896e-06 5.59227e-05 -4.25787e-05 -5.70697e-05 0.000206633 9.67599e-05 0.000190554 0.000555293 -0.000471325 -0.000703384 2.71616e-05 0.000376766 0.00145397 0.000348889
internal_weight=1.31579e+06 30628 1.28516e+06 1.23309e+06 942163 70628 290930 84210 206720 45958 125473 23264 1987 24670 1058 929 871535 377567 192580 493968 48409 98170 48280 21277 60946 27244 85227 81247 2053 79194
internal_count=1315791 30628 1285163 1233093 942163 70628 290930 84210 206720 45958 125473 23264 1987 24670 1058 929 871535 377567 192580 493968 48409 98170 48280 21277 60946 27244 85227 81247 2053 79194
cat_boundaries=0 1 2 3 4 5 6 7 8 9 10 11 12 13 14 15 16 17
cat_threshold=11550864 96 44 76 745582 7392722 3395658 2109454 3183278 10024738 10 16 15010049 3 10544996 2381620 10084872
is_linear=0
shrinkage=0.05


Tree=145
num_leaves=31
num_cat=17
split_feature=2 5 1 6 0 6 7 6 0 3 1 0 0 0 3 0 3 1 1 6 0 7 0 0 3 0 1 3 0 0
split_gain=1.07308 0.898383 1.01859 2.72285 1.78445 1.85955 1.42592 1.39235 1.43936 1.08852 1.81304 1.41012 0.969615 0.957551 0.91657 1.05521 1.04528 6.73922 1.97462 1.75504 1.66116 1.48141 1.53119 1.42348 1.20995 1.03019 0.97795 3.60845 1.5294 1.10391
threshold=20.500000000000004 5.5000000000000009 0 13.402230870373574 1 13.173417643210577 0.045081121153866428 12.689206106298782 2 5.5000000000000009 3 4 5 6 1.0000000180025095e-35 7 1.5000000000000002 8 9 12.031923105590947 10 0.055380707831157457 11 12 4.5000000000000009 13 14 4.5000000000000009 15 16
decision_type=2 2 1 2 1 2 2 2 1 2 1 1 1 1 2 1 2 1 1 2 1 2 1 1 2 1 1 2 1 1
left_child=1 14 3 4 6 -6 -3 8 -4 -10 11 -11 -9 -7 15 -1 17 21 19 25 -20 -16 -23 -19 -21 -18 27 28 -22 -29
right_child=-2 2 7 -5 5 13 -8 12 9 10 -12 -13 -14 -15 16 -17 18 23 20 24 26 22 -24 -25 -26 -27 -28 29 -30 -31
leaf_value=-8.4500346521896095e-06 -1.6219838941013039e-05 0.00028319338178455546 -3.7621050424105414e-05 -9.7764259383855304e-06 0.00015957363557328954 -0.00019438901134916756 0.00010121961446162304 -4.9383231633944147e-05 4.9127890482922777e-05 0.00016362845918279365 -0.00020718581024058028 -7.6735505478343674e-05 -1.8010817260276996e-05 -1.2736924300274912e-05 -0.00043235310679664717 3.4532550738666776e-05 4.1054082730621138e-05 -4.3467645048052735e-05 1.5195852246866418e-05 5.1112883985738014e-06 8.7851388009078382e-05 -7.8272341325430876e-05 -0.00037125893698958311 9.743544876181114e-06 0.00011788407552017658 0.00049927546856861228 -3.8416677231549815e-06 -7.6603217724860871e-05 -5.6609564341350994e-05 -0.0002118853829462658
leaf_weight=37427 84595 657 24838 91294 3002 1985 11648 59895 49417 3313 3845 2596 136858 3809 818 76105 1619 25919 161440 29931 14016 2737 5633 86332 19122 2514 340926 10173 14834 8493
leaf_count=37427 84595 657 24838 91294 3002 1985 11648 59895 49417 3313 3845 2596 136858 3809 818 76105 1619 25919 161440 29931 14016 2737 5633 86332 19122 2514 340926 10173 14834 8493
internal_value=-2.4857e-05 -1.30211e-05 -7.53782e-05 5.18203e-05 0.000563716 1.93038e-05 0.00095209 -0.000126296 4.41012e-05 0.000178181 -0.000304492 0.000245817 -0.000199058 -0.000503971 1.62331e-05 0.000148327 -4.4663e-06 -0.000138301 2.24838e-05 0.000313368 -5.65685e-06 -0.00143944 -0.00124253 -3.16685e-05 0.000230056 0.00130293 -6.16819e-05 -0.000274167 7.62553e-05 -0.000815923
internal_weight=1.31579e+06 1.2312e+06 393157 112395 21101 8796 12305 280762 84009 59171 9754 5909 196753 5794 838039 113532 724507 121439 603068 53186 549882 9188 8370 112251 49053 4133 388442 47516 28850 18666
internal_count=1315791 1231196 393157 112395 21101 8796 12305 280762 84009 59171 9754 5909 196753 5794 838039 113532 724507 121439 603068 53186 549882 9188 8370 112251 49053 4133 388442 47516 28850 18666
cat_boundaries=0 1 2 3 4 5 6 7 8 9 10 11 12 13 14 15 16 17
cat_threshold=24 3480623 12624489 37 546070 417986 17344 2428456 32 32 12625417 4901240 12608513 37120 64 1134642 1448018
is_linear=0
shrinkage=0.05


Tree=146
num_leaves=31
num_cat=14
split_feature=6 1 3 0 6 0 7 7 2 7 0 1 7 1 3 1 0 7 0 0 7 5 0 0 0 7 2 7 0 7
split_gain=0.997638 1.62262 1.52342 1.87871 1.3605 1.34235 1.66005 1.1523 1.55945 2.99429 1.62818 1.50664 4.65814 2.45181 3.06783 2.19708 2.38979 2.19139 1.61946 1.50811 1.17884 1.08943 1.50318 1.42047 1.08376 1.17552 1.0442 1.57609 1.03362 0.934871
threshold=13.858269235864768 0 5.5000000000000009 1 12.878284707174103 2 0.042406540809180111 0.077522266920712082 19.500000000000004 0.07329333279788576 3 4 0.057428253650754317 5 5.5000000000000009 6 7 0.054502288977933654 8 9 0.071194167871942035 3.5000000000000004 10 11 12 0.055735845590990436 8.5000000000000018 0.060317631810185908 13 0.050253005740114598
decision_type=2 1 2 1 2 1 2 2 2 2 1 1 2 1 2 1 1 2 1 1 2 2 1 1 1 2 2 2 1 2
left_child=1 2 4 26 -1 6 -2 8 -3 11 -11 -10 13 17 18 16 20 19 -15 -13 -14 22 -6 -23 25 -19 -4 -28 -17 -8
right_child=5 7 3 -5 21 -7 29 -9 9 10 -12 12 15 14 -16 28 -18 24 -20 -21 -22 23 -24 -25 -26 -27 27 -29 -30 -31
leaf_value=0.00057281179761818981 -7.2908410953841636e-05 -2.9961807155619986e-06 -0.00021208971610557268 -0.00012343812886964138 0.00010095533209296723 9.6179830129151227e-08 2.7072114712806275e-05 7.1113341529540863e-06 7.9903062445976823e-06 -0.00038860909723173893 -0.00010861614308534608 6.3254858107354042e-05 0.0001369693759235685 1.9033706680942489e-05 -7.0454752394781203e-05 -0.00011509768413607621 -0.00021473367922496416 0.00015335823994310621 -2.012815668010308e-05 0.00035547821731734576 -0.00056036625689987959 0.00012322943627978138 -6.7919649987469472e-05 3.4310830671854295e-05 -2.4410928055870941e-05 2.759743613187603e-05 0.00023843016584511941 5.3891342565312374e-06 -0.00027457798618918313 -4.4172532624079807e-05
leaf_weight=200 6368 515180 165 4631 3871 74140 7875 495244 36906 1866 1588 933 3026 12140 6553 2275 4264 1259 25622 1143 380 11996 7774 18529 4862 2439 792 1680 5919 56171
leaf_count=200 6368 515180 165 4631 3871 74140 7875 495244 36906 1866 1588 933 3026 12140 6553 2275 4264 1259 25622 1143 380 11996 7774 18529 4862 2439 792 1680 5919 56171
internal_value=-2.3907e-05 -8.61175e-06 0.000271107 -0.000397635 0.000385885 -0.000147835 -0.000304159 -2.09934e-05 -6.6058e-05 -0.000235891 -0.001685 -0.000189426 -0.000324392 -0.000106551 -0.000270165 -0.00107917 -0.000468751 0.000574863 -9.6924e-05 0.00203275 0.000518149 0.000366373 -4.50849e-05 0.00052334 0.000221961 0.000865695 0.000666791 0.000926374 -0.00164798 -0.00022765
internal_weight=1.31579e+06 1.17124e+06 49638 7268 42370 144554 70414 1.1216e+06 626355 111175 3454 107721 70815 54951 44315 15864 7670 10636 37762 2076 3406 42170 11645 30525 8560 3698 2637 2472 8194 64046
internal_count=1315791 1171237 49638 7268 42370 144554 70414 1121599 626355 111175 3454 107721 70815 54951 44315 15864 7670 10636 37762 2076 3406 42170 11645 30525 8560 3698 2637 2472 8194 64046
cat_boundaries=0 1 2 3 4 5 6 7 8 9 10 11 12 13 14
cat_threshold=16 9483520 12350593 138683 12 34 32 10706983 6005506 7152921 1147044 7874883 3524109 14699592
is_linear=0
shrinkage=0.05


Tree=147
num_leaves=31
num_cat=14
split_feature=6 0 7 0 7 0 5 5 0 1 6 0 0 0 6 0 2 6 0 0 7 1 6 6 0 7 2 3 2 0
split_gain=0.940794 1.24564 0.89054 0.840566 0.83696 1.11146 0.72485 0.942857 1.13092 1.05481 1.29029 1.21013 1.19688 0.857706 0.856952 1.23966 0.834766 1.32613 0.817067 0.811774 0.72394 0.740501 0.70554 0.719551 0.689182 0.689042 0.680225 1.15196 0.802038 0.795497
threshold=14.174977275137024 0 0.028165668868557519 1 0.13142010876366625 2 5.5000000000000009 6.5000000000000009 3 4 13.137882825286564 5 6 7 13.445790538661404 8 13.500000000000002 12.51280338464896 9 10 0.029154964549149176 11 12.982288911125737 12.972799578328814 12 0.10003203511327877 17.500000000000004 1.0000000180025095e-35 8.5000000000000018 13
decision_type=2 1 2 1 2 1 2 2 1 1 2 1 1 1 2 1 2 2 1 1 2 1 2 2 1 2 2 2 2 1
left_child=2 -2 3 -1 6 -6 13 9 16 10 19 14 -11 -4 15 -12 -9 -18 -16 -8 -19 -22 23 -14 -23 -21 28 -28 29 -10
right_child=1 -3 4 -5 5 -7 7 8 26 12 11 -13 22 -15 18 -17 17 20 -20 25 21 24 -24 -25 -26 -27 27 -29 -30 -31
leaf_value=2.42950479381433e-06 -0.00012584183488501292 -1.969087102289286e-05 -3.6594562561364867e-06 -1.9168866457734686e-05 0.00034350702823696773 -5.3668215481610381e-05 0.00026411253733662522 -2.3995594393901796e-06 8.0338836717348946e-05 -1.197729404222901e-05 -8.9572205493943898e-05 -2.8459337550113874e-05 -3.4599233708187573e-05 9.191296860170432e-06 5.3513257054879302e-05 0.0001380631372364912 0.00019758730625301954 0.00044458524537878039 -2.2673834652953372e-05 2.8486872405261043e-05 7.9139878929007811e-05 -8.8927495244574961e-05 -6.802222537757761e-05 0.00011123073041403227 1.4998236261943877e-05 0.00076078271887643819 -0.00010767791310592752 3.916328941972338e-05 -3.1146787464238859e-05 -3.4469112129534863e-05
leaf_weight=19946 6238 24390 454520 32124 2864 2204 1036 24786 4992 88748 1403 28812 37136 381535 8561 4776 4621 107 17152 1945 10798 2623 34542 923 13909 100 3827 25895 69670 5608
leaf_count=19946 6238 24390 454520 32124 2864 2204 1036 24786 4992 88748 1403 28812 37136 381535 8561 4776 4621 107 17152 1945 10798 2623 34542 923 13909 100 3827 25895 69670 5608
internal_value=-2.2919e-05 -0.000296788 -1.63921e-05 -0.000218937 -7.83921e-06 0.000633385 -1.04855e-05 -6.65879e-05 2.34949e-05 -0.000133344 3.8795e-05 -1.1862e-05 -0.000201384 1.58171e-05 0.0002003 0.000729081 0.000204558 0.000373073 7.3308e-05 0.001037 0.000241097 0.000225026 -0.000351945 -0.000203501 1.45073e-05 0.00045012 -7.00908e-05 0.000134243 -0.000145759 0.000259433
internal_weight=1.31579e+06 30628 1.28516e+06 52070 1.23309e+06 5068 1.22802e+06 391970 166836 225134 63785 60704 161349 836055 31892 6179 56844 32058 25713 3081 27437 27330 72601 38059 16532 2045 109992 29722 80270 10600
internal_count=1315791 30628 1285163 52070 1233093 5068 1228025 391970 166836 225134 63785 60704 161349 836055 31892 6179 56844 32058 25713 3081 27437 27330 72601 38059 16532 2045 109992 29722 80270 10600
cat_boundaries=0 1 2 3 4 5 6 7 8 9 10 11 12 13 14
cat_threshold=11550864 1975240 14709822 4244821 24 1677987 15752588 3610773 33408 1147520 1378434 82 16640 1972226
is_linear=0
shrinkage=0.05


Tree=148
num_leaves=31
num_cat=10
split_feature=2 7 7 7 0 7 7 7 7 7 7 0 0 3 0 0 0 3 0 7 0 2 7 0 2 7 7 7 0 6
split_gain=0.931007 0.897108 1.56277 2.29299 1.44252 1.3416 2.4199 1.89748 3.1947 1.8652 1.7001 1.42166 1.2754 1.25323 1.17789 1.1596 1.11459 1.01019 0.953084 0.913089 0.837176 0.820041 1.05772 1.02864 1.00755 2.72527 1.98556 2.12518 1.58091 1.54341
threshold=20.500000000000004 0.10535545766871728 0.091857555016698039 0.10090234675073188 0 0.057428253650754317 0.049373452292769696 0.063671594128153361 0.07329333279788576 0.040583133770588982 0.054502288977933654 1 2 5.5000000000000009 3 4 5 1.0000000180025095e-35 6 0.055735845590990436 7 16.500000000000004 0.11311322974291106 8 8.5000000000000018 0.1037406997740149 0.10061086667301745 0.10879013868478844 9 12.832051850916182
decision_type=2 2 2 2 1 2 2 2 2 2 2 1 1 2 1 1 1 2 1 2 1 2 2 1 2 2 2 2 1 2
left_child=21 2 5 14 -3 6 9 -7 12 -2 20 -10 13 -9 -4 -5 19 -16 -11 -12 -8 22 24 -23 26 -26 -1 -28 29 -27
right_child=1 4 3 15 -6 7 10 8 11 18 16 -13 -14 -15 17 -17 -18 -19 -20 -21 -22 23 -24 -25 25 28 27 -29 -30 -31
leaf_value=-2.4840283309490652e-06 -1.0489809430223857e-05 0.00010579839056379312 1.5980679256974943e-05 0.00020795324510116693 -0.0003942371680506142 -0.0001732265321536913 4.6320386963156793e-05 0.00058023320949081617 1.184931809206077e-05 -0.000182365093633024 0.00014608717465384587 -0.00022810458570370724 1.7833880523856424e-05 -0.00013743077833267746 -0.0001745470755680349 -0.00010608968382022577 -2.7598317608445826e-05 0.00038073209047018923 -4.6131673496859583e-05 3.3907903408663693e-05 0.00028979881191860648 2.2035032981100911e-05 -0.00020396093130100394 -5.5414944963527763e-06 -5.3994476680532539e-06 -0.0002443605389016889 0.00016032460629825931 -1.6602478726890447e-05 -0.00027604498146371518 0.00014459607569012098
leaf_weight=92285 38140 1099 1696 1758 2454 6524 596 713 2851 2390 1387 2893 692 133 453 6501 4490 2931 2885 2641 1368 188078 3173 185962 719690 1961 18953 11293 6917 2884
leaf_count=92285 38140 1099 1696 1758 2454 6524 596 713 2851 2390 1387 2893 692 133 453 6501 4490 2931 2885 2641 1368 188078 3173 185962 719690 1961 18953 11293 6917 2884
internal_value=-2.3071e-05 -0.000183523 -0.00014943 0.000345227 -0.000961161 -0.000246888 -0.000134239 -0.000686659 -0.000131833 -0.000298861 0.000547604 -0.000673748 0.00189207 0.00317757 0.0011811 -0.000168908 0.00024184 0.00171774 -0.0011801 0.000844476 0.00187373 -1.20464e-05 -3.90023e-05 4.97261e-05 -3.56167e-05 -5.7845e-05 9.70763e-05 0.000448653 -0.000812788 -0.000118436
internal_weight=1.31579e+06 84595 81042 13339 3553 67703 53897 13806 7282 43415 10482 5744 1538 846 5080 8259 8518 3384 5275 4028 1964 1.2312e+06 857156 374040 853983 731452 122531 30246 11762 4845
internal_count=1315791 84595 81042 13339 3553 67703 53897 13806 7282 43415 10482 5744 1538 846 5080 8259 8518 3384 5275 4028 1964 1231196 857156 374040 853983 731452 122531 30246 11762 4845
cat_boundaries=0 1 2 3 4 5 6 7 8 9 10
cat_threshold=591886 4782180 89780 4983321 5408336 3524237 9789773 4531457 913950 6975240
is_linear=0
shrinkage=0.05


Tree=149
num_leaves=31
num_cat=14
split_feature=6 1 6 7 0 2 7 1 7 1 3 7 7 0 0 0 6 0 0 3 0 0 0 1 0 7 2 7 7 7
split_gain=0.883552 2.53644 2.73642 1.74445 1.69531 1.45955 2.28291 2.35312 4.43199 2.16827 2.97246 2.04697 1.89692 1.86287 1.83877 1.45593 1.61044 1.30666 1.29412 1.26132 1.25405 1.22094 1.11062 1.09942 1.06125 1.04099 1.22861 2.20563 1.5676 1.46489
threshold=13.645621591750851 0 13.152188648711387 0.091495601640996252 1 19.500000000000004 0.065814582208724104 2 0.057428253650754317 3 4.5000000000000009 0.062505067222812016 0.055735845590990436 4 5 6 11.79893450632702 7 8 5.5000000000000009 9 10 11 12 13 0.047698780274746 17.500000000000004 0.083926900043025637 0.067426327462205657 0.067132975390762337
decision_type=2 1 2 2 1 2 2 1 2 1 2 2 2 1 1 1 2 1 1 2 1 1 1 1 1 2 2 2 2 2
left_child=1 2 17 5 -4 -3 7 11 9 12 15 18 13 19 23 -11 -17 -1 -7 -9 -12 -5 -8 -10 -2 -6 27 29 -28 -27
right_child=24 3 4 21 25 6 22 8 14 10 20 -13 -14 -15 -16 16 -18 -19 -20 -21 -22 -23 -24 -25 -26 26 28 -29 -30 -31
leaf_value=0.00017995294095269666 -3.4686685204857805e-05 -5.8969136926718042e-06 3.4277755305397833e-05 4.2690169588437395e-05 2.5980337837500324e-05 5.9787700902788773e-05 -7.4775855841485193e-05 0.00022644292159528989 8.1663793745047832e-05 2.0969764705643079e-05 -8.3373178569435053e-05 1.0416979654584271e-05 -8.8320897081096095e-06 8.397489650949745e-05 -0.00025208164396482854 0.001147321949323405 -2.0794928168508982e-05 6.3422954093886934e-05 0.00027314642812156765 0.00063654981580814492 -3.0201116903808544e-05 -2.7740781822692113e-06 -0.00027028265053995665 -0.00015699260516631366 -4.5433505558194323e-06 -5.8717555596365451e-05 0.00055058678051293753 -0.00027990995945172597 2.422993597424585e-05 3.112332140428965e-05
leaf_weight=7557 75999 499480 70079 113379 10432 1024 4518 1053 1703 13607 5199 6630 5222 3520 6541 119 17684 11335 1534 161 7671 205644 4500 2789 181290 21992 373 3010 13875 17871
leaf_count=7557 75999 499480 70079 113379 10432 1024 4518 1053 1703 13607 5199 6630 5222 3520 6541 119 17684 11335 1534 161 7671 205644 4500 2789 181290 21992 373 3010 13875 17871
internal_value=-2.1817e-05 -1.61668e-06 0.000184176 -3.38597e-05 0.000106733 -8.52994e-05 -0.000278827 -0.000187828 -0.000293281 -0.000107494 -0.000257396 0.00056099 0.000558899 0.00128432 -0.00120684 4.77436e-06 -0.000292765 0.000748464 0.00176309 0.00296569 -0.000897437 6.01355e-05 -0.00103016 -0.000424257 -0.000104922 -7.20081e-05 -0.000155898 -0.000289577 0.000246349 -0.00019103
internal_weight=1.31579e+06 1.0585e+06 156524 901978 137632 582955 83475 74457 65269 54236 44280 9188 9956 4734 11033 31410 17803 18892 2558 1214 12870 319023 9018 4492 257289 67553 57121 42873 14248 39863
internal_count=1315791 1058502 156524 901978 137632 582955 83475 74457 65269 54236 44280 9188 9956 4734 11033 31410 17803 18892 2558 1214 12870 319023 9018 4492 257289 67553 57121 42873 14248 39863
cat_boundaries=0 1 2 3 4 5 6 7 8 9 10 11 12 13 14
cat_threshold=24 4131371 4 34 3311108 16337474 6005530 1106128 14131466 4689256 9228556 10514734 32 10766339
is_linear=0
shrinkage=0.05


Tree=150
num_leaves=31
num_cat=11
split_feature=2 7 7 7 0 7 7 7 7 7 7 0 0 0 0 3 0 0 0 3 2 0 7 5 6 5 1 6 0 6
split_gain=0.932677 0.838611 1.43909 2.07714 1.30524 1.2003 1.82506 1.75404 1.61662 2.55529 1.36355 1.22732 1.1453 1.12131 1.09058 0.982133 0.927857 0.874526 0.863087 0.855115 0.804019 1.48209 0.855096 0.79744 0.79231 0.783106 0.886706 2.27359 1.50149 1.62232
threshold=20.500000000000004 0.10535545766871728 0.091857555016698039 0.10090234675073188 0 0.057428253650754317 0.049373452292769696 0.040583133770588982 0.063671594128153361 0.07329333279788576 0.054502288977933654 1 2 3 4 1.0000000180025095e-35 5 6 7 5.5000000000000009 21.500000000000004 8 0.03111032678968928 5.5000000000000009 13.445790538661404 5.5000000000000009 9 13.402230870373574 10 13.173417643210577
decision_type=2 2 2 2 1 2 2 2 2 2 2 1 1 1 1 2 1 1 1 2 2 1 2 2 2 2 1 2 1 2
left_child=25 2 5 13 -3 6 7 20 -7 12 18 -11 19 -4 -5 -15 -12 -9 24 -10 -2 -22 -23 -18 -8 -1 27 28 -27 -30
right_child=1 4 3 14 -6 8 10 17 9 11 16 -13 -14 15 -16 -17 23 -19 -20 -21 21 22 -24 -25 -26 26 -28 -29 29 -31
leaf_value=2.0958502329911997e-06 -1.4077736313416056e-05 0.00010026336518675693 5.0419203128929299e-05 0.00019769428675522218 -0.00037528011942387766 -0.00015588306595481911 0.0004095362846504253 -0.00019909196768983815 0.00058000184800386376 1.6114081068947191e-06 7.6549213373880293e-05 -0.00024363980730273432 6.5784006173865935e-05 -0.0001661356721844022 -0.00010097131666900587 0.00038056914434141131 1.5200549255225185e-05 -5.4750262256053763e-05 0.00011471176100077073 -0.00013199419481867849 0.00017798097883546779 0.00032263550846481327 -1.2744326334263111e-05 -0.00010604268260483692 -4.6381551926106721e-05 0.00010795583140443426 -1.6537478193895374e-05 -7.5750964425293779e-06 0.00013616191320742311 -6.7016368816670045e-05
leaf_weight=838039 32974 1099 2202 1758 2454 6524 547 1722 608 3229 4028 2515 820 393 6501 2485 3153 3553 1287 110 1048 142 3976 1337 130 12305 280762 91294 3002 5794
leaf_count=838039 32974 1099 2202 1758 2454 6524 547 1722 608 3229 4028 2515 820 393 6501 2485 3153 3553 1287 110 1048 142 3976 1337 130 12305 280762 91294 3002 5794
internal_value=-2.0563e-05 -0.000181158 -0.000148196 0.000326485 -0.000933016 -0.000241719 -0.000135166 -0.000278131 -0.000657686 -0.000145566 0.000456973 -0.000630224 0.0016645 0.00112205 -0.000162854 0.00176939 0.00018314 -0.0011327 0.0016446 0.00310439 -0.000159938 0.000420053 -9.69111e-06 -0.000311112 0.0030786 -9.52851e-06 -6.77477e-05 5.09307e-05 0.000518695 1.93038e-05
internal_weight=1.31579e+06 84595 81042 13339 3553 67703 53897 43415 13806 7282 10482 5744 1538 5080 8259 2878 8518 5275 1964 718 38140 5166 4118 4490 677 1.2312e+06 393157 112395 21101 8796
internal_count=1315791 84595 81042 13339 3553 67703 53897 43415 13806 7282 10482 5744 1538 5080 8259 2878 8518 5275 1964 718 38140 5166 4118 4490 677 1231196 393157 112395 21101 8796
cat_boundaries=0 1 2 3 4 5 6 7 8 9 10 11
cat_threshold=591886 5830756 87732 4999707 5408336 3524237 9789516 9603622 12632864 24 3480623
is_linear=0
shrinkage=0.05


Tree=151
num_leaves=31
num_cat=14
split_feature=2 7 7 7 0 7 7 7 7 7 0 0 7 0 6 0 0 6 1 7 3 1 1 0 0 0 6 0 7 0
split_gain=0.877233 0.851847 1.29201 1.8235 1.16087 1.16007 1.62656 1.55836 1.38149 2.17022 1.16219 1.08859 1.08769 1.13053 1.06871 1.11115 1.01213 0.766887 2.67703 2.30086 1.61789 8.34093 2.48798 1.62901 1.55877 1.21332 1.53467 1.20137 1.37898 1.63735
threshold=20.500000000000004 0.10535545766871728 0.091857555016698039 0.10090234675073188 0 0.057428253650754317 0.049373452292769696 0.040583133770588982 0.063671594128153361 0.07329333279788576 1 2 0.055735845590990436 3 13.183726549938509 4 5 12.757262318944296 6 0.07329333279788576 4.5000000000000009 7 8 9 10 11 11.583360624843122 12 0.054777123202907098 13
decision_type=2 2 2 2 1 2 2 2 2 2 1 1 2 1 2 1 1 2 1 2 2 1 1 1 1 1 2 1 2 1
left_child=17 2 5 11 -3 6 7 -2 -7 14 -11 -4 13 -8 -10 -16 -5 20 19 -19 22 27 25 -24 -21 26 -1 -22 29 -29
right_child=1 4 3 16 -6 8 12 -9 9 10 -12 -13 -14 -15 15 -17 -18 18 -20 24 21 -23 23 -25 -26 -27 -28 28 -30 -31
leaf_value=0.00059792911325251118 -9.1267113554410865e-06 0.00013091322070014094 0.0003640536204041485 0.00018780957241746075 -0.00034780831346640779 -0.00014808891265707808 2.0800967077599225e-05 -8.9021679107646284e-05 0.00085805527102166966 1.530837701550015e-06 -0.00023145781693759788 0.000102798283920064 -6.8643415664874648e-06 0.00019681928888406176 0.00050994457839661264 2.7953273167927878e-05 -9.5922750835555792e-05 -0.00011112280511203197 -7.9341884784192351e-07 2.8864034934799292e-05 6.7795743908720754e-06 -6.0507267537572847e-05 2.3154328921842764e-05 -1.8187593270301176e-05 -9.9849364031315263e-05 0.00012698926221475201 3.1382204741541252e-05 4.7767492427637239e-05 0.00015761058675053456 0.00029224810499433885
leaf_weight=1069 38140 963 1762 1758 2590 6524 2297 5275 100 3229 2515 3318 5552 2633 448 990 6501 25876 861155 24750 6206 60718 67623 76345 22310 30016 36000 1424 16042 1662
leaf_count=1069 38140 963 1762 1758 2590 6524 2297 5275 100 3229 2515 3318 5552 2633 448 990 6501 25876 861155 24750 6206 60718 67623 76345 22310 30016 36000 1424 16042 1662
internal_value=-1.9499e-05 -0.000175248 -0.000142026 0.000307743 -0.000933016 -0.000230641 -0.000125889 -0.000260856 -0.000639578 -0.000166164 -0.000612815 0.00105315 0.000433122 0.00097363 0.00150195 0.00115438 -0.000150746 -8.79752e-06 -3.10528e-05 -0.000321883 6.11725e-05 -0.000121556 0.000135676 1.84739e-05 -0.000113686 0.000387136 0.000195662 0.000640387 0.000836554 0.00180492
internal_weight=1.31579e+06 84595 81042 13339 3553 67703 53897 43415 13806 7282 5744 5080 10482 4930 1538 1438 8259 1.2312e+06 934091 72936 297105 86052 211053 143968 47060 67085 37069 25334 19128 3086
internal_count=1315791 84595 81042 13339 3553 67703 53897 43415 13806 7282 5744 5080 10482 4930 1538 1438 8259 1231196 934091 72936 297105 86052 211053 143968 47060 67085 37069 25334 19128 3086
cat_boundaries=0 1 2 3 4 5 6 7 8 9 10 11 12 13 14
cat_threshold=591878 5830756 2340160 12659059 86580 5408336 96 44 72 6344402 746606 2497238 8464960 2360595
is_linear=0
shrinkage=0.05


Tree=152
num_leaves=31
num_cat=16
split_feature=6 0 7 0 5 3 0 1 2 1 3 0 7 0 0 3 1 1 3 1 6 3 0 0 2 0 1 0 3 7
split_gain=0.848023 1.15995 0.74874 1.08997 0.709962 1.01809 3.44236 1.44586 1.78501 1.28212 1.53927 1.75321 1.63356 2.00649 1.78776 1.39241 5.51144 2.06884 3.02368 6.39349 3.63066 1.76041 1.91845 1.73227 1.70197 1.7714 1.64823 1.88597 1.37321 1.56879
threshold=14.174977275137024 0 0.13142010876366625 1 5.5000000000000009 1.0000000180025095e-35 2 3 8.5000000000000018 4 3.5000000000000004 5 0.045308045100993642 6 7 5.5000000000000009 8 9 1.5000000000000002 10 12.977402343100168 4.5000000000000009 11 12 19.500000000000004 13 14 15 4.5000000000000009 0.071194167871942035
decision_type=2 1 2 1 2 2 1 1 2 1 2 1 2 1 1 2 1 1 2 1 2 2 1 1 2 1 1 1 2 2
left_child=2 -2 4 -4 -1 6 -6 8 -8 10 11 -7 13 -12 -14 17 -17 21 19 24 23 -11 -23 -20 -19 -26 27 -18 -25 -30
right_child=1 -3 3 -5 5 9 7 -9 -10 15 12 -13 14 -15 -16 16 26 18 20 -21 -22 22 -24 28 25 -27 -28 -29 29 -31
leaf_value=1.181909193499726e-06 -0.00011782035211061576 -1.7289568894904641e-05 0.00033697829733682068 -2.519407968318063e-05 6.317550094748982e-05 1.9909073526567368e-05 0.00020831653302055844 -7.4168778913680285e-05 -9.9996557315561904e-06 2.2198116162719777e-05 -3.0309306576206882e-06 -4.7929629805786998e-05 7.2428269869261288e-05 0.00010549851141669529 -9.8075617766754962e-06 5.1685021130777972e-05 -0.0001180110198166304 -4.3472708540896609e-05 0.00012754772471487979 -0.00060438975487912665 -7.5304380503085484e-05 -9.5084165845316267e-05 8.1618104508739092e-06 -4.8265074921171737e-05 -9.5227518316730276e-05 0.00036519965240476956 -0.00025650879094254482 -1.8598147604325003e-05 -4.9260214716160886e-05 0.00033300240513963581
leaf_weight=871554 6238 24390 2527 2541 11126 31381 194 36408 11608 88533 3648 31253 22616 5695 36293 15638 8047 7858 11254 4054 25324 9133 13079 12307 245 342 6594 11790 1763 2358
leaf_count=871554 6238 24390 2527 2541 11126 31381 194 36408 11608 88533 3648 31253 22616 5695 36293 15638 8047 7858 11254 4054 25324 9133 13079 12307 245 342 6594 11790 1763 2358
internal_value=-1.8815e-05 -0.000278831 -1.26183e-05 0.000593921 -1.50196e-05 -6.94067e-05 -0.000260888 -0.0004438 3.72491e-05 -3.68707e-05 8.68617e-05 -9.21237e-05 0.000251127 0.000865353 0.00015371 -0.000111049 -0.000369513 -4.93629e-05 -0.000272076 -0.000971679 -0.000107159 8.23879e-05 -0.000315596 0.000288634 -0.000186281 0.00241056 -0.000809539 -0.000581197 -3.89354e-05 0.00075103
internal_weight=1.31579e+06 30628 1.28516e+06 5068 1.2801e+06 408541 59336 48210 11802 349205 130886 62634 68252 9343 58909 218319 42069 176250 65505 12499 53006 110745 22212 27682 8445 587 26431 19837 16428 4121
internal_count=1315791 30628 1285163 5068 1280095 408541 59336 48210 11802 349205 130886 62634 68252 9343 58909 218319 42069 176250 65505 12499 53006 110745 22212 27682 8445 587 26431 19837 16428 4121
cat_boundaries=0 1 2 3 4 5 6 7 8 9 10 11 12 13 14 15 16
cat_threshold=11550864 14709790 14156816 112 10 13867534 2998611 11978561 36 81 4 8840281 2448002 8876308 17 8258435
is_linear=0
shrinkage=0.05


Tree=153
num_leaves=31
num_cat=10
split_feature=6 1 1 6 7 7 7 7 7 2 2 7 2 7 7 0 0 1 7 0 0 2 7 2 0 0 1 7 7 7
split_gain=0.858444 3.23958 1.81167 1.04551 1.01238 1.27788 2.94141 2.40404 2.25333 1.63926 4.56184 5.82467 7.23683 9.99422 2.7918 2.30849 1.82605 1.75748 1.56446 1.68785 1.55955 1.46347 2.03443 1.36287 1.6144 1.34808 1.33832 3.9719 2.38896 2.18672
threshold=13.232467225603605 0 1 13.261823100200345 0.091495601640996252 0.055380707831157457 0.048395305166077367 0.05941495000364224 0.045771777356362224 13.500000000000002 10.500000000000002 0.076536027880184682 12.500000000000002 0.086387359317017867 0.083926900043025637 2 3 4 0.088766613791931293 5 6 15.500000000000002 0.068864900929182002 18.500000000000004 7 8 9 0.077522266920712082 0.088353374510385843 0.086387359317017867
decision_type=2 1 1 2 2 2 2 2 2 2 2 2 2 2 2 1 1 1 2 1 1 2 2 2 1 1 1 2 2 2
left_child=1 -1 3 -2 5 6 8 -7 25 10 16 15 13 17 -14 -12 -9 -13 19 -15 -19 22 -11 -10 -25 -3 27 -23 -29 -28
right_child=2 4 -4 -5 -6 7 -8 9 23 21 11 12 14 18 -16 -17 -18 20 -20 -21 -22 26 -24 24 -26 -27 29 28 -30 -31
leaf_value=7.670049641651344e-05 6.2442255349417646e-05 9.4045067017661049e-06 -6.2438476006069026e-06 -0.00016234295208176943 1.6514666554962316e-05 -8.673911524478527e-05 3.8083679563409384e-05 -0.0001162379682863713 -0.00010316569389367016 -5.811042469170139e-06 0.00025603191262230611 0.0011484351703058872 4.476668502338197e-05 0.00060396363617012993 -0.00027643127659234505 0.00068834949976441062 5.9680850199619919e-06 0.00087894848644239152 8.852842938807832e-05 0.00016469550962330685 0.00038797174856888676 -0.0004610341645077389 -0.00014178922214434022 0.00033569372957964016 -0.00012228218433210178 -1.1769096225127215e-05 5.7908389026564984e-06 0.00061423012534830151 0.00013262307633742941 -0.00011956109174009965
leaf_weight=31425 1868 82834 564870 7939 246439 21884 56606 14310 10245 18687 1332 644 9283 906 6033 1166 21320 360 5832 1646 696 667 23353 407 532 107143 58260 1015 2240 15849
leaf_count=31425 1868 82834 564870 7939 246439 21884 56606 14310 10245 18687 1332 644 9283 906 6033 1166 21320 360 5832 1646 696 667 23353 407 532 107143 58260 1015 2240 15849
internal_value=-1.7713e-05 1.78503e-05 -6.3576e-05 -0.000736988 -4.15084e-06 -4.77076e-05 2.64374e-05 -0.000140718 -6.31596e-05 -8.16738e-05 0.000123724 0.000602551 0.000375983 0.0014161 -0.000308829 0.00290632 -0.000251194 0.00491176 0.000707298 0.00173981 0.00353658 -0.000190347 -0.000428165 -0.000752862 0.00107029 -2.25566e-05 -6.22201e-05 0.000836723 0.00155914 -0.000109892
internal_weight=1.31579e+06 741114 574677 9807 709689 463250 257767 205483 201161 183599 63528 27898 25400 10084 15316 2498 35630 1700 8384 2552 1056 120071 42040 11184 939 189977 78031 3922 3255 74109
internal_count=1315791 741114 574677 9807 709689 463250 257767 205483 201161 183599 63528 27898 25400 10084 15316 2498 35630 1700 8384 2552 1056 120071 42040 11184 939 189977 78031 3922 3255 74109
cat_boundaries=0 1 2 3 4 5 6 7 8 9 10
cat_threshold=24 96 12210467 5097580 32 12134496 6457475 450993 4876210 64
is_linear=0
shrinkage=0.05


Tree=154
num_leaves=31
num_cat=13
split_feature=6 0 5 5 0 3 0 1 3 0 2 6 3 1 3 0 0 2 3 2 2 0 6 7 0 0 1 2 0 6
split_gain=0.77442 1.11856 0.68069 1.01824 1.07493 1.0522 1.6203 1.7168 1.40567 1.63338 1.43446 1.41089 1.28641 1.2719 1.4485 1.7622 1.25903 1.88309 2.28166 1.17642 1.63539 1.13147 1.05711 1.05591 1.03224 1.00233 0.985563 0.952323 0.882132 0.873759
threshold=14.174977275137024 0 5.5000000000000009 6.5000000000000009 1 2.5000000000000004 2 3 5.5000000000000009 4 7.5000000000000009 12.681593837491226 3.5000000000000004 5 1.5000000000000002 6 7 12.500000000000002 1.0000000180025095e-35 9.5000000000000018 17.500000000000004 8 13.345901250955311 0.045308045100993642 9 10 11 6.5000000000000009 12 13.668571974866669
decision_type=2 1 2 2 1 2 1 1 2 1 2 2 2 1 2 1 1 2 2 2 2 1 2 2 1 1 1 2 1 2
left_child=2 -2 -1 4 -4 13 7 23 11 10 -10 -8 -9 25 16 29 22 -18 28 24 -21 -13 -15 -7 -17 -5 -11 -28 -19 -16
right_child=1 -3 3 5 -6 6 8 12 9 26 -12 21 -14 14 15 19 17 18 -20 20 -22 -23 -24 -25 -26 -27 27 -29 -30 -31
leaf_value=1.6052381271033681e-06 -0.00011161714212505467 -1.6112898070129097e-05 -3.4300237311280531e-05 3.5115884788377037e-05 -8.4987891767763594e-06 0.00011407414865096757 0.00010544605027230827 9.103015770621968e-05 0.00023354553246770888 0.00032337528650653409 -0.00024060424598348949 3.3792811395915474e-05 -1.7328225868105189e-05 0.00010552885389596997 9.9155742338306448e-05 -0.00015241625844714061 -8.5972824259331223e-05 3.2548070323980804e-05 0.00010180304768919539 -0.00017266784568565642 -5.7232323165387312e-07 -3.591992202140983e-05 -6.3830182291870449e-06 0.00010062474645875606 0.00010697846284618428 -9.8691547100462177e-05 0.00024885032601614594 -4.7458552360519769e-05 -0.00011576219325319247 -0.00012621162938400866
leaf_weight=874960 6238 24390 87994 2765 147460 2153 10325 5256 142 1103 2964 19546 15485 9333 3901 631 7909 2185 7639 8138 4130 18619 5390 14481 1548 14014 181 11732 4127 1052
leaf_count=874960 6238 24390 87994 2765 147460 2153 10325 5256 142 1103 2964 19546 15485 9333 3901 631 7909 2185 7639 8138 4130 18619 5390 14481 1548 14014 181 11732 4127 1052
internal_value=-1.7295e-05 -0.000265771 -1.13733e-05 -6.4518e-05 -0.000132384 2.69231e-05 0.000130555 0.000392536 -2.10467e-05 -0.000425507 -0.00145379 0.000113424 8.89102e-05 -0.000118332 -3.84096e-06 -0.000353094 0.000181367 -5.94433e-05 0.000289942 -0.000631875 -0.000822466 -2.68583e-05 0.000538586 0.000770847 0.000438273 -0.000500031 -0.000178874 -0.000311584 -0.000413499 0.000460406
internal_weight=1.31579e+06 30628 1.28516e+06 410203 235454 174749 101987 37375 64612 16122 3106 48490 20741 72762 55983 19400 36583 21860 13951 14447 12268 38165 14723 16634 2179 16779 13016 11913 6312 4953
internal_count=1315791 30628 1285163 410203 235454 174749 101987 37375 64612 16122 3106 48490 20741 72762 55983 19400 36583 21860 13951 14447 12268 38165 14723 16634 2179 16779 13016 11913 6312 4953
cat_boundaries=0 1 2 3 4 5 6 7 8 9 10 11 12 13
cat_threshold=11550864 2531441 12600636 42 266752 36 632833 10392016 3543617 12601168 2051 32 6292483
is_linear=0
shrinkage=0.05


Tree=155
num_leaves=31
num_cat=10
split_feature=2 7 0 7 7 0 7 7 7 7 7 0 6 0 7 0 6 0 0 5 5 6 7 0 5 0 2 6 7 0
split_gain=0.795984 0.753283 1.39699 0.855111 1.89146 0.995238 0.957534 1.52338 1.34098 1.28759 2.16548 1.07021 1.05485 1.07328 1.00998 0.874588 0.762717 0.778351 0.726034 0.823848 0.752111 0.719849 0.718079 0.715382 0.708392 0.707527 0.679671 0.997703 1.17013 0.953031
threshold=20.500000000000004 0.1067207236017453 0 0.091857555016698039 0.10090234675073188 1 0.057428253650754317 0.049373452292769696 0.040583133770588982 0.063671594128153361 0.07329333279788576 2 13.183726549938509 3 0.054502288977933654 4 13.866811852237587 5 6 3.5000000000000004 5.5000000000000009 13.703726398863079 0.05941495000364224 7 5.5000000000000009 8 16.500000000000004 12.031923105590947 0.045308045100993642 9
decision_type=2 2 1 2 2 1 2 2 2 2 2 1 2 1 2 1 2 1 1 2 2 2 2 1 2 1 2 2 2 1
left_child=26 3 -3 6 5 -5 7 8 -2 22 12 -12 -11 21 18 24 17 -6 20 -20 -9 -14 -8 -10 25 -16 -1 28 -28 -30
right_child=1 2 -4 4 16 -7 9 14 23 10 11 -13 13 -15 15 -17 -18 -19 19 -21 -22 -23 -24 -25 -26 -27 27 -29 29 -31
leaf_value=-3.8298086924648618e-06 -8.6299845994819356e-06 1.9112398832640138e-05 -0.0004793172634188682 0.00034365248811694645 8.0364439348671625e-05 9.7089868394020096e-05 -9.8328345276005552e-05 -4.3420298213120147e-05 -0.00019745405168946985 0.00081117812528372986 -1.3062703257982093e-05 -0.00022149513145322498 5.5588200318592467e-05 2.2941303219962156e-05 -0.00021612870351033536 5.451269109431825e-05 0.00033603012283669629 -0.00011940563330852159 0.00051271993350921147 0.00020145732867861909 0.00019185690795097592 0.0006658191793544459 -0.00023350894720562893 -4.7983331596935692e-05 -9.8458117876856074e-05 6.3746535650640186e-05 0.00026916916045059512 5.7213970373157774e-06 0.00028347267852892911 -1.6790514003667649e-05
leaf_weight=857156 38140 1009 1002 1762 2957 3318 4846 493 1311 100 3489 2255 148 990 505 4825 181 6663 318 816 337 300 1678 3964 1113 2075 358 365422 3752 4508
leaf_count=857156 38140 1009 1002 1762 2957 3318 4846 493 1311 100 3489 2255 148 990 505 4825 181 6663 318 816 337 300 1678 3964 1113 2075 358 365422 3752 4508
internal_value=-1.6839e-05 -0.0001652 -0.00112133 -0.000141917 0.000201262 0.000984251 -0.000217348 -0.000122179 -0.000252794 -0.000588876 -0.000131833 -0.000577996 0.00153446 0.00118915 0.000418812 0.00018314 -0.000204572 -0.000265074 0.00144094 0.00225524 0.000297618 0.00318777 -0.00109902 -0.001 -0.000395626 5.81383e-05 -6.64514e-06 4.95924e-05 0.00058134 0.000460047
internal_weight=1.31579e+06 84595 2011 82584 14881 5080 67703 53897 43415 13806 7282 5744 1538 1438 10482 8518 9801 9620 1964 1134 830 448 6524 5275 3693 2580 1.2312e+06 374040 8618 8260
internal_count=1315791 84595 2011 82584 14881 5080 67703 53897 43415 13806 7282 5744 1538 1438 10482 8518 9801 9620 1964 1134 830 448 6524 5275 3693 2580 1231196 374040 8618 8260
cat_boundaries=0 1 2 3 4 5 6 7 8 9 10
cat_threshold=4655383 2340160 5830758 86580 13248882 7571032 6628689 8675404 4194624 6086864
is_linear=0
shrinkage=0.05


Tree=156
num_leaves=31
num_cat=14
split_feature=2 1 7 3 0 0 7 1 2 7 7 1 1 0 6 7 1 0 7 3 2 7 1 0 6 1 3 0 1 6
split_gain=0.763184 1.90967 2.33141 2.12614 1.39656 1.20789 1.20082 1.68341 1.19545 2.55515 2.24734 8.735 3.92726 2.48126 2.22446 1.8331 1.80112 1.80068 1.73895 1.56698 1.56601 2.03437 2.73659 1.52497 1.51741 1.43555 1.89848 1.66112 1.61203 1.4324
threshold=19.500000000000004 0 0.052995308294739189 5.5000000000000009 1 2 0.07183032156407522 3 17.500000000000004 0.11311322974291106 0.088353374510385843 4 5 6 12.992768795614536 0.089968119969476928 7 8 0.082509590970718125 4.5000000000000009 18.500000000000004 0.10414963761858197 9 10 14.091672654278895 11 4.5000000000000009 12 13 13.721531691394475
decision_type=2 1 2 2 1 1 2 1 2 2 2 1 1 1 2 2 1 1 2 2 2 2 1 1 2 1 2 1 1 2
left_child=8 -2 3 5 -4 -3 7 -6 9 -1 11 17 -12 18 16 29 -14 -10 -13 20 21 22 -18 -23 -20 27 -27 -17 -28 -16
right_child=1 2 4 -5 6 -7 -8 -9 10 -11 12 13 14 -15 15 25 19 -19 24 -21 -22 23 -24 -25 -26 26 28 -29 -30 -31
leaf_value=-1.9405227541867632e-06 -2.2516015736612869e-07 1.8737793649128019e-05 -0.00022433880094349483 -4.980779330618024e-05 8.1866816360326878e-05 -1.3256256676054443e-05 -0.0005450932206277026 -0.00016435034398315181 7.7701501372538559e-05 -0.00020410321137626496 -0.00032246119415312849 0.00066458985464330333 0.00024145595136119741 0.00021962224007791316 0.00028685967780735125 7.2051905048740113e-05 0.00069200343655433051 -3.2150764185246592e-05 0.00044087203292461782 -9.2256188033312505e-05 -9.2794687768897802e-06 -0.00020670569691171866 0.00011294713794173701 0.00016669534572936768 5.9219848899525053e-05 -0.00013204183910537568 8.4870816224159935e-05 -5.8502492467054573e-05 -0.00057883433205386343 2.0863855860922125e-05
leaf_weight=940240 122719 12017 7117 5976 4017 22653 746 2591 12418 10423 3906 339 14347 4229 2459 26189 1059 19821 3536 10409 12735 1629 1505 8806 868 22615 8677 27726 446 3573
leaf_count=940240 122719 12017 7117 5976 4017 22653 746 2591 12418 10423 3906 339 14347 4229 2459 26189 1059 19821 3536 10409 12735 1629 1505 8806 868 22615 8677 27726 446 3573
internal_value=-1.6307e-05 -0.000112633 -0.000357086 -0.000163117 -0.00090215 -1.29807e-05 -0.000416894 -0.000202786 -1.25344e-06 -2.40002e-05 0.000114206 0.000440294 2.22125e-05 0.00181919 6.52307e-05 -8.15303e-05 0.000331748 5.59695e-05 0.00260572 0.000143417 0.000352839 0.000738902 0.00200078 0.000428844 0.00234559 -0.00014086 -0.000407586 1.6225e-05 0.000201139 0.00076094
internal_weight=1.31579e+06 177836 55117 40646 14471 34670 7354 6608 1.13796e+06 950663 187292 41211 146081 8972 142175 91685 50490 32239 4743 36143 25734 12999 2564 10435 4404 85653 31738 53915 9123 6032
internal_count=1315791 177836 55117 40646 14471 34670 7354 6608 1137955 950663 187292 41211 146081 8972 142175 91685 50490 32239 4743 36143 25734 12999 2564 10435 4404 85653 31738 53915 9123 6032
cat_boundaries=0 1 2 3 4 5 6 7 8 9 10 11 12 13 14
cat_threshold=30 4988344 6004866 32 1 1 13804213 48 2199667 68 456 22 9229646 40
is_linear=0
shrinkage=0.05


Tree=157
num_leaves=31
num_cat=13
split_feature=6 1 1 3 0 6 3 1 1 0 2 7 7 7 0 0 2 7 6 0 7 1 7 0 7 7 7 1 3 0
split_gain=0.737191 2.89682 1.64716 1.0076 1.18575 1.30704 0.951494 2.97284 1.18222 1.18199 1.15174 1.05708 2.32302 2.06062 1.36855 1.09823 1.07099 4.71953 1.69366 1.68228 1.11347 1.05514 2.12479 1.17806 1.04519 0.998711 1.18166 1.44512 1.25945 1.18302
threshold=13.232467225603605 0 1 3.5000000000000004 2 13.261823100200345 4.5000000000000009 3 4 5 8.5000000000000018 0.054777123202907098 0.080649833531499404 0.050253005740114598 6 7 17.500000000000004 0.089968119969476928 13.907750575078227 8 0.086028002281719626 9 0.083926900043025637 10 0.11437927845860141 0.042996086059864193 0.046314219883237036 11 2.5000000000000004 12
decision_type=2 1 1 2 1 2 2 1 1 1 2 2 2 2 1 1 2 2 2 1 2 1 2 1 2 2 2 1 2 1
left_child=1 -1 3 -2 -5 -6 8 9 -4 -8 -9 13 -13 15 -15 25 21 19 24 20 -18 -14 23 -23 -19 -10 28 -28 29 -27
right_child=2 -3 6 4 5 -7 7 10 11 -11 -12 12 16 14 -16 -17 17 18 -20 -21 -22 22 -24 -25 -26 26 27 -29 -30 -31
leaf_value=7.2467159780855047e-05 -0.0002215720486902895 -4.9353467629912854e-07 9.4245493900006149e-06 -0.00033970594733957293 0.00039883997967067201 -4.4179177195925208e-05 -8.8633286841905229e-06 -0.00010258826503749353 -1.817444156644056e-05 3.1637434874464037e-05 -3.2463984515503854e-05 1.2729186702866163e-05 -3.869121638146138e-05 -0.00017211216402608046 -5.5449348789982265e-05 -2.9041782645149218e-05 0.00083927643733091098 -6.7635128187516861e-05 -0.00023920082193138061 0.00014376671967455002 0.00030324739812147538 3.0304466065415888e-05 -0.00025096144375237443 -0.00011900662209370697 6.6610501684945242e-05 -6.9058863745076753e-05 2.2272626368024295e-05 -0.00013085142180841889 0.00012610658727498178 8.7055890681042456e-05
leaf_weight=31425 5472 709689 89132 644 623 3068 37570 3316 14474 89058 33573 103206 27211 3554 18731 44144 181 33251 4138 4825 1370 6141 7173 9132 12832 1787 11158 2274 3363 3276
leaf_count=31425 5472 709689 89132 644 623 3068 37570 3316 14474 89058 33573 103206 27211 3554 18731 44144 181 33251 4138 4825 1370 6141 7173 9132 12832 1787 11158 2274 3363 3276
internal_value=-1.6725e-05 1.62311e-05 -5.92258e-05 -0.000701336 -0.000132642 0.000214806 -4.80645e-05 5.36018e-05 -8.9486e-05 0.000168669 -0.000341338 -0.000135334 -7.08978e-05 -0.000266688 -0.000692171 -0.000148865 -0.000235004 -8.63132e-05 -0.000249001 0.00119511 0.00262332 -0.000404476 -0.000658177 -0.000325085 -0.000161992 5.47564e-05 0.000268093 -2.30804e-05 0.000732256 0.00023405
internal_weight=1.31579e+06 741114 574677 9807 4335 3691 564870 163517 401353 126628 36889 312221 209460 102761 22285 80476 106254 56597 50221 6376 1551 49657 22446 15273 46083 36332 21858 13432 8426 5063
internal_count=1315791 741114 574677 9807 4335 3691 564870 163517 401353 126628 36889 312221 209460 102761 22285 80476 106254 56597 50221 6376 1551 49657 22446 15273 46083 36332 21858 13432 8426 5063
cat_boundaries=0 1 2 3 4 5 6 7 8 9 10 11 12 13
cat_threshold=24 96 4259872 14 17 214150 8998976 12701261 8749700 6 1147884 8 49729
is_linear=0
shrinkage=0.05


Tree=158
num_leaves=31
num_cat=12
split_feature=2 1 7 3 0 0 6 1 7 7 7 2 7 0 1 7 6 7 0 6 0 2 7 0 2 7 0 0 7 1
split_gain=0.725727 1.77195 2.22659 1.88359 1.31419 1.09734 1.30018 1.06489 1.12718 1.0111 0.98332 0.969722 1.36158 2.0287 1.36241 1.62272 1.70711 2.15967 1.9894 1.6101 1.44004 1.42894 8.3177 1.84778 1.58529 2.38965 1.46873 1.46493 1.35093 2.50312
threshold=19.500000000000004 0 0.052995308294739189 5.5000000000000009 1 2 11.583360624843122 3 0.071194167871942035 0.029898306499557822 0.058434729769309891 16.500000000000004 0.052769854371802073 4 5 0.07367656427701233 12.977402343100168 0.08756692481203783 6 12.381949521562431 7 18.500000000000004 0.10335342902000616 8 17.500000000000004 0.11437927845860141 9 10 0.11621054548671803 11
decision_type=2 1 2 2 1 1 2 1 2 2 2 2 2 1 1 2 2 2 1 2 1 2 2 1 2 2 1 1 2 1
left_child=11 9 3 5 7 -3 -7 8 -4 -2 -9 -1 13 -13 15 20 17 18 -17 -16 -14 22 23 -19 25 26 -24 -26 29 -23
right_child=1 2 4 -5 -6 6 -8 10 -10 -11 -12 12 14 -15 19 16 -18 21 -20 -21 -22 28 24 -25 27 -27 -28 -29 -30 -31
leaf_value=-3.3202637106130262e-06 0.0003409456180972992 2.0077085799825691e-05 0.00011844080147725858 -4.7292726907056121e-05 -0.00019763329765768529 0.0011258894598136311 -1.1678377961766235e-05 -7.8716589128417921e-05 -0.00050424075415397179 -9.3209385353593339e-07 -0.00050831298617130241 0.00024433603151973853 -5.2920067424954876e-06 2.2938928650819078e-05 -0.00017878152750301421 0.0011125862484656953 -2.3884883369089063e-05 0.0010095360341348233 0.00041028620818664603 2.6944029687068348e-06 0.00032239825531730918 0.00025719828589091542 0.00028490414572350688 0.00047799109144582925 0.00038210187829861058 -0.00025560288137767918 2.974341665045652e-07 9.5686428755390558e-05 -0.00046554177798012415 -7.9746087536390265e-05
leaf_weight=857156 120 9702 2417 5976 9843 100 24868 1396 575 122599 240 1522 749 3718 4033 104 27791 768 407 191545 1177 5061 3215 1453 4675 5734 6456 11112 2037 9242
leaf_count=857156 120 9702 2417 5976 9843 100 24868 1396 575 122599 240 1522 749 3718 4033 104 27791 768 407 191545 1177 5061 3215 1453 4675 5734 6456 11112 2037 9242
internal_value=-1.5889e-05 -0.000109821 -0.000345295 -0.000155736 -0.000877964 -1.44229e-05 -0.000189768 -0.000181114 0.000379746 -4.03447e-06 -0.00120292 -1.2095e-06 7.94329e-05 0.000877861 6.425e-05 0.000238088 0.00020274 0.00037661 0.00361057 -6.85233e-06 0.00167186 0.000343395 0.00053078 0.00348717 0.000320273 -4.05724e-05 0.00043894 0.000672387 -3.97809e-05 0.000131789
internal_weight=1.31579e+06 177836 55117 40646 14471 34670 24968 4628 2992 122719 1636 1.13796e+06 280799 5240 275559 79981 78055 50264 511 195578 1926 49753 33413 2221 31192 15405 9671 15787 16340 14303
internal_count=1315791 177836 55117 40646 14471 34670 24968 4628 2992 122719 1636 1137955 280799 5240 275559 79981 78055 50264 511 195578 1926 49753 33413 2221 31192 15405 9671 15787 16340 14303
cat_boundaries=0 1 2 3 4 5 6 7 8 9 10 11 12
cat_threshold=30 10739779 6004738 32 283685 112 165904 13145377 1927440 13148338 6704712 48
is_linear=0
shrinkage=0.05


Tree=159
num_leaves=31
num_cat=15
split_feature=5 3 0 1 2 1 0 0 1 3 1 1 3 1 6 2 3 7 0 0 3 0 1 0 6 7 0 7 3 3
split_gain=0.705232 0.90639 3.36631 1.45671 1.31943 1.10946 1.53002 1.09994 1.02174 1.60541 5.33591 1.56486 1.9539 5.70528 2.97704 1.65456 1.4523 1.65771 1.43015 1.39644 1.39114 1.33036 1.20087 1.50235 1.14641 1.09297 1.01711 0.99226 0.980054 1.67373
threshold=5.5000000000000009 1.0000000180025095e-35 0 1 19.500000000000004 2 3 4 5 5.5000000000000009 6 7 1.5000000000000002 8 12.946895679169122 19.500000000000004 4.5000000000000009 0.091495601640996252 9 10 3.5000000000000004 11 12 13 12.88378189705198 0.064782105815951105 14 0.021758909376095467 3.5000000000000004 1.5000000000000002
decision_type=2 2 1 1 2 1 1 1 1 2 1 1 2 1 2 2 2 2 1 1 2 1 1 1 2 2 1 2 2 2
left_child=-1 2 3 -2 -5 27 -7 -3 28 11 -11 16 13 15 18 -13 17 21 -14 -17 -20 -10 23 -12 -21 -26 -18 -4 29 -9
right_child=1 7 5 4 -6 6 -8 8 9 10 22 12 14 -15 -16 19 26 -19 20 24 -22 -23 -24 -25 25 -27 -28 -29 -30 -31
leaf_value=1.1099630844491429e-06 0.00021228903500729302 -2.8967525340128762e-05 0.00016617123349611557 4.9223846590942057e-05 -0.00013165084484446799 -0.00015700195760432286 -4.0167707718549641e-05 4.0206263463828554e-05 3.9682227202590147e-05 6.1347524351298567e-05 -1.6375405508922931e-05 -1.9840610247427081e-05 0.00013141934839521984 -0.0005629667809035928 -6.6216594926549787e-05 -0.00024675055626654916 9.3147693714793208e-06 0.00012684496018462531 -8.5390886302407192e-05 -2.4884434713260263e-05 8.2642679315139147e-05 -1.6711020407345721e-05 -0.00024266408574834524 -0.00011643917621148976 0.00052029755749752066 0.0001424720956925972 -7.3094758227024232e-05 -3.3813834663054705e-05 3.1613985761964891e-05 -3.1329185401479621e-05
leaf_weight=895599 2707 56134 103 9611 1487 8615 16661 18462 23638 13577 9436 6670 10320 3704 23040 103 10441 20968 6104 106 6330 32079 5599 8002 144 148 8954 21818 59267 35964
leaf_count=895599 2707 56134 103 9611 1487 8615 16661 18462 23638 13577 9436 6670 10320 3704 23040 103 10441 20968 6104 106 6330 32079 5599 8002 144 148 8954 21818 59267 35964
internal_value=-1.5243e-05 -6.86841e-05 -0.000246878 0.000439738 0.000185451 -0.00044771 -0.000673496 -3.8421e-05 -7.60103e-07 -7.18963e-05 -0.000369259 -6.23127e-07 -0.000208985 -0.000811495 -6.59487e-05 1.32282e-05 0.00012228 0.000220055 0.000339719 0.00278443 -2.16984e-05 7.74438e-05 -0.000832431 -0.000627007 0.00406863 0.00578767 -0.000264245 -0.000187179 0.000117718 -3.54622e-05
internal_weight=1.31579e+06 420192 61002 13805 11098 47197 25276 359190 303056 189363 36614 152749 56669 10875 45794 7171 96080 76685 22754 501 12434 55717 23037 17438 398 292 19395 21921 113693 54426
internal_count=1315791 420192 61002 13805 11098 47197 25276 359190 303056 189363 36614 152749 56669 10875 45794 7171 96080 76685 22754 501 12434 55717 23037 17438 398 292 19395 21921 113693 54426
cat_boundaries=0 1 2 3 4 5 6 7 8 9 10 11 12 13 14 15
cat_threshold=14157072 80 120 307744 4202576 10 36 81 4 2431618 479488 9356676 17 8510508 3675046
is_linear=0
shrinkage=0.05


Tree=160
num_leaves=31
num_cat=13
split_feature=6 0 2 2 7 7 7 7 0 7 0 0 0 0 0 3 0 6 0 7 3 6 1 3 3 1 6 1 7 1
split_gain=0.703264 0.969032 0.681671 1.56125 1.96645 3.10621 3.22297 2.33745 1.47209 1.4572 1.96269 1.37096 1.32375 1.28198 1.27627 1.03104 1.59731 1.20843 1.07419 0.866742 0.932706 0.818043 0.807644 5.37388 4.12331 5.7267 3.29005 2.75973 2.29186 2.17775
threshold=14.174977275137024 0 8.5000000000000018 7.5000000000000009 0.10879013868478844 0.080256544605338681 0.1049496474989602 0.07367656427701233 1 0.10090234675073188 2 3 4 5 6 4.5000000000000009 7 13.137882825286564 8 0.064782105815951105 5.5000000000000009 13.613560210754461 9 3.5000000000000004 4.5000000000000009 10 12.031923105590947 11 0.10155983211953989 12
decision_type=2 1 2 2 2 2 2 2 1 2 1 1 1 1 1 2 1 2 1 2 2 2 1 2 2 1 2 1 2 1
left_child=2 -2 3 12 5 7 9 15 -9 10 -7 21 -1 -8 -11 17 -17 -5 -19 20 -18 -6 23 29 27 -26 -25 -24 -27 -4
right_child=1 -3 22 4 11 6 13 8 -10 14 -12 -13 -14 -15 -16 16 19 18 -20 -21 -22 -23 24 26 25 28 -28 -29 -30 -31
leaf_value=-6.8465725747083214e-05 -0.00010696506767110108 -1.5843937302927033e-05 2.3616780327327942e-06 0.00030857687596690857 -0.00021633226471810902 0.00027462026021625701 0.00018189087848679672 -0.00036680626191898581 -6.5076073949703726e-05 0.00018080870030566342 0.0010314623388803063 2.5723873421514754e-05 5.7854151315165686e-06 -1.1938800988798304e-05 0.00042732605604890533 -0.00012043959677813729 5.3580177119880711e-05 0.00010498190431198307 7.6257623162052462e-06 0.00016575287685178795 -0.00018298582223046255 0.000344944933777214 5.4337632019220018e-05 0.00044522510868452237 1.9834861992048893e-05 -4.4972400277763418e-05 2.1846493078482758e-05 -5.620891111717538e-06 -0.00027698352102920119 -3.2024783280789646e-05
leaf_weight=14549 6238 24390 177220 535 3737 475 6881 1180 1900 2048 253 10293 52717 5278 2709 2953 488 4750 9285 2000 462 169 88580 3911 47211 95245 274272 284135 8354 183573
leaf_count=14549 6238 24390 177220 535 3737 475 6881 1180 1900 2048 253 10293 52717 5278 2709 2953 488 4750 9285 2000 462 169 88580 3911 47211 95245 274272 284135 8354 183573
internal_value=-1.4293e-05 -0.000251079 -8.6499e-06 0.000103454 0.00030002 0.000474912 0.000976535 9.91369e-05 -0.00118507 0.00198268 0.00406593 -0.00020741 -5.8426e-05 0.000522657 0.00166386 0.000292335 -0.000265121 0.000518187 0.000429283 0.000557431 -0.000684212 -0.00100358 -2.04786e-05 1.72449e-05 -6.65201e-05 -0.000287117 0.000182379 2.27374e-05 -0.000495084 -0.000110078
internal_weight=1.31579e+06 30628 1.28516e+06 122662 55396 41197 17644 23553 3080 5485 728 14199 67266 12159 4757 20473 5903 14570 14035 2950 950 3906 1.1625e+06 638976 523525 150810 278183 372715 103599 360793
internal_count=1315791 30628 1285163 122662 55396 41197 17644 23553 3080 5485 728 14199 67266 12159 4757 20473 5903 14570 14035 2950 950 3906 1162501 638976 523525 150810 278183 372715 103599 360793
cat_boundaries=0 1 2 3 4 5 6 7 8 9 10 11 12 13
cat_threshold=11550864 13118218 1189982 12935298 2294296 14790837 969602 385079 1934304 58 4 64 24
is_linear=0
shrinkage=0.05


Tree=161
num_leaves=31
num_cat=14
split_feature=6 1 6 0 0 7 7 0 2 7 0 0 0 7 1 7 1 3 7 0 0 0 0 6 0 7 2 7 7 6
split_gain=0.708115 1.94135 2.04265 1.58792 1.09394 1.04274 0.952003 1.04329 0.98034 1.92492 1.16722 0.946095 0.939562 0.876121 3.0454 2.49789 2.18589 1.7195 1.27785 1.19443 1.18826 1.09387 1.05491 0.964557 0.939324 0.843676 1.02891 1.81437 1.3936 1.0222
threshold=13.645621591750851 0 13.152188648711387 1 2 0.091857555016698039 0.091140839254393188 3 19.500000000000004 0.069138517793051232 4 5 6 0.056500935961983231 7 0.063296034266724199 8 4.5000000000000009 0.058922228013065493 9 10 11 12 12.32972287990661 13 0.047698780274746 17.500000000000004 0.083926900043025637 0.067132975390762337 13.63147563377021
decision_type=2 1 2 1 1 2 2 1 2 2 1 1 1 2 1 2 1 2 2 1 1 1 1 2 1 2 2 2 2 2
left_child=1 2 4 5 -1 -4 8 -8 12 13 -11 -2 -3 16 15 20 24 19 -16 -18 -15 -19 -20 -22 -10 -5 27 28 -27 -28
right_child=11 6 3 25 -6 -7 7 -9 9 10 -12 -13 -14 14 18 -17 17 21 22 -21 23 -23 -24 -25 -26 26 29 -29 -30 -31
leaf_value=0.00015651228103511758 -2.6273989243611039e-05 1.7051217317732216e-05 3.7618223124820349e-05 2.6605046939175508e-05 4.1297944770768754e-05 -8.4867417261029249e-05 3.5749776152566513e-05 -4.3117053018625279e-06 0.00022312985269545157 -0.00056865841152627138 -0.00016575202348583298 -8.643346993830066e-07 -7.0792767451744405e-06 0.00023384690212245032 -8.1338422577736908e-05 -5.2542248653560943e-05 -2.2434027817021441e-05 -1.0008544820283529e-05 -0.0001083958548202008 1.4573374216255893e-05 -0.00028537566831306291 -6.0531773052457911e-05 -0.00033651730009752061 7.3914854316206696e-05 4.937482250086036e-05 -5.7762263964909203e-05 5.681360778225119e-05 -0.0002548162201323042 3.0102083803329423e-05 -0.00025501600239975054
leaf_weight=8916 107781 58012 62256 10658 9976 6273 114472 207655 1325 988 2214 149508 438364 1987 8237 12534 11297 5949 1064 19610 409 6708 2112 3340 5701 22488 13874 3038 18287 758
leaf_count=8916 107781 58012 62256 10658 9976 6273 114472 207655 1325 988 2214 149508 438364 1987 8237 12534 11297 5949 1064 19610 409 6708 2112 3340 5701 22488 13874 3038 18287 758
internal_value=-1.4977e-05 3.10697e-06 0.00016565 9.87404e-05 0.000653185 0.000269262 -2.51013e-05 4.38169e-05 -6.33882e-05 -0.000221924 -0.00142411 -8.93754e-05 -3.67274e-05 -0.00017397 -0.000389618 1.09397e-05 -4.74414e-05 -0.000179466 -0.00102994 2.1515e-05 0.000875173 -0.000670381 -0.00188287 0.000347166 0.000770323 -7.03932e-05 -0.000145009 -0.000266246 -0.000178419 0.000218014
internal_weight=1.31579e+06 1.0585e+06 156524 137632 18892 68529 901978 322127 579851 83475 3202 257289 496376 80273 29683 18270 50590 43564 11413 30907 5736 12657 3176 3749 7026 69103 58445 43813 40775 14632
internal_count=1315791 1058502 156524 137632 18892 68529 901978 322127 579851 83475 3202 257289 496376 80273 29683 18270 50590 43564 11413 30907 5736 12657 3176 3749 7026 69103 58445 43813 40775 14632
cat_boundaries=0 1 2 3 4 5 6 7 8 9 10 11 12 13 14
cat_threshold=24 3607083 1106130 9228556 5345040 11819011 4195648 36 38 10490981 606934 12087953 7358656 689668
is_linear=0
shrinkage=0.05


Tree=162
num_leaves=31
num_cat=16
split_feature=6 1 3 1 3 1 3 0 3 0 3 1 1 0 0 0 6 3 5 6 6 0 0 0 2 0 7 7 0 1
split_gain=0.692342 2.22343 1.78784 2.91456 3.40486 2.3124 4.51281 1.55969 1.47921 1.33999 1.31982 6.46143 2.03232 1.51026 1.2817 1.17489 1.15219 1.14777 1.49646 1.23236 1.23079 1.15161 1.05239 1.04943 1.01678 1.01045 0.986642 0.9862 0.938344 0.956069
threshold=12.757262318944296 0 1.5000000000000002 1 1.0000000180025095e-35 2 4.5000000000000009 3 4.5000000000000009 4 4.5000000000000009 5 6 7 8 9 13.458420527144716 3.5000000000000004 2.5000000000000004 12.698342927798235 12.031923105590947 10 11 12 13.500000000000002 13 0.064049632428339623 0.075491315677096354 14 15
decision_type=2 1 2 1 2 1 2 1 2 1 2 1 1 1 1 1 2 2 2 2 2 1 1 1 2 1 2 2 1 1
left_child=10 2 3 25 9 8 14 -6 16 -5 12 23 28 17 -7 -10 27 19 -19 -14 -20 -21 -13 -12 -25 -2 -16 -4 -1 -30
right_child=1 -3 5 4 7 6 -8 -9 15 -11 11 22 13 -15 26 -17 -18 18 20 21 -22 -23 -24 24 -26 -27 -28 -29 29 -31
leaf_value=0.00017290007445756896 -0.00019605424999209967 -1.4914270151771187e-06 -7.6529015842585936e-05 9.0969337771897816e-05 0.00012013873205360989 -0.0001841255399029703 -0.00022255089688564918 -0.00044615045913920515 0.00019002011131808588 -0.00014856811956111417 3.5695834135080143e-05 -7.484101623248718e-05 -4.3876400465059649e-06 -1.4758021290484981e-05 -0.00011099803134767918 8.4316399265874259e-06 -0.00046437802981601938 0.00026447954219111527 0.00063899947402510249 0.00019633321179675649 5.1772821776819531e-05 2.8389626456798927e-05 -2.8809217768001739e-05 0.00022035762349795793 0.00010029999709622324 6.8607399684407128e-05 9.9766491063761235e-05 4.5111405668997637e-05 0.00031713727450990265 4.7617259306150494e-05
leaf_weight=5082 1584 937052 7596 1974 548 3417 8761 4719 6497 4078 10239 28829 27328 91844 1816 5844 228 762 407 1857 7462 4838 34361 6653 8464 6937 8208 10729 494 77183
leaf_count=5082 1584 937052 7596 1974 548 3417 8761 4719 6497 4078 10239 28829 27328 91844 1816 5844 228 762 407 1857 7462 4838 34361 6653 8464 6937 8208 10729 494 77183
internal_value=-1.4787e-05 -3.47442e-05 -0.000300635 -0.000705646 -0.00123091 -0.000149353 -0.000538449 -0.00216157 0.000130403 -0.000423002 5.11265e-05 -0.000111582 0.00011744 -2.52892e-06 3.68264e-05 0.000554654 -0.000151729 0.000243295 0.000758312 0.000112717 0.000553436 0.000720686 -0.000382121 0.000562563 0.000827327 -6.44827e-06 0.000321904 -0.000107777 0.000312374 0.00026922
internal_weight=1.31579e+06 1.00999e+06 72936 19840 11319 53096 22202 5267 30894 6052 305803 88546 217257 134498 13441 12341 18553 42654 8631 34023 7869 6695 63190 25356 15117 8521 10024 18325 82759 77677
internal_count=1315791 1009988 72936 19840 11319 53096 22202 5267 30894 6052 305803 88546 217257 134498 13441 12341 18553 42654 8631 34023 7869 6695 63190 25356 15117 8521 10024 18325 82759 77677
cat_boundaries=0 1 2 3 4 5 6 7 8 9 10 11 12 13 14 15 16
cat_threshold=96 64 32 4849672 11285 44 76 4770946 298257 2323748 4194432 8506340 10595040 1409 66056 8
is_linear=0
shrinkage=0.05


Tree=163
num_leaves=31
num_cat=10
split_feature=2 7 0 7 7 0 3 7 7 7 7 7 0 6 0 7 7 6 6 0 0 0 5 6 5 0 0 6 6 0
split_gain=0.646348 0.702813 1.29419 0.824165 1.70494 0.908887 1.03489 0.778171 1.15289 1.39851 0.965896 2.18337 1.0817 1.05485 1.07328 1.00024 0.885095 0.748266 0.719849 0.712082 0.701645 0.700047 0.642308 0.718906 0.609562 0.691239 0.607989 0.605957 0.581005 0.579216
threshold=20.500000000000004 0.1067207236017453 0 0.091857555016698039 0.10090234675073188 1 1.0000000180025095e-35 0.057428253650754317 0.049373452292769696 0.040583133770588982 0.063671594128153361 0.07329333279788576 2 13.183726549938509 3 0.075995310721284556 0.054502288977933654 13.866811852237587 13.703726398863079 4 5 6 4.5000000000000009 13.68519171292421 5.5000000000000009 7 8 13.278062857159549 14.174977275137024 9
decision_type=2 2 1 2 2 1 2 2 2 2 2 2 1 2 1 2 2 2 2 1 1 1 2 2 2 1 1 2 2 1
left_child=-1 3 -3 7 5 -5 -7 8 9 -2 26 13 -13 -12 18 22 29 19 -15 -6 24 -11 -14 -24 25 -18 27 -9 -16 -10
right_child=1 2 -4 4 17 6 -8 10 16 21 11 12 15 14 28 -17 20 -19 -20 -21 -22 -23 23 -25 -26 -27 -28 -29 -30 -31
leaf_value=-7.0577944673573352e-07 -6.8758470574331263e-06 2.1954395666284052e-05 -0.00045221439045962941 3.112158337635533e-05 7.2491314170651226e-05 -0.00021143116477645107 0.00034038102250165999 -0.00017165360435265144 4.6424435565037178e-05 -0.00018675646129802682 0.00076481223930346454 6.6960924855920649e-06 -0.00016518288360087684 5.0010973475071939e-05 0.00016247016215310394 -0.00030043398401839321 -0.00020400650359645537 0.00031794505780154478 0.00063207328720008308 -0.00011632495930963191 4.990291883070561e-05 -4.2707782644381713e-05 0.00041130201736401203 6.2423457069104917e-05 -9.4981005677520294e-05 5.3993499888795725e-05 -0.00016035185563910464 0.00011422993113281539 -0.00020545291742784939 0.00025705220071229413
leaf_weight=1231196 38140 1009 1002 2096 3118 389 2595 638 847 1385 100 3111 530 148 806 1610 505 181 300 6502 4825 3890 107 386 1113 2075 5051 835 184 1117
leaf_count=1231196 38140 1009 1002 2096 3118 389 2595 638 847 1385 100 3111 530 148 806 1610 505 181 300 6502 4825 3890 107 386 1113 2075 5051 835 184 1117
internal_value=-1.4369e-05 -0.00014806 -0.00107161 -0.00012557 0.000211342 0.000954723 0.00151302 -0.000199623 -0.000113829 -0.000227457 -0.000534551 -0.000138699 -0.0005867 0.00153446 0.00118915 -0.00132993 0.000356801 -0.000173963 0.00318777 -0.000233889 0.000136181 -0.000990523 -0.000112416 0.00118661 -0.000382124 3.87585e-05 -0.000976396 -7.75467e-05 0.000249999 0.00131364
internal_weight=1.31579e+06 84595 2011 82584 14881 5080 2984 67703 53897 43415 13806 7282 5744 1538 1438 2633 10482 9801 448 9620 8518 5275 1023 493 3693 2580 6524 1473 990 1964
internal_count=1315791 84595 2011 82584 14881 5080 2984 67703 53897 43415 13806 7282 5744 1538 1438 2633 10482 9801 448 9620 8518 5275 1023 493 3693 2580 6524 1473 990 1964
cat_boundaries=0 1 2 3 4 5 6 7 8 9 10
cat_threshold=4655383 4999833 4782182 86580 15959640 13248882 8740940 4194624 12635200 15017297
is_linear=0
shrinkage=0.05


Tree=164
num_leaves=31
num_cat=15
split_feature=6 1 1 3 0 6 7 0 6 3 1 0 3 0 0 1 0 7 7 7 0 2 7 1 0 2 0 1 7 7
split_gain=0.64552 2.29997 1.27467 1.24843 1.32207 1.27659 1.00397 0.889474 0.821671 0.807429 2.57893 1.07869 1.03083 2.08426 1.81416 1.02976 0.940954 0.926474 2.1936 1.61965 1.42872 1.04679 4.14823 1.74575 1.61904 1.01696 1.31872 1.24561 2.34863 2.10641
threshold=13.21989835225312 0 1 4.5000000000000009 2 13.261823100200345 0.092533608887427149 3 13.515879041089152 4.5000000000000009 4 5 5.5000000000000009 6 7 8 9 0.054777123202907098 0.080649833531499404 0.050253005740114598 10 17.500000000000004 0.089968119969476928 11 12 15.500000000000002 13 14 0.046314219883237036 0.047327318174891456
decision_type=2 1 1 2 1 2 2 1 2 2 1 1 2 1 1 1 1 2 2 2 1 2 2 1 1 2 1 1 2 2
left_child=1 7 3 8 5 6 -5 -1 -2 15 11 -11 13 -12 -14 16 -4 19 -19 25 -21 -20 24 -24 -23 27 -27 29 -29 -17
right_child=2 -3 9 4 -6 -7 -8 -9 -10 10 12 -13 14 -15 -16 17 -18 18 21 20 -22 22 23 -25 -26 26 -28 28 -30 -31
leaf_value=-3.9353296702825348e-05 -0.00018955073282788683 -7.6556865089630434e-08 -1.9878163541916546e-05 0.00073786911942924042 -0.00013206707150014473 5.7497295443233546e-05 8.2451562887923921e-05 8.266183223842157e-05 0.0002332891918294497 -6.0307892614603927e-06 -7.0153551649597832e-05 3.1560141116051674e-05 -0.00013788543283901173 6.2588022724200388e-05 -2.0556859674491798e-05 9.2387006767357638e-05 2.3229191562833576e-05 1.278650454488435e-05 -7.6006947569242733e-05 -0.00016013070940961398 -5.0522549489710842e-05 0.00036895821085591868 -3.390990712173912e-06 -0.00012492690022131874 0.00014389375685976805 1.2373704850526012e-06 -6.817339385885498e-05 -7.5711047218676708e-06 -0.00016950640636957258 -3.4567180425130562e-06
leaf_weight=3322 6883 701165 28534 290 1651 877 172 25961 304 43395 8935 85388 8579 9712 10409 6640 62677 104640 50692 3596 18898 1551 33896 17465 4840 8129 10553 31169 3681 21787
leaf_count=3322 6883 701165 28534 290 1651 877 172 25961 304 43395 8935 85388 8579 9712 10409 6640 62677 104640 50692 3596 18898 1551 33896 17465 4840 8129 10553 31169 3681 21787
internal_value=-1.3609e-05 1.77413e-05 -5.2731e-05 -0.000607148 0.000250835 0.00141216 0.00354978 0.000451813 -0.000964938 -4.29098e-05 4.99333e-05 0.000156335 -0.00031412 -5.01433e-05 -0.000573521 -8.07111e-05 6.73627e-05 -0.000123243 -6.34503e-05 -0.000245231 -0.000621056 -0.000221037 -7.54964e-05 -0.000224977 0.0011258 -0.000142084 -0.000466225 -4.63846e-05 -0.000246702 0.000199211
internal_weight=1.31579e+06 730448 585343 10177 2990 1339 462 29283 7187 575166 166418 128783 37635 18647 18988 408748 91211 317537 213084 104453 22494 108444 57752 51361 6391 81959 18682 63277 34850 28427
internal_count=1315791 730448 585343 10177 2990 1339 462 29283 7187 575166 166418 128783 37635 18647 18988 408748 91211 317537 213084 104453 22494 108444 57752 51361 6391 81959 18682 63277 34850 28427
cat_boundaries=0 1 2 3 4 5 6 7 8 9 10 11 12 13 14 15
cat_threshold=24 96 2110726 4591872 14 2311302 15901724 2902919 17 8784017 8998976 6 8749700 10536654 8
is_linear=0
shrinkage=0.05


Tree=165
num_leaves=31
num_cat=17
split_feature=5 3 0 3 1 1 3 0 6 0 6 0 0 1 3 0 0 0 0 0 6 7 0 1 0 7 6 0 7 6
split_gain=0.634175 0.94189 0.962678 0.9359 2.29019 1.79096 4.24228 1.41859 1.36151 1.32814 1.30869 1.2892 1.25068 1.20233 2.99718 2.56872 1.39807 1.0476 1.03117 1.00341 0.91514 1.00152 1.42269 0.909491 0.897259 0.937011 0.827785 0.956989 0.826086 0.814891
threshold=5.5000000000000009 1.0000000180025095e-35 0 2.5000000000000004 1 2 1.5000000000000002 3 13.16282226600673 4 12.031923105590947 5 6 7 5.5000000000000009 8 9 10 11 12 12.955610201979395 0.056101570916515055 13 14 15 0.071505760598021786 11.583360624843122 16 0.064782105815951105 14.00912786849355
decision_type=2 2 1 2 1 1 2 1 2 1 2 1 1 1 2 1 1 1 1 1 2 2 1 1 1 2 2 1 2 2
left_child=1 2 23 5 10 6 8 -8 9 -3 11 -5 -7 14 15 -6 -16 -15 -17 -12 21 22 -21 -1 25 -23 27 -4 -11 -2
right_child=29 3 26 4 13 12 7 -9 -10 28 19 -13 -14 17 16 18 -18 -19 -20 20 -22 24 -24 -25 -26 -27 -28 -29 -30 -31
leaf_value=4.1355331511633269e-05 -6.5315768873579968e-06 6.0091884247904828e-06 -0.00014233286674325595 0.00057502300719159153 -9.7395137979887036e-05 1.3060084305887867e-05 0.00035775568261888776 -2.6199903717974784e-06 -0.00049391648299048426 -0.00039253950797442193 -1.6973222524116886e-06 2.4336156590531678e-05 -1.5984751995101089e-05 -9.8073466128469713e-06 -5.9379366022069379e-05 0.00020173757949379779 -0.00022886888380508003 9.3477549175080143e-06 2.8296012757873725e-05 0.00018968584553289349 2.037612867852717e-05 -1.4069005094699062e-05 6.4015507585826143e-05 -3.1270348277819911e-05 5.6577563915345007e-05 0.00034922454046174765 2.7524381067463171e-05 0.0012278682100070888 -0.00026568657000657314 -4.2698595257028602e-05
leaf_weight=12804 396143 1803 123 1827 14886 88547 639 10151 1211 1279 43152 1492 151287 168662 5713 4036 5910 168578 18139 1452 54060 998 2907 21429 20189 2394 86829 207 4895 24049
leaf_count=12804 396143 1803 123 1827 14886 88547 639 10151 1211 1279 43152 1492 151287 168662 5713 4036 5910 168578 18139 1452 54060 998 2907 21429 20189 2394 86829 207 4895 24049
internal_value=-1.3723e-05 1.00535e-05 0.000139547 -1.02504e-05 2.88191e-05 -8.7603e-05 -0.000542327 0.000129749 -0.00133217 -0.00109502 0.000211664 0.00119162 -4.97002e-05 -3.20533e-05 -0.000264305 -4.46573e-05 -0.000964898 1.48139e-06 0.00029637 0.000185693 0.000288378 0.000520758 0.00121702 -8.51281e-05 0.000392052 0.00114344 0.000227775 0.00272727 -0.00144243 -6.44003e-05
internal_weight=1.31579e+06 895599 121392 774207 514395 259812 19978 10790 9188 7977 128471 3319 239834 385924 48684 37061 11623 337240 22175 125152 82000 27940 4359 34233 23581 3392 87159 330 6174 420192
internal_count=1315791 895599 121392 774207 514395 259812 19978 10790 9188 7977 128471 3319 239834 385924 48684 37061 11623 337240 22175 125152 82000 27940 4359 34233 23581 3392 87159 330 6174 420192
cat_boundaries=0 1 2 3 4 5 6 7 8 9 10 11 12 13 14 15 16 17
cat_threshold=330344 34 32 540736 706864 802956 2329208 64 2892260 13766835 2329631 12681224 9246928 1050153 88 4343040 33024
is_linear=0
shrinkage=0.05


Tree=166
num_leaves=31
num_cat=10
split_feature=6 1 7 2 0 3 1 1 0 0 6 7 0 7 0 0 0 6 3 7 2 7 2 2 2 7 7 7 3 2
split_gain=0.614111 2.02394 1.6465 1.17337 1.19016 1.17071 5.5961 1.82782 1.28351 1.03584 1.21813 1.02274 1.00479 1.14399 1.45061 0.968094 0.953871 0.928044 0.902453 0.89548 0.888876 0.85725 1.34557 0.843992 1.11407 1.41179 1.3555 1.01882 0.92848 0.909657
threshold=12.757262318944296 0 0.07329333279788576 10.500000000000002 1 4.5000000000000009 2 3 4 5 11.583360624843122 0.064049632428339623 6 0.056500935961983231 7 8 9 13.143303103056981 3.5000000000000004 0.065490264867075224 8.5000000000000018 0.034521400803542678 10.500000000000002 18.500000000000004 16.500000000000004 0.1049496474989602 0.10335342902000616 0.04696943842221267 2.5000000000000004 12.500000000000002
decision_type=2 1 2 2 1 2 1 1 1 1 2 2 1 2 1 1 1 2 2 2 2 2 2 2 2 2 2 2 2 2
left_child=5 2 16 -4 17 7 12 9 20 18 11 -11 -7 14 -14 -8 -2 -5 -1 -15 -9 -12 -23 24 26 -26 28 -25 29 -24
right_child=1 -3 3 4 -6 6 15 8 -10 10 21 -13 13 19 -16 -17 -18 -19 -20 -21 -22 22 23 27 25 -27 -28 -29 -30 -31
leaf_value=8.5549280728702292e-05 -5.1231801555863741e-05 -1.3842783751380177e-06 -0.0005488378054626066 6.3353330886352309e-05 -6.2041724107934771e-05 2.5588493054226648e-05 -7.8874491495285068e-05 6.2521171445763517e-05 1.6586301975705594e-05 0.00092483849242899459 0.00031715233365818871 0.00040858994605467411 6.0877074580873412e-05 -5.432638783030963e-05 0.0002786893104709257 -2.9568415887769232e-05 -0.00013309013555868371 -0.00012044508402361313 0.00021437979438862547 0.00018362510613611474 -2.7749521075743028e-05 -9.7649268470032134e-05 0.00028016045517195351 0.00020184549514636312 0.00046460125068841857 0.00017168050152894496 -0.00040165165060093407 -9.7581985260521389e-05 -4.1801097043805529e-05 5.5923838402298012e-05
leaf_weight=22231 14243 937052 661 17247 26576 10233 21417 7263 87151 230 609 839 1186 1906 1306 41773 11633 2576 5396 10725 55731 5822 3326 356 770 5656 1067 6086 7361 7363
leaf_count=22231 14243 937052 661 17247 26576 10233 21417 7263 87151 230 609 839 1186 1906 1306 41773 11633 2576 5396 10725 55731 5822 3326 356 770 5656 1067 6086 7361 7363
internal_value=-1.3077e-05 -3.18729e-05 -0.000285555 -0.000109436 -7.96365e-05 4.90009e-05 -0.000104241 0.000111457 1.44838e-05 0.000328356 0.000163944 0.00182881 0.00052314 0.000782064 0.00176164 -0.000356014 -0.000605968 0.000213532 0.000563193 0.000589422 -0.000157452 0.000117658 8.7681e-05 0.000214943 0.000343929 0.000913475 0.000152481 -0.000296493 0.000254846 0.000552436
internal_weight=1.31579e+06 1.00999e+06 72936 47060 46399 305803 88546 217257 150145 67112 39485 1069 25356 15123 2492 63190 25876 19823 27627 12631 62994 38416 37807 31985 25543 6426 19117 6442 18050 10689
internal_count=1315791 1009988 72936 47060 46399 305803 88546 217257 150145 67112 39485 1069 25356 15123 2492 63190 25876 19823 27627 12631 62994 38416 37807 31985 25543 6426 19117 6442 18050 10689
cat_boundaries=0 1 2 3 4 5 6 7 8 9 10
cat_threshold=96 745580 44 72 9842981 14278953 10595264 1311762 8504292 3919950
is_linear=0
shrinkage=0.05


Tree=167
num_leaves=31
num_cat=12
split_feature=6 1 1 6 6 6 3 3 0 6 5 3 3 0 0 3 1 1 0 0 6 6 7 7 0 3 0 0 7 2
split_gain=0.576772 1.84558 1.14186 0.907641 0.898102 1.24903 0.951452 0.888344 0.837978 1.24173 0.700728 0.670505 0.657572 0.713011 0.646785 0.646247 2.10084 0.941025 0.927467 0.882224 1.05376 1.0199 0.85704 1.10037 0.820223 1.11497 1.18187 1.02834 0.985738 1.59925
threshold=13.232467225603605 0 1 13.261823100200345 12.768874068212076 12.74239421760238 2.5000000000000004 5.5000000000000009 2 12.878284707174103 4.5000000000000009 3.5000000000000004 1.0000000180025095e-35 3 4 4.5000000000000009 5 6 7 8 14.00912786849355 13.331380416993229 0.075491315677096354 0.072195964173943153 9 5.5000000000000009 10 11 0.063296034266724199 8.5000000000000018
decision_type=2 1 1 2 2 2 2 2 1 2 2 2 2 1 1 2 1 1 1 1 2 2 2 2 1 2 1 1 2 2
left_child=1 4 3 7 5 6 -1 12 -6 -10 -9 -11 -2 -14 -5 17 18 19 -17 20 21 -4 23 -20 -18 27 -27 -26 29 -28
right_child=2 -3 15 14 8 -7 -8 10 9 11 -12 -13 13 -15 -16 16 24 -19 22 -21 -22 -23 -24 -25 25 26 28 -29 -30 -31
leaf_value=0.00047586184367978272 0.00030179511967462865 4.2888384644560729e-08 -0.00015234801755237265 -7.5227368557619377e-05 -2.0192341711092543e-05 0.0005985724023230835 -0.00021389670225987272 -7.036168103628234e-05 0.00034729634719099484 9.6291559001530534e-05 0.00078289500773149809 1.8090096476479947e-05 0.00020512972104663529 -0.00016725009748437173 -0.00024223091188675249 -6.568080243447741e-06 -0.00010143454454323627 -1.4897129551042982e-05 1.4857739941222535e-05 1.7838462700538431e-05 -0.0001225243585448275 1.873123442076524e-05 9.4576187992333083e-05 -0.00010989366369002576 -4.1825664990265165e-05 -0.00012166980001160104 -0.00017448568176584245 6.3184374676695834e-05 -0.0001045390284941102 8.3414911022679236e-05
leaf_weight=320 279 709689 1421 5421 6888 130 336 103 647 13385 163 9719 469 854 2518 42624 7339 312221 47923 71023 4119 12569 32865 3216 5254 6609 549 9420 4398 3320
leaf_count=320 279 709689 1421 5421 6888 130 336 103 647 13385 163 9719 469 854 2518 42624 7339 312221 47923 71023 4119 12569 32865 3216 5254 6609 549 9420 4398 3320
internal_value=-1.1975e-05 1.71757e-05 -4.95682e-05 -0.000584192 0.000392078 0.00206107 0.00117378 0.000406851 0.00034939 0.000490088 0.00308271 0.000429795 -3.74544e-05 -0.000502647 -0.000818114 -4.02752e-05 4.35111e-05 -7.4412e-05 0.000140241 6.88777e-05 -0.000242564 -3.5741e-05 0.000236626 0.000108624 -0.000288491 -0.00017084 -0.000475936 0.000138339 -7.67198e-05 0.000505297
internal_weight=1.31579e+06 741114 574677 9807 31425 786 656 1868 30639 23751 266 23104 1602 1323 7939 564870 163517 401353 126628 89132 18109 13990 84004 51139 36889 29550 14876 14674 8267 3869
internal_count=1315791 741114 574677 9807 31425 786 656 1868 30639 23751 266 23104 1602 1323 7939 564870 163517 401353 126628 89132 18109 13990 84004 51139 36889 29550 14876 14674 8267 3869
cat_boundaries=0 1 2 3 4 5 6 7 8 9 10 11 12
cat_threshold=24 96 5511488 4194594 7346304 14 17 2311302 393361 10780692 543619 5383176
is_linear=0
shrinkage=0.05


Tree=168
num_leaves=31
num_cat=19
split_feature=5 3 0 6 0 1 3 1 3 0 0 1 3 1 0 0 2 0 0 0 1 6 7 1 0 3 1 0 6 0
split_gain=0.604892 0.884603 0.877372 0.832351 0.956989 0.808725 0.793072 2.00419 2.13167 1.65251 1.56235 1.55979 1.41564 3.56553 1.52358 1.29332 1.27923 1.43371 1.26505 1.25979 1.17416 1.37718 1.32325 1.10127 1.06448 1.05387 1.59045 1.13869 0.982369 1.28899
threshold=5.5000000000000009 1.0000000180025095e-35 0 11.583360624843122 1 2 2.5000000000000004 3 5.5000000000000009 4 5 6 5.5000000000000009 7 8 9 9.5000000000000018 10 11 12 13 12.673526932670674 0.031580842558335064 14 15 1.5000000000000002 16 17 13.073741248551789 18
decision_type=2 2 1 2 1 1 2 1 2 1 1 1 2 1 1 1 2 1 1 1 1 2 2 1 1 2 1 1 2 1
left_child=1 2 5 4 -4 -1 11 8 9 -8 -10 16 -9 18 -15 -13 17 -3 -14 -18 22 24 -16 -11 -22 26 -21 -28 29 -27
right_child=-2 6 3 -5 -6 -7 7 12 10 23 -12 15 13 14 20 -17 19 -19 -20 25 21 -23 -24 -25 -26 28 27 -29 -30 -31
leaf_value=3.8608747187655071e-05 -8.3810973956957614e-06 2.846372150825363e-05 -0.00013415241913065459 2.6312564087918985e-05 0.0011656433399887165 -2.9437760018395823e-05 3.1277255853106183e-05 6.8508104584047116e-07 1.1125089918173973e-05 5.6732232041240353e-06 0.0001004120402713775 2.158607683643845e-05 -3.0144935673404138e-05 -0.00010343620534136234 -6.4809723377219272e-05 -1.2791799482579091e-05 4.7983978493089253e-05 -0.00031332989478574137 7.2718078549267545e-05 -3.7690652897677952e-05 7.0544947422624139e-05 -0.00028808988843559213 -7.9120213547247764e-06 -4.3949556554289013e-05 -0.00013640781496035206 0.00015592452899267249 -9.5467007742476906e-05 -0.00035541883936442858 -4.952750183197224e-05 -1.2267713022516352e-05
leaf_weight=12804 420192 533 123 86829 207 21429 72416 237155 17771 51955 30437 71658 10732 12670 2154 124697 5856 1056 14777 19772 1991 2581 25031 30651 4074 3461 3234 4539 16305 8701
leaf_count=12804 420192 533 123 86829 207 21429 72416 237155 17771 51955 30437 71658 10732 12670 2154 124697 5856 1056 14777 19772 1991 2581 25031 30651 4074 3461 3234 4539 16305 8701
internal_value=-1.2051e-05 1.11701e-05 0.000136663 0.000220892 0.00272727 -7.78273e-05 -8.50667e-06 2.74583e-05 0.000149576 5.92807e-05 0.000439967 -7.97127e-05 -5.2303e-05 -0.000243212 -0.000494837 -1.0059e-05 -0.000295194 -0.00169604 0.000235314 -0.000259263 -0.000327978 -0.00083526 -0.000166392 -9.35666e-05 -0.000424568 -0.000332192 -0.000552733 -0.00115829 -0.000118911 0.00022118
internal_weight=1.31579e+06 895599 121392 87159 330 34233 774207 514395 203230 155022 48208 259812 311165 74010 48501 196355 63457 1589 25509 61868 35831 8646 27185 82606 6065 56012 27545 7773 28467 12162
internal_count=1315791 895599 121392 87159 330 34233 774207 514395 203230 155022 48208 259812 311165 74010 48501 196355 63457 1589 25509 61868 35831 8646 27185 82606 6065 56012 27545 7773 28467 12162
cat_boundaries=0 1 2 3 4 5 6 7 8 9 10 11 12 13 14 15 16 17 18 19
cat_threshold=330344 33024 88 38 2680662 674932 34 8 2688644 2296434 4473286 11617996 32840 17 34 8781859 2 8014128 2842641
is_linear=0
shrinkage=0.05


Tree=169
num_leaves=31
num_cat=9
split_feature=6 1 6 0 7 7 7 7 7 3 2 0 2 2 7 7 0 7 0 0 7 0 0 0 6 3 6 7 3 5
split_gain=0.60643 1.57738 1.43951 1.25255 1.02057 1.01872 1.00781 1.18222 0.972485 1.15016 0.971905 1.06666 0.883081 1.6617 5.41849 1.33217 1.53944 1.31153 1.60656 1.21272 1.18785 1.18456 1.12725 1.04032 1.09633 0.994311 1.25417 0.9805 0.945289 0.92525
threshold=13.645621591750851 0 13.132493889510007 1 0.092533608887427149 0.047698780274746 0.067132975390762337 0.067426327462205657 0.04176344767128487 1.0000000180025095e-35 16.500000000000004 2 8.5000000000000018 7.5000000000000009 0.1049496474989602 0.10879013868478844 3 0.097199760371366545 4 5 0.10090234675073188 6 7 8 12.757262318944296 5.5000000000000009 12.819386940146737 0.0441431289198276 4.5000000000000009 5.5000000000000009
decision_type=2 1 2 1 2 2 2 2 2 2 2 1 2 2 2 2 1 2 1 1 2 1 1 1 2 2 2 2 2 2
left_child=1 2 -1 4 -4 8 10 -8 -5 -10 -7 -12 13 17 20 19 -17 23 28 -16 21 -15 25 -3 27 -22 -27 -25 -19 -14
right_child=-2 12 3 5 -6 6 7 -9 9 -11 11 -13 29 14 15 16 -18 18 -20 -21 22 -23 -24 24 -26 26 -28 -29 -30 -31
leaf_value=8.604008557955719e-05 -9.7615496460433371e-06 -2.6205162553780668e-05 3.5667496719447484e-05 -6.6759103698510425e-06 -8.1275272708129066e-05 -5.6334551455364628e-05 0.00029992142036208832 2.6439809756887057e-06 0.00021205778611899876 6.4388111422478036e-05 0.00060619161570340835 2.0670958352722969e-05 4.5497917094081291e-08 0.00019569884507075042 0.00018596771032450358 -0.00020375742478484553 2.411001607710723e-05 0.00014796956132827419 -0.00023566425417279188 -1.3545129136632289e-05 0.00036480314736821 0.00088615909105469153 0.00017569824502067938 1.7813418800359874e-05 7.802622059661039e-06 0.0011578010744331066 0.00050693844249586923 0.00023547513558927152 -0.0002985536736985181 -1.4350484469499718e-05
leaf_weight=16559 257289 17938 63763 5520 5706 22850 233 36123 725 4683 107 255 559238 277 6709 3381 10423 2136 4988 5149 1837 416 2518 3242 16067 112 196 3563 883 262905
leaf_count=16559 257289 17938 63763 5520 5706 22850 233 36123 725 4683 107 255 559238 277 6709 3381 10423 2136 4988 5149 1837 416 2518 3242 16067 112 196 3563 883 262905
internal_value=-1.1975e-05 4.76025e-06 0.000151276 9.91307e-05 0.000249787 -4.93587e-05 -0.000130776 3.35559e-05 0.000394399 0.000870931 -0.000388162 0.00218232 -2.06667e-05 0.000138096 0.000424269 0.000122359 -0.000211534 -4.3736e-05 -0.000628826 0.000511046 0.0018708 0.00380231 0.00158374 7.10598e-05 0.000294553 0.00242459 0.00506493 0.000826597 0.00028227 -3.60837e-05
internal_weight=1.31579e+06 1.0585e+06 156524 139965 69469 70496 59568 36356 10928 5408 23212 362 901978 79835 31018 25662 13804 48817 8007 11858 5356 693 4663 40810 22872 2145 308 6805 3019 822143
internal_count=1315791 1058502 156524 139965 69469 70496 59568 36356 10928 5408 23212 362 901978 79835 31018 25662 13804 48817 8007 11858 5356 693 4663 40810 22872 2145 308 6805 3019 822143
cat_boundaries=0 1 2 3 4 5 6 7 8 9
cat_threshold=24 3607083 38144 4546690 10110054 14790837 139356 15808073 6497819
is_linear=0
shrinkage=0.05


Tree=170
num_leaves=31
num_cat=12
split_feature=6 1 1 6 3 6 0 6 6 3 5 0 3 0 7 0 0 6 6 1 7 0 7 3 0 3 7 1 0 7
split_gain=0.580461 1.49006 1.05506 0.823363 0.906205 0.741315 0.77128 1.03099 0.769522 0.951452 0.700728 0.631271 0.612233 0.745887 0.604015 0.902576 0.601336 0.734342 0.952391 0.607498 0.633307 0.826051 0.596749 0.572295 0.56224 0.582258 1.69704 0.801525 1.23381 1.00172
threshold=13.232467225603605 0 1 13.261823100200345 5.5000000000000009 12.768874068212076 2 12.878284707174103 12.74239421760238 2.5000000000000004 4.5000000000000009 3 3.5000000000000004 4 0.13142010876366625 5 6 13.645621591750851 13.68519171292421 7 0.045308045100993642 8 0.057924780312054024 1.0000000180025095e-35 9 4.5000000000000009 0.10535545766871728 10 11 0.084611166957296327
decision_type=2 1 1 2 2 2 1 2 2 2 2 1 2 1 2 1 1 2 2 1 2 1 2 2 1 2 2 1 1 2
left_child=1 5 3 4 23 8 -7 22 9 -1 -6 -5 -9 -14 -3 -16 -4 19 -19 20 21 -18 -8 -2 -20 -26 27 28 29 -27
right_child=2 14 16 11 10 6 7 12 -10 -11 -12 -13 13 -15 15 -17 17 18 24 -21 -22 -23 -24 -25 25 26 -28 -29 -30 -31
leaf_value=0.00044820785391974367 0.00028538746059064658 -2.3858045096776315e-07 -1.1242457719661584e-05 -7.2075068917349546e-05 -7.0444273001054223e-05 -2.0462565255777859e-05 1.8211607611773628e-05 8.8192433222846457e-05 0.00056574020886707632 -0.00020731146739652183 0.00074319172795315937 -0.00022523877414785043 9.3548612975319421e-05 -4.3937316724474795e-05 -6.9358586346868271e-05 0.00032555965176824181 0.00015855130313143173 -6.508122193525893e-05 -2.6815622476664696e-05 5.6616113624776398e-06 5.5681539206160825e-05 -1.543003615980919e-06 0.00056180922297565609 -7.4432385518860794e-05 -6.2027222503036104e-06 9.2606880222268067e-05 0.0003986991651469369 -2.1947554964508811e-05 5.7692514747394681e-06 0.00051035776696391688
leaf_weight=320 279 705719 270761 5421 103 6888 232 13385 130 336 163 2518 4824 4895 1376 2594 917 12904 36976 149411 8445 650 415 1323 60431 4479 431 9444 9165 856
leaf_count=320 279 705719 270761 5421 103 6888 232 13385 130 336 163 2518 4824 4895 1376 2594 917 12904 36976 149411 8445 650 415 1323 60431 4479 431 9444 9165 856
internal_value=-1.2203e-05 1.70407e-05 -4.99162e-05 -0.000563819 0.000380084 0.000353904 0.00031512 0.000450106 0.00187023 0.00117378 0.00308271 -0.000786624 0.000395168 9.31154e-05 2.11943e-06 0.000617127 -4.09833e-05 8.51577e-06 -7.74406e-05 8.11352e-05 0.000457991 0.00138162 0.00241886 -6.86654e-05 -3.41606e-05 3.67843e-05 0.000243076 0.000187102 0.000420399 0.00102432
internal_weight=1.31579e+06 741114 574677 9807 1868 31425 30639 23751 786 656 266 7939 23104 9719 709689 3970 564870 294109 134686 159423 10012 1567 647 1602 121782 84806 24375 23944 14500 5335
internal_count=1315791 741114 574677 9807 1868 31425 30639 23751 786 656 266 7939 23104 9719 709689 3970 564870 294109 134686 159423 10012 1567 647 1602 121782 84806 24375 23944 14500 5335
cat_boundaries=0 1 2 3 4 5 6 7 8 9 10 11 12
cat_threshold=24 96 5511488 7346304 41099 9538433 974999 16 1053952 11536384 12 4194400
is_linear=0
shrinkage=0.05


Tree=171
num_leaves=31
num_cat=10
split_feature=2 7 0 7 7 0 7 7 7 7 0 7 7 0 0 0 6 3 6 0 0 5 0 6 0 7 7 7 7 3
split_gain=0.53986 0.650625 1.19533 0.651147 1.50314 0.883538 0.780151 1.04639 1.22745 0.850916 0.876224 0.827001 1.99281 1.03664 0.915665 0.711366 0.702226 0.671707 0.624097 0.673383 0.62332 0.660537 0.815098 0.811764 0.661495 0.625681 0.933154 0.60747 0.571999 0.622586
threshold=20.500000000000004 0.1067207236017453 0 0.091857555016698039 0.10090234675073188 1 0.057428253650754317 0.049373452292769696 0.040583133770588982 0.055074923248330736 2 0.065490264867075224 0.07329333279788576 3 4 5 14.174977275137024 1.5000000000000002 13.866811852237587 6 7 5.5000000000000009 8 13.47380761487125 9 0.055735845590990436 0.055380707831157457 0.095732573755963196 0.10061086667301745 5.5000000000000009
decision_type=2 2 1 2 2 1 2 2 2 2 1 2 2 1 1 1 2 2 2 1 1 2 1 2 1 2 2 2 2 2
left_child=-1 3 -3 6 5 28 7 8 -2 10 -9 -8 14 -14 17 -10 -16 -13 19 -6 25 24 23 -23 -22 26 -11 -7 29 -5
right_child=1 2 -4 4 18 27 11 9 15 20 -12 12 13 -15 16 -17 -18 -19 -20 -21 21 22 -24 -25 -26 -27 -28 -29 -30 -31
leaf_value=-3.3965803007871447e-07 -5.172495671786172e-06 2.0450768412216539e-05 -0.0004260274207531702 0.00023397983361687501 7.3757478072582531e-05 0.00024511150972961779 -0.00011398003223423129 -2.568482800746531e-05 -0.00015926841946870836 3.7613842340622445e-06 0.00016812258519675473 0.00046337776645943228 -1.0999707180420982e-05 -0.00020038055483554215 0.00020944744573741494 -3.4682116859409693e-05 -0.000181607941586975 0.00042999034540936224 0.00029075008499428287 -0.00011152935910141399 9.5550472524135724e-05 -2.2111645345728413e-05 -0.00013370704756598872 0.00047662155142321719 -5.7627146089263912e-05 3.7787833632100344e-05 0.00036176852671909705 6.245930069504412e-05 0.00095120847458787588 0.00067186034761035807
leaf_weight=1231196 38140 1009 1002 1280 3278 212 6556 776 1803 138 2385 162 3489 2255 746 3472 184 414 181 6342 2385 416 1314 117 1821 971 159 3225 160 203
leaf_count=1231196 38140 1009 1002 1280 3278 212 6556 776 1803 138 2385 162 3489 2255 746 3472 184 414 181 6342 2385 416 1314 117 1821 971 159 3225 160 203
internal_value=-1.1101e-05 -0.000133283 -0.00102188 -0.000111645 0.000187822 0.000885826 -0.000177467 -9.15647e-05 -0.000199817 0.000356801 0.00104239 -0.000512822 -0.000144829 -0.000569291 0.0014741 -0.000914693 0.000478722 0.00302048 -0.000173963 -0.000228691 6.07829e-05 -0.000150917 -0.000939362 0.000709023 0.000194958 0.00106416 0.00308081 0.000425006 0.00183605 0.00154079
internal_weight=1.31579e+06 84595 2011 82584 14881 5080 67703 53897 43415 10482 3161 13806 7250 5744 1506 5275 930 576 9801 9620 7321 6053 1847 533 4206 1268 297 3437 1643 1483
internal_count=1315791 84595 2011 82584 14881 5080 67703 53897 43415 10482 3161 13806 7250 5744 1506 5275 930 576 9801 9620 7321 6053 1847 533 4206 1268 297 3437 1643 1483
cat_boundaries=0 1 2 3 4 5 6 7 8 9 10
cat_threshold=4655383 2339904 12648817 5830758 87604 8773964 13799000 2442768 4194700 9441319
is_linear=0
shrinkage=0.05


Tree=172
num_leaves=31
num_cat=10
split_feature=2 7 0 7 7 0 7 7 7 7 7 0 0 7 0 3 6 0 7 0 6 6 3 6 0 6 5 0 5 0
split_gain=0.545096 0.64976 1.19533 0.596529 1.43465 0.773183 0.740428 0.938027 1.15081 0.778888 1.75514 0.939153 0.875729 0.746704 0.697834 0.667556 0.626288 0.626276 0.60747 0.596315 0.618129 0.570564 1.0152 1.20754 0.556087 0.85991 0.553724 0.664772 0.810625 0.520153
threshold=20.500000000000004 0.1067207236017453 0 0.091857555016698039 0.10090234675073188 1 0.057428253650754317 0.049373452292769696 0.040583133770588982 0.065490264867075224 0.07329333279788576 2 3 0.054502288977933654 4 5.5000000000000009 13.866811852237587 5 0.095732573755963196 6 12.858550163703176 13.396149470247099 2.5000000000000004 13.318585784593099 7 13.765414178508989 6.5000000000000009 8 3.5000000000000004 9
decision_type=2 2 1 2 2 1 2 2 2 2 2 1 1 2 1 2 2 1 2 1 2 2 2 2 1 2 2 1 2 1
left_child=-1 3 -3 6 5 21 7 8 24 29 12 -12 -11 26 -10 -14 17 -6 -7 20 -15 22 -5 -24 25 -2 27 28 -9 -8
right_child=1 2 -4 4 16 18 9 13 14 10 11 -13 15 19 -16 -17 -18 -19 -20 -21 -22 -23 23 -25 -26 -27 -28 -29 -30 -31
leaf_value=-3.2267512857487198e-07 -1.4949420351074828e-06 1.9428229991605141e-05 -0.00040472604971551128 9.4193734500327433e-05 -0.00011056342136229847 0.00023285593424313719 7.0465904473747631e-06 0.00059873467220390557 -0.00016083990222543832 -1.1221476210532094e-06 -1.0449721821399833e-05 -0.00019036152709376523 0.00043250501984574307 0.00028143446425061262 -3.6559966538857922e-05 -0.0001313804434004015 0.00027621258074456812 5.4426744487101521e-05 5.9336335660292166e-05 -7.0784620642697145e-06 6.9342036438421509e-05 0.0001486775698897851 0.00039663995976918975 0.0010813004398929763 -1.2300001005962729e-05 8.7131272747387978e-05 0.00034146504864601484 -5.9566000571988642e-06 0.00012276434842988326 -0.00013642666157383587
leaf_weight=1231196 8439 1009 1002 500 5884 212 1187 201 1490 669 3489 2255 714 134 3785 123 181 3736 3225 7192 1192 512 505 126 27364 2337 371 957 435 5369
leaf_count=1231196 8439 1009 1002 500 5884 212 1187 201 1490 669 3489 2255 714 134 3785 123 181 3736 3225 7192 1192 512 505 126 27364 2337 371 957 435 5369
internal_value=-1.1101e-05 -0.000133874 -0.00102188 -0.000112251 0.000174382 0.000856298 -0.000175252 -9.15647e-05 -0.000194059 -0.000501957 -0.000144829 -0.000543177 0.0013745 0.000332951 -0.000886257 0.00243802 -0.000179065 -0.000233889 0.000425006 0.000130311 0.0011003 0.00174531 0.00238285 0.00371632 -9.83232e-05 0.000205821 0.00121181 0.000806653 0.00204334 -0.00089689
internal_weight=1.31579e+06 84595 2011 82584 14881 5080 67703 53897 43415 13806 7250 5744 1506 10482 5275 837 9801 9620 3437 8518 1326 1643 1131 631 38140 10776 1964 1593 636 6556
internal_count=1315791 84595 2011 82584 14881 5080 67703 53897 43415 13806 7250 5744 1506 10482 5275 837 9801 9620 3437 8518 1326 1643 1131 631 38140 10776 1964 1593 636 6556
cat_boundaries=0 1 2 3 4 5 6 7 8 9 10
cat_threshold=4655383 2339904 5830758 15247627 8773708 815527 2442752 13238690 10095246 12634176
is_linear=0
shrinkage=0.05


Tree=173
num_leaves=31
num_cat=13
split_feature=6 1 3 1 3 1 3 0 0 6 0 0 3 1 1 0 0 3 6 5 6 0 6 0 7 7 6 7 5 6
split_gain=0.525646 1.71404 1.54121 2.41929 2.62749 2.04121 4.00721 1.4624 1.22434 1.29626 1.17719 1.12016 1.0526 4.95239 1.70702 1.319 0.965543 0.927938 1.19005 1.073 1.15413 1.06877 0.925429 1.2279 1.13079 0.999523 0.864787 0.845208 0.907331 1.14246
threshold=12.757262318944296 0 1.5000000000000002 1 1.0000000180025095e-35 2 4.5000000000000009 3 4 13.152188648711387 5 6 4.5000000000000009 7 8 9 10 3.5000000000000004 12.698342927798235 2.5000000000000004 12.031923105590947 11 11.903400437239741 12 0.054502288977933654 0.039807080262756707 13.466306565260149 0.077522266920712082 5.5000000000000009 13.062473235789007
decision_type=2 1 2 1 2 1 2 1 1 2 1 1 2 1 1 1 1 2 2 2 2 1 2 1 2 2 2 2 2 2
left_child=12 2 3 16 10 8 11 27 9 -4 -5 -7 14 22 -1 17 -2 18 -16 -19 -21 -20 24 -24 25 -14 -10 -6 29 -29
right_child=1 -3 5 4 7 6 -8 -9 26 -11 -12 -13 13 -15 15 -17 -18 19 21 20 -22 -23 23 -25 -26 -27 -28 28 -30 -31
leaf_value=5.1507169703235358e-05 -0.00018063001171004606 -1.1845904357983929e-06 0.00015398204225259405 9.3597506051864847e-05 -0.00030339600272495204 -0.00016848026499523375 -0.00020591989878790515 -0.00040421984302423222 -1.683166972519777e-05 -6.755093821645696e-05 -0.00013962019864404977 4.5274696087708335e-05 0.00026522517943334943 -4.2830093181978011e-05 -4.6171878847831236e-06 -1.325878202493684e-05 6.5711083462343653e-05 0.00025018283467962229 0.00018646732838739624 0.00059162147048783052 4.429508599170085e-05 2.7234334313359863e-05 -3.6996126443299356e-05 0.00012007740877603979 0.00037213080750365832 0.0017660441911806766 -0.00049963703313200087 0.00061976855713282678 -0.00039765884542345195 -5.5953702977639517e-05
leaf_weight=82759 1584 937052 9428 1974 384 3417 8761 4360 18338 2890 4078 10024 191 63190 27328 91844 6937 762 1857 407 7462 4838 6393 17230 1442 100 238 177 152 194
leaf_count=82759 1584 937052 9428 1974 384 3417 8761 4360 18338 2890 4078 10024 191 63190 27328 91844 6937 762 1857 407 7462 4838 6393 17230 1442 100 238 177 152 194
internal_value=-1.0721e-05 -2.81104e-05 -0.000261565 -0.000637602 -0.00111616 -0.000121103 -0.000486675 -0.00193374 0.000141728 0.000528065 -0.000406478 5.54262e-05 4.67119e-05 -9.8594e-05 0.000105933 -4.01582e-06 -5.87288e-07 0.000225716 0.000108308 0.000688795 0.000515312 0.000705749 0.000491602 0.000409981 0.00160704 0.00445017 -0.000114604 -9.26947e-05 0.00121415 0.00254717
internal_weight=1.31579e+06 1.00999e+06 72936 19840 11319 53096 22202 5267 30894 12318 6052 13441 305803 88546 217257 134498 8521 42654 34023 8631 7869 6695 25356 23623 1733 291 18576 907 523 371
internal_count=1315791 1009988 72936 19840 11319 53096 22202 5267 30894 12318 6052 13441 305803 88546 217257 134498 8521 42654 34023 8631 7869 6695 25356 23623 1733 291 18576 907 523 371
cat_boundaries=0 1 2 3 4 5 6 7 8 9 10 11 12 13
cat_threshold=96 64 32 4866312 2318436 11285 298257 44 76 4770946 1409 4194432 8774592
is_linear=0
shrinkage=0.05


Tree=174
num_leaves=31
num_cat=12
split_feature=2 7 0 3 6 0 6 0 5 0 3 6 2 0 7 1 7 1 7 7 0 0 2 7 1 1 7 1 7 2
split_gain=0.505036 0.586399 1.1322 0.576246 0.59362 0.591464 0.56963 0.805276 0.529361 0.448534 0.473073 0.443899 0.441032 0.8826 0.848885 2.87905 1.7757 6.37235 2.154 1.66349 1.60508 1.46629 1.31805 2.33704 3.6604 3.49647 2.10914 1.42658 2.34951 1.86571
threshold=20.500000000000004 0.1067207236017453 0 2.5000000000000004 13.376660574879262 1 14.107316551308999 2 3.5000000000000004 3 1.5000000000000002 13.194926335209143 16.500000000000004 4 0.045308045100993642 5 0.048395305166077367 6 0.046314219883237036 0.036427205497572696 7 8 13.500000000000002 0.063296034266724199 9 10 0.056101570916515055 11 0.096486407859378218 10.500000000000002
decision_type=2 2 1 2 2 1 2 1 2 1 2 2 2 1 2 1 2 1 2 2 1 1 2 2 1 1 2 1 2 2
left_child=12 6 3 9 5 -5 -2 -8 -9 -3 11 -11 14 -14 15 19 17 -16 20 -1 -19 -21 27 24 26 -25 -24 28 29 -18
right_child=1 2 -4 4 -6 -7 7 8 -10 10 -12 -13 13 -15 16 -17 22 18 -20 21 -22 -23 23 25 -26 -27 -28 -29 -30 -31
leaf_value=3.1385991376958151e-07 -5.5976489939207999e-06 0.0001393632826641092 -0.00045533996656332864 0.00033308837894279787 -0.00014599232914972723 -0.00012993717052352165 -8.3791213423745102e-06 -0.00020941863081672913 -7.8068733858966419e-05 -0.00064683526458414529 -0.0011579001425538866 0.00031903170318551031 1.8790365789211032e-05 -6.0072236896985334e-06 2.7577733679534071e-05 -2.9611233201789664e-06 3.5375969934218364e-05 1.0504751799963271e-05 -0.00015739100602862616 9.8290424206814433e-05 -7.1970292648252762e-05 4.0277010259532435e-05 0.0008829864736274632 -3.1553171821162578e-05 -4.3497674811727443e-06 -0.00014267671177815419 0.0001441536381186141 -4.726438058461123e-06 -1.586551333964539e-05 0.00017273333235666617
leaf_weight=16834 77912 122 802 253 210 195 2587 547 1538 138 144 147 188078 185962 21714 165498 42587 6748 12976 10062 9442 20688 199 86320 81132 15047 5822 297483 47533 17071
leaf_count=16834 77912 122 802 253 210 195 2587 547 1538 138 144 147 188078 185962 21714 165498 42587 6748 12976 10062 9442 20688 199 86320 81132 15047 5822 297483 47533 17071
internal_value=-1.0379e-05 -0.000128555 -0.000972154 4.10054e-06 0.00100304 0.00203125 -0.000108012 -0.000644265 -0.00137232 -0.00118875 -0.00192483 -0.000789475 -2.25916e-06 4.30423e-05 -2.20275e-05 6.4481e-05 -5.06475e-05 -0.000334121 -0.000816768 0.000407193 -0.000432367 0.000626015 -2.63332e-05 -0.000135531 5.43285e-05 -0.000298767 0.00124274 2.45371e-05 0.000180921 0.000389888
internal_weight=1.31579e+06 84595 2011 1209 658 448 82584 4672 2085 551 429 285 1.2312e+06 374040 857156 213082 644074 50880 29166 47584 16190 30750 593194 188520 87153 101367 6021 404674 107191 59658
internal_count=1315791 84595 2011 1209 658 448 82584 4672 2085 551 429 285 1231196 374040 857156 213082 644074 50880 29166 47584 16190 30750 593194 188520 87153 101367 6021 404674 107191 59658
cat_boundaries=0 1 2 3 4 5 6 7 8 9 10 11 12
cat_threshold=4655479 2134 6474534 196865 913950 10 56 15028833 11052564 68 99 33
is_linear=0
shrinkage=0.05


Tree=175
num_leaves=31
num_cat=15
split_feature=2 1 7 0 7 0 0 7 3 5 0 0 0 6 2 7 7 1 1 0 6 0 6 1 7 0 2 7 0 0
split_gain=0.488765 1.35217 4.27615 1.58599 1.30717 1.10431 1.10376 0.982166 0.82195 1.87703 1.25637 0.959327 0.882598 0.800839 0.787316 2.38764 2.02221 6.8919 3.54709 2.06037 1.7121 1.51784 1.46631 1.40083 1.31451 1.61907 1.48289 1.63206 1.48902 1.39615
threshold=19.500000000000004 0 0.049373452292769696 1 0.045308045100993642 2 3 0.07183032156407522 1.0000000180025095e-35 5.5000000000000009 4 5 6 13.445790538661404 17.500000000000004 0.11311322974291106 0.088353374510385843 7 8 9 12.992768795614536 10 12.698342927798235 11 0.1067207236017453 12 18.500000000000004 0.11621054548671803 13 14
decision_type=2 1 2 1 2 1 1 2 2 2 1 1 1 2 2 2 2 1 1 1 2 1 2 1 2 1 2 2 1 1
left_child=14 2 4 -4 6 -6 -2 -5 9 11 -11 -3 -10 -14 15 -1 17 21 -18 -19 23 -16 -21 24 25 -20 28 -28 -26 -29
right_child=1 8 3 7 5 -7 -8 -9 12 10 -12 -13 13 -15 16 -17 18 19 20 22 -22 -23 -24 -25 26 -27 27 29 -30 -31
leaf_value=-9.7216951395176585e-07 -6.433856002122745e-05 6.3379924676808177e-05 -0.00018501568510457728 -2.8441511143764963e-05 0.00026111538409571543 -3.2302389512255332e-05 0.00050410025641456694 -0.00048760279887788741 -1.1996554292865865e-05 -1.1170911730531638e-05 -0.00014805779999071576 -2.7884799096742016e-05 1.8912140791145518e-05 -1.2136628752369848e-05 7.6512340921632737e-05 -0.00019321768675935669 -0.00030836175386017475 0.00015375293394152134 0.00014597115921781976 0.00084489234340243016 -1.6658820743148004e-05 -2.6635183844642165e-05 0.00032807164266366717 2.5356261522923176e-05 0.00063738445125346174 0.00086616290903382973 0.00014396577358142222 9.1459862435398317e-05 0.0001534105917360946 -0.00068583147730118808
leaf_weight=940240 117 4740 7230 9154 597 959 425 841 54174 2417 4958 9915 50144 32165 11600 10423 3906 3286 871 268 91685 20639 5418 36143 2226 676 3721 873 4815 1165
leaf_count=940240 117 4740 7230 9154 597 959 425 841 54174 2417 4958 9915 50144 32165 11600 10423 3906 3286 871 268 91685 20639 5418 36143 2226 676 3721 873 4815 1165
internal_value=-9.96098e-06 -8.70477e-05 -0.00048182 -0.000741656 0.00164919 0.000912595 0.00376384 -0.000332335 -3.88914e-05 -0.000322289 -0.000972883 5.11652e-06 6.84948e-06 0.000109998 2.08589e-06 -1.6374e-05 9.57851e-05 0.000405109 8.52148e-06 0.00162993 4.94063e-05 6.37217e-05 0.00220681 0.000283223 0.000701051 0.00207821 0.000535155 -5.99074e-05 0.00102187 -0.00119725
internal_weight=1.31579e+06 177836 19323 17225 2098 1556 542 9995 158513 22030 7375 14655 136483 82309 1.13796e+06 950663 187292 41211 146081 8972 142175 32239 5686 50490 14347 1547 12800 5759 7041 2038
internal_count=1315791 177836 19323 17225 2098 1556 542 9995 158513 22030 7375 14655 136483 82309 1137955 950663 187292 41211 146081 8972 142175 32239 5686 50490 14347 1547 12800 5759 7041 2038
cat_boundaries=0 1 2 3 4 5 6 7 8 9 10 11 12 13 14 15
cat_threshold=96 4595368 6697257 2173072 4277271 14795410 10764635 1 1 2969930 2134131 48 3258964 6573656 7629400
is_linear=0
shrinkage=0.05


Tree=176
num_leaves=31
num_cat=13
split_feature=6 0 1 3 0 6 5 0 0 7 2 7 7 7 3 0 7 0 7 0 7 2 1 7 0 7 0 0 3 1
split_gain=0.496678 1.03441 0.977873 0.995894 1.6499 0.950326 1.0098 1.27454 1.2061 0.89099 1.68332 0.787045 0.836124 0.872082 0.739225 0.791709 0.713853 0.726309 0.667181 0.712865 0.604903 0.597947 1.09618 3.71471 1.32542 1.07796 1.06882 0.784976 0.720899 3.47898
threshold=13.858269235864768 0 1 5.5000000000000009 2 12.878284707174103 3.5000000000000004 3 4 0.060317631810185908 8.5000000000000018 0.1037406997740149 0.042406540809180111 0.050253005740114598 3.5000000000000004 5 0.096960038120790362 6 0.10061086667301745 7 0.074994913060566937 19.500000000000004 8 0.045536734602365347 9 0.07183032156407522 10 11 2.5000000000000004 12
decision_type=2 1 1 2 1 2 2 1 1 2 2 2 2 2 2 1 2 1 2 1 2 2 1 2 1 2 1 1 2 1
left_child=2 11 3 5 9 -1 8 -8 20 10 -5 12 -2 -14 18 -16 -9 -18 19 -10 -7 28 23 26 -25 -26 -23 -24 29 -4
right_child=1 -3 21 4 -6 6 7 16 14 -11 -12 -13 13 -15 15 -17 17 -19 -20 -21 -22 22 27 24 25 -27 -28 -29 -30 -31
leaf_value=0.00044649201915524244 -5.4452142306488323e-05 4.1183509648943455e-06 1.286055205069343e-05 -0.00017777676539713449 -0.00011497770269066207 0.00013158927712588939 0.00011555075751495844 4.4431861031644254e-06 -0.00010835398997833641 -1.259104760047111e-05 0.00021074856507923467 -0.00038093725633251666 3.222132077603652e-05 -3.1005628422913383e-05 -0.0004168902375421518 -7.990732961121566e-05 -0.00014540363032572852 0.00026333504174636999 -0.00039684282360796563 9.2210493322242838e-05 -4.4824755005306128e-05 -7.8345436204033312e-05 -1.5839316018528862e-05 -0.00016390095784262268 -2.0731108746567397e-05 -0.00047906378980089662 0.00045900871345529805 6.1120658999040929e-06 5.4409454814441307e-06 -2.4734841436301888e-05
leaf_weight=200 6368 74140 228147 185 4389 2688 13021 15353 1406 1822 872 982 7875 55189 455 1944 524 1627 410 3215 1527 129 59284 6081 11635 1015 463 65858 563535 185452
leaf_count=200 6368 74140 228147 185 4389 2688 13021 15353 1406 1822 872 982 7875 55189 455 1944 524 1627 410 3215 1527 129 59284 6081 11635 1015 463 65858 563535 185452
internal_value=-9.20098e-06 -9.66433e-05 1.59114e-06 0.000218739 -0.00032196 0.00031154 0.000295232 0.000446354 -0.000100903 0.000607475 0.00176443 -0.00023387 -0.000214024 -0.000158887 -0.000483872 -0.00120675 0.000167294 0.00102045 -0.000140132 3.13773e-05 0.000573963 -8.02092e-06 -0.000102967 -0.000453371 -0.000576852 -0.000284361 0.00344594 -4.88218e-05 6.01641e-06 -4.4114e-05
internal_weight=1.31579e+06 144554 1.17124e+06 49638 7268 42370 42170 30525 11645 2879 1057 70414 69432 63064 7430 2399 17504 2151 5031 4621 4215 1.1216e+06 144465 19323 18731 12650 592 125142 977134 413599
internal_count=1315791 144554 1171237 49638 7268 42370 42170 30525 11645 2879 1057 70414 69432 63064 7430 2399 17504 2151 5031 4621 4215 1121599 144465 19323 18731 12650 592 125142 977134 413599
cat_boundaries=0 1 2 3 4 5 6 7 8 9 10 11 12 13
cat_threshold=12350593 16 9549056 7874891 1147052 524306 8454148 10502401 96 4463752 2177040 14698859 73
is_linear=0
shrinkage=0.05


Tree=177
num_leaves=31
num_cat=17
split_feature=6 0 5 3 0 3 1 1 3 0 6 0 6 0 0 0 0 1 0 1 1 0 0 6 0 3 7 7 7 5
split_gain=0.48797 1.21977 0.441638 0.803935 0.867253 0.817081 1.63824 1.42562 3.46509 1.2963 1.17651 1.20713 1.10791 1.14893 1.0664 1.02895 1.00869 0.832311 0.9315 0.785236 0.760866 1.02972 0.749886 0.737623 0.880561 0.72897 0.867384 0.722682 0.912749 0.721124
threshold=14.15007454626542 0 5.5000000000000009 1.0000000180025095e-35 1 2.5000000000000004 2 3 1.5000000000000002 4 12.031923105590947 5 13.16282226600673 6 7 8 9 10 11 12 13 14 15 11.583360624843122 16 3.5000000000000004 0.055380707831157457 0.033321867509809124 0.041153998815989142 6.5000000000000009
decision_type=2 1 2 2 1 2 1 1 2 1 2 1 2 1 1 1 1 1 1 1 1 1 1 2 1 2 2 2 2 2
left_child=2 -2 3 4 19 7 10 8 12 -10 11 -7 13 -5 -8 17 -12 18 20 -1 21 -9 -4 24 -6 -13 -27 -21 -29 -24
right_child=1 -3 22 5 23 6 14 15 9 -11 16 25 -14 -15 -16 -17 -18 -19 -20 27 -22 -23 29 -25 -26 26 -28 28 -30 -31
leaf_value=3.4066411545060077e-05 -7.1546909815523764e-05 1.9733528011867816e-06 -3.2325402912269398e-05 2.2903889625072405e-05 -0.00012005823503556299 0.00055385372388658358 -1.9776786458808283e-05 0.00051696513918436768 0.00011669853757885892 -6.5211097655868075e-05 -6.8549811697746627e-06 -0.00039109670086046158 -0.00041785925144553033 -0.00026594932696976769 4.0084086100970489e-06 -1.4049589783371865e-05 3.6277960341080975e-05 -5.5651734009786421e-06 1.4305342581748347e-05 2.0385491667338816e-05 6.489524455333038e-05 0.00012610965001492425 -1.2223766693523147e-05 2.4848989640706318e-05 0.0010816732726180659 0.00069829025644151219 9.1073202446906407e-05 -0.00017937911095919758 -4.3002835717562366e-05 6.3165960812170898e-06
leaf_weight=12957 11700 23901 38073 1611 123 1579 106502 328 5111 5679 37646 426 1211 6366 265342 151995 87506 45929 24031 1879 9410 1125 212515 87395 207 184 1130 614 15019 158297
leaf_count=12957 11700 23901 38073 1611 123 1579 106502 328 5111 5679 37646 426 1211 6366 265342 151995 87506 45929 24031 1879 9410 1125 212515 87395 207 184 1130 614 15019 158297
internal_value=-9.96098e-06 -0.000192552 -4.88328e-06 1.52346e-05 0.000136469 -3.79213e-06 3.32279e-05 -7.70594e-05 -0.000482291 0.000125115 0.000187147 0.0011163 -0.00119613 -0.0009822 -1.99553e-05 -4.22642e-05 0.000162521 0.000101876 0.000285926 -9.33441e-05 0.000670007 0.00173274 -4.7753e-05 0.000216275 0.00257576 0.000199999 0.000783865 -0.000311609 -0.000423145 -2.60514e-05
internal_weight=1.31579e+06 35601 1.28019e+06 871305 118194 753111 500315 252796 19978 10790 128471 3319 9188 7977 371844 232818 125152 80823 34894 30469 10863 1453 408885 87725 330 1740 1314 17512 15633 370812
internal_count=1315791 35601 1280190 871305 118194 753111 500315 252796 19978 10790 128471 3319 9188 7977 371844 232818 125152 80823 34894 30469 10863 1453 408885 87725 330 1740 1314 17512 15633 370812
cat_boundaries=0 1 2 3 4 5 6 7 8 9 10 11 12 13 14 15 16 17
cat_threshold=9454257 264808 34 32 4939871 786572 706848 2295814 2198136 9246800 81 33376 120 16 32832 8256 33024
is_linear=0
shrinkage=0.05


Tree=178
num_leaves=31
num_cat=13
split_feature=6 1 1 3 0 5 6 5 6 0 0 0 3 1 3 0 6 3 1 7 0 0 0 7 5 7 0 6 7 7
split_gain=0.474948 1.20813 0.958688 0.758713 0.934599 0.867072 0.779644 0.728099 0.690913 0.561797 0.547473 0.536095 0.771486 4.19086 1.57901 1.60599 1.51088 1.52459 1.43757 1.14921 1.22792 1.02656 0.968385 0.946197 0.884435 1.28797 1.06589 1.43892 0.785771 1.39534
threshold=13.232467225603605 0 1 5.5000000000000009 2 5.5000000000000009 13.261823100200345 4.5000000000000009 13.49672645977464 3 4 5 4.5000000000000009 6 3.5000000000000004 7 11.903400437239741 5.5000000000000009 8 0.029154964549149176 9 10 11 0.054777123202907098 5.5000000000000009 0.028165668868557519 12 12.858550163703176 0.040244266434038722 0.033321867509809124
decision_type=2 1 1 2 1 2 2 2 2 1 1 1 2 1 2 1 2 2 1 2 1 1 1 2 2 2 1 2 2 2
left_child=1 10 3 5 -5 7 9 -2 -7 -6 -1 -3 14 16 19 -16 -14 22 21 20 -13 -17 -18 28 25 -19 -26 -28 29 -15
right_child=2 11 -4 4 6 8 -8 -9 -10 -11 -12 12 13 23 15 18 17 24 -20 -21 -22 -23 -24 -25 26 -27 27 -29 -30 -31
leaf_value=-2.8271530614578349e-05 -0.00011405418696075463 7.0941730209136332e-06 -4.4061776784998163e-06 0.00079611032289610443 0.00041897964005091606 -0.00026653049177913018 -6.0680870695963376e-05 5.2769167425752091e-05 0.00018006118542412175 -1.9007669213866667e-05 6.2808995652780585e-05 9.364280456088136e-06 0.00061220313573647942 -1.2999406436559644e-05 0.00014182709762289249 5.3940007468486247e-05 -7.6742116032420358e-05 0.0001913611588846663 3.7548535479286211e-05 -2.8333230140267606e-06 -4.5129851889200798e-05 -8.9355082650200812e-05 1.4844259577882251e-05 -0.00010745257659362936 -0.00013427391086699657 9.3829757518008755e-05 -4.6054295750578998e-05 0.00012149342231693508 -5.3813632182200905e-06 -0.00017713405688473142
leaf_weight=3883 3882 295598 564870 170 109 2257 1080 2081 118 110 27542 3936 982 5451 4727 2505 9519 1043 45596 220346 9511 7748 16811 36299 3176 15975 2966 3801 21889 1810
leaf_count=3883 3882 295598 564870 170 109 2257 1080 2081 118 110 27542 3936 982 5451 4727 2505 9519 1043 45596 220346 9511 7748 16811 36299 3176 15975 2966 3801 21889 1810
internal_value=-9.27698e-06 1.71757e-05 -4.33908e-05 -0.00053326 0.000513954 -0.000718399 4.20156e-05 -0.000396614 -0.00152632 0.00276256 0.000320501 3.73983e-06 -3.29762e-05 -0.000139992 1.05468e-05 0.000238047 0.000184863 0.000149086 0.000162999 -4.83987e-05 -0.000497138 -0.000371725 -0.000121536 -0.000409341 0.000413374 0.000632271 3.87195e-05 0.000393241 -0.000197257 -0.000647984
internal_weight=1.31579e+06 741114 574677 9807 1469 8338 1299 5963 2375 219 31425 709689 414091 119722 294369 60576 54273 53291 55849 233793 13447 10253 26330 65449 26961 17018 9943 6767 29150 7261
internal_count=1315791 741114 574677 9807 1469 8338 1299 5963 2375 219 31425 709689 414091 119722 294369 60576 54273 53291 55849 233793 13447 10253 26330 65449 26961 17018 9943 6767 29150 7261
cat_boundaries=0 1 2 3 4 5 6 7 8 9 10 11 12 13
cat_threshold=24 96 2105344 3072 4460864 4744478 38 8421376 4 133312 3407872 9734144 1347584
is_linear=0
shrinkage=0.05


Tree=179
num_leaves=31
num_cat=11
split_feature=6 0 2 2 7 7 7 7 0 0 0 0 3 6 7 0 0 3 0 0 6 6 6 7 3 7 0 7 0 6
split_gain=0.455608 0.767762 0.451836 1.21602 1.58978 2.43019 2.81323 2.23365 1.235 1.13052 1.04432 1.04256 1.1703 1.13208 1.02301 1.39094 0.882663 0.854426 1.54294 0.869546 0.806962 0.781501 0.717505 0.676347 0.612752 0.756659 1.11333 0.600474 0.596201 0.595818
threshold=14.174977275137024 0 8.5000000000000018 7.5000000000000009 0.10879013868478844 0.080256544605338681 0.1049496474989602 0.074516782080893587 1 2 3 4 5.5000000000000009 12.85225334172933 0.10090234675073188 5 6 4.5000000000000009 7 8 13.143303103056981 13.548346216537688 13.370275245760027 0.096724100616131667 1.5000000000000002 0.071194167871942035 9 0.064782105815951105 10 13.440146702021273
decision_type=2 1 2 2 2 2 2 2 1 1 1 1 2 2 2 1 1 2 1 1 2 2 2 2 2 2 1 2 1 2
left_child=2 -2 3 9 5 7 11 17 -6 23 -8 12 20 -14 15 -13 -9 19 -19 21 -7 22 -5 -1 -21 26 -26 -20 -24 -10
right_child=1 -3 -4 4 8 6 10 16 29 -11 -12 14 13 -15 -16 -17 -18 18 27 24 -22 -23 28 -25 25 -27 -28 -29 -30 -31
leaf_value=-3.2504032495114481e-05 -6.6830182294492363e-05 -3.7617631064745908e-06 -1.7599868905807537e-06 -8.4282008235044523e-06 -0.0001712232070622952 0.0002929292040792376 -4.805057185379716e-05 -0.00039366080879963295 5.0685702776105424e-05 6.9623207589708628e-06 0.00014435744274061808 0.00092506033025750159 0.0011078396051321133 0.00050413449134241353 0.00021232994749181071 0.00023857187596023263 -0.00018112697166172329 -0.00011747000504026828 -2.9788660126793669e-05 0.00012091701109824793 0.00067534202740084483 -2.193161119295301e-05 0.00022068700268502813 -0.00021635277728721282 0.00016823360514476177 -7.3799220996317047e-05 -1.763893133687918e-06 0.00014938084245958068 5.2217589218738489e-05 -0.0002621035831587327
leaf_weight=13767 10075 20553 1162501 1187 3906 1339 3486 793 9588 51176 8673 128 122 163 3026 367 1110 3106 950 3059 340 5466 701 2323 1417 1416 1643 2165 540 705
leaf_count=13767 10075 20553 1162501 1187 3906 1339 3486 793 9588 51176 8673 128 122 163 3026 367 1110 3106 950 3059 340 5466 701 2323 1417 1416 1643 2165 540 705
internal_value=-9.88498e-06 -0.000200471 -5.34293e-06 8.5926e-05 0.000259404 0.000416655 0.000860348 8.42768e-05 -0.000196846 -5.69393e-05 0.000436301 0.00180036 0.00272543 0.00570175 0.00127301 0.00338384 -0.00155807 0.000228636 -0.000266036 0.000428089 0.00223645 6.07276e-05 0.000807248 -0.000422361 0.000811795 0.000440124 0.000882352 0.000519999 0.00164786 9.07491e-05
internal_weight=1.31579e+06 30628 1.28516e+06 122662 55396 41197 17644 23553 14199 67266 12159 5485 1964 285 3521 495 1903 21650 6221 15429 1679 7894 2428 16090 7535 4476 3060 3115 1241 10293
internal_count=1315791 30628 1285163 122662 55396 41197 17644 23553 14199 67266 12159 5485 1964 285 3521 495 1903 21650 6221 15429 1679 7894 2428 16090 7535 4476 3060 3115 1241 10293
cat_boundaries=0 1 2 3 4 5 6 7 8 9 10 11
cat_threshold=11550897 12935298 2327064 1984072 15799369 311712 1583756 385079 14694429 1507458 10245
is_linear=0
shrinkage=0.05


Tree=180
num_leaves=31
num_cat=14
split_feature=6 1 1 3 1 6 0 0 3 7 7 2 7 2 7 7 0 1 2 1 7 0 0 1 6 1 7 0 7 0
split_gain=0.42799 1.22335 0.826 0.908034 1.05613 0.964409 1.34122 1.26921 1.37014 0.941642 2.38027 1.94687 2.85349 2.36266 2.26058 3.4943 2.17671 1.97884 1.97143 1.91891 2.33789 1.79281 1.73198 1.67873 1.67048 1.65655 1.43517 1.39181 1.26198 1.51173
threshold=13.21989835225312 0 1 4.5000000000000009 2 14.00912786849355 3 4 5.5000000000000009 0.074516782080893587 0.054777123202907098 11.500000000000002 0.05941495000364224 16.500000000000004 0.05941495000364224 0.067426327462205657 5 6 21.500000000000004 7 0.065131907865817476 8 9 10 13.358450794029896 11 0.050253005740114598 12 0.062923896024368639 13
decision_type=2 1 1 2 1 2 1 1 2 2 2 2 2 2 2 2 1 1 2 1 2 1 1 1 2 1 2 1 2 1
left_child=1 -1 3 9 5 6 -5 8 -7 10 26 14 18 19 27 16 -16 -17 22 21 25 -14 24 -15 -13 28 -2 -12 29 -21
right_child=2 -3 -4 4 -6 7 -8 -9 -10 -11 11 12 13 23 15 17 -18 -19 -20 20 -22 -23 -24 -25 -26 -27 -28 -29 -30 -31
leaf_value=5.1458908678963448e-05 -4.8340859534902976e-06 3.1640259447245538e-07 -2.6206356026986561e-05 -6.8172513298792614e-05 1.5972513569209412e-05 0.00015410211570958233 3.3460839881805232e-05 -0.00013961649472083096 -0.0001128029111228765 -3.0949445040845584e-05 3.1422724757123204e-05 0.00055245838396057777 0.00019253138147230642 0.00017211882563739024 5.1935697503561443e-05 0.00023519090981616927 0.00043131472966540744 3.7262208469188875e-05 -2.3679482651638899e-05 -4.7619578498159782e-05 -0.00025458906729195152 -1.7306618650646292e-05 8.2901639190826216e-05 1.126345939052269e-05 0.00020268928643298761 -9.9070111922957771e-05 -4.8409739471487675e-05 -0.00033142340136789315 -5.9646139197531957e-05 0.00020214814327637644
leaf_weight=29283 97304 701165 35021 6070 128783 1896 13877 6448 1929 155248 780 197 2421 3315 667 4612 1122 20189 5280 1775 4600 7954 8807 21783 1986 14925 30401 848 4085 3020
leaf_count=29283 97304 701165 35021 6070 128783 1896 13877 6448 1929 155248 780 197 2421 3315 667 4612 1122 20189 5280 1775 4600 7954 8807 21783 1986 14925 30401 848 4085 3020
internal_value=-9.77098e-06 1.57563e-05 -4.16264e-05 -2.66397e-05 7.41169e-05 -0.000191864 1.07774e-05 -0.000585517 0.000136896 -6.75803e-05 -4.68199e-06 0.000167671 4.19213e-05 -0.000108646 0.000524841 0.000635576 0.0027697 0.000481633 0.000633066 -0.000353276 -0.000565724 0.000228694 0.00101456 0.000269343 0.00227314 -0.000366521 -0.000150935 -0.00128378 0.000174352 0.000724712
internal_weight=1.31579e+06 730448 585343 550322 159003 30220 19947 10273 3825 391319 236071 108366 80148 63878 28218 26590 1789 24801 16270 38780 28405 10375 10990 25098 2183 23805 127705 1628 8880 4795
internal_count=1315791 730448 585343 550322 159003 30220 19947 10273 3825 391319 236071 108366 80148 63878 28218 26590 1789 24801 16270 38780 28405 10375 10990 25098 2183 23805 127705 1628 8880 4795
cat_boundaries=0 1 2 3 4 5 6 7 8 9 10 11 12 13 14
cat_threshold=24 30 16 10764566 199430 14155829 20 6 4228464 3277058 16 16 1290317 5234832
is_linear=0
shrinkage=0.05


Tree=181
num_leaves=31
num_cat=16
split_feature=5 3 1 0 6 7 0 3 0 0 1 2 1 2 0 1 3 1 1 0 1 3 1 6 2 0 0 6 3 7
split_gain=0.441462 0.761644 0.785983 1.18435 0.787784 1.46928 0.780752 0.736846 2.86273 1.34869 1.50534 1.06836 0.956499 0.938056 0.930026 0.815243 1.20033 3.69091 1.3528 1.35347 1.34792 1.45864 4.94556 2.45437 1.59679 1.39644 1.26962 1.14641 1.13072 1.09297
threshold=5.5000000000000009 1.0000000180025095e-35 0 1 12.66444166690429 0.032066082824426932 2 1.0000000180025095e-35 3 4 5 19.500000000000004 6 8.5000000000000018 7 8 5.5000000000000009 9 10 11 12 1.5000000000000002 13 12.946895679169122 19.500000000000004 14 15 12.88378189705198 3.5000000000000004 0.064782105815951105
decision_type=2 2 1 1 2 2 1 2 1 1 1 2 1 2 1 1 2 1 1 1 1 2 1 2 2 1 1 2 2 2
left_child=1 2 3 -1 5 -5 -4 8 -2 11 13 -10 -13 -11 -9 -16 20 -18 19 -19 -17 22 24 26 -22 -26 -23 -27 -28 -29
right_child=7 -3 6 4 -6 -7 -8 14 9 10 -12 12 -14 -15 15 16 17 18 -20 -21 21 23 -24 -25 25 27 28 29 -30 -31
leaf_value=-4.5394726483927472e-05 0.00014617870219096074 -9.8838642620662864e-07 -2.6603074369321922e-05 -0.00014903178456561123 2.8059886012338038e-05 0.00017924503451229254 1.5023233861764728e-05 -2.5738878591932985e-05 1.5695469356603752e-05 0.00024199660858776874 -8.8557861163288953e-05 0.00032146423898794742 -8.9274756782640636e-05 1.8314665447741705e-06 1.4197923529825918e-05 1.5687998278053169e-05 5.2242724918620553e-05 -5.490891521801124e-06 -0.00020899189034558736 -0.00010222519709302898 -1.6880662514735249e-05 0.00012158187669912336 -0.00050483643658882037 -5.7286696447002641e-05 -0.00023803742894014458 -2.9178353687222302e-05 -7.8798501762647057e-05 0.00050047832813693706 6.6349110755366004e-05 0.00013882118696860926
leaf_weight=6053 3533 774207 25514 582 31023 11499 46721 56134 20635 143 25150 181 3041 8319 113693 96080 13577 9436 5599 8002 6670 10320 3704 23040 103 106 6104 144 6330 148
leaf_count=6053 3533 774207 25514 582 31023 11499 46721 56134 20635 143 25150 181 3041 8319 113693 96080 13577 9436 5599 8002 6670 10320 3704 23040 103 106 6104 144 6330 148
internal_value=-9.50498e-06 1.03327e-05 0.000126778 0.00028098 0.000372964 0.000715585 2.17996e-05 -5.1787e-05 -0.000212453 -0.000297414 -0.000501459 -9.84742e-06 -0.000856612 7.55418e-05 -2.45008e-05 1.01286e-05 -5.34143e-05 -0.000310538 -0.000695753 -0.000477993 8.2149e-06 -0.000185167 -0.000705748 -6.15813e-05 6.19679e-05 0.00278443 0.000306758 0.00406863 -3.37524e-05 0.00578767
internal_weight=1.31579e+06 895599 121392 49157 43104 12081 72235 420192 61002 57469 33612 23857 3222 8462 359190 303056 189363 36614 23037 17438 152749 56669 10875 45794 7171 501 22754 398 12434 292
internal_count=1315791 895599 121392 49157 43104 12081 72235 420192 61002 57469 33612 23857 3222 8462 359190 303056 189363 36614 23037 17438 152749 56669 10875 45794 7171 501 22754 398 12434 292
cat_boundaries=0 1 2 3 4 5 6 7 8 9 10 11 12 13 14 15 16
cat_threshold=116 460288 845864 4194320 9981377 112 64 4202576 10 36 17 8510508 81 4 479488 2431618
is_linear=0
shrinkage=0.05


Tree=182
num_leaves=31
num_cat=14
split_feature=6 0 1 3 1 3 1 3 0 0 6 0 2 5 0 3 7 0 6 6 0 5 5 0 2 0 2 0 3 1
split_gain=0.412155 1.30511 1.30087 1.4372 2.82151 2.80828 2.29545 4.24495 1.49074 1.41522 1.35932 1.34141 1.24682 1.16241 1.06245 0.912735 0.880014 0.809806 0.989597 0.861613 0.805661 0.965279 0.769018 0.773038 0.81931 0.754698 0.730681 0.716083 0.715493 1.42602
threshold=12.681593837491226 0 1 1.5000000000000002 2 1.0000000180025095e-35 3 5.5000000000000009 4 5 13.152188648711387 6 19.500000000000004 6.5000000000000009 7 4.5000000000000009 0.067426327462205657 8 12.89639897621562 12.832051850916182 9 4.5000000000000009 5.5000000000000009 10 18.500000000000004 11 13.500000000000002 12 5.5000000000000009 13
decision_type=2 1 1 2 1 2 1 2 1 1 2 1 2 2 1 2 2 1 2 2 1 2 2 1 2 1 2 1 2 1
left_child=1 -1 3 4 13 11 8 12 -5 20 15 -6 17 22 -15 -10 -9 -8 19 -19 21 -7 23 24 -2 -21 -16 -14 -3 -30
right_child=2 28 -4 6 5 9 7 16 10 -11 -12 -13 27 14 26 -17 -18 18 -20 25 -22 -23 -24 -25 -26 -27 -28 -29 29 -31
leaf_value=2.3113187899907687e-05 -1.6379750055942784e-05 -1.9417362514746094e-06 -6.4301114977933143e-07 -2.884019330772031e-05 -0.00027697417704851504 0.00039827855882371485 0.00017582181171581546 -5.8900022314504718e-05 6.3376023267280258e-05 -0.00042633862652620446 -2.3660188597749282e-05 5.8766917069099863e-06 -3.8574381052334956e-05 -9.4989884373108892e-05 0.00012476390325091171 0.00025063522410982643 -0.00036206039131050845 -1.54702186786424e-05 -0.00011187349521149233 0.00020387907524629839 -0.00024681244653796243 -0.00023880444259251406 -0.00016468379800784985 0.00012877603607313917 -0.00026411816551672205 2.7800905278690862e-05 0.00073830253292906387 -0.00027865056114669093 4.9264054453029083e-05 -7.1776727702978454e-05
leaf_weight=122760 2936 111939 974524 15146 1905 175 2660 1193 8531 3064 6223 5050 742 405 366 5690 4264 7316 7976 1085 2642 189 1968 4010 555 1512 520 1101 6656 12688
leaf_count=122760 2936 111939 974524 15146 1905 175 2660 1193 8531 3064 6223 5050 742 405 366 5690 4264 7316 7976 1085 2642 189 1968 4010 555 1512 520 1101 6656 12688
internal_value=-9.04898e-06 4.81599e-05 -2.27373e-05 -0.000207718 -0.000539207 -0.00103376 -8.34672e-05 -0.000423383 0.000182583 -0.00182043 0.000461033 -0.000348671 -0.000118794 6.03516e-05 0.00146785 0.00073096 -0.001674 -7.0575e-06 -0.000128221 0.000205285 -0.0010378 0.00114973 -0.000131483 9.93189e-05 -0.00044416 0.000987677 0.00242187 -0.00136462 -6.14287e-05 -0.000342226
internal_weight=1.31579e+06 254043 1.06175e+06 87224 23785 13025 63439 27849 35590 6070 20444 6955 22392 10760 1291 14221 5457 20549 17889 9913 3006 364 9469 7501 3491 2597 886 1843 131283 19344
internal_count=1315791 254043 1061748 87224 23785 13025 63439 27849 35590 6070 20444 6955 22392 10760 1291 14221 5457 20549 17889 9913 3006 364 9469 7501 3491 2597 886 1843 131283 19344
cat_boundaries=0 1 2 3 4 5 6 7 8 9 10 11 12 13 14
cat_threshold=6211610 96 64 32 14160922 5918990 10633896 360580 623624 655368 535693 1056802 1610096 38
is_linear=0
shrinkage=0.05


Tree=183
num_leaves=31
num_cat=13
split_feature=5 3 0 0 1 2 1 6 0 0 0 3 7 6 1 1 0 2 7 7 0 0 6 6 3 2 3 7 7 0
split_gain=0.401904 0.680376 2.71027 1.34794 1.34545 1.15674 0.83355 1.02615 2.15871 1.11012 0.969499 0.789669 0.793234 0.735128 0.897062 0.733431 0.728457 0.723558 0.724571 0.721826 0.768005 0.716265 0.797023 0.694081 1.24973 0.68586 0.679252 0.677367 0.700116 0.815236
threshold=5.5000000000000009 1.0000000180025095e-35 0 1 2 20.500000000000004 3 12.982288911125737 4 5 6 5.5000000000000009 0.055735845590990436 12.32972287990661 7 8 9 16.500000000000004 0.029898306499557822 0.051810399410577919 10 11 12.926805201823123 13.623457705198346 4.5000000000000009 8.5000000000000018 1.0000000180025095e-35 0.095732573755963196 0.089200895554978468 12
decision_type=2 2 1 1 1 2 1 2 1 1 1 2 2 2 1 1 1 2 2 2 1 1 2 2 2 2 2 2 2 1
left_child=26 2 17 5 25 -4 10 9 -9 11 -3 -8 19 -14 -15 -10 -7 18 -2 21 -21 22 -13 -12 -25 -5 -1 28 29 -26
right_child=1 6 3 4 -6 16 7 8 15 -11 23 12 13 14 -16 -17 -18 -19 -20 20 -22 -23 -24 24 27 -27 -28 -29 -30 -31
leaf_value=1.4365458585784996e-05 -6.0821583563037932e-05 -1.232364939782038e-05 1.0061745825014595e-05 0.00022734450062036004 -8.5190787371414354e-05 -2.4991503929323764e-05 3.963108584855102e-05 2.8662353912515997e-05 -3.408411820946867e-05 -1.5783481384897098e-05 3.4853466087859957e-05 4.467191448536936e-05 0.00010444270486312003 -2.5628793447226408e-05 -0.00018639168047439021 -0.00017177008564840657 -0.00017828917952491524 5.5574158680445208e-06 0.00021705036019308406 0.00033085304677402745 4.4828910527557288e-05 -5.1113452596367607e-05 0.00015809951001029146 -3.4898447121095882e-05 0.00011687868466306356 -2.2959111505023146e-06 -7.7371069105411305e-07 0.00035515225130314254 -0.00016040891461011327 6.4823667708955319e-06
leaf_weight=121392 121 49397 23423 141 24216 979 45661 24310 64533 73080 55061 1025 1535 2267 3161 5980 609 1213 2199 219 553 1908 122 19540 3461 8101 774207 563 986 5828
leaf_count=121392 121 49397 23423 141 24216 979 45661 24310 64533 73080 55061 1025 1535 2267 3161 5980 609 1213 2199 219 553 1908 122 19540 3461 8101 774207 563 986 5828
internal_value=-8.70698e-06 -4.90502e-05 -0.000203437 -0.000286106 -0.000498646 -1.01926e-05 -2.28303e-05 -8.18771e-05 -0.00020686 9.61041e-06 7.54182e-05 0.000176138 -0.000208528 -0.000526355 -0.000799559 -0.000346909 -0.00131612 0.00113886 0.00165948 0.00036974 0.00173575 2.45487e-05 0.00100691 0.000177356 -1.44854e-05 5.33192e-05 1.0221e-05 0.000416127 0.0003236 0.000458067
internal_weight=1.31579e+06 420192 61002 57469 32458 25011 359190 224354 94823 129531 134836 56451 10790 6963 5428 70513 1588 3533 2320 3827 772 3055 1147 85439 30378 8242 895599 10838 10275 9289
internal_count=1315791 420192 61002 57469 32458 25011 359190 224354 94823 129531 134836 56451 10790 6963 5428 70513 1588 3533 2320 3827 772 3055 1147 85439 30378 8242 895599 10838 10275 9289
cat_boundaries=0 1 2 3 4 5 6 7 8 9 10 11 12 13
cat_threshold=4194320 10014145 112 10 6297376 2050188 6841490 36 21 1066177 196612 1327112 1212489
is_linear=0
shrinkage=0.05


Tree=184
num_leaves=31
num_cat=12
split_feature=6 0 3 0 7 7 3 1 3 1 0 1 6 6 0 0 1 2 3 7 7 7 0 0 6 7 0 6 7 7
split_gain=0.399038 0.697722 0.416611 0.722477 0.484948 0.378539 0.374206 3.42969 4.15342 2.43882 2.05802 1.96267 1.78496 1.54092 1.39999 1.31883 1.26512 2.02206 1.51161 1.41466 2.36433 2.47227 1.36048 1.2924 1.20096 2.08251 1.10997 1.28195 1.0981 1.02115
threshold=14.174977275137024 0 1.0000000180025095e-35 1 0.062084727255255469 0.084255406639824934 3.5000000000000004 2 4.5000000000000009 3 4 5 12.031923105590947 12.74239421760238 6 7 8 9.5000000000000018 1.5000000000000002 0.045536734602365347 0.050787607986193001 0.047327318174891456 9 10 12.44545660439722 0.055074923248330736 11 11.583360624843122 0.040887091302372662 0.056500935961983231
decision_type=2 1 2 1 2 2 2 1 2 1 1 1 2 2 1 1 1 2 2 2 2 2 1 1 2 2 1 2 2 2
left_child=6 2 3 4 -2 -4 9 8 10 26 -8 12 29 15 -13 -10 24 18 -18 22 21 -21 28 -20 25 -11 -1 -28 -19 -9
right_child=1 -3 5 -5 -6 -7 7 11 13 16 -12 14 -14 -15 -16 -17 17 19 23 20 -22 -23 -24 -25 -26 -27 27 -29 -30 -31
leaf_value=7.8771324189026165e-07 0.0002267015902455491 -2.8690303406835479e-06 -2.7371980397896085e-05 -0.00025565456770016342 -0.00018571161296322499 -0.00024950949333397797 -6.9119468224296778e-05 0.0005169114021856962 3.1400418312684309e-06 7.8438657693512411e-06 0.0001342940533081275 1.1019840888620573e-05 2.9114855956533773e-05 -0.00018198211080003106 -1.0582244752677338e-05 -0.00011578558313951823 -0.00022625863858896839 -4.7347078993322018e-06 6.4983979256999218e-05 -4.3966972225818053e-05 -2.6439121487338786e-05 -0.00025741478346756109 -3.9947206799087819e-06 -0.00016557459782628613 -3.3643949693126252e-07 -0.00019731973327694302 0.00081646303928411797 4.8471663273534678e-05 8.8720456835074277e-05 0.00029661474413270582
leaf_weight=53144 186 20553 7201 889 267 1532 8053 571 8740 8968 10075 173269 138707 9268 187457 18038 2357 3031 1257 8994 140291 2807 18409 1260 405744 7670 490 68056 5167 3340
leaf_count=53144 186 20553 7201 889 267 1532 8053 571 8740 8968 10075 173269 138707 9268 187457 18038 2357 3031 1257 8994 140291 2807 18409 1260 405744 7670 490 68056 5167 3340
internal_value=-9.04898e-06 -0.000187411 -0.000528013 -0.00134873 0.000291576 -0.000402497 -4.79825e-06 2.60249e-05 -0.00035195 -2.84148e-05 0.000265334 6.67113e-05 0.000223728 -0.000662488 4.62823e-06 -0.000470163 -6.94359e-05 -0.000179021 -0.00118383 -0.000151625 -0.000210466 -0.00089018 0.000184725 -0.000331745 -2.18056e-05 -0.000438155 0.000175841 0.000308797 0.000720028 0.00127717
internal_weight=1.31579e+06 30628 10075 1342 453 8733 1.28516e+06 557518 54174 727645 18128 503344 142618 36046 360726 26778 605955 183573 4874 178699 152092 11801 26607 2517 422382 16638 121690 68546 8198 3911
internal_count=1315791 30628 10075 1342 453 8733 1285163 557518 54174 727645 18128 503344 142618 36046 360726 26778 605955 183573 4874 178699 152092 11801 26607 2517 422382 16638 121690 68546 8198 3911
cat_boundaries=0 1 2 3 4 5 6 7 8 9 10 11 12
cat_threshold=11550897 16400 64 80 2886343 34 10285857 5636227 13 11076313 2369446 12885377
is_linear=0
shrinkage=0.05


Tree=185
num_leaves=31
num_cat=12
split_feature=6 1 2 0 2 7 6 0 0 1 0 6 0 3 5 1 0 7 6 3 0 7 6 6 7 7 7 0 6 0
split_gain=0.387391 1.33385 1.21022 1.37855 1.04907 0.892119 0.880514 1.15143 0.813503 0.842778 0.773943 0.722193 0.674449 1.03821 0.742181 0.737347 0.71011 0.700246 0.657402 0.623168 0.592715 0.585111 0.665707 2.42716 1.0261 0.581625 0.56556 1.10485 1.09786 0.550737
threshold=12.757262318944296 0 10.500000000000002 1 19.500000000000004 0.074089071534796075 12.85225334172933 2 3 4 5 12.819386940146737 6 4.5000000000000009 2.5000000000000004 7 8 0.067132975390762337 13.313290714638764 5.5000000000000009 9 0.11437927845860141 13.062473235789007 13.048368552631432 0.079844418236537679 0.045081121153866428 0.11437927845860141 10 13.703726398863079 11
decision_type=2 1 2 1 2 2 2 1 1 1 1 2 1 2 2 1 1 2 2 2 1 2 2 2 2 2 2 1 2 1
left_child=8 2 5 4 -4 12 7 11 9 -1 -9 -5 13 18 17 16 -15 -14 -2 -12 21 22 23 -8 -25 29 -3 28 -28 -17
right_child=1 26 3 6 -6 -7 20 10 -10 -11 19 -13 14 15 -16 25 -18 -19 -20 -21 -22 -23 -24 24 -26 -27 27 -29 -30 -31
leaf_value=6.9652751051842249e-05 -6.3691889445941335e-05 -1.7598316474202592e-06 -7.5239982419162516e-05 0.00017371890145443671 -0.00020269138623518944 -0.00063537821903048442 7.0760370711682916e-05 0.00012573962004244966 1.2855138124078308e-05 -1.5629382857979077e-05 7.5395432635174739e-06 0.00075825437265569372 -8.1501768601162443e-05 0.00025142669041311249 -0.00016390494503070314 -0.00028736216303941611 0.00010769414185176456 0.00059360918830936391 -0.00024242848418313978 -0.00040364574854071222 -4.9356204442666639e-05 -0.00024899039780854016 -5.0424419255957104e-05 6.6574466607392132e-05 0.00057043930149601864 -0.00013756166463844827 -6.8220286846094506e-05 9.6200902845191641e-05 0.0003634491209014964 0.00018147490235322818
leaf_weight=5595 4444 903731 17799 239 1996 432 6858 6043 211859 88349 3373 208 209 360 4315 103 923 111 570 631 18044 1194 4136 105 177 446 9346 23637 338 220
leaf_count=5595 4444 903731 17799 239 1996 432 6858 6043 211859 88349 3373 208 209 360 4315 103 923 111 570 631 18044 1194 4136 105 177 446 9346 23637 338 220
internal_value=-8.47898e-06 -2.34074e-05 -0.000229349 -0.000138399 -0.00048094 -0.000685322 2.70601e-05 0.000422145 4.08257e-05 -8.16369e-05 0.000309733 0.00287746 -0.000602941 -0.000293953 -0.00107105 0.00065302 0.00138051 0.00125 -0.000682091 -0.000229199 -0.000108804 0.000156249 0.000267824 0.000560223 0.00510638 -0.000571246 -7.3753e-06 0.000194921 -0.000254798 0.00103715
internal_weight=1.31579e+06 1.00999e+06 72936 60803 19795 12133 41008 10494 305803 93944 10047 447 11701 7066 4635 2052 1283 320 5014 4004 30514 12470 11276 7140 282 769 937052 33321 9684 323
internal_count=1315791 1009988 72936 60803 19795 12133 41008 10494 305803 93944 10047 447 11701 7066 4635 2052 1283 320 5014 4004 30514 12470 11276 7140 282 769 937052 33321 9684 323
cat_boundaries=0 1 2 3 4 5 6 7 8 9 10 11 12
cat_threshold=96 12881297 8 8401508 4 3219460 3378596 32 131488 741442 15927832 34944
is_linear=0
shrinkage=0.05


Tree=186
num_leaves=31
num_cat=13
split_feature=6 0 7 7 0 5 5 0 0 7 7 7 0 0 3 1 3 2 0 0 7 7 0 0 1 2 2 0 6 2
split_gain=0.382069 0.676204 0.455806 0.377855 0.56436 0.361925 0.7049 0.920483 0.836176 0.829364 0.87337 1.31652 1.12291 0.804317 0.800528 3.76578 1.08743 1.28318 1.3158 1.07363 0.900844 0.893415 0.934516 0.809787 0.799393 0.78998 0.845105 0.77965 0.767638 1.3958
threshold=14.174977275137024 0 0.097439109594248535 0.047698780274746 1 5.5000000000000009 6.5000000000000009 2 3 0.031580842558335064 0.045308045100993642 0.042850691317860783 4 5 4.5000000000000009 6 2.5000000000000004 11.500000000000002 7 8 0.048395305166077367 0.055735845590990436 9 10 11 13.500000000000002 19.500000000000004 12 12.920048887195147 17.500000000000004
decision_type=2 1 2 2 1 2 2 1 1 2 2 2 1 1 2 1 2 2 1 1 2 2 1 1 1 2 2 1 2 2
left_child=5 2 -2 4 -3 -1 8 25 -7 -10 11 12 -11 -13 16 20 24 18 -18 -19 -16 22 -17 28 27 -8 -27 -12 29 -22
right_child=1 3 -4 -5 -6 6 7 -9 9 10 14 13 -14 -15 15 21 17 19 -20 -21 23 -23 -24 -25 -26 26 -28 -29 -30 -31
leaf_value=1.5302243209466113e-06 -6.6610946917519629e-05 2.8404328068916506e-05 -0.00025299527110917108 1.642523291038856e-06 -8.4791779461840133e-05 2.8311577943686509e-06 -1.2501459819399185e-06 -7.5249231687217008e-06 -3.6507575234629415e-05 3.3482647378467228e-05 -0.00015871702365048362 9.2908195220384846e-05 -4.899109870591238e-05 5.0147993861723152e-06 -6.0276896295080307e-05 0.00012594659770289251 -0.00011832732274672436 -5.942614979438467e-05 8.0221735190486441e-05 -0.00017707958603785091 0.00013076629916468189 -0.00014817671843205294 -5.8389788982867117e-05 1.5458717422393313e-05 -6.6910142902260256e-06 6.9278540952998646e-05 -5.1886096593256157e-06 -6.6480897728181251e-06 9.1511704106939974e-05 0.00046832183746297728
leaf_weight=874960 5905 828 333 21567 1995 92302 29522 107926 8284 5225 4511 5177 8004 3694 1600 905 3294 9645 5519 11673 1475 9586 1606 10671 38352 28367 8934 4178 8967 786
leaf_count=874960 5905 828 333 21567 1995 92302 29522 107926 8284 5225 4511 5177 8004 3694 1600 905 3294 9645 5519 11673 1475 9586 1606 10671 38352 28367 8934 4178 8967 786
internal_value=-7.98498e-06 -0.000182514 -0.000646608 -6.35258e-05 -0.000607511 -3.82561e-06 -4.25777e-05 3.3504e-05 -9.90439e-05 -0.000174698 -0.000144884 0.000142533 -0.000173484 0.000613797 -0.000201211 -5.05794e-06 -0.000291687 -0.000526203 -1.87235e-05 -0.000735999 0.000363902 -0.000721485 0.000117482 0.000447736 -0.000141474 0.000179326 0.000332296 -0.000574205 0.000743903 0.00156789
internal_weight=1.31579e+06 30628 6238 24390 2823 1.28516e+06 410203 174749 235454 143152 134868 22100 13229 8871 112768 35596 77172 30131 8813 21318 23499 12097 2511 21899 47041 66823 37301 8689 11228 2261
internal_count=1315791 30628 6238 24390 2823 1285163 410203 174749 235454 143152 134868 22100 13229 8871 112768 35596 77172 30131 8813 21318 23499 12097 2511 21899 47041 66823 37301 8689 11228 2261
cat_boundaries=0 1 2 3 4 5 6 7 8 9 10 11 12 13
cat_threshold=11550864 4229124 640117 10035072 4202538 2236470 46 426068 2539526 4595780 2498644 2 8307
is_linear=0
shrinkage=0.05


Tree=187
num_leaves=31
num_cat=14
split_feature=6 0 1 3 1 3 1 3 0 6 0 0 2 3 5 0 7 0 7 0 2 0 0 6 0 0 3 6 3 2
split_gain=0.353776 1.07372 0.962999 1.26687 2.3448 2.64499 1.86709 3.81349 1.43211 1.51017 1.32599 1.25648 1.21441 1.01619 0.985461 0.951036 0.925695 0.796424 0.727653 0.710377 0.890489 0.707991 0.703497 0.785822 0.881419 0.879529 0.692817 0.685204 0.683413 0.774307
threshold=12.681593837491226 0 1 1.5000000000000002 2 1.0000000180025095e-35 3 5.5000000000000009 4 12.908474988866919 5 6 19.500000000000004 4.5000000000000009 6.5000000000000009 7 0.071194167871942035 8 0.064049632428339623 9 14.500000000000002 10 11 12.889404311148082 12 13 2.5000000000000004 12.902084468380513 5.5000000000000009 13.500000000000002
decision_type=2 1 1 2 1 2 1 2 1 2 1 1 2 2 2 1 2 1 2 1 2 1 1 2 1 1 2 2 2 2
left_child=1 -1 3 4 14 10 8 12 -5 13 -6 -7 22 26 -2 -16 17 -9 -17 20 -20 -13 -8 25 -25 -24 -10 -28 29 -15
right_child=2 -3 -4 6 5 11 7 16 9 -11 -12 21 -14 28 15 18 -18 -19 19 -21 -22 -23 23 24 -26 -27 27 -29 -30 -31
leaf_value=2.0836702346961658e-05 -1.7109237808857836e-05 -7.9377421576083456e-06 -7.1749248593513958e-07 -2.0724727398854905e-05 -0.00025955268933453354 -0.00045411495505905071 0.00016668693795801766 0.00013868622126842744 0.00027077187520182659 2.3895584079902242e-05 1.1286004239004716e-05 0.000201094122470051 -0.00020141082716920012 0.00055498385480567448 -8.8998895948326655e-05 -0.00012051578801294875 -0.00039531365307984362 -0.00011706062676293222 0.00034586510541250121 0.00036445633989602873 0.0012353242506583611 -0.00026149577638894531 0.00040338535439288437 -6.1047272357258437e-06 -0.00020309360172393067 1.8454063504901377e-05 -8.189755485045507e-06 0.0005241040529122287 0.00026741392270268919 0.00034634358728243345
leaf_weight=122760 9469 131283 974524 16502 1905 1898 2660 378 1295 12444 5050 172 1843 570 405 172 3865 1214 121 479 114 4000 381 4952 3256 9300 2531 156 1348 744
leaf_count=122760 9469 131283 974524 16502 1905 1898 2660 378 1295 12444 5050 172 1843 570 405 172 3865 1214 121 479 114 4000 381 4952 3256 9300 2531 156 1348 744
internal_value=-7.79498e-06 4.52077e-05 -2.04769e-05 -0.000179633 -0.000490857 -0.000941697 -6.29751e-05 -0.000369541 0.000176965 0.000471776 -0.00027678 -0.00170511 -8.08336e-05 0.00108067 5.57091e-05 0.00135166 -0.00155488 -0.000540202 0.00225446 0.00298319 0.00520408 -0.00120995 2.94406e-05 -8.35254e-05 -0.000443471 0.000221567 0.000575087 0.00011723 0.00183696 0.0026484
internal_weight=1.31579e+06 254043 1.06175e+06 87224 23785 13025 63439 27849 35590 19088 6955 6070 22392 6644 10760 1291 5457 1592 886 714 235 4172 20549 17889 8208 9681 3982 2687 2662 1314
internal_count=1315791 254043 1061748 87224 23785 13025 63439 27849 35590 19088 6955 6070 22392 6644 10760 1291 5457 1592 886 714 235 4172 20549 17889 8208 9681 3982 2687 2662 1314
cat_boundaries=0 1 2 3 4 5 6 7 8 9 10 11 12 13 14
cat_threshold=6211610 96 64 32 14160954 10633896 8400513 360580 1086465 532507 131080 623624 266403 8192
is_linear=0
shrinkage=0.05


Tree=188
num_leaves=31
num_cat=15
split_feature=5 3 1 0 6 0 0 6 6 7 3 0 2 6 1 0 2 0 6 6 6 0 0 0 1 3 1 1 7 0
split_gain=0.353622 0.666803 0.7521 1.0022 0.736523 0.748747 0.683314 0.669518 0.617049 1.40064 0.591115 2.36052 1.12272 1.18278 0.836266 0.816322 0.786495 0.709934 0.76053 0.722975 0.718458 0.703376 0.687909 0.684811 0.656938 1.03636 2.07844 1.89556 1.3687 1.2104
threshold=5.5000000000000009 1.0000000180025095e-35 0 1 12.368543260317088 2 3 12.395871386706281 12.66444166690429 0.032066082824426932 1.0000000180025095e-35 4 19.500000000000004 12.83963501503476 5 6 20.500000000000004 7 11.583360624843122 12.813556403837298 12.832051850916182 8 9 10 11 4.5000000000000009 12 13 0.091495601640996252 14
decision_type=2 2 1 1 2 1 1 2 2 2 2 1 2 2 1 1 2 1 2 2 2 1 1 1 1 2 1 1 2 1
left_child=1 2 3 -1 6 -6 -4 -7 9 -5 11 12 14 16 23 -12 -14 19 -19 -13 -21 -16 -15 -2 -17 27 -27 28 29 -26
right_child=10 -3 4 8 5 7 -8 -9 -10 -11 15 17 13 22 21 24 -18 18 -20 20 -22 -23 -24 -25 25 26 -28 -29 -30 -31
leaf_value=-4.6416491489014578e-05 0.00031042556255193811 -8.5595897286835295e-07 -4.6365505217291566e-06 -0.00014402090761235026 -1.83453132793236e-05 0.00043760120675847614 -0.00022596070766499085 1.9241154060826444e-05 2.6164272073616541e-05 0.0001678766098950608 -2.2663623987333574e-05 -1.1928962768980096e-05 0.00031353800466677102 -1.9487230809477713e-05 0.00012233386752716585 1.2685126553070532e-05 -0.00011115749995933105 0.00046718327236915314 -2.7517611356905571e-05 -0.00029636619949905167 -9.7970254127640181e-05 -3.2580267425629214e-06 -0.00021409740823180668 8.729582991851909e-05 3.8232238744004766e-05 2.3543251820277262e-05 -4.8210940846662e-05 -3.2493314181893543e-05 0.00011291902055706959 -1.6474038296723714e-05
leaf_weight=6053 973 774207 741 582 31168 168 730 39428 31023 11499 56134 5281 285 585 4191 113693 112 180 25927 267 15542 5420 900 1339 23638 25037 42432 45209 20968 32079
leaf_count=6053 973 774207 741 582 31168 168 730 39428 31023 11499 56134 5281 285 585 4191 113693 112 180 25927 267 15542 5420 900 1339 23638 25037 42432 45209 20968 32079
internal_value=-7.75698e-06 9.9977e-06 0.000118952 0.000269794 1.62629e-05 3.92843e-05 -0.0010911 0.000183557 0.000354408 0.000657643 -4.55994e-05 -0.000189503 0.000385449 -0.000749204 0.000564873 -2.11599e-05 0.00167506 -0.000357681 -0.000183215 -0.000573461 -0.000742932 0.00035807 -0.00139731 0.00141688 1.12835e-05 -4.57575e-05 -0.000202983 4.12642e-05 0.000192645 6.30855e-05
internal_weight=1.31579e+06 895599 121392 49157 72235 70764 1471 39596 43104 12081 420192 61002 13805 1882 11923 359190 397 47197 26107 21090 15809 9611 1485 2312 303056 189363 67469 121894 76685 55717
internal_count=1315791 895599 121392 49157 72235 70764 1471 39596 43104 12081 420192 61002 13805 1882 11923 359190 397 47197 26107 21090 15809 9611 1485 2312 303056 189363 67469 121894 76685 55717
cat_boundaries=0 1 2 3 4 5 6 7 8 9 10 11 12 13 14 15
cat_threshold=116 460288 845929 3083 14157072 80 4202576 2372136 13107216 4195344 1048592 10 36 81 9356676
is_linear=0
shrinkage=0.05


Tree=189
num_leaves=31
num_cat=13
split_feature=6 0 7 7 6 0 7 3 1 1 3 7 7 0 3 0 6 0 3 0 2 6 0 7 0 0 7 7 0 0
split_gain=0.335075 0.602557 0.476242 0.416225 0.48356 0.734506 0.607472 0.361179 2.59905 2.16358 4.96236 1.75669 1.70141 1.29119 1.28453 1.24664 1.21486 1.17884 1.17239 1.52891 1.19961 1.1643 1.16081 1.15525 1.15012 1.10808 1.07494 1.5907 1.18532 1.06677
threshold=14.174977275137024 0 0.075995310721284556 0.05423600787202091 14.200316706876533 1 0.05694086532003715 2.5000000000000004 2 3 4.5000000000000009 0.055074923248330736 0.039807080262756707 4 4.5000000000000009 5 11.79893450632702 6 3.5000000000000004 7 11.500000000000002 13.623457705198346 8 0.075995310721284556 9 10 0.082146381300633078 0.060317631810185908 11 12
decision_type=2 1 2 2 2 1 2 2 1 1 2 2 2 1 2 1 2 1 2 1 2 2 1 2 1 1 2 2 1 1
left_child=7 2 3 -2 5 -5 -6 8 22 10 18 12 13 -12 15 -11 -16 -10 19 20 -9 -21 -1 -13 -14 -20 27 -18 -29 -28
right_child=1 -3 -4 4 6 -7 -8 9 17 14 11 23 24 -15 16 -17 26 -19 25 21 -22 -23 -24 -25 -26 -27 29 28 -30 -31
leaf_value=3.4297860722261253e-05 -8.8599526884059572e-05 -7.301762039414937e-06 -0.00026516169009819878 0.00046535060014165486 0.00025827366805279125 -0.00014714474950810506 -5.7738801224245216e-05 1.7005719806549869e-05 -2.7245328042760937e-06 1.5682506032598914e-05 -3.1887712655918445e-06 -0.00012966346513084415 3.1501914718534724e-05 -5.7798478559916946e-05 0.0004658078110551769 -1.216873428014544e-05 1.8876318798707292e-05 -2.5737010082459672e-05 7.6478272967225912e-05 1.8822399350527687e-05 -6.5690435030234143e-05 0.00030126860318711315 3.1103852666246013e-06 -7.9414694091315885e-05 -2.0027681198489506e-05 1.9838357763167167e-05 1.9696517550844276e-05 1.3427136266335704e-05 -4.1727530730645903e-05 0.0001024944891464423
leaf_weight=69802 1597 25203 1768 124 176 101 1659 8354 154926 111858 5524 11141 16209 6958 1387 139939 88164 175283 18391 33772 16325 125 144103 54831 24364 41073 40253 36294 36548 49539
leaf_count=69802 1597 25203 1768 124 176 101 1659 8354 154926 111858 5524 11141 16209 6958 1387 139939 88164 175283 18391 33772 16325 125 144103 54831 24364 41073 40253 36294 36548 49539
internal_value=-7.64298e-06 -0.000171086 -0.000648575 -0.000324037 0.00014563 0.00233333 -0.000122617 -3.7478e-06 -3.46814e-05 1.89652e-05 -0.0001056 -0.000333413 -0.000119217 -0.000629708 7.75596e-05 -2.32449e-06 0.000157324 -0.000122632 0.000124109 -3.4657e-05 -0.000333956 0.000183294 0.00010109 -0.00050567 3.78318e-05 0.000280505 0.000149163 7.18595e-05 -0.000101042 0.000287775
internal_weight=1.31579e+06 30628 5425 3657 2060 225 1835 1.28516e+06 544114 741049 237067 119027 53055 12482 503982 251797 252185 330209 118040 58576 24679 33897 213905 65972 40573 59464 250798 161006 72842 89792
internal_count=1315791 30628 5425 3657 2060 225 1835 1285163 544114 741049 237067 119027 53055 12482 503982 251797 252185 330209 118040 58576 24679 33897 213905 65972 40573 59464 250798 161006 72842 89792
cat_boundaries=0 1 2 3 4 5 6 7 8 9 10 11 12 13
cat_threshold=3162256 128 81 65 12088208 16074628 11078231 10927680 4886642 5011459 12178176 10106649 10099461
is_linear=0
shrinkage=0.05


Tree=190
num_leaves=31
num_cat=11
split_feature=5 3 1 0 6 0 6 0 6 0 7 2 0 6 6 2 7 1 6 6 0 2 1 0 7 7 6 6 5 0
split_gain=0.323475 0.602946 0.66637 0.795213 0.690218 0.705861 0.657573 0.662603 0.714148 0.641143 0.622402 0.682081 0.744886 0.863956 0.808783 0.619961 0.857864 0.625508 0.598305 0.96196 1.04305 1.27206 0.627875 1.1072 0.655368 0.574169 0.642718 0.649855 0.563688 1.05771
threshold=5.5000000000000009 1.0000000180025095e-35 0 1 12.368543260317088 2 11.583360624843122 3 13.97142931599088 4 0.079844418236537679 17.500000000000004 5 13.157220255891877 12.66444166690429 11.500000000000002 0.095732573755963196 6 13.524332381254892 13.49672645977464 7 12.500000000000002 8 9 0.042703481640714268 0.046028074296676803 13.307624359850621 13.402230870373574 6.5000000000000009 10
decision_type=2 2 1 1 2 1 2 1 2 1 2 2 1 2 2 2 2 1 2 2 1 2 1 1 2 2 2 2 2 1
left_child=1 2 3 -1 9 -6 -5 8 -8 -4 -9 12 13 14 -12 16 17 -16 19 22 21 -21 23 25 -25 26 -7 -28 -2 -30
right_child=28 -3 4 6 5 18 7 10 -10 -11 11 -13 -14 -15 15 -17 -18 -19 -20 20 -22 -23 -24 24 -26 -27 27 -29 29 -31
leaf_value=-4.3962504103537881e-05 -1.1563897216794654e-05 -9.7182114383684557e-07 -4.5602422589740089e-06 0.00062365230309320042 -1.7176556654467431e-05 2.2775685961504421e-05 0.00013531449750150208 5.2963978915089235e-06 -0.00010153253078056744 -0.00021481819154507242 0.00025013546693676531 0.00019265940106933939 -3.4488286556234801e-05 0.00028108410061287233 0.0006966972527066473 -0.00021136732988374601 -0.00012368734352571873 0.0001841397454741579 -2.0020889365303162e-05 -8.3384684744215874e-06 5.6185910849878308e-05 0.00035380449026219997 -1.6906075134406171e-05 -2.4524903814283818e-06 0.00012982132933997724 -7.2631753213184359e-05 0.00035388890717632599 1.3819392757589031e-06 1.6222999579744244e-05 -1.0070098856953951e-05
leaf_weight=6053 241471 774207 741 386 31168 2148 4818 20294 586 730 2257 6257 4894 1150 100 1290 687 385 11265 133 399 218 8849 2465 9724 4126 137 132 75985 102736
leaf_count=6053 241471 774207 741 386 31168 2148 4818 20294 586 730 2257 6257 4894 1150 100 1290 687 385 11265 133 399 218 8849 2465 9724 4126 137 132 75985 102736
internal_value=-9.04898e-06 7.93205e-06 0.000111538 0.000253523 1.48787e-05 3.71646e-05 0.000328894 0.000310407 0.000827483 -0.00105711 0.000235236 0.000458283 0.000216946 0.000596189 0.000297731 -0.000329002 0.000503412 0.0021134 0.000177245 0.000299847 0.00206667 0.00400277 0.000251803 0.000415643 0.000697187 -0.000109112 0.000502688 0.00280669 -4.52424e-05 2.20723e-05
internal_weight=1.31579e+06 895599 121392 49157 72235 70764 43104 42718 5404 1471 37314 17020 10763 5869 4719 2462 1172 485 39596 28331 750 351 27581 18732 12189 6543 2417 269 420192 178721
internal_count=1315791 895599 121392 49157 72235 70764 43104 42718 5404 1471 37314 17020 10763 5869 4719 2462 1172 485 39596 28331 750 351 27581 18732 12189 6543 2417 269 420192 178721
cat_boundaries=0 1 2 3 4 5 6 7 8 9 10 11
cat_threshold=116 460288 845929 4759552 3083 11536675 96 131606 9 10485904 9159797
is_linear=0
shrinkage=0.05


Tree=191
num_leaves=31
num_cat=13
split_feature=7 0 5 6 0 6 6 6 5 0 0 3 0 6 5 0 3 1 1 2 6 7 7 0 3 1 1 3 1 0
split_gain=0.318112 0.796154 0.470895 0.470835 0.459524 0.333891 0.526009 0.453214 0.326431 0.485794 0.340961 0.392354 0.318396 0.304155 0.41424 0.343958 0.298528 2.79679 1.98218 1.75906 1.66428 1.47672 2.17799 1.7225 1.39968 3.69855 3.35754 1.81335 1.69762 1.57683
threshold=0.13142010876366625 0 2.5000000000000004 12.502919158420534 1 13.048368552631432 13.47380761487125 12.920048887195147 3.5000000000000004 2 3 3.5000000000000004 4 11.990580988694822 5.5000000000000009 5 3.5000000000000004 6 7 9.5000000000000018 12.031923105590947 0.045308045100993642 0.075995310721284556 8 4.5000000000000009 9 10 5.5000000000000009 11 12
decision_type=2 1 2 2 1 2 2 2 2 1 1 2 1 2 2 1 2 1 1 2 2 2 2 1 2 1 1 2 1 1
left_child=16 3 4 -2 -3 7 12 8 9 -4 11 -10 -7 -12 15 -15 18 20 19 -1 -18 23 -23 -22 26 -26 29 -27 -29 -19
right_child=1 2 5 -5 -6 6 -8 -9 10 -11 13 -13 -14 14 -16 -17 17 24 -20 -21 21 22 -24 -25 25 27 -28 28 -30 -31
leaf_value=-0.0001317813856350713 0.00071680890292195702 0.00061053101643431375 -0.0010409206464703517 0.00024678957045872472 -0.0002764798583653805 -0.00053940588101904739 0.00017439202969362765 0.00037985064167833952 0.00011216694834835721 -9.9458696704520216e-05 0.0018067464677454141 -0.00064324330504025699 -0.00023356398201378848 0.00069273732648146829 -0.00037930475584955657 0.00013893975551638885 0.00030779232784113009 3.6893473286945558e-05 1.9505382881222829e-06 -1.9268895970268497e-05 6.2006281934865498e-05 -8.4647748621295218e-06 5.6250090452915501e-05 1.2247583870563529e-05 2.2757753725864172e-05 -1.2613139100285819e-05 3.0012584373489591e-05 -3.3327237260307072e-05 -0.00012987658081659441 -8.5562935644192052e-05
leaf_weight=4874 604 116 105 1219 134 233 220 188 358 308 166 273 526 113 198 307 3637 7157 561409 175915 13700 116748 106995 18461 55028 74793 75143 57770 18210 20883
leaf_count=4874 604 116 105 1219 134 233 220 188 358 308 166 273 526 113 198 307 3637 7157 561409 175915 13700 116748 106995 18461 55028 74793 75143 57770 18210 20883
internal_value=-8.63098e-06 0.000386739 -8.44866e-05 0.00121931 0.002 -0.000258766 -0.00101634 0.000109126 -0.000131292 -0.00136804 0.000229681 -0.000631826 -0.00164032 0.000919394 0.000420711 0.00130952 -1.01597e-05 1.71045e-05 -3.10441e-05 -0.00017503 0.000138103 0.000123014 7.74761e-05 0.000439817 -8.45336e-05 -0.000159889 6.57558e-05 -0.000287932 -0.000459991 -0.000401071
internal_weight=1.31579e+06 5068 3245 1823 250 2995 979 2016 1828 413 1415 631 759 784 618 420 1.31072e+06 568525 742198 180789 259541 255904 223743 32161 308984 205801 103183 150773 75980 28040
internal_count=1315791 5068 3245 1823 250 2995 979 2016 1828 413 1415 631 759 784 618 420 1310723 568525 742198 180789 259541 255904 223743 32161 308984 205801 103183 150773 75980 28040
cat_boundaries=0 1 2 3 4 5 6 7 8 9 10 11 12 13
cat_threshold=10510366 6592 262529 1152513 5570880 4849728 42 34 5407676 4 4 17 12374016
is_linear=0
shrinkage=0.05


Tree=192
num_leaves=31
num_cat=10
split_feature=6 0 1 2 2 0 0 6 0 7 2 7 7 2 7 7 7 7 0 0 3 0 0 6 3 6 0 7 7 5
split_gain=0.344217 1.05223 0.92035 1.1798 1.05264 1.53542 1.0267 1.0661 1.0928 0.737429 0.644532 2.63077 0.928822 0.858483 2.20749 1.34836 1.08205 0.738418 0.731574 0.664807 0.619908 1.08223 0.983203 0.926276 0.677006 0.614079 0.610192 0.654414 0.837249 0.609698
threshold=12.681593837491226 0 1 10.500000000000002 18.500000000000004 2 3 12.920048887195147 4 0.074089071534796075 15.500000000000002 0.076536027880184682 0.10774948533280357 12.500000000000002 0.086387359317017867 0.099470030748060365 0.068017392552716618 0.085661529509057602 5 6 1.5000000000000002 7 8 13.048368552631432 1.0000000180025095e-35 12.719295892250789 9 0.068310066114405113 0.071505760598021786 2.5000000000000004
decision_type=2 1 1 2 2 1 1 2 1 2 2 2 2 2 2 2 2 2 1 1 2 1 1 2 2 2 1 2 2 2
left_child=1 -1 3 9 6 -6 7 8 -5 20 13 -12 18 14 -8 19 25 -18 -13 -16 22 23 -2 -22 -24 -15 27 -23 -29 -28
right_child=2 -3 -4 4 5 -7 10 -9 -10 -11 11 12 -14 16 15 -17 17 -19 -20 -21 21 26 24 -25 -26 -27 29 28 -30 -31
leaf_value=1.8916473088001729e-05 -7.4582104348539736e-05 -8.3667203092460493e-06 -6.789803598412081e-07 0.00044975373851262237 1.9979132510674911e-05 -0.00014897193363318188 0.00047113180210036319 -2.1814610659441055e-05 8.6397167007834055e-05 -0.00055209867436076027 0.00093266990302252537 0.00021452815966736981 -0.0001156662110075524 0.00043154749911045767 -6.7514546764423956e-05 -0.00032798368377559225 -0.00013468525811284027 -0.00049787133569352538 2.36970637530231e-07 0.0001257908477258482 0.00034424833610314332 2.9478243715056923e-05 -8.5327960349648659e-05 -0.00019423772999097545 -0.00035506193215014363 8.295206015245095e-06 0.00015447509698849417 -0.00023740693785696842 8.2254926733938764e-05 -0.00013536106649018865
leaf_weight=129431 2117 124612 974524 544 6137 8354 137 13704 15151 525 156 2079 4898 201 2176 1326 7579 1086 3697 3541 360 3988 867 169 792 1938 321 841 395 4145
leaf_count=129431 2117 124612 974524 544 6137 8354 137 13704 15151 525 156 2079 4898 201 2176 1326 7579 1086 3697 3541 360 3988 867 169 792 1938 321 841 395 4145
internal_value=-9.23898e-06 4.30427e-05 -2.17483e-05 -0.00017734 -9.51816e-05 -0.000476504 -2.58866e-07 0.000207588 0.000489008 -0.000588844 -0.000212324 9.23349e-05 -1.8749e-06 -0.000395909 2.7854e-05 -9.44212e-05 -0.000677528 -0.000926141 0.00042763 0.00023876 -0.00051983 -0.000317547 -0.00106727 0.00186456 -0.00197424 0.000329592 -0.000438146 -7.06928e-05 -0.00107605 -0.000866847
internal_weight=1.31579e+06 254043 1.06175e+06 87224 72704 14491 58213 29399 15695 14520 28814 10830 10674 17984 7180 7043 10804 8665 5776 5717 13995 10219 3776 529 1659 2139 9690 5224 1236 4466
internal_count=1315791 254043 1061748 87224 72704 14491 58213 29399 15695 14520 28814 10830 10674 17984 7180 7043 10804 8665 5776 5717 13995 10219 3776 529 1659 2139 9690 5224 1236 4466
cat_boundaries=0 1 2 3 4 5 6 7 8 9 10
cat_threshold=6277146 96 2323320 3886668 8 4493329 4493440 2260992 1677327 1115620
is_linear=0
shrinkage=0.05


Tree=193
num_leaves=31
num_cat=14
split_feature=6 1 0 7 7 7 0 3 0 1 0 3 7 7 2 7 2 7 7 0 0 1 7 2 0 0 1 1 6 0
split_gain=0.32894 1.03642 0.640599 0.631301 0.825927 1.44552 0.976618 1.22971 0.875946 0.548521 0.687441 0.628069 0.886464 2.10088 1.61157 2.65992 2.27191 2.24878 3.16198 1.91897 1.7345 1.71059 2.27687 1.6432 1.64293 1.60857 1.51878 1.46103 1.36899 1.32893
threshold=13.21989835225312 0 1 0.066162824367806392 0.05694086532003715 0.05205096817670142 2 1.5000000000000002 3 4 5 4.5000000000000009 0.074516782080893587 0.054777123202907098 11.500000000000002 0.05941495000364224 16.500000000000004 0.05941495000364224 0.067426327462205657 6 7 8 0.065131907865817476 21.500000000000004 9 10 11 12 13.358450794029896 13
decision_type=2 1 1 2 2 2 1 2 1 1 1 2 2 2 2 2 2 2 2 1 1 1 2 2 1 1 1 1 2 1
left_child=1 2 -1 4 5 -4 7 -7 -6 11 -11 12 13 -2 17 23 21 29 19 -19 -20 24 27 25 -17 28 -18 -23 -16 -15
right_child=9 -3 3 -5 8 6 -8 -9 -10 10 -12 -13 -14 14 15 16 26 18 20 -21 -22 22 -24 -25 -26 -27 -28 -29 -30 -31
leaf_value=-4.3043867525936526e-05 -1.1507049606198142e-05 1.6052737145487667e-07 1.7614040259955784e-05 0.00012318682723137217 -0.00026252470365245942 0.00075869348059852697 1.9171133997059813e-05 0.00021977084318148415 -1.6880806767720349e-05 -9.2296775198285831e-06 -4.8997292619648183e-05 5.9528223986090973e-06 -2.9182399726405692e-05 3.2254728723113075e-05 0.00052391225721843337 0.0001870473981071419 0.00016296621980834206 5.0955229454579329e-05 0.00019996108975699927 0.00041041499471210175 4.3309915828149545e-05 1.916375313214195e-05 -0.00024448500658894886 -1.9836927817633437e-05 -1.2823125397364055e-05 7.8505684427075122e-05 1.1853720606454905e-05 -9.2649601441356679e-05 0.00019344061866053853 -0.00034306854434231024
leaf_weight=3322 127705 701165 8050 13454 673 182 563 473 2566 22781 12240 159003 155248 807 197 2298 3315 667 3652 1122 21149 8880 4600 5280 8077 8807 21783 14925 1986 821
leaf_count=3322 127705 701165 8050 13454 673 182 563 473 2566 22781 12240 159003 155248 807 197 2298 3315 667 3652 1122 21149 8880 4600 5280 8077 8807 21783 14925 1986 821
internal_value=-8.74498e-06 1.36343e-05 0.00030502 0.000388702 0.000133124 0.000373326 0.00197865 0.00327068 -0.000554185 -3.6672e-05 -0.000228513 -2.44592e-05 -5.85084e-05 2.51924e-06 0.000164442 5.00312e-05 -9.53392e-05 0.000489403 0.000599848 0.00262996 0.000453408 -0.000335226 -0.00053581 0.000620773 0.00021425 0.000969062 0.00027532 -0.000339216 0.00218194 -0.0013145
internal_weight=1.31579e+06 730448 29283 25961 12507 9268 1218 655 3239 585343 35021 550322 391319 236071 108366 80148 63878 28218 26590 1789 24801 38780 28405 16270 10375 10990 25098 23805 2183 1628
internal_count=1315791 730448 29283 25961 12507 9268 1218 655 3239 585343 35021 550322 391319 236071 108366 80148 63878 28218 26590 1789 24801 38780 28405 16270 10375 10990 25098 23805 2183 1628
cat_boundaries=0 1 2 3 4 5 6 7 8 9 10 11 12 13 14
cat_threshold=24 4591872 1091722 17410 30 15759524 14155829 9371664 6 34160 3277058 16 16 1290829
is_linear=0
shrinkage=0.05


Tree=194
num_leaves=31
num_cat=7
split_feature=6 0 1 5 0 7 3 6 0 7 6 7 3 0 7 7 6 2 0 3 0 7 7 6 6 7 7 3 2 7
split_gain=0.304271 0.921078 0.755724 0.86921 1.28862 1.11909 1.02105 0.9788 0.941301 0.794598 0.724596 0.653233 0.617712 0.656949 0.610515 0.642161 0.600712 0.564265 0.679711 0.553116 0.551241 1.02524 1.55736 0.755068 0.827368 0.666274 0.633322 0.595624 0.522093 0.520068
threshold=13.858269235864768 0 1 3.5000000000000004 2 0.038579431872486268 1.0000000180025095e-35 13.703726398863079 3 0.092533608887427149 13.261823100200345 0.077522266920712082 2.5000000000000004 4 0.043980777748548618 0.047327318174891456 12.908474988866919 17.500000000000004 5 5.5000000000000009 6 0.089200895554978468 0.079844418236537679 14.091672654278895 14.037908028093151 0.1037406997740149 0.12610115003671465 1.5000000000000002 13.500000000000002 0.057924780312054024
decision_type=2 1 1 2 1 2 2 2 1 2 2 2 2 1 2 2 2 2 1 2 1 2 2 2 2 2 2 2 2 2
left_child=2 11 3 4 5 12 10 16 9 19 -6 14 -1 -14 -2 -16 -7 18 -13 -5 21 22 -19 24 27 -23 -22 -24 -9 -21
right_child=1 -3 -4 8 6 7 -8 28 -10 -11 -12 17 13 -15 15 -17 -18 20 -20 29 26 25 23 -25 -26 -27 -28 -29 -30 -31
leaf_value=0.00028542622398834689 -4.899486202875026e-05 3.207533546367252e-06 -7.8780250148891067e-07 1.466993094486029e-06 0.00060145221147069592 0.00044063135964825088 -9.7260640144419353e-05 3.8132415630640866e-05 7.595139469879389e-05 0.00014928590515366473 5.9175420071078232e-05 -8.7299209746735868e-05 0.00018114701270423506 -7.3072622710099788e-05 0.00010558694803053224 -8.4129795607533191e-06 9.5523911870986191e-05 -0.00071784129752818621 -0.00018902412341956562 3.9061086282822434e-06 3.4260517527885307e-05 -0.00019185575395582101 -6.5057184936127146e-05 -0.00013767325089767495 0.00062145735359652073 -0.0010165123733749594 -0.00051846944015029352 0.00039274361744714189 -0.00024517358918894867 -0.00020527119896191219
leaf_weight=227 5710 84908 1121599 11431 156 174 7532 537 20125 2356 1169 4004 101 153 1233 34158 2807 144 4156 828 5490 3357 197 341 125 128 140 463 877 1165
leaf_count=227 5710 84908 1121599 11431 156 174 7532 537 20125 2356 1169 4004 101 153 1233 34158 2807 144 4156 828 5490 3357 197 341 125 128 140 463 877 1165
internal_value=-7.79498e-06 -7.62357e-05 6.51964e-07 0.000191547 -0.000146728 0.000505525 -0.000505809 0.000255972 0.000320985 3.16644e-05 0.000773584 -0.000226802 0.00279626 0.00110236 -0.000115692 -3.82878e-05 0.000769875 -0.000473175 -0.000784315 -0.000116956 -0.000228696 -0.000624345 0.00059055 0.0012167 0.00207006 -0.00106887 0.000106382 0.00136364 -0.000827441 -0.000885601
internal_weight=1.31579e+06 144554 1.17124e+06 49638 13733 4876 8857 4395 35905 15780 1325 59646 481 254 41101 35391 2981 18545 8160 13424 10385 4755 1270 1126 785 3485 5630 660 1414 1993
internal_count=1315791 144554 1171237 49638 13733 4876 8857 4395 35905 15780 1325 59646 481 254 41101 35391 2981 18545 8160 13424 10385 4755 1270 1126 785 3485 5630 660 1414 1993
cat_boundaries=0 1 2 3 4 5 6 7
cat_threshold=12342401 16 1148036 8406196 1048704 9699329 3145857
is_linear=0
shrinkage=0.05


Tree=195
num_leaves=31
num_cat=8
split_feature=7 0 5 5 6 0 5 6 0 7 7 5 3 0 2 7 3 7 0 7 7 0 7 1 7 2 2 7 7 0
split_gain=0.300411 0.754294 0.423582 0.514317 0.377623 0.366269 0.472322 0.276268 0.960234 0.370849 0.631602 0.889528 0.46183 0.415131 0.406783 0.398288 0.364831 0.970691 0.976724 0.336321 0.42377 0.333684 0.33265 0.329423 0.914899 2.19068 3.13164 4.79843 2.62616 2.28107
threshold=0.13142010876366625 0 5.5000000000000009 3.5000000000000004 11.79893450632702 1 2.5000000000000004 14.15007454626542 2 0.05423600787202091 0.07367656427701233 3.5000000000000004 1.0000000180025095e-35 3 20.500000000000004 0.10189595550363319 5.5000000000000009 0.049066712573575526 4 0.07292149525771785 0.071194167871942035 5 0.075995310721284556 6 0.062505067222812016 16.500000000000004 11.500000000000002 0.074516782080893587 0.067426327462205657 7
decision_type=2 1 2 2 2 1 2 2 1 2 2 2 2 1 2 2 2 2 1 2 2 1 2 1 2 2 2 2 2 1
left_child=7 2 3 -2 -3 -6 -7 23 -9 16 11 13 22 -11 15 -14 -10 -18 -19 20 -13 -22 -12 24 -1 26 27 28 -26 -30
right_child=1 4 -4 -5 5 6 -8 8 9 10 12 19 14 -15 -16 -17 17 18 -20 -21 21 -23 -24 -25 25 -27 -28 -29 29 -31
leaf_value=2.583241511193881e-05 -0.00034943395899530549 0.00081501833476107014 -0.00046331662920576 0.00041480366040871252 0.00035770968228061943 0.00037626570750141182 -5.5237738085911725e-06 5.9826855320176174e-06 -8.8744567085841735e-05 -0.00021523116951424766 -0.00047562783001030799 0.00011321938014713541 -6.8007374919540239e-05 -5.1353311337895841e-05 -0.00027714691720580711 -0.00067883389628253755 -0.000215237454078814 -0.0001583689476370914 0.00033764692323212143 0.0003308343479259738 0.00012592258784683923 -0.00024145390846953645 -0.00026633075562668395 -1.3246328515638051e-06 0.00089675429996473864 4.1346970278514361e-05 -0.00016479741625811568 -0.00010331037954614767 0.00034889084257274717 5.6898295615151888e-05
leaf_weight=36761 375 287 387 610 1458 138 1813 22412 3361 298 103 2413 3873 1001 336 115 248 106 182 182 133 249 589 1187137 192 29295 10174 7745 1544 2274
leaf_count=36761 375 287 387 610 1458 138 1813 22412 3361 298 103 2413 3873 1001 336 115 248 106 182 182 133 249 589 1187137 192 29295 10174 7745 1544 2274
internal_value=-7.33898e-06 0.000376873 -0.000622288 -7.61433e-05 0.000747435 0.000602815 0.000150432 -8.82457e-06 -0.000146205 -0.000484508 -0.000313174 0.000133301 -0.000693781 -0.000958431 -0.000501851 -0.000361084 -0.000894279 0.000317163 0.00229167 0.000609673 0.00047406 -0.0010733 -0.00189306 -4.98895e-06 8.83561e-05 -4.82208e-05 -0.000426149 0.000129731 0.00153366 0.00124672
internal_weight=1.31579e+06 5068 1372 985 3696 3409 1951 1.31072e+06 35601 13189 9292 4276 5016 1299 4324 3988 3897 536 288 2977 2795 382 692 1.27512e+06 87985 51224 21929 11755 4010 3818
internal_count=1315791 5068 1372 985 3696 3409 1951 1310723 35601 13189 9292 4276 5016 1299 4324 3988 3897 536 288 2977 2795 382 692 1275122 87985 51224 21929 11755 4010 3818
cat_boundaries=0 1 2 3 4 5 6 7 8
cat_threshold=5472641 10485790 6531342 8389248 8392848 8388752 16 2208339
is_linear=0
shrinkage=0.05


Tree=196
num_leaves=31
num_cat=14
split_feature=6 0 1 3 1 3 1 3 0 0 6 0 2 7 5 7 0 3 0 0 0 0 7 2 5 0 6 2 3 0
split_gain=0.297022 0.976272 0.831737 1.06979 2.06873 2.41716 1.62938 3.06154 1.31158 1.25688 1.3504 1.17545 1.09698 1.00361 0.920595 0.93318 1.39936 0.839034 0.820376 0.768929 0.665625 0.649316 1.00605 0.654322 0.634707 0.742611 0.941631 0.86057 0.573308 0.571999
threshold=12.681593837491226 0 1 1.5000000000000002 2 1.0000000180025095e-35 3 5.5000000000000009 4 5 12.908474988866919 6 19.500000000000004 0.071194167871942035 6.5000000000000009 0.074089071534796075 7 4.5000000000000009 8 9 10 11 0.11214418972523373 18.500000000000004 5.5000000000000009 12 12.719295892250789 18.500000000000004 3.5000000000000004 13
decision_type=2 1 1 2 1 2 1 2 1 1 2 1 2 2 2 2 1 2 1 1 1 1 2 2 2 1 2 2 2 1
left_child=1 -1 3 4 14 11 9 12 -7 10 17 -6 29 18 24 -16 -17 28 -9 -10 -14 22 23 -12 25 26 -2 -27 -5 -8
right_child=2 -3 -4 6 5 8 7 13 19 -11 21 -13 20 -15 15 16 -18 -19 -20 -21 -22 -23 -24 -25 -26 27 -28 -29 -30 -31
leaf_value=-8.9536884357770392e-06 0.00044208404585814175 1.7184610993323024e-05 -5.6472938516950193e-07 0.0001784006157298049 -0.00021862770199819874 -0.00040322325558483202 -6.145342117852059e-05 0.00013099158538751218 0.00019219631869054959 -1.8071417497841373e-05 0.00021286839874314881 1.4197685792099061e-05 -5.3875616736638561e-05 -0.00036962342680574951 -0.00010834109965919814 0.00079051390401581345 0.00013772722169300435 0.00037386656227961809 -0.00010239011539027381 -0.0002407756906381744 -0.00024692285063703065 -3.8122810057012784e-07 -0.00033765928953818388 0.00074515346243301118 -0.00014832186258718341 8.3611212736851966e-07 9.8019766928252605e-05 -0.00024852663734367561 -2.1677230040035004e-05 4.2105354377618603e-05
leaf_weight=113434 199 140609 974524 2510 2175 2154 9558 419 172 17822 962 4780 898 3865 422 258 611 2532 1173 3744 945 10091 235 165 1968 3859 2709 734 1273 10991
leaf_count=113434 199 140609 974524 2510 2175 2154 9558 419 172 17822 962 4780 898 3865 422 258 611 2532 1173 3744 945 10091 235 165 1968 3859 2709 734 1273 10991
internal_value=-7.49098e-06 4.10745e-05 -1.91112e-05 -0.000167023 -0.000453018 -0.000876488 -5.98224e-05 -0.000346209 -0.00160626 0.000164325 0.000461806 -0.000240835 -8.75325e-05 -0.00140828 6.03516e-05 0.00131293 0.00224971 0.00104909 -0.00035176 -0.00105196 -0.00125611 0.00013839 0.00115889 0.00178793 -0.000110361 9.93189e-05 0.000723097 -0.000296547 0.000577583 1.72746e-05
internal_weight=1.31579e+06 254043 1.06175e+06 87224 23785 13025 63439 27849 6070 35590 17768 6955 22392 5457 10760 1291 869 6315 1592 3916 1843 11453 1362 1127 9469 7501 2908 4593 3783 20549
internal_count=1315791 254043 1061748 87224 23785 13025 63439 27849 6070 35590 17768 6955 22392 5457 10760 1291 869 6315 1592 3916 1843 11453 1362 1127 9469 7501 2908 4593 3783 20549
cat_boundaries=0 1 2 3 4 5 6 7 8 9 10 11 12 13 14
cat_threshold=10500037 96 64 32 8400561 2321093 10634152 1581147 1611009 131080 1610224 147520 1413442 1321361
is_linear=0
shrinkage=0.05


Tree=197
num_leaves=31
num_cat=14
split_feature=5 0 6 0 3 1 6 0 7 7 0 0 7 6 0 3 5 3 0 3 2 3 1 0 0 0 6 0 2 0
split_gain=0.303889 0.548301 0.656207 0.659363 0.684355 0.656606 1.14575 1.59065 1.02489 1.8358 1.62986 0.916955 0.769858 0.7601 1.2687 1.16299 0.746914 0.829225 1.38266 1.46926 1.16524 1.40815 2.66314 2.1936 1.37131 1.16108 1.11513 1.50435 1.01541 1.00906
threshold=5.5000000000000009 0 14.00912786849355 1 2.5000000000000004 2 13.445790538661404 3 0.07183032156407522 0.066817926249645027 4 5 0.10189595550363319 13.97142931599088 6 2.5000000000000004 6.5000000000000009 2.5000000000000004 7 1.5000000000000002 12.500000000000002 1.0000000180025095e-35 8 9 10 11 12.66444166690429 12 19.500000000000004 13
decision_type=2 1 2 1 2 1 2 1 2 2 1 1 2 2 1 2 2 2 1 2 2 2 1 1 1 1 2 1 2 1
left_child=-1 -2 5 4 -4 6 7 -3 9 13 -11 -10 -9 -8 15 -15 -7 18 -18 20 24 23 -23 -22 -20 28 27 -19 -21 -28
right_child=1 2 3 -5 -6 16 8 12 11 10 -12 -13 -14 14 -16 -17 17 26 19 25 21 22 -24 -25 -26 -27 29 -29 -30 -31
leaf_value=1.1349711614305145e-06 -2.3761866073909128e-05 9.6356775660439697e-05 -0.00016140437923756564 -1.937320956840437e-05 -3.1436051167947756e-05 -1.4046629528283891e-05 -5.6432365131546541e-06 -2.3042436796321894e-05 2.6251359531326504e-05 0.00021013618759650358 2.9605646047350455e-05 -8.1086917564905745e-05 0.0004151160057474941 6.9418232383736323e-05 0.00020820998681664053 -0.00022367219470838034 5.2473208072471542e-05 0.00015734320522964765 7.6055672294891025e-05 -0.00019244783736597292 8.4283945685852008e-05 -0.00039146989405627582 0.00011917647772432838 -0.00012704523205573528 -0.00010304201581123873 -4.175475159622278e-05 -3.0837458807304184e-05 1.3252818253071251e-05 4.9164272808044776e-05 2.8747751890652358e-05
leaf_weight=895599 47338 13892 1669 17630 2260 150782 28500 10114 8782 2694 3536 18174 239 450 1315 647 7364 7912 2651 4860 3164 1008 7518 4673 6554 8051 18245 11647 710 27813
leaf_count=895599 47338 13892 1669 17630 2260 150782 28500 10114 8782 2694 3536 18174 239 450 1315 647 7364 7912 2651 4860 3164 1008 7518 4673 6554 8051 18245 11647 710 27813
internal_value=-7.18698e-06 -4.22676e-05 -2.19127e-05 -0.000289671 -0.000874589 -5.48092e-06 0.000112445 0.000405237 1.71493e-06 0.000172041 0.000955055 -0.000232973 -6.41718e-05 1.42328e-05 0.0008665 -0.000392955 -4.51028e-05 5.25975e-05 -0.000108802 -0.00022692 -3.52122e-06 0.000249647 0.000694346 -0.000234147 -0.000453559 -0.00064643 0.000167105 0.000483408 -0.00120072 3.27836e-05
internal_weight=1.31579e+06 420192 372854 21559 3929 351295 88343 24245 64098 37142 6230 26956 10353 30912 2412 1097 262952 112170 46553 39189 25568 16363 8526 7837 9205 13621 65617 19559 5570 46058
internal_count=1315791 420192 372854 21559 3929 351295 88343 24245 64098 37142 6230 26956 10353 30912 2412 1097 262952 112170 46553 39189 25568 16363 8526 7837 9205 13621 65617 19559 5570 46058
cat_boundaries=0 1 2 3 4 5 6 7 8 9 10 11 12 13 14
cat_threshold=139328 7143556 24 1382439 11043883 1165200 3474482 34817 32 542106 13635840 13910312 4802708 4233347
is_linear=0
shrinkage=0.05


Tree=198
num_leaves=31
num_cat=10
split_feature=5 3 0 1 7 7 6 7 0 7 0 7 6 6 7 1 0 0 2 6 6 6 6 0 0 2 7 0 6 7
split_gain=0.292376 0.531809 0.61454 0.626418 0.719656 0.94077 0.605459 0.588323 1.05166 0.567901 1.08284 0.564368 0.871458 0.600808 0.543409 0.523594 1.39502 0.788665 0.685218 0.669457 1.17961 0.556738 0.636435 0.668042 0.609059 0.717129 0.705007 0.601987 0.673383 0.572064
threshold=5.5000000000000009 1.0000000180025095e-35 0 1 0.033321867509809124 0.041153998815989142 13.440146702021273 0.052294649958558363 2 0.026788622941679611 3 0.046028074296676803 12.801065229762154 13.983694099709433 0.021758909376095467 4 5 6 19.500000000000004 12.638624246354498 12.819386940146737 13.090468603901829 13.645621591750851 7 8 16.500000000000004 0.055380707831157457 9 13.775242315912081 0.092533608887427149
decision_type=2 2 1 1 2 2 2 2 1 2 1 2 2 2 2 1 1 1 2 2 2 2 2 1 1 2 2 1 2 2
left_child=1 2 3 -1 6 -6 9 8 11 -5 -11 12 -4 -13 -14 16 -9 -17 21 -18 -21 24 23 -23 25 -19 -27 28 -24 -28
right_child=-2 -3 7 4 5 -7 -8 15 -10 10 -12 13 14 -15 -16 17 19 18 -20 20 -22 22 27 -25 -26 26 29 -29 -30 -31
leaf_value=3.3616668758182625e-05 -5.0946476301146142e-06 -7.1030241880678828e-07 -3.1608381037880196e-05 -3.4804752638435991e-05 -0.00017631295538795649 -3.9009426124529711e-05 6.1611056257584925e-05 -7.9834232408541178e-05 -2.2732073182367269e-05 0.00013798575786892227 -2.2376177981373709e-06 -5.0367508706774886e-05 -4.6271536202209117e-05 0.00014012475963449706 8.4369319829900727e-05 -4.8378214892991365e-06 -0.00048835760989824424 -3.0081509326684224e-05 -4.3749339506330754e-05 0.00062179948690065838 4.2968970467229892e-05 0.0002541737573653684 -7.3433568855892133e-05 0.00010587745429227771 0.00014206353997822833 0.00031652113790044513 -0.0001344645781983702 -1.5250315012209576e-05 0.00034115574737144484 0.0002128564003456502
leaf_weight=13927 420192 774207 2122 805 614 15019 245 7174 15813 263 566 2841 482 340 5648 9249 122 5358 2306 353 15410 2749 333 3046 11170 190 458 2168 661 1960
leaf_count=13927 420192 774207 2122 805 614 15019 245 7174 15813 263 566 2841 482 340 5648 9249 122 5358 2306 353 15410 2749 333 3046 11170 190 458 2168 661 1960
internal_value=-7.26298e-06 8.88113e-06 0.000106184 -8.41056e-05 -0.000283074 -0.000394359 0.000641297 0.000172681 -2.12887e-05 0.000293756 0.0012123 0.000343877 0.000562287 -0.00022163 0.000864599 0.000256988 6.74053e-05 0.000367138 0.00049015 0.000328719 0.000357482 0.000558323 0.000883665 0.00119499 0.00040604 7.14632e-05 0.000751533 0.000313092 0.0013247 0.000521091
internal_weight=1.31579e+06 895599 121392 31439 17512 15633 1879 89953 27246 1634 829 11433 8252 3181 6130 62707 23059 39648 30399 15885 15763 28093 8957 5795 19136 7966 2608 3162 994 2418
internal_count=1315791 895599 121392 31439 17512 15633 1879 89953 27246 1634 829 11433 8252 3181 6130 62707 23059 39648 30399 15885 15763 28093 8957 5795 19136 7966 2608 3162 994 2418
cat_boundaries=0 1 2 3 4 5 6 7 8 9 10
cat_threshold=264808 120 6849684 96 10 6848644 66704 10547456 10506497 524549
is_linear=0
shrinkage=0.05


Tree=199
num_leaves=31
num_cat=11
split_feature=7 0 0 5 6 6 6 6 1 1 0 0 6 6 1 2 0 6 7 3 2 6 6 7 0 6 7 2 0 0
split_gain=0.284776 0.721099 0.297835 0.488248 0.35448 0.279237 0.330143 0.256287 0.858618 0.669649 0.613552 0.611837 0.697897 0.932632 0.619049 0.589704 0.854799 0.743878 0.607862 0.901647 0.691449 0.583696 0.570481 0.634557 0.518109 0.490596 0.655387 0.699307 0.675314 0.476966
threshold=0.13142010876366625 0 1 2.5000000000000004 11.79893450632702 13.532364183156789 13.126087434098727 13.256440058740017 2 3 4 5 13.645621591750851 13.68519171292421 6 14.500000000000002 7 12.902084468380513 0.046028074296676803 1.0000000180025095e-35 11.500000000000002 12.787964887779809 12.920048887195147 0.078539738675614132 8 12.757262318944296 0.086028002281719626 8.5000000000000018 9 10
decision_type=2 1 1 2 2 2 2 2 1 1 1 1 2 2 1 2 1 2 2 2 2 2 2 2 1 2 2 2 1 1
left_child=7 5 -3 -4 -5 6 -2 8 10 -9 15 12 -11 14 24 16 17 -1 19 -18 25 -12 -19 -24 -14 -20 27 28 -27 -15
right_child=1 2 3 4 -6 -7 -8 9 -10 11 21 -13 13 29 -16 -17 18 22 20 -21 -22 -23 23 -25 -26 26 -28 -29 -30 -31
leaf_value=-0.00029595886162788842 -0.00012938632071666861 0.00036792059573340601 0.0003934849021439143 0.00049749487739736279 -8.9796387900661819e-06 0.00041612287412174769 -0.00059035881012224601 -7.6791439762354885e-05 -1.1691251099718548e-07 1.654184782153961e-05 0.00050062535109027782 -8.0577152687304353e-06 -5.6299304117552861e-05 -2.2722668019699663e-05 -4.0028198840990484e-05 0.00010985099330901843 0.00030113370441688114 0.00071553871384577529 0.000533859704817315 6.2775810867512764e-05 -0.00011075923077119138 2.3225826308951483e-07 5.3173299775378126e-05 0.00033008951092253582 -0.0002981502858521003 6.8430207253740923e-05 -0.0002951862846303202 0.0001354868390983953 -0.00022866191969803627 9.7116486865606394e-06
leaf_weight=106 723 1602 171 204 2012 105 251 8487 722448 101943 117 348317 743 37105 6598 9122 149 170 204 895 2734 16620 808 226 632 880 479 2739 643 48558
leaf_count=106 723 1602 171 204 2012 105 251 8487 722448 101943 117 348317 743 37105 6598 9122 149 170 204 895 2734 16620 808 226 632 880 479 2739 643 48558
internal_value=-7.07298e-06 0.000367007 0.000676418 0.000319148 0.00012184 -0.000775942 -0.00104723 -8.51939e-06 1.03504e-05 -3.44248e-05 0.00024901 -2.75427e-05 4.32272e-05 -5.53218e-05 -0.000572559 0.000442211 0.000177912 0.00136364 -1.71881e-06 0.00113027 -0.00015562 2.7765e-05 0.00172757 0.00128627 -0.0015343 0.000197168 9.38609e-05 0.000290942 -0.000567959 -7.18049e-06
internal_weight=1.31579e+06 5068 3989 2387 2216 1079 974 1.31072e+06 758340 552383 35892 543896 195579 93636 7973 19155 10033 1310 8723 1044 7679 16737 1204 1034 1375 4945 4741 4262 1523 85663
internal_count=1315791 5068 3989 2387 2216 1079 974 1310723 758340 552383 35892 543896 195579 93636 7973 19155 10033 1310 8723 1044 7679 16737 1204 1034 1375 4945 4741 4262 1523 85663
cat_boundaries=0 1 2 3 4 5 6 7 8 9 10 11
cat_threshold=1278209 10502174 24 96 1810567 13717088 4 129 64 204802 9455616
is_linear=0
shrinkage=0.05


end of trees

feature_importances:
shop_type=1318
shop_hour_share=1227
dow=1079
shop_level=964
zone_id=849
hour=361
month=202

parameters:
[boosting: gbdt]
[objective: quantile]
[metric: quantile]
[tree_learner: serial]
[device_type: cpu]
[data_sample_strategy: bagging]
[data: ]
[valid: ]
[num_iterations: 200]
[learning_rate: 0.05]
[num_leaves: 31]
[num_threads: 4]
[seed: 20251019]
[deterministic: 1]
[force_col_wise: 1]
[force_row_wise: 0]
[histogram_pool_size: -1]
[max_depth: -1]
[min_data_in_leaf: 100]
[min_sum_hessian_in_leaf: 0.001]
[bagging_fraction: 1]
[pos_bagging_fraction: 1]
[neg_bagging_fraction: 1]
[bagging_freq: 0]
[bagging_seed: 31097]
[bagging_by_query: 0]
[feature_fraction: 1]
[feature_fraction_bynode: 1]
[feature_fraction_seed: 1083]
[extra_trees: 0]
[extra_seed: 24788]
[early_stopping_round: 0]
[early_stopping_min_delta: 0]
[first_metric_only: 0]
[max_delta_step: 0]
[lambda_l1: 0]
[lambda_l2: 0]
[linear_lambda: 0]
[min_gain_to_split: 0]
[drop_rate: 0.1]
[max_drop: 50]
[skip_drop: 0.5]
[xgboost_dart_mode: 0]
[uniform_drop: 0]
[drop_seed: 31291]
[top_rate: 0.2]
[other_rate: 0.1]
[min_data_per_group: 100]
[max_cat_threshold: 32]
[cat_l2: 10]
[cat_smooth: 10]
[max_cat_to_onehot: 4]
[top_k: 20]
[monotone_constraints: ]
[monotone_constraints_method: basic]
[monotone_penalty: 0]
[feature_contri: ]
[forcedsplits_filename: ]
[refit_decay_rate: 0.9]
[cegb_tradeoff: 1]
[cegb_penalty_split: 0]
[cegb_penalty_feature_lazy: ]
[cegb_penalty_feature_coupled: ]
[path_smooth: 0]
[interaction_constraints: ]
[verbosity: -1]
[saved_feature_importance_type: 0]
[use_quantized_grad: 0]
[num_grad_quant_bins: 4]
[quant_train_renew_leaf: 0]
[stochastic_rounding: 1]
[linear_tree: 0]
[max_bin: 255]
[max_bin_by_feature: ]
[min_data_in_bin: 3]
[bin_construct_sample_cnt: 200000]
[data_random_seed: 5521]
[is_enable_sparse: 1]
[enable_bundle: 1]
[use_missing: 1]
[zero_as_missing: 0]
[feature_pre_filter: 1]
[pre_partition: 0]
[two_round: 0]
[header: 0]
[label_column: ]
[weight_column: ]
[group_column: ]
[ignore_column: ]
[categorical_feature: 0,1]
[forcedbins_filename: ]
[precise_float_parser: 0]
[parser_config_file: ]
[objective_seed: 19545]
[num_class: 1]
[is_unbalance: 0]
[scale_pos_weight: 1]
[sigmoid: 1]
[boost_from_average: 1]
[reg_sqrt: 0]
[alpha: 0.9]
[fair_c: 1]
[poisson_max_delta_step: 0.7]
[tweedie_variance_power: 1.5]
[lambdarank_truncation_level: 30]
[lambdarank_norm: 1]
[label_gain: ]
[lambdarank_position_bias_regularization: 0]
[eval_at: ]
[multi_error_top_k: 1]
[auc_mu_weights: ]
[num_machines: 1]
[local_listen_port: 12400]
[time_out: 120]
[machine_list_filename: ]
[machines: ]
[gpu_platform_id: -1]
[gpu_device_id: -1]
[gpu_device_id_list: ]
[gpu_use_dp: 0]
[num_gpu: 1]

end of parameters

pandas_categorical:[["Z1", "Z2", "Z3", "Z4", "Z5", "Z6", "Z7", "Z8", "Z9", "Z10", "Z11", "Z12", "Z13", "Z14", "Z15", "Z16", "Z17", "Z18", "Z19", "Z20", "Z21", "Z22", "Z23", "Z24"], ["TEA_STALL", "STREET_FOOD", "FRUIT_VEG", "KIRANA", "PHARMACY", "SALON", "MOBILE_RECHARGE"]]
