{"type": "FeatureCollection", "features": [{"type": "Feature", "properties": {"h3": "88608b18d3fffff", "zone_id": "Z1", "shops": 0}, "geometry": {"type": "Polygon", "coordinates": [[[72.84701517434054, 18.942324093835687], [72.84701974713376, 18.947072501023168], [72.84297708180155, 18.94921994545235], [72.83893014801546, 18.946619122473173], [72.8389257094032, 18.941870975443642], [72.8429680704039, 18.939723391236026], [72.84701517434054, 18.942324093835687]]]}}, {"type": "Feature", "properties": {"h3": "88608b0319fffff", "zone_id": "Z1", "shops": 0}, "geometry": {"type": "Polygon", "coordinates": [[[72.81462669175156, 18.897778455609696], [72.81463072680641, 18.902526835088203], [72.81059029524347, 18.904674838283036], [72.80654613298036, 18.90207460177777], [72.80654223194128, 18.897326482859757], [72.81058235915735, 18.89517833988725], [72.81462669175156, 18.897778455609696]]]}}, {"type": "Feature", "properties": {"h3": "88608b032dfffff", "zone_id": "Z1", "shops": 0}, "geometry": {"type": "Polygon", "coordinates": [[[72.84296356492884, 18.93497494479831], [72.8429680704039, 18.939723391236026], [72.8389257094032, 18.941870975443642], [72.83487914726499, 18.93927025298446], [72.83487477594858, 18.934522066762145], [72.83891683261956, 18.932374342784318], [72.84296356492884, 18.93497494479831]]]}}, {"type": "Feature", "properties": {"h3": "88608b0321fffff", "zone_id": "Z1", "shops": 0}, "geometry": {"type": "Polygon", "coordinates": [[[72.83487477594858, 18.934522066762145], [72.83487914726499, 18.93927025298446], [72.83083719393954, 18.941417557165405], [72.82679117366173, 18.938816814944147], [72.82678693647269, 18.934068888995593], [72.83082858544194, 18.931921444995265], [72.83487477594858, 18.934522066762145]]]}}, {"type": "Feature", "properties": {"h3": "88608b0307fffff", "zone_id": "Z1", "shops": 0}, "geometry": {"type": "Polygon", "coordinates": [[[72.82677422574713, 18.919824434792], [72.82677846251539, 18.924572698858313], [72.82273711790053, 18.926720282669777], [72.81869184087773, 18.924119742218398], [72.81868773819221, 18.919371738540633], [72.82272877845456, 18.91722401492638], [72.82677422574713, 18.919824434792]]]}}, {"type": "Feature", "properties": {"h3": "88608b0363fffff", "zone_id": "Z1", "shops": 0}, "geometry": {"type": "Polygon", "coordinates": [[[72.84295004939858, 18.92072892890145], [72.84295455442619, 18.9254777135698], [72.83891239444813, 18.9276258572769], [72.8348660337499, 18.925025356020882], [72.83486166286761, 18.920276831624324], [72.83890351854606, 18.918128548212707], [72.84295004939858, 18.92072892890145]]]}}, {"type": "Feature", "properties": {"h3": "88608b0301fffff", "zone_id": "Z1", "shops": 0}, "geometry": {"type": "Polygon", "coordinates": [[[72.83081137015645, 18.912927868193364], [72.8308156737641, 18.917676431298503], [72.82677422574713, 18.919824434792], [72.82272877845456, 18.91722401492638], [72.82272460893861, 18.91247571220882], [72.82676575263135, 18.910327568970004], [72.83081137015645, 18.912927868193364]]]}}, {"type": "Feature", "properties": {"h3": "88608b0315fffff", "zone_id": "Z1", "shops": 0}, "geometry": {"type": "Polygon", "coordinates": [[[72.81463879731682, 18.91202325696085], [72.81464283277236, 18.91677129923252], [72.81060220035769, 18.918918743006518], [72.8065578368723, 18.916318284353153], [72.80655393544588, 18.911570502585704], [72.81059426348354, 18.909422918968108], [72.81463879731682, 18.91202325696085]]]}}, {"type": "Feature", "properties": {"h3": "88608b0329fffff", "zone_id": "Z1", "shops": 0}, "geometry": {"type": "Polygon", "coordinates": [[[72.83891239444813, 18.9276258572769], [72.83891683261956, 18.932374342784318], [72.83487477594858, 18.934522066762145], [72.83082858544194, 18.931921444995265], [72.83082428140685, 18.927173219760686], [72.8348660337499, 18.925025356020882], [72.83891239444813, 18.9276258572769]]]}}, {"type": "Feature", "properties": {"h3": "88608b031dfffff", "zone_id": "Z1", "shops": 0}, "geometry": {"type": "Polygon", "coordinates": [[[72.81867543095038, 18.905127052363827], [72.81867953322853, 18.909875393552117], [72.81463879731682, 18.91202325696085], [72.81059426348354, 18.909422918968108], [72.81059029524347, 18.904674838283036], [72.81463072680641, 18.902526835088203], [72.81867543095038, 18.905127052363827]]]}}, {"type": "Feature", "properties": {"h3": "88608b0303fffff", "zone_id": "Z1", "shops": 0}, "geometry": {"type": "Polygon", "coordinates": [[[72.82272460893861, 18.91247571220882], [72.82272877845456, 18.91722401492638], [72.81868773819221, 18.919371738540633], [72.81464283277236, 18.91677129923252], [72.81463879731682, 18.91202325696085], [72.81867953322853, 18.909875393552117], [72.82272460893861, 18.91247571220882]]]}}, {"type": "Feature", "properties": {"h3": "88608b032bfffff", "zone_id": "Z1", "shops": 0}, "geometry": {"type": "Polygon", "coordinates": [[[72.83082428140685, 18.927173219760686], [72.83082858544194, 18.931921444995265], [72.82678693647269, 18.934068888995593], [72.82274128783055, 18.931468247573164], [72.82273711790053, 18.926720282669777], [72.82677846251539, 18.924572698858313], [72.83082428140685, 18.927173219760686]]]}}, {"type": "Feature", "properties": {"h3": "88608b0311fffff", "zone_id": "Z1", "shops": 0}, "geometry": {"type": "Polygon", "coordinates": [[[72.81059029524347, 18.904674838283036], [72.81059426348354, 18.909422918968108], [72.80655393544588, 18.911570502585704], [72.80250994355103, 18.908970145354107], [72.80250610931778, 18.904222325230524], [72.80654613298036, 18.90207460177777], [72.81059029524347, 18.904674838283036]]]}}, {"type": "Feature", "properties": {"h3": "88608b0325fffff", "zone_id": "Z1", "shops": 0}, "geometry": {"type": "Polygon", "coordinates": [[[72.8389257094032, 18.941870975443642], [72.83893014801546, 18.946619122473173], [72.83488789033197, 18.94876628682647], [72.8308414984021, 18.946165443978597], [72.83083719393954, 18.941417557165405], [72.83487914726499, 18.93927025298446], [72.8389257094032, 18.941870975443642]]]}}, {"type": "Feature", "properties": {"h3": "88608b0339fffff", "zone_id": "Z1", "shops": 0}, "geometry": {"type": "Polygon", "coordinates": [[[72.81868773819221, 18.919371738540633], [72.81869184087773, 18.924119742218398], [72.81465090408419, 18.92626704614048], [72.81060616899181, 18.9236664862374], [72.81060220035769, 18.918918743006518], [72.81464283277236, 18.91677129923252], [72.81868773819221, 18.919371738540633]]]}}, {"type": "Feature", "properties": {"h3": "88608b0367fffff", "zone_id": "Z1", "shops": 0}, "geometry": {"type": "Polygon", "coordinates": [[[72.84700145686922, 18.928078195082165], [72.84700602920829, 18.932826940803995], [72.84296356492884, 18.93497494479831], [72.83891683261956, 18.932374342784318], [72.83891239444813, 18.9276258572769], [72.84295455442619, 18.9254777135698], [72.84700145686922, 18.928078195082165]]]}}, {"type": "Feature", "properties": {"h3": "88608b0305fffff", "zone_id": "Z1", "shops": 0}, "geometry": {"type": "Polygon", "coordinates": [[[72.83486166286761, 18.920276831624324], [72.8348660337499, 18.925025356020882], [72.83082428140685, 18.927173219760686], [72.82677846251539, 18.924572698858313], [72.82677422574713, 18.919824434792], [72.8308156737641, 18.917676431298503], [72.83486166286761, 18.920276831624324]]]}}, {"type": "Feature", "properties": {"h3": "88608b1899fffff", "zone_id": "Z2", "shops": 0}, "geometry": {"type": "Polygon", "coordinates": [[[72.84297708180155, 18.94921994545235], [72.84298158772414, 18.953968053108543], [72.83893902568082, 18.956115077626023], [72.83489226208256, 18.953514134323814], [72.83488789033197, 18.94876628682647], [72.83893014801546, 18.946619122473173], [72.84297708180155, 18.94921994545235]]]}}, {"type": "Feature", "properties": {"h3": "88608b1891fffff", "zone_id": "Z2", "shops": 0}, "geometry": {"type": "Polygon", "coordinates": [[[72.83893902568082, 18.956115077626023], [72.83894346473396, 18.960862885626966], [72.83490100601797, 18.96300949016524], [72.83085441264483, 18.96040842659643], [72.83085010775473, 18.955660878755253], [72.83489226208256, 18.953514134323814], [72.83893902568082, 18.956115077626023]]]}}, {"type": "Feature", "properties": {"h3": "88608b189dfffff", "zone_id": "Z2", "shops": 0}, "geometry": {"type": "Polygon", "coordinates": [[[72.84702889317447, 18.956568976435392], [72.84703346642192, 18.96131704453775], [72.84299060001693, 18.963463929211187], [72.83894346473396, 18.960862885626966], [72.83893902568082, 18.956115077626023], [72.84298158772414, 18.953968053108543], [72.84702889317447, 18.956568976435392]]]}}, {"type": "Feature", "properties": {"h3": "88608b0a09fffff", "zone_id": "Z3", "shops": 0}, "geometry": {"type": "Polygon", "coordinates": [[[72.83494036089353, 19.00573298331827], [72.83494473438147, 19.01047947041276], [72.8309017758442, 19.0126239739452], [72.82685474833369, 19.010022130530334], [72.82685050903984, 19.00527590342618], [72.83089316307023, 19.003131259747267], [72.83494036089353, 19.00573298331827]]]}}, {"type": "Feature", "properties": {"h3": "88608b012dfffff", "zone_id": "Z3", "shops": 0}, "geometry": {"type": "Polygon", "coordinates": [[[72.81469934317796, 18.983232048103797], [72.81470338063778, 18.9879783960822], [72.81066174366485, 18.99012303989405], [72.80661637376764, 18.987521475899733], [72.80661247040364, 18.982775388142716], [72.81065380284886, 18.980630604159348], [72.81469934317796, 18.983232048103797]]]}}, {"type": "Feature", "properties": {"h3": "88608b0a55fffff", "zone_id": "Z3", "shops": 0}, "geometry": {"type": "Polygon", "coordinates": [[[72.83088885689715, 18.998384732123355], [72.83089316307023, 19.003131259747267], [72.82685050903984, 19.00527590342618], [72.82280385334926, 19.00267415962039], [72.82279968134796, 18.99792789204446], [72.82684203087328, 18.99578310822703], [72.83088885689715, 18.998384732123355]]]}}, {"type": "Feature", "properties": {"h3": "88608b0a5bfffff", "zone_id": "Z3", "shops": 0}, "geometry": {"type": "Polygon", "coordinates": [[[72.82278716617283, 18.983688408063397], [72.82279133775975, 18.988435016204875], [72.81874929273764, 18.99057994015274], [72.81470338063778, 18.9879783960822], [72.81469934317796, 18.983232048103797], [72.81874108369874, 18.981086984033567], [72.82278716617283, 18.983688408063397]]]}}, {"type": "Feature", "properties": {"h3": "88608b0a0bfffff", "zone_id": "Z3", "shops": 0}, "geometry": {"type": "Polygon", "coordinates": [[[72.82685050903984, 19.00527590342618], [72.82685474833369, 19.010022130530334], [72.82281219776631, 19.012166353779275], [72.81876571244628, 19.009564490120436], [72.81876160731524, 19.004818523065], [72.82280385334926, 19.00267415962039], [72.82685050903984, 19.00527590342618]]]}}, {"type": "Feature", "properties": {"h3": "88608b0a51fffff", "zone_id": "Z3", "shops": 0}, "geometry": {"type": "Polygon", "coordinates": [[[72.82683779200052, 18.991036540254107], [72.82684203087328, 18.99578310822703], [72.82279968134796, 18.99792789204446], [72.81875339746092, 18.99532624802009], [72.81874929273764, 18.99057994015274], [72.82279133775975, 18.988435016204875], [72.82683779200052, 18.991036540254107]]]}}, {"type": "Feature", "properties": {"h3": "88608b0a01fffff", "zone_id": "Z3", "shops": 0}, "geometry": {"type": "Polygon", "coordinates": [[[72.8309017758442, 19.0126239739452], [72.83090608244508, 19.017370160397117], [72.82686322734249, 19.0195142434424], [72.82281637018204, 19.01691228024012], [72.82281219776631, 19.012166353779275], [72.82685474833369, 19.010022130530334], [72.8309017758442, 19.0126239739452]]]}}, {"type": "Feature", "properties": {"h3": "88608b0a57fffff", "zone_id": "Z3", "shops": 0}, "geometry": {"type": "Polygon", "coordinates": [[[72.82279968134796, 18.99792789204446], [72.82280385334926, 19.00267415962039], [72.81876160731524, 19.004818523065], [72.81471549381924, 19.002216759122017], [72.8147114559584, 18.997470751652376], [72.81875339746092, 18.99532624802009], [72.82279968134796, 18.99792789204446]]]}}, {"type": "Feature", "properties": {"h3": "88608b0a5dfffff", "zone_id": "Z3", "shops": 0}, "geometry": {"type": "Polygon", "coordinates": [[[72.83492724129853, 18.99149284006137], [72.83493161435206, 18.99623966808151], [72.83088885689715, 18.998384732123355], [72.82684203087328, 18.99578310822703], [72.82683779200052, 18.991036540254107], [72.8308802449787, 18.98889133613099], [72.83492724129853, 18.99149284006137]]]}}, {"type": "Feature", "properties": {"h3": "88608b0a1dfffff", "zone_id": "Z3", "shops": 0}, "geometry": {"type": "Polygon", "coordinates": [[[72.81876160731524, 19.004818523065], [72.81876571244628, 19.009564490120436], [72.814723569942, 19.011708433125225], [72.81067762687428, 19.009106549320077], [72.81067365587471, 19.004360842371632], [72.81471549381924, 19.002216759122017], [72.81876160731524, 19.004818523065]]]}}, {"type": "Feature", "properties": {"h3": "88608b0a53fffff", "zone_id": "Z3", "shops": 0}, "geometry": {"type": "Polygon", "coordinates": [[[72.81874929273764, 18.99057994015274], [72.81875339746092, 18.99532624802009], [72.8147114559584, 18.997470751652376], [72.81066571427002, 18.994869087597575], [72.81066174366485, 18.99012303989405], [72.81470338063778, 18.9879783960822], [72.81874929273764, 18.99057994015274]]]}}, {"type": "Feature", "properties": {"h3": "88608b0a03fffff", "zone_id": "Z3", "shops": 0}, "geometry": {"type": "Polygon", "coordinates": [[[72.82281219776631, 19.012166353779275], [72.82281637018204, 19.01691228024012], [72.81877392311613, 19.01905608299207], [72.81472760820392, 19.0164540995367], [72.814723569942, 19.011708433125225], [72.81876571244628, 19.009564490120436], [72.82281219776631, 19.012166353779275]]]}}, {"type": "Feature", "properties": {"h3": "88608b0a59fffff", "zone_id": "Z3", "shops": 0}, "geometry": {"type": "Polygon", "coordinates": [[[72.83087593923334, 18.984144467884708], [72.8308802449787, 18.98889133613099], [72.82683779200052, 18.991036540254107], [72.82279133775975, 18.988435016204875], [72.82278716617283, 18.983688408063397], [72.82682931467608, 18.98154306386702], [72.83087593923334, 18.984144467884708]]]}}, {"type": "Feature", "properties": {"h3": "88608b189bfffff", "zone_id": "Z4", "shops": 0}, "geometry": {"type": "Polygon", "coordinates": [[[72.83488789033197, 18.94876628682647], [72.83489226208256, 18.953514134323814], [72.83085010775473, 18.955660878755253], [72.82680388607048, 18.95305991557512], [72.82679964846061, 18.948312328295053], [72.8308414984021, 18.946165443978597], [72.83488789033197, 18.94876628682647]]]}}, {"type": "Feature", "properties": {"h3": "88608b1893fffff", "zone_id": "Z4", "shops": 0}, "geometry": {"type": "Polygon", "coordinates": [[[72.83085010775473, 18.955660878755253], [72.83085441264483, 18.96040842659643], [72.8268123617111, 18.962554751038596], [72.82276631030975, 18.95995366758263], [72.82276213955139, 18.955206379959638], [72.82680388607048, 18.95305991557512], [72.83085010775473, 18.955660878755253]]]}}, {"type": "Feature", "properties": {"h3": "88608b014dfffff", "zone_id": "Z4", "shops": 0}, "geometry": {"type": "Polygon", "coordinates": [[[72.82679964846061, 18.948312328295053], [72.82680388607048, 18.95305991557512], [72.82276213955139, 18.955206379959638], [72.81871645984302, 18.952605396998987], [72.81871235634259, 18.947858069994556], [72.8227537984489, 18.945711465675863], [72.82679964846061, 18.948312328295053]]]}}, {"type": "Feature", "properties": {"h3": "88608b0327fffff", "zone_id": "Z4", "shops": 0}, "geometry": {"type": "Polygon", "coordinates": [[[72.83083719393954, 18.941417557165405], [72.8308414984021, 18.946165443978597], [72.82679964846061, 18.948312328295053], [72.8227537984489, 18.945711465675863], [72.82274962810473, 18.940963839137417], [72.82679117366173, 18.938816814944147], [72.83083719393954, 18.941417557165405]]]}}, {"type": "Feature", "properties": {"h3": "88608b0109fffff", "zone_id": "Z5", "shops": 0}, "geometry": {"type": "Polygon", "coordinates": [[[72.80658905293288, 18.954296483139863], [72.8065929555217, 18.959043250151623], [72.80255212849357, 18.961188734540197], [72.79850770337819, 18.958587592007472], [72.79850393482718, 18.95384108538873], [72.80254445736156, 18.951695460910393], [72.80658905293288, 18.954296483139863]]]}}, {"type": "Feature", "properties": {"h3": "88608b0147fffff", "zone_id": "Z5", "shops": 0}, "geometry": {"type": "Polygon", "coordinates": [[[72.81467512122582, 18.954751581375657], [72.81467915788375, 18.959498608722182], [72.81063792279406, 18.96164437308949], [72.8065929555217, 18.959043250151623], [72.80658905293288, 18.954296483139863], [72.81062998355516, 18.952150578731928], [72.81467512122582, 18.954751581375657]]]}}, {"type": "Feature", "properties": {"h3": "88608b010dfffff", "zone_id": "Z5", "shops": 0}, "geometry": {"type": "Polygon", "coordinates": [[[72.81063792279406, 18.96164437308949], [72.81064189261063, 18.96639110065427], [72.80660076108687, 18.968536444944913], [72.80255596425002, 18.965935201769405], [72.80255212849357, 18.961188734540197], [72.8065929555217, 18.959043250151623], [72.81063792279406, 18.96164437308949]]]}}, {"type": "Feature", "properties": {"h3": "88608b0161fffff", "zone_id": "Z5", "shops": 0}, "geometry": {"type": "Polygon", "coordinates": [[[72.8227746522407, 18.969447903485175], [72.8227788234133, 18.974194851642437], [72.8187369793831, 18.97634033590389], [72.81469126865935, 18.973739012065813], [72.8146872316005, 18.968992324128376], [72.8187287711595, 18.966846699809917], [72.8227746522407, 18.969447903485175]]]}}, {"type": "Feature", "properties": {"h3": "88608b0163fffff", "zone_id": "Z5", "shops": 0}, "geometry": {"type": "Polygon", "coordinates": [[[72.8146872316005, 18.968992324128376], [72.81469126865935, 18.973739012065813], [72.810649832638, 18.9758842162503], [72.80660466406324, 18.97328287260422], [72.80660076108687, 18.968536444944913], [72.81064189261063, 18.96639110065427], [72.8146872316005, 18.968992324128376]]]}}, {"type": "Feature", "properties": {"h3": "88608b0151fffff", "zone_id": "Z5", "shops": 0}, "geometry": {"type": "Polygon", "coordinates": [[[72.79849262992249, 18.939600887918694], [72.79849639809933, 18.944347733283212], [72.79445618005673, 18.946493497843047], [72.79041249833494, 18.94389255711231], [72.79040886415123, 18.939145972255577], [72.79444877770402, 18.937000067622538], [72.79849262992249, 18.939600887918694]]]}}, {"type": "Feature", "properties": {"h3": "88608b0129fffff", "zone_id": "Z5", "shops": 0}, "geometry": {"type": "Polygon", "coordinates": [[[72.810649832638, 18.9758842162503], [72.81065380284886, 18.980630604159348], [72.80661247040364, 18.982775388142716], [72.8025674722812, 18.98017392438113], [72.80256363614383, 18.97542779675097], [72.80660466406324, 18.97328287260422], [72.810649832638, 18.9758842162503]]]}}, {"type": "Feature", "properties": {"h3": "88608b0167fffff", "zone_id": "Z5", "shops": 0}, "geometry": {"type": "Polygon", "coordinates": [[[72.8187369793831, 18.97634033590389], [72.81874108369874, 18.981086984033567], [72.81469934317796, 18.983232048103797], [72.81065380284886, 18.980630604159348], [72.810649832638, 18.9758842162503], [72.81469126865935, 18.973739012065813], [72.8187369793831, 18.97634033590389]]]}}, {"type": "Feature", "properties": {"h3": "88608b0169fffff", "zone_id": "Z5", "shops": 0}, "geometry": {"type": "Polygon", "coordinates": [[[72.8268123617111, 18.962554751038596], [72.82681659974187, 18.967301999099707], [72.8227746522407, 18.969447903485175], [72.8187287711595, 18.966846699809917], [72.8187246672515, 18.962099711967824], [72.82276631030975, 18.95995366758263], [72.8268123617111, 18.962554751038596]]]}}, {"type": "Feature", "properties": {"h3": "88608b0155fffff", "zone_id": "Z5", "shops": 0}, "geometry": {"type": "Polygon", "coordinates": [[[72.802540621986, 18.946948654632084], [72.80254445736156, 18.951695460910393], [72.79850393482718, 18.95384108538873], [72.79445988141683, 18.951240043670946], [72.79445618005673, 18.946493497843047], [72.79849639809933, 18.944347733283212], [72.802540621986, 18.946948654632084]]]}}, {"type": "Feature", "properties": {"h3": "88608b016bfffff", "zone_id": "Z5", "shops": 0}, "geometry": {"type": "Polygon", "coordinates": [[[72.8187246672515, 18.962099711967824], [72.8187287711595, 18.966846699809917], [72.8146872316005, 18.968992324128376], [72.81064189261063, 18.96639110065427], [72.81063792279406, 18.96164437308949], [72.81467915788375, 18.959498608722182], [72.8187246672515, 18.962099711967824]]]}}, {"type": "Feature", "properties": {"h3": "88608b0105fffff", "zone_id": "Z5", "shops": 0}, "geometry": {"type": "Polygon", "coordinates": [[[72.80660076108687, 18.968536444944913], [72.80660466406324, 18.97328287260422], [72.80256363614383, 18.97542779675097], [72.79851900977972, 18.97282643339435], [72.79851524085446, 18.968080266071382], [72.80255596425002, 18.965935201769405], [72.80660076108687, 18.968536444944913]]]}}, {"type": "Feature", "properties": {"h3": "88608b0145fffff", "zone_id": "Z5", "shops": 0}, "geometry": {"type": "Polygon", "coordinates": [[[72.82276213955139, 18.955206379959638], [72.82276631030975, 18.95995366758263], [72.8187246672515, 18.962099711967824], [72.81467915788375, 18.959498608722182], [72.81467512122582, 18.954751581375657], [72.81871645984302, 18.952605396998987], [72.82276213955139, 18.955206379959638]]]}}, {"type": "Feature", "properties": {"h3": "88608b19b9fffff", "zone_id": "Z6", "shops": 0}, "geometry": {"type": "Polygon", "coordinates": [[[72.87541900194506, 19.022256887823158], [72.87542404737455, 19.027004332233528], [72.87137884908515, 19.029149677369745], [72.86732890977807, 19.02654771806169], [72.86732399871258, 19.02180053329259], [72.87136889259799, 19.019655048190906], [72.87541900194506, 19.022256887823158]]]}}, {"type": "Feature", "properties": {"h3": "88608b0a69fffff", "zone_id": "Z6", "shops": 0}, "geometry": {"type": "Polygon", "coordinates": [[[72.85517621004728, 19.013995030144734], [72.85518091939146, 19.018741996219674], [72.85113684073872, 19.020886920380924], [72.84708835720521, 19.01828501852392], [72.84708378214007, 19.0135383122649], [72.85112755633722, 19.01139324804761], [72.85517621004728, 19.013995030144734]]]}}, {"type": "Feature", "properties": {"h3": "88608b19bbfffff", "zone_id": "Z6", "shops": 0}, "geometry": {"type": "Polygon", "coordinates": [[[72.86732399871258, 19.02180053329259], [72.86732890977807, 19.02654771806169], [72.86328411903149, 19.02869278265879], [72.85923472165791, 19.026090802502154], [72.85922994492513, 19.02134387743285], [72.86327443124104, 19.019198672821027], [72.86732399871258, 19.02180053329259]]]}}, {"type": "Feature", "properties": {"h3": "88608b1995fffff", "zone_id": "Z6", "shops": 0}, "geometry": {"type": "Polygon", "coordinates": [[[72.87136391460177, 19.01490756265948], [72.87136889259799, 19.019655048190906], [72.86732399871258, 19.02180053329259], [72.86327443124104, 19.019198672821027], [72.86326958758646, 19.014451446988566], [72.86731417706959, 19.012305821929328], [72.87136391460177, 19.01490756265948]]]}}, {"type": "Feature", "properties": {"h3": "88608b19bdfffff", "zone_id": "Z6", "shops": 0}, "geometry": {"type": "Polygon", "coordinates": [[[72.87947452855273, 19.029606270595245], [72.87947964143, 19.034353673703972], [72.87543413873493, 19.03649887886687], [72.87138382757608, 19.03389682089497], [72.87137884908515, 19.029149677369745], [72.87542404737455, 19.027004332233528], [72.87947452855273, 19.029606270595245]]]}}, {"type": "Feature", "properties": {"h3": "88608b1983fffff", "zone_id": "Z6", "shops": 0}, "geometry": {"type": "Polygon", "coordinates": [[[72.87945919093714, 19.015363377020478], [72.8794643033063, 19.020111122192393], [72.87541900194506, 19.022256887823158], [72.87136889259799, 19.019655048190906], [72.87136391460177, 19.01490756265948], [72.87540891158748, 19.012761657120436], [72.87945919093714, 19.015363377020478]]]}}, {"type": "Feature", "properties": {"h3": "88608b0a6dfffff", "zone_id": "Z6", "shops": 0}, "geometry": {"type": "Polygon", "coordinates": [[[72.85922994492513, 19.02134387743285], [72.85923472165791, 19.026090802502154], [72.85519033854779, 19.02823558659943], [72.8511414831701, 19.025633585691978], [72.85113684073872, 19.020886920380924], [72.85518091939146, 19.018741996219674], [72.85922994492513, 19.02134387743285]]]}}, {"type": "Feature", "properties": {"h3": "88608b1997fffff", "zone_id": "Z6", "shops": 0}, "geometry": {"type": "Polygon", "coordinates": [[[72.86326958758646, 19.014451446988566], [72.86327443124104, 19.019198672821027], [72.85922994492513, 19.02134387743285], [72.85518091939146, 19.018741996219674], [72.85517621004728, 19.013995030144734], [72.8592203919342, 19.01184968552608], [72.86326958758646, 19.014451446988566]]]}}, {"type": "Feature", "properties": {"h3": "88608b199dfffff", "zone_id": "Z6", "shops": 0}, "geometry": {"type": "Polygon", "coordinates": [[[72.87540386665934, 19.008013870950247], [72.87540891158748, 19.012761657120436], [72.87136391460177, 19.01490756265948], [72.86731417706959, 19.012305821929328], [72.86730926649207, 19.007558295457336], [72.87135395910394, 19.005412250017947], [72.87540386665934, 19.008013870950247]]]}}, {"type": "Feature", "properties": {"h3": "88608b0b49fffff", "zone_id": "Z6", "shops": 0}, "geometry": {"type": "Polygon", "coordinates": [[[72.87948986769268, 19.043848137430754], [72.87949498107811, 19.04859519792667], [72.87544927702918, 19.050739842432435], [72.87139876403845, 19.048137566481188], [72.87139378505272, 19.043390765511745], [72.87543918466586, 19.041245980967716], [72.87948986769268, 19.043848137430754]]]}}, {"type": "Feature", "properties": {"h3": "88608b19b1fffff", "zone_id": "Z6", "shops": 0}, "geometry": {"type": "Polygon", "coordinates": [[[72.87137884908515, 19.029149677369745], [72.87138382757608, 19.03389682089497], [72.8673387323971, 19.03604174546948], [72.86328896316736, 19.033439666541977], [72.86328411903149, 19.02869278265879], [72.86732890977807, 19.02654771806169], [72.87137884908515, 19.029149677369745]]]}}, {"type": "Feature", "properties": {"h3": "88608b0a61fffff", "zone_id": "Z6", "shops": 0}, "geometry": {"type": "Polygon", "coordinates": [[[72.85113684073872, 19.020886920380924], [72.8511414831701, 19.025633585691978], [72.84709750779001, 19.027778089328727], [72.84304919447037, 19.025176067768253], [72.8430446863091, 19.02042966227385], [72.84708835720521, 19.01828501852392], [72.85113684073872, 19.020886920380924]]]}}, {"type": "Feature", "properties": {"h3": "88608b0b4bfffff", "zone_id": "Z6", "shops": 0}, "geometry": {"type": "Polygon", "coordinates": [[[72.87139378505272, 19.043390765511745], [72.87139876403845, 19.048137566481188], [72.86735346754583, 19.0502819303393], [72.86330349653784, 19.04767963331614], [72.86329865192056, 19.042933091931697], [72.86734364395063, 19.04078858798603], [72.87139378505272, 19.043390765511745]]]}}, {"type": "Feature", "properties": {"h3": "88608b19b3fffff", "zone_id": "Z6", "shops": 0}, "geometry": {"type": "Polygon", "coordinates": [[[72.86328411903149, 19.02869278265879], [72.86328896316736, 19.033439666541977], [72.85924427559814, 19.035584310567355], [72.85519504835995, 19.03298221078207], [72.85519033854779, 19.02823558659943], [72.85923472165791, 19.026090802502154], [72.86328411903149, 19.02869278265879]]]}}, {"type": "Feature", "properties": {"h3": "88608b19b5fffff", "zone_id": "Z6", "shops": 0}, "geometry": {"type": "Polygon", "coordinates": [[[72.87543413873493, 19.03649887886687], [72.87543918466586, 19.041245980967716], [72.87139378505272, 19.043390765511745], [72.86734364395063, 19.04078858798603], [72.8673387323971, 19.03604174546948], [72.87138382757608, 19.03389682089497], [72.87543413873493, 19.03649887886687]]]}}, {"type": "Feature", "properties": {"h3": "88608b19a3fffff", "zone_id": "Z6", "shops": 0}, "geometry": {"type": "Polygon", "coordinates": [[[72.8835304944555, 19.036955710622433], [72.88353567479508, 19.041703072249007], [72.87948986769268, 19.043848137430754], [72.87543918466586, 19.041245980967716], [72.87543413873493, 19.03649887886687], [72.87947964143, 19.034353673703972], [72.8835304944555, 19.036955710622433]]]}}, {"type": "Feature", "properties": {"h3": "88608b19b7fffff", "zone_id": "Z6", "shops": 0}, "geometry": {"type": "Polygon", "coordinates": [[[72.8673387323971, 19.03604174546948], [72.86734364395063, 19.04078858798603], [72.86329865192056, 19.042933091931697], [72.8592490528056, 19.04033089344116], [72.85924427559814, 19.035584310567355], [72.86328896316736, 19.033439666541977], [72.8673387323971, 19.03604174546948]]]}}, {"type": "Feature", "properties": {"h3": "88608b0a6bfffff", "zone_id": "Z7", "shops": 0}, "geometry": {"type": "Polygon", "coordinates": [[[72.84708378214007, 19.0135383122649], [72.84708835720521, 19.01828501852392], [72.8430446863091, 19.02042966227385], [72.83899674483789, 19.017827739870725], [72.83899230402055, 19.013081293486064], [72.84303567043446, 19.01093650963084], [72.84708378214007, 19.0135383122649]]]}}, {"type": "Feature", "properties": {"h3": "88608b0a4bfffff", "zone_id": "Z7", "shops": 0}, "geometry": {"type": "Polygon", "coordinates": [[[72.84301764047649, 18.991948839437686], [72.84302214774209, 18.996695927446687], [72.83897898245083, 18.99884127175219], [72.83493161435206, 18.99623966808151], [72.83492724129853, 18.99149284006137], [72.83897010213954, 18.98934735572375], [72.84301764047649, 18.991948839437686]]]}}, {"type": "Feature", "properties": {"h3": "88608b0a47fffff", "zone_id": "Z7", "shops": 0}, "geometry": {"type": "Polygon", "coordinates": [[[72.84303116272106, 19.00618976260435], [72.84303567043446, 19.01093650963084], [72.83899230402055, 19.013081293486064], [72.83494473438147, 19.01047947041276], [72.83494036089353, 19.00573298331827], [72.83898342282703, 19.00358805936575], [72.84303116272106, 19.00618976260435]]]}}, {"type": "Feature", "properties": {"h3": "88608b0a43fffff", "zone_id": "Z7", "shops": 0}, "geometry": {"type": "Polygon", "coordinates": [[[72.83897898245083, 18.99884127175219], [72.83898342282703, 19.00358805936575], [72.83494036089353, 19.00573298331827], [72.83089316307023, 19.003131259747267], [72.83088885689715, 18.998384732123355], [72.83493161435206, 18.99623966808151], [72.83897898245083, 18.99884127175219]]]}}, {"type": "Feature", "properties": {"h3": "88608b199bfffff", "zone_id": "Z7", "shops": 0}, "geometry": {"type": "Polygon", "coordinates": [[[72.86325505758526, 19.00020908656994], [72.86325990075858, 19.004956653801923], [72.85921561567599, 19.007102418810778], [72.85516679182678, 19.004500756529957], [72.85516208295044, 18.999753449112347], [72.8592060636342, 18.997607544161838], [72.86325505758526, 19.00020908656994]]]}}, {"type": "Feature", "properties": {"h3": "88608b1993fffff", "zone_id": "Z7", "shops": 0}, "geometry": {"type": "Polygon", "coordinates": [[[72.85921561567599, 19.007102418810778], [72.8592203919342, 19.01184968552608], [72.85517621004728, 19.013995030144734], [72.85112755633722, 19.01139324804761], [72.85112291436708, 19.00664624114748], [72.85516679182678, 19.004500756529957], [72.85921561567599, 19.007102418810778]]]}}, {"type": "Feature", "properties": {"h3": "88608b18abfffff", "zone_id": "Z7", "shops": 0}, "geometry": {"type": "Polygon", "coordinates": [[[72.85918696144853, 18.97861643170148], [72.85919173675771, 18.983364380059058], [72.85514795725715, 18.985510845151705], [72.85109970682217, 18.982909501755767], [72.85109506577427, 18.97816181332695], [72.8551385409079, 18.97601520836594], [72.85918696144853, 18.97861643170148]]]}}, {"type": "Feature", "properties": {"h3": "88608b18a7fffff", "zone_id": "Z7", "shops": 0}, "geometry": {"type": "Polygon", "coordinates": [[[72.85920128785055, 18.99285993635037], [72.8592060636342, 18.997607544161838], [72.85516208295044, 18.999753449112347], [72.851113630888, 18.997151886185748], [72.851108989379, 18.992404538246294], [72.85515266566566, 18.9902584933621], [72.85920128785055, 18.99285993635037]]]}}, {"type": "Feature", "properties": {"h3": "88608b18a3fffff", "zone_id": "Z7", "shops": 0}, "geometry": {"type": "Polygon", "coordinates": [[[72.85514795725715, 18.985510845151705], [72.85515266566566, 18.9902584933621], [72.851108989379, 18.992404538246294], [72.84706090908702, 18.989803074846375], [72.84705633493084, 18.985055686565588], [72.85109970682217, 18.982909501755767], [72.85514795725715, 18.985510845151705]]]}}, {"type": "Feature", "properties": {"h3": "88608b0a4dfffff", "zone_id": "Z7", "shops": 0}, "geometry": {"type": "Polygon", "coordinates": [[[72.85516208295044, 18.999753449112347], [72.85516679182678, 19.004500756529957], [72.85112291436708, 19.00664624114748], [72.84707463246437, 19.00404455833893], [72.84707005785376, 18.999297510794168], [72.851113630888, 18.997151886185748], [72.85516208295044, 18.999753449112347]]]}}, {"type": "Feature", "properties": {"h3": "88608b0a49fffff", "zone_id": "Z7", "shops": 0}, "geometry": {"type": "Polygon", "coordinates": [[[72.851108989379, 18.992404538246294], [72.851113630888, 18.997151886185748], [72.84707005785376, 18.999297510794168], [72.84302214774209, 18.996695927446687], [72.84301764047649, 18.991948839437686], [72.84706090908702, 18.989803074846375], [72.851108989379, 18.992404538246294]]]}}, {"type": "Feature", "properties": {"h3": "88608b0a45fffff", "zone_id": "Z7", "shops": 0}, "geometry": {"type": "Polygon", "coordinates": [[[72.85112291436708, 19.00664624114748], [72.85112755633722, 19.01139324804761], [72.84708378214007, 19.0135383122649], [72.84303567043446, 19.01093650963084], [72.84303116272106, 19.00618976260435], [72.84707463246437, 19.00404455833893], [72.85112291436708, 19.00664624114748]]]}}, {"type": "Feature", "properties": {"h3": "88608b0a41fffff", "zone_id": "Z7", "shops": 0}, "geometry": {"type": "Polygon", "coordinates": [[[72.84707005785376, 18.999297510794168], [72.84707463246437, 19.00404455833893], [72.84303116272106, 19.00618976260435], [72.83898342282703, 19.00358805936575], [72.83897898245083, 18.99884127175219], [72.84302214774209, 18.996695927446687], [72.84707005785376, 18.999297510794168]]]}}, {"type": "Feature", "properties": {"h3": "88608b1991fffff", "zone_id": "Z7", "shops": 0}, "geometry": {"type": "Polygon", "coordinates": [[[72.86730926649207, 19.007558295457336], [72.86731417706959, 19.012305821929328], [72.86326958758646, 19.014451446988566], [72.8592203919342, 19.01184968552608], [72.85921561567599, 19.007102418810778], [72.86325990075858, 19.004956653801923], [72.86730926649207, 19.007558295457336]]]}}, {"type": "Feature", "properties": {"h3": "88608b18b5fffff", "zone_id": "Z7", "shops": 0}, "geometry": {"type": "Polygon", "coordinates": [[[72.84705633493084, 18.985055686565588], [72.84706090908702, 18.989803074846375], [72.84301764047649, 18.991948839437686], [72.83897010213954, 18.98934735572375], [72.83896566220444, 18.98460022743102], [72.84300862639306, 18.982454322864868], [72.84705633493084, 18.985055686565588]]]}}, {"type": "Feature", "properties": {"h3": "88608b0a05fffff", "zone_id": "Z8", "shops": 0}, "geometry": {"type": "Polygon", "coordinates": [[[72.83495348179187, 19.019972103248666], [72.83495785571434, 19.02471824886798], [72.83091469607469, 19.026862191701643], [72.82686746705745, 19.024260129128287], [72.82686322734249, 19.0195142434424], [72.83090608244508, 19.017370160397117], [72.83495348179187, 19.019972103248666]]]}}, {"type": "Feature", "properties": {"h3": "88608b0a67fffff", "zone_id": "Z8", "shops": 0}, "geometry": {"type": "Polygon", "coordinates": [[[72.84709750779001, 19.027778089328727], [72.84710208330971, 19.03252445375239], [72.8430582112408, 19.03466853679758], [72.83901006817237, 19.03206639559008], [72.83900562691382, 19.027320290983774], [72.84304919447037, 19.025176067768253], [72.84709750779001, 19.027778089328727]]]}}, {"type": "Feature", "properties": {"h3": "88608b0b5dfffff", "zone_id": "Z8", "shops": 0}, "geometry": {"type": "Polygon", "coordinates": [[[72.86329865192056, 19.042933091931697], [72.86330349653784, 19.04767963331614], [72.85925860769524, 19.049823716565957], [72.85520917873242, 19.047221398568762], [72.85520446845226, 19.042475116827767], [72.8592490528056, 19.04033089344116], [72.86329865192056, 19.042933091931697]]]}}, {"type": "Feature", "properties": {"h3": "88608b0a2dfffff", "zone_id": "Z8", "shops": 0}, "geometry": {"type": "Polygon", "coordinates": [[[72.8430582112408, 19.03466853679758], [72.84306271984998, 19.03941460021047], [72.83901895113075, 19.041558262597132], [72.83497097835085, 19.038956001799026], [72.83496660399382, 19.034210198204175], [72.83901006817237, 19.03206639559008], [72.8430582112408, 19.03466853679758]]]}}, {"type": "Feature", "properties": {"h3": "88608b0a65fffff", "zone_id": "Z8", "shops": 0}, "geometry": {"type": "Polygon", "coordinates": [[[72.85519033854779, 19.02823558659943], [72.85519504835995, 19.03298221078207], [72.85115076849411, 19.03512657429768], [72.84710208330971, 19.03252445375239], [72.84709750779001, 19.027778089328727], [72.8511414831701, 19.025633585691978], [72.85519033854779, 19.02823558659943]]]}}, {"type": "Feature", "properties": {"h3": "88608b0b5bfffff", "zone_id": "Z8", "shops": 0}, "geometry": {"type": "Polygon", "coordinates": [[[72.85115076849411, 19.03512657429768], [72.85115541138677, 19.03987289747024], [72.84711123480373, 19.042016840337187], [72.84306271984998, 19.03941460021047], [72.8430582112408, 19.03466853679758], [72.84710208330971, 19.03252445375239], [72.85115076849411, 19.03512657429768]]]}}, {"type": "Feature", "properties": {"h3": "88608b0b53fffff", "zone_id": "Z8", "shops": 0}, "geometry": {"type": "Polygon", "coordinates": [[[72.84711123480373, 19.042016840337187], [72.84711581077809, 19.04676286237626], [72.84307173751637, 19.048906384527623], [72.8390233928306, 19.046304024875884], [72.83901895113075, 19.041558262597132], [72.84306271984998, 19.03941460021047], [72.84711123480373, 19.042016840337187]]]}}, {"type": "Feature", "properties": {"h3": "88608b0a63fffff", "zone_id": "Z8", "shops": 0}, "geometry": {"type": "Polygon", "coordinates": [[[72.8430446863091, 19.02042966227385], [72.84304919447037, 19.025176067768253], [72.83900562691382, 19.027320290983774], [72.83495785571434, 19.02471824886798], [72.83495348179187, 19.019972103248666], [72.83899674483789, 19.017827739870725], [72.8430446863091, 19.02042966227385]]]}}, {"type": "Feature", "properties": {"h3": "88608b0b59fffff", "zone_id": "Z8", "shops": 0}, "geometry": {"type": "Polygon", "coordinates": [[[72.85924427559814, 19.035584310567355], [72.8592490528056, 19.04033089344116], [72.85520446845226, 19.042475116827767], [72.85115541138677, 19.03987289747024], [72.85115076849411, 19.03512657429768], [72.85519504835995, 19.03298221078207], [72.85924427559814, 19.035584310567355]]]}}, {"type": "Feature", "properties": {"h3": "88608b0b51fffff", "zone_id": "Z8", "shops": 0}, "geometry": {"type": "Polygon", "coordinates": [[[72.85520446845226, 19.042475116827767], [72.85520917873242, 19.047221398568762], [72.85116469763348, 19.049365201249643], [72.84711581077809, 19.04676286237626], [72.84711123480373, 19.042016840337187], [72.85115541138677, 19.03987289747024], [72.85520446845226, 19.042475116827767]]]}}, {"type": "Feature", "properties": {"h3": "88608b0a0dfffff", "zone_id": "Z8", "shops": 0}, "geometry": {"type": "Polygon", "coordinates": [[[72.83899230402055, 19.013081293486064], [72.83899674483789, 19.017827739870725], [72.83495348179187, 19.019972103248666], [72.83090608244508, 19.017370160397117], [72.8309017758442, 19.0126239739452], [72.83494473438147, 19.01047947041276], [72.83899230402055, 19.013081293486064]]]}}, {"type": "Feature", "properties": {"h3": "88608b56d7fffff", "zone_id": "Z9", "shops": 0}, "geometry": {"type": "Polygon", "coordinates": [[[72.90784200816346, 19.052568471258077], [72.90784759247174, 19.0573162680229], [72.90380036196035, 19.059461614809663], [72.89974785150534, 19.05685930473021], [72.89974240171293, 19.052111767258186], [72.90378932786749, 19.04996628057341], [72.90784200816346, 19.052568471258077]]]}}, {"type": "Feature", "properties": {"h3": "88608b1989fffff", "zone_id": "Z9", "shops": 0}, "geometry": {"type": "Polygon", "coordinates": [[[72.89159591442267, 19.0089241179275], [72.89160122814584, 19.013672423318354], [72.8875554164363, 19.015818889934625], [72.88350459533167, 19.013217190962422], [72.88349941602165, 19.00846914515261], [72.88754492341093, 19.006322538734604], [72.89159591442267, 19.0089241179275]]]}}, {"type": "Feature", "properties": {"h3": "88608b568bfffff", "zone_id": "Z9", "shops": 0}, "geometry": {"type": "Polygon", "coordinates": [[[72.91190064465435, 19.059918556531574], [72.91190629651321, 19.06466631115676], [72.90785876164344, 19.06681151803778], [72.90380587928101, 19.06420911019995], [72.90380036196035, 19.059461614809663], [72.90784759247174, 19.0573162680229], [72.91190064465435, 19.059918556531574]]]}}, {"type": "Feature", "properties": {"h3": "88608b5691fffff", "zone_id": "Z9", "shops": 0}, "geometry": {"type": "Polygon", "coordinates": [[[72.89570102824162, 19.059004370701967], [72.89570641105531, 19.063751606798668], [72.89165969072099, 19.065896251990292], [72.88760789199303, 19.063293801090257], [72.88760264365497, 19.058546824345765], [72.89164905957705, 19.0564020391497], [72.89570102824162, 19.059004370701967]]]}}, {"type": "Feature", "properties": {"h3": "88608b19cbfffff", "zone_id": "Z9", "shops": 0}, "geometry": {"type": "Polygon", "coordinates": [[[72.89967701828606, 18.995132411515367], [72.8996824659122, 18.99988131780892], [72.89563644838584, 19.002028625057335], [72.8915852875044, 18.99942716570003], [72.89157997430928, 18.99467851898571], [72.89562568757238, 18.99253107205006], [72.89967701828606, 18.995132411515367]]]}}, {"type": "Feature", "properties": {"h3": "88608b19a5fffff", "zone_id": "Z9", "shops": 0}, "geometry": {"type": "Polygon", "coordinates": [[[72.89568488087052, 19.044761975736847], [72.8956902631492, 19.04950955511], [72.89164374426923, 19.05165476102913], [72.88759214750053, 19.049052527515347], [72.88758689968411, 19.04430520755152], [72.89163311418193, 19.042159861692745], [72.89568488087052, 19.044761975736847]]]}}, {"type": "Feature", "properties": {"h3": "88608b1985fffff", "zone_id": "Z9", "shops": 0}, "geometry": {"type": "Polygon", "coordinates": [[[72.8916118561203, 19.023168692348683], [72.89161717037162, 19.02791665586591], [72.88757115727796, 19.030062562198157], [72.88352013429119, 19.027460644880613], [72.88351495446642, 19.022712940887534], [72.8875606632097, 19.02056689468845], [72.8916118561203, 19.023168692348683]]]}}, {"type": "Feature", "properties": {"h3": "88608b19abfffff", "zone_id": "Z9", "shops": 0}, "geometry": {"type": "Polygon", "coordinates": [[[72.88757115727796, 19.030062562198157], [72.88757640457283, 19.03481022483185], [72.8835304944555, 19.036955710622433], [72.87947964143, 19.034353673703972], [72.87947452855273, 19.029606270595245], [72.88352013429119, 19.027460644880613], [72.88757115727796, 19.030062562198157]]]}}, {"type": "Feature", "properties": {"h3": "88608b56d3fffff", "zone_id": "Z9", "shops": 0}, "geometry": {"type": "Polygon", "coordinates": [[[72.90378381109527, 19.045218441849592], [72.90378932786749, 19.04996628057341], [72.89974240171293, 19.052111767258186], [72.8956902631492, 19.04950955511], [72.89568488087052, 19.044761975736847], [72.89973150266984, 19.042616349161793], [72.90378381109527, 19.045218441849592]]]}}, {"type": "Feature", "properties": {"h3": "88608b19c1fffff", "zone_id": "Z9", "shops": 0}, "geometry": {"type": "Polygon", "coordinates": [[[72.90373416836972, 19.002482756159235], [72.90373968349715, 19.00723162158484], [72.89969336170591, 19.009378789138054], [72.89564182905993, 19.006777230961454], [72.89563644838584, 19.002028625057335], [72.8996824659122, 18.99988131780892], [72.90373416836972, 19.002482756159235]]]}}, {"type": "Feature", "properties": {"h3": "88608b569dfffff", "zone_id": "Z9", "shops": 0}, "geometry": {"type": "Polygon", "coordinates": [[[72.90380036196035, 19.059461614809663], [72.90380587928101, 19.06420911019995], [72.89975875163191, 19.066354036216584], [72.89570641105531, 19.063751606798668], [72.89570102824162, 19.059004370701967], [72.89974785150534, 19.05685930473021], [72.90380036196035, 19.059461614809663]]]}}, {"type": "Feature", "properties": {"h3": "88608b19c7fffff", "zone_id": "Z9", "shops": 0}, "geometry": {"type": "Polygon", "coordinates": [[[72.89969336170591, 19.009378789138054], [72.89969880987351, 19.014127354051343], [72.89565259094289, 19.016274101264973], [72.89160122814584, 19.013672423318354], [72.89159591442267, 19.0089241179275], [72.89564182905993, 19.006777230961454], [72.89969336170591, 19.009378789138054]]]}}, {"type": "Feature", "properties": {"h3": "88608b19a1fffff", "zone_id": "Z9", "shops": 0}, "geometry": {"type": "Polygon", "coordinates": [[[72.89162779940243, 19.037412240599053], [72.89163311418193, 19.042159861692745], [72.88758689968411, 19.04430520755152], [72.88353567479508, 19.041703072249007], [72.8835304944555, 19.036955710622433], [72.88757640457283, 19.03481022483185], [72.89162779940243, 19.037412240599053]]]}}, {"type": "Feature", "properties": {"h3": "88608b19ddfffff", "zone_id": "Z9", "shops": 0}, "geometry": {"type": "Polygon", "coordinates": [[[72.89157997430928, 18.99467851898571], [72.8915852875044, 18.99942716570003], [72.88753967715893, 19.00157419241062], [72.8834890579163, 18.99897271214407], [72.88348387912094, 18.99422432506759], [72.88752918517626, 18.992077158620443], [72.89157997430928, 18.99467851898571]]]}}, {"type": "Feature", "properties": {"h3": "88608b19a7fffff", "zone_id": "Z9", "shops": 0}, "geometry": {"type": "Polygon", "coordinates": [[[72.88758689968411, 19.04430520755152], [72.88759214750053, 19.049052527515347], [72.88354603598911, 19.051197452708156], [72.87949498107811, 19.04859519792667], [72.87948986769268, 19.043848137430754], [72.88353567479508, 19.041703072249007], [72.88758689968411, 19.04430520755152]]]}}, {"type": "Feature", "properties": {"h3": "88608b1981fffff", "zone_id": "Z9", "shops": 0}, "geometry": {"type": "Polygon", "coordinates": [[[72.8875554164363, 19.015818889934625], [72.8875606632097, 19.02056689468845], [72.88351495446642, 19.022712940887534], [72.8794643033063, 19.020111122192393], [72.87945919093714, 19.015363377020478], [72.88350459533167, 19.013217190962422], [72.8875554164363, 19.015818889934625]]]}}, {"type": "Feature", "properties": {"h3": "88608b5683fffff", "zone_id": "Z9", "shops": 0}, "geometry": {"type": "Polygon", "coordinates": [[[72.90785876164344, 19.06681151803778], [72.90786434650687, 19.071558971165725], [72.90381691447081, 19.073703757219597], [72.89976420196608, 19.07110123010889], [72.89975875163191, 19.066354036216584], [72.90380587928101, 19.06420911019995], [72.90785876164344, 19.06681151803778]]]}}, {"type": "Feature", "properties": {"h3": "88608b19e3fffff", "zone_id": "Z9", "shops": 0}, "geometry": {"type": "Polygon", "coordinates": [[[72.89970970675019, 19.02362414206961], [72.8997151554593, 19.028372365052373], [72.89566873510435, 19.030518552041443], [72.89161717037162, 19.02791665586591], [72.8916118561203, 19.023168692348683], [72.89565797215175, 19.02102236554207], [72.89970970675019, 19.02362414206961]]]}}, {"type": "Feature", "properties": {"h3": "88608b5699fffff", "zone_id": "Z9", "shops": 0}, "geometry": {"type": "Polygon", "coordinates": [[[72.89974240171293, 19.052111767258186], [72.89974785150534, 19.05685930473021], [72.89570102824162, 19.059004370701967], [72.89164905957705, 19.0564020391497], [72.89164374426923, 19.05165476102913], [72.8956902631492, 19.04950955511], [72.89974240171293, 19.052111767258186]]]}}, {"type": "Feature", "properties": {"h3": "88608b1987fffff", "zone_id": "Z9", "shops": 0}, "geometry": {"type": "Polygon", "coordinates": [[[72.88351495446642, 19.022712940887534], [72.88352013429119, 19.027460644880613], [72.87947452855273, 19.029606270595245], [72.87542404737455, 19.027004332233528], [72.87541900194506, 19.022256887823158], [72.8794643033063, 19.020111122192393], [72.88351495446642, 19.022712940887534]]]}}, {"type": "Feature", "properties": {"h3": "88608b19c3fffff", "zone_id": "Z9", "shops": 0}, "geometry": {"type": "Polygon", "coordinates": [[[72.89563644838584, 19.002028625057335], [72.89564182905993, 19.006777230961454], [72.89159591442267, 19.0089241179275], [72.88754492341093, 19.006322538734604], [72.88753967715893, 19.00157419241062], [72.8915852875044, 18.99942716570003], [72.89563644838584, 19.002028625057335]]]}}, {"type": "Feature", "properties": {"h3": "88608b198dfffff", "zone_id": "Z9", "shops": 0}, "geometry": {"type": "Polygon", "coordinates": [[[72.89565259094289, 19.016274101264973], [72.89565797215175, 19.02102236554207], [72.8916118561203, 19.023168692348683], [72.8875606632097, 19.02056689468845], [72.8875554164363, 19.015818889934625], [72.89160122814584, 19.013672423318354], [72.89565259094289, 19.016274101264973]]]}}, {"type": "Feature", "properties": {"h3": "88608b19c9fffff", "zone_id": "Z9", "shops": 0}, "geometry": {"type": "Polygon", "coordinates": [[[72.90777501089458, 18.995586002519794], [72.907780592983, 19.000335168333905], [72.90373416836972, 19.002482756159235], [72.8996824659122, 18.99988131780892], [72.89967701828606, 18.995132411515367], [72.90372313866297, 18.99298468405216], [72.90777501089458, 18.995586002519794]]]}}, {"type": "Feature", "properties": {"h3": "88608b5695fffff", "zone_id": "Z9", "shops": 0}, "geometry": {"type": "Polygon", "coordinates": [[[72.89975875163191, 19.066354036216584], [72.89976420196608, 19.07110123010889], [72.89571717721783, 19.073245735288314], [72.89166500655715, 19.070643186588246], [72.89165969072099, 19.065896251990292], [72.89570641105531, 19.063751606798668], [72.89975875163191, 19.066354036216584]]]}}, {"type": "Feature", "properties": {"h3": "88608b19a9fffff", "zone_id": "Z9", "shops": 0}, "geometry": {"type": "Polygon", "coordinates": [[[72.89566873510435, 19.030518552041443], [72.8956741168481, 19.035266474141512], [72.89162779940243, 19.037412240599053], [72.88757640457283, 19.03481022483185], [72.88757115727796, 19.030062562198157], [72.89161717037162, 19.02791665586591], [72.89566873510435, 19.030518552041443]]]}}, {"type": "Feature", "properties": {"h3": "88608b56d1fffff", "zone_id": "Z9", "shops": 0}, "geometry": {"type": "Polygon", "coordinates": [[[72.91188369020148, 19.04567460575254], [72.9118893414985, 19.050422703768398], [72.90784200816346, 19.052568471258077], [72.90378932786749, 19.04996628057341], [72.90378381109527, 19.045218441849592], [72.90783084010202, 19.043072534519], [72.91188369020148, 19.04567460575254]]]}}, {"type": "Feature", "properties": {"h3": "88608b569bfffff", "zone_id": "Z9", "shops": 0}, "geometry": {"type": "Polygon", "coordinates": [[[72.89164374426923, 19.05165476102913], [72.89164905957705, 19.0564020391497], [72.88760264365497, 19.058546824345765], [72.88355121684359, 19.055944471418616], [72.88354603598911, 19.051197452708156], [72.88759214750053, 19.049052527515347], [72.89164374426923, 19.05165476102913]]]}}, {"type": "Feature", "properties": {"h3": "88608b0b39fffff", "zone_id": "Z10", "shops": 0}, "geometry": {"type": "Polygon", "coordinates": [[[72.84713869292348, 19.070491257598285], [72.84714326980733, 19.0752365932212], [72.84309879409989, 19.077378993018794], [72.83905004611924, 19.074776197559054], [72.83904560353662, 19.070031121582094], [72.84308977464126, 19.067888581419567], [72.84713869292348, 19.070491257598285]]]}}, {"type": "Feature", "properties": {"h3": "88608b0b43fffff", "zone_id": "Z10", "shops": 0}, "geometry": {"type": "Polygon", "coordinates": [[[72.86735346754583, 19.0502819303393], [72.86735837958747, 19.05502843005394], [72.86331318625389, 19.057172373159116], [72.85926338537745, 19.05456995669492], [72.85925860769524, 19.049823716565957], [72.86330349653784, 19.04767963331614], [72.86735346754583, 19.0502819303393]]]}}, {"type": "Feature", "properties": {"h3": "88608b0b57fffff", "zone_id": "Z10", "shops": 0}, "geometry": {"type": "Polygon", "coordinates": [[[72.85116469763348, 19.049365201249643], [72.85116934098751, 19.054111181734452], [72.84712496318151, 19.056254563642703], [72.84307624657355, 19.053652105309865], [72.84307173751637, 19.048906384527623], [72.84711581077809, 19.04676286237626], [72.85116469763348, 19.049365201249643]]]}}, {"type": "Feature", "properties": {"h3": "88608b0b6bfffff", "zone_id": "Z10", "shops": 0}, "geometry": {"type": "Polygon", "coordinates": [[[72.87546441682801, 19.064979776871716], [72.87546946376202, 19.069726192705286], [72.87142366144131, 19.071869855497926], [72.86737311668884, 19.069267242617745], [72.86736820415899, 19.064521086254157], [72.87141370198529, 19.0623772833014], [72.87546441682801, 19.064979776871716]]]}}, {"type": "Feature", "properties": {"h3": "88608b0b03fffff", "zone_id": "Z10", "shops": 0}, "geometry": {"type": "Polygon", "coordinates": [[[72.85117862815703, 19.063602799589376], [72.8511832719725, 19.068348436837475], [72.84713869292348, 19.070491257598285], [72.84308977464126, 19.067888581419567], [72.84308526513601, 19.06314320381684], [72.84712953961059, 19.061000242748083], [72.85117862815703, 19.063602799589376]]]}}, {"type": "Feature", "properties": {"h3": "88608b0b0dfffff", "zone_id": "Z10", "shops": 0}, "geometry": {"type": "Polygon", "coordinates": [[[72.86736820415899, 19.064521086254157], [72.86737311668884, 19.069267242617745], [72.86332772203171, 19.07141062469364], [72.85927771937365, 19.068807990616], [72.85927294121664, 19.06406209378093], [72.86331803135266, 19.06191857149562], [72.86736820415899, 19.064521086254157]]]}}, {"type": "Feature", "properties": {"h3": "88608b0b2bfffff", "zone_id": "Z10", "shops": 0}, "geometry": {"type": "Polygon", "coordinates": [[[72.85928727616255, 19.078299440565395], [72.85929205479447, 19.08304499355777], [72.85524686659124, 19.085187533679502], [72.85119720434193, 19.082584661132884], [72.85119256006494, 19.07783936767019], [72.85523744369019, 19.075696687225058], [72.85928727616255, 19.078299440565395]]]}}, {"type": "Feature", "properties": {"h3": "88608b0b35fffff", "zone_id": "Z10", "shops": 0}, "geometry": {"type": "Polygon", "coordinates": [[[72.84715242402989, 19.08472692055784], [72.8471570013686, 19.08947191214972], [72.84311232440824, 19.091613750487877], [72.83906337475003, 19.089010737664385], [72.83905893172593, 19.08426600566113], [72.84310330405329, 19.082124026893386], [72.84715242402989, 19.08472692055784]]]}}, {"type": "Feature", "properties": {"h3": "88608b0b07fffff", "zone_id": "Z10", "shops": 0}, "geometry": {"type": "Polygon", "coordinates": [[[72.85523273247377, 19.07095109201462], [72.85523744369019, 19.075696687225058], [72.85119256006494, 19.07783936767019], [72.84714326980733, 19.0752365932212], [72.84713869292348, 19.070491257598285], [72.8511832719725, 19.068348436837475], [72.85523273247377, 19.07095109201462]]]}}, {"type": "Feature", "properties": {"h3": "88608b0b09fffff", "zone_id": "Z10", "shops": 0}, "geometry": {"type": "Polygon", "coordinates": [[[72.86331318625389, 19.057172373159116], [72.86331803135266, 19.06191857149562], [72.85927294121664, 19.06406209378093], [72.85522331050909, 19.061459557932046], [72.85521859976085, 19.056713619181888], [72.85926338537745, 19.05456995669492], [72.86331318625389, 19.057172373159116]]]}}, {"type": "Feature", "properties": {"h3": "88608b0b1dfffff", "zone_id": "Z10", "shops": 0}, "geometry": {"type": "Polygon", "coordinates": [[[72.84712496318151, 19.056254563642703], [72.84712953961059, 19.061000242748083], [72.84308526513601, 19.06314320381684], [72.83903671881284, 19.060540626081], [72.83903227667163, 19.055795206678795], [72.84307624657355, 19.053652105309865], [72.84712496318151, 19.056254563642703]]]}}, {"type": "Feature", "properties": {"h3": "88608b0b63fffff", "zone_id": "Z10", "shops": 0}, "geometry": {"type": "Polygon", "coordinates": [[[72.87142366144131, 19.071869855497926], [72.87142864141681, 19.076615969708133], [72.86738294223683, 19.078759211566897], [72.863332567612, 19.0761564794332], [72.86332772203171, 19.07141062469364], [72.86737311668884, 19.069267242617745], [72.87142366144131, 19.071869855497926]]]}}, {"type": "Feature", "properties": {"h3": "88608b0b05fffff", "zone_id": "Z10", "shops": 0}, "geometry": {"type": "Polygon", "coordinates": [[[72.86332772203171, 19.07141062469364], [72.863332567612, 19.0761564794332], [72.85928727616255, 19.078299440565395], [72.85523744369019, 19.075696687225058], [72.85523273247377, 19.07095109201462], [72.85927771937365, 19.068807990616], [72.86332772203171, 19.07141062469364]]]}}, {"type": "Feature", "properties": {"h3": "88608b0b23fffff", "zone_id": "Z10", "shops": 0}, "geometry": {"type": "Polygon", "coordinates": [[[72.85524686659124, 19.085187533679502], [72.8552515782759, 19.089932784801594], [72.85120649335747, 19.09207490384622], [72.8471570013686, 19.08947191214972], [72.84715242402989, 19.08472692055784], [72.85119720434193, 19.082584661132884], [72.85524686659124, 19.085187533679502]]]}}, {"type": "Feature", "properties": {"h3": "88608b0b55fffff", "zone_id": "Z10", "shops": 0}, "geometry": {"type": "Polygon", "coordinates": [[[72.85925860769524, 19.049823716565957], [72.85926338537745, 19.05456995669492], [72.85521859976085, 19.056713619181888], [72.85116934098751, 19.054111181734452], [72.85116469763348, 19.049365201249643], [72.85520917873242, 19.047221398568762], [72.85925860769524, 19.049823716565957]]]}}, {"type": "Feature", "properties": {"h3": "88608b0b01fffff", "zone_id": "Z10", "shops": 0}, "geometry": {"type": "Polygon", "coordinates": [[[72.85927294121664, 19.06406209378093], [72.85927771937365, 19.068807990616], [72.85523273247377, 19.07095109201462], [72.8511832719725, 19.068348436837475], [72.85117862815703, 19.063602799589376], [72.85522331050909, 19.061459557932046], [72.85927294121664, 19.06406209378093]]]}}, {"type": "Feature", "properties": {"h3": "88608b0b0bfffff", "zone_id": "Z10", "shops": 0}, "geometry": {"type": "Polygon", "coordinates": [[[72.85521859976085, 19.056713619181888], [72.85522331050909, 19.061459557932046], [72.85117862815703, 19.063602799589376], [72.84712953961059, 19.061000242748083], [72.84712496318151, 19.056254563642703], [72.85116934098751, 19.054111181734452], [72.85521859976085, 19.056713619181888]]]}}, {"type": "Feature", "properties": {"h3": "88608b0b29fffff", "zone_id": "Z10", "shops": 0}, "geometry": {"type": "Polygon", "coordinates": [[[72.86738294223683, 19.078759211566897], [72.86738785525495, 19.083505024030494], [72.86334225925421, 19.08564784488856], [72.85929205479447, 19.08304499355777], [72.85928727616255, 19.078299440565395], [72.863332567612, 19.0761564794332], [72.86738294223683, 19.078759211566897]]]}}, {"type": "Feature", "properties": {"h3": "88608b0b3dfffff", "zone_id": "Z10", "shops": 0}, "geometry": {"type": "Polygon", "coordinates": [[[72.85119256006494, 19.07783936767019], [72.85119720434193, 19.082584661132884], [72.84715242402989, 19.08472692055784], [72.84310330405329, 19.082124026893386], [72.84309879409989, 19.077378993018794], [72.84714326980733, 19.0752365932212], [72.85119256006494, 19.07783936767019]]]}}, {"type": "Feature", "properties": {"h3": "88608b0b47fffff", "zone_id": "Z10", "shops": 0}, "geometry": {"type": "Polygon", "coordinates": [[[72.87140872250471, 19.057630825437034], [72.87141370198529, 19.0623772833014], [72.86736820415899, 19.064521086254157], [72.86331803135266, 19.06191857149562], [72.86331318625389, 19.057172373159116], [72.86735837958747, 19.05502843005394], [72.87140872250471, 19.057630825437034]]]}}, {"type": "Feature", "properties": {"h3": "88608b0b37fffff", "zone_id": "Z11", "shops": 0}, "geometry": {"type": "Polygon", "coordinates": [[[72.83905893172593, 19.08426600566113], [72.83906337475003, 19.089010737664385], [72.83501910584127, 19.091152295335686], [72.83097069857578, 19.08854926148319], [72.83096638983498, 19.0838047891269], [72.83501035408419, 19.081663090976804], [72.83905893172593, 19.08426600566113]]]}}, {"type": "Feature", "properties": {"h3": "88608b0b31fffff", "zone_id": "Z11", "shops": 0}, "geometry": {"type": "Polygon", "coordinates": [[[72.84309879409989, 19.077378993018794], [72.84310330405329, 19.082124026893386], [72.83905893172593, 19.08426600566113], [72.83501035408419, 19.081663090976804], [72.83500597842307, 19.07691831674867], [72.83905004611924, 19.074776197559054], [72.84309879409989, 19.077378993018794]]]}}, {"type": "Feature", "properties": {"h3": "88608b086dfffff", "zone_id": "Z11", "shops": 0}, "geometry": {"type": "Polygon", "coordinates": [[[72.83095346446878, 19.069570684103454], [72.83095777278147, 19.074315500376112], [72.82691411318997, 19.07645733899733], [72.82286644994947, 19.07385450180983], [72.82286227587534, 19.06910994529978], [72.82690563081098, 19.06696796621524], [72.83095346446878, 19.069570684103454]]]}}, {"type": "Feature", "properties": {"h3": "88608b0b19fffff", "zone_id": "Z11", "shops": 0}, "geometry": {"type": "Polygon", "coordinates": [[[72.84307173751637, 19.048906384527623], [72.84307624657355, 19.053652105309865], [72.83903227667163, 19.055795206678795], [72.83498410229119, 19.053192727558468], [72.83497972749953, 19.048447266537146], [72.8390233928306, 19.046304024875884], [72.84307173751637, 19.048906384527623]]]}}, {"type": "Feature", "properties": {"h3": "88608b0b3bfffff", "zone_id": "Z11", "shops": 0}, "geometry": {"type": "Polygon", "coordinates": [[[72.83904560353662, 19.070031121582094], [72.83905004611924, 19.074776197559054], [72.83500597842307, 19.07691831674867], [72.83095777278147, 19.074315500376112], [72.83095346446878, 19.069570684103454], [72.83499722753558, 19.067428424499695], [72.83904560353662, 19.070031121582094]]]}}, {"type": "Feature", "properties": {"h3": "88608b0b13fffff", "zone_id": "Z11", "shops": 0}, "geometry": {"type": "Polygon", "coordinates": [[[72.83094054038679, 19.055335548427546], [72.83094484827144, 19.060080708068213], [72.82690138983217, 19.06222310807835], [72.82285392814181, 19.059620488847038], [72.82284975448236, 19.05487558902622], [72.82689290829592, 19.052733048617508], [72.83094054038679, 19.055335548427546]]]}}, {"type": "Feature", "properties": {"h3": "88608b0849fffff", "zone_id": "Z11", "shops": 0}, "geometry": {"type": "Polygon", "coordinates": [[[72.82283723433332, 19.04064020391739], [72.82284140757814, 19.045385446500443], [72.8187985583884, 19.047528127299877], [72.81475184058367, 19.044925705899825], [72.81474780151937, 19.04018072325209], [72.81879034608713, 19.03803790206978], [72.82283723433332, 19.04064020391739]]]}}, {"type": "Feature", "properties": {"h3": "88608b0865fffff", "zone_id": "Z11", "shops": 0}, "geometry": {"type": "Polygon", "coordinates": [[[72.82691411318997, 19.07645733899733], [72.82691835459018, 19.081201853520632], [72.82287479851246, 19.08334327109271], [72.81882730572654, 19.080740314662425], [72.81882319855593, 19.07599605990219], [72.82286644994947, 19.07385450180983], [72.82691411318997, 19.07645733899733]]]}}, {"type": "Feature", "properties": {"h3": "88608b0b17fffff", "zone_id": "Z11", "shops": 0}, "geometry": {"type": "Polygon", "coordinates": [[[72.83499285230923, 19.062683306600707], [72.83499722753558, 19.067428424499695], [72.83095346446878, 19.069570684103454], [72.82690563081098, 19.06696796621524], [72.82690138983217, 19.06222310807835], [72.83094484827144, 19.060080708068213], [72.83499285230923, 19.062683306600707]]]}}, {"type": "Feature", "properties": {"h3": "88608b0b11fffff", "zone_id": "Z11", "shops": 0}, "geometry": {"type": "Polygon", "coordinates": [[[72.83903227667163, 19.055795206678795], [72.83903671881284, 19.060540626081], [72.83499285230923, 19.062683306600707], [72.83094484827144, 19.060080708068213], [72.83094054038679, 19.055335548427546], [72.83498410229119, 19.053192727558468], [72.83903227667163, 19.055795206678795]]]}}, {"type": "Feature", "properties": {"h3": "88608b0b33fffff", "zone_id": "Z11", "shops": 0}, "geometry": {"type": "Polygon", "coordinates": [[[72.83500597842307, 19.07691831674867], [72.83501035408419, 19.081663090976804], [72.83096638983498, 19.0838047891269], [72.82691835459018, 19.081201853520632], [72.82691411318997, 19.07645733899733], [72.83095777278147, 19.074315500376112], [72.83500597842307, 19.07691831674867]]]}}, {"type": "Feature", "properties": {"h3": "88608b084dfffff", "zone_id": "Z11", "shops": 0}, "geometry": {"type": "Polygon", "coordinates": [[[72.82688866773846, 19.047987847415474], [72.82689290829592, 19.052733048617508], [72.82284975448236, 19.05487558902622], [72.818802664743, 19.0522730686243], [72.8187985583884, 19.047528127299877], [72.82284140757814, 19.045385446500443], [72.82688866773846, 19.047987847415474]]]}}, {"type": "Feature", "properties": {"h3": "88608b0869fffff", "zone_id": "Z11", "shops": 0}, "geometry": {"type": "Polygon", "coordinates": [[[72.82690138983217, 19.06222310807835], [72.82690563081098, 19.06696796621524], [72.82286227587534, 19.06910994529978], [72.81881498462275, 19.06650720670365], [72.81881087786017, 19.06176260838713], [72.82285392814181, 19.059620488847038], [72.82690138983217, 19.06222310807835]]]}}, {"type": "Feature", "properties": {"h3": "88608b0b15fffff", "zone_id": "Z11", "shops": 0}, "geometry": {"type": "Polygon", "coordinates": [[[72.84308526513601, 19.06314320381684], [72.84308977464126, 19.067888581419567], [72.83904560353662, 19.070031121582094], [72.83499722753558, 19.067428424499695], [72.83499285230923, 19.062683306600707], [72.83903671881284, 19.060540626081], [72.84308526513601, 19.06314320381684]]]}}, {"type": "Feature", "properties": {"h3": "88608b0b1bfffff", "zone_id": "Z11", "shops": 0}, "geometry": {"type": "Polygon", "coordinates": [[[72.83497972749953, 19.048447266537146], [72.83498410229119, 19.053192727558468], [72.83094054038679, 19.055335548427546], [72.82689290829592, 19.052733048617508], [72.82688866773846, 19.047987847415474], [72.8309319250455, 19.04584488620486], [72.83497972749953, 19.048447266537146]]]}}, {"type": "Feature", "properties": {"h3": "88608b18bdfffff", "zone_id": "Z12", "shops": 0}, "geometry": {"type": "Polygon", "coordinates": [[[72.85109506577427, 18.97816181332695], [72.85109970682217, 18.982909501755767], [72.84705633493084, 18.985055686565588], [72.84300862639306, 18.982454322864868], [72.84300411957517, 18.977706894423264], [72.84704718707293, 18.975560569695848], [72.85109506577427, 18.97816181332695]]]}}, {"type": "Feature", "properties": {"h3": "88608b18bbfffff", "zone_id": "Z12", "shops": 0}, "geometry": {"type": "Polygon", "coordinates": [[[72.83895234328116, 18.970358162172175], [72.83895678277526, 18.975105630594133], [72.83491412300674, 18.977251675127068], [72.83086732817029, 18.974650391197418], [72.8308630228526, 18.96990318287864], [72.83490537820279, 18.96775699838702], [72.83895234328116, 18.970358162172175]]]}}, {"type": "Feature", "properties": {"h3": "88608b18b9fffff", "zone_id": "Z12", "shops": 0}, "geometry": {"type": "Polygon", "coordinates": [[[72.84704261337114, 18.97081284122913], [72.84704718707293, 18.975560569695848], [72.84300411957517, 18.977706894423264], [72.83895678277526, 18.975105630594133], [72.83895234328116, 18.970358162172175], [72.84299510638714, 18.96821169753527], [72.84704261337114, 18.97081284122913]]]}}, {"type": "Feature", "properties": {"h3": "88608b18b7fffff", "zone_id": "Z12", "shops": 0}, "geometry": {"type": "Polygon", "coordinates": [[[72.83896566220444, 18.98460022743102], [72.83897010213954, 18.98934735572375], [72.83492724129853, 18.99149284006137], [72.8308802449787, 18.98889133613099], [72.83087593923334, 18.984144467884708], [72.8349184956259, 18.981998843523044], [72.83896566220444, 18.98460022743102]]]}}, {"type": "Feature", "properties": {"h3": "88608b18b3fffff", "zone_id": "Z12", "shops": 0}, "geometry": {"type": "Polygon", "coordinates": [[[72.83491412300674, 18.977251675127068], [72.8349184956259, 18.981998843523044], [72.83087593923334, 18.984144467884708], [72.82682931467608, 18.98154306386702], [72.82682507622435, 18.976796155575048], [72.83086732817029, 18.974650391197418], [72.83491412300674, 18.977251675127068]]]}}, {"type": "Feature", "properties": {"h3": "88608b18b1fffff", "zone_id": "Z12", "shops": 0}, "geometry": {"type": "Polygon", "coordinates": [[[72.84300411957517, 18.977706894423264], [72.84300862639306, 18.982454322864868], [72.83896566220444, 18.98460022743102], [72.8349184956259, 18.981998843523044], [72.83491412300674, 18.977251675127068], [72.83895678277526, 18.975105630594133], [72.84300411957517, 18.977706894423264]]]}}, {"type": "Feature", "properties": {"h3": "88608b1897fffff", "zone_id": "Z12", "shops": 0}, "geometry": {"type": "Polygon", "coordinates": [[[72.83490100601797, 18.96300949016524], [72.83490537820279, 18.96775699838702], [72.8308630228526, 18.96990318287864], [72.82681659974187, 18.967301999099707], [72.8268123617111, 18.962554751038596], [72.83085441264483, 18.96040842659643], [72.83490100601797, 18.96300949016524]]]}}, {"type": "Feature", "properties": {"h3": "88608b1895fffff", "zone_id": "Z12", "shops": 0}, "geometry": {"type": "Polygon", "coordinates": [[[72.84299060001693, 18.963463929211187], [72.84299510638714, 18.96821169753527], [72.83895234328116, 18.970358162172175], [72.83490537820279, 18.96775699838702], [72.83490100601797, 18.96300949016524], [72.83894346473396, 18.960862885626966], [72.84299060001693, 18.963463929211187]]]}}, {"type": "Feature", "properties": {"h3": "88608b1887fffff", "zone_id": "Z12", "shops": 0}, "geometry": {"type": "Polygon", "coordinates": [[[72.85513383296713, 18.971267219912896], [72.8551385409079, 18.97601520836594], [72.85109506577427, 18.97816181332695], [72.84704718707293, 18.975560569695848], [72.84704261337114, 18.97081284122913], [72.85108578413956, 18.968666096407855], [72.85513383296713, 18.971267219912896]]]}}, {"type": "Feature", "properties": {"h3": "88608b016dfffff", "zone_id": "Z12", "shops": 0}, "geometry": {"type": "Polygon", "coordinates": [[[72.8308630228526, 18.96990318287864], [72.83086732817029, 18.974650391197418], [72.82682507622435, 18.976796155575048], [72.8227788234133, 18.974194851642437], [72.8227746522407, 18.969447903485175], [72.82681659974187, 18.967301999099707], [72.8308630228526, 18.96990318287864]]]}}, {"type": "Feature", "properties": {"h3": "88608b1883fffff", "zone_id": "Z12", "shops": 0}, "geometry": {"type": "Polygon", "coordinates": [[[72.8510811435527, 18.963918068039874], [72.85108578413956, 18.968666096407855], [72.84704261337114, 18.97081284122913], [72.84299510638714, 18.96821169753527], [72.84299060001693, 18.963463929211187], [72.84703346642192, 18.96131704453775], [72.8510811435527, 18.963918068039874]]]}}, {"type": "Feature", "properties": {"h3": "88608b0165fffff", "zone_id": "Z12", "shops": 0}, "geometry": {"type": "Polygon", "coordinates": [[[72.82682507622435, 18.976796155575048], [72.82682931467608, 18.98154306386702], [72.82278716617283, 18.983688408063397], [72.81874108369874, 18.981086984033567], [72.8187369793831, 18.97634033590389], [72.8227788234133, 18.974194851642437], [72.82682507622435, 18.976796155575048]]]}}, {"type": "Feature", "properties": {"h3": "88608b094dfffff", "zone_id": "Z13", "shops": 0}, "geometry": {"type": "Polygon", "coordinates": [[[72.85526100211348, 19.09942294253091], [72.85526571426642, 19.104167849016253], [72.8512204280348, 19.10630940647228], [72.84717073429455, 19.103706197888467], [72.84716615650092, 19.098961550875934], [72.85121113809603, 19.09681985297503], [72.85526100211348, 19.09942294253091]]]}}, {"type": "Feature", "properties": {"h3": "88608b0b21fffff", "zone_id": "Z13", "shops": 0}, "geometry": {"type": "Polygon", "coordinates": [[[72.86334225925421, 19.08564784488856], [72.86334710531612, 19.090393355482487], [72.8593016125332, 19.092535755273158], [72.8552515782759, 19.089932784801594], [72.85524686659124, 19.085187533679502], [72.85929205479447, 19.08304499355777], [72.86334225925421, 19.08564784488856]]]}}, {"type": "Feature", "properties": {"h3": "88608b5491fffff", "zone_id": "Z13", "shops": 0}, "geometry": {"type": "Polygon", "coordinates": [[[72.86741242278734, 19.107232363800943], [72.86741733678221, 19.111977486818954], [72.86337133803417, 19.11411918467675], [72.85932072991066, 19.11151589992036], [72.85931595032878, 19.106771036258777], [72.86336164446523, 19.10462919799776], [72.86741242278734, 19.107232363800943]]]}}, {"type": "Feature", "properties": {"h3": "88608b54abfffff", "zone_id": "Z13", "shops": 0}, "geometry": {"type": "Polygon", "coordinates": [[[72.88768138698858, 19.129739422269715], [72.88768663793593, 19.134484674684014], [72.88363931763885, 19.136626232328837], [72.8795870509921, 19.13402267793636], [72.87958193455611, 19.129277684645967], [72.8836289502633, 19.127135986624694], [72.88768138698858, 19.129739422269715]]]}}, {"type": "Feature", "properties": {"h3": "88608b548bfffff", "zone_id": "Z13", "shops": 0}, "geometry": {"type": "Polygon", "coordinates": [[[72.8836082175735, 19.10815411160135], [72.8836134004883, 19.112899753156793], [72.87956658626538, 19.11504201284206], [72.87551489369353, 19.11243877127702], [72.87550984525434, 19.107693388961025], [72.87955635491919, 19.10555098897119], [72.8836082175735, 19.10815411160135]]]}}, {"type": "Feature", "properties": {"h3": "88608b54b9fffff", "zone_id": "Z13", "shops": 0}, "geometry": {"type": "Polygon", "coordinates": [[[72.8755249910738, 19.121929190428162], [72.87553004001488, 19.126674227141514], [72.87148343203846, 19.128815644170242], [72.86743207974384, 19.126212164904526], [72.86742716526045, 19.121467387431647], [72.87147346862184, 19.11932582998461], [72.8755249910738, 19.121929190428162]]]}}, {"type": "Feature", "properties": {"h3": "88608b54d3fffff", "zone_id": "Z13", "shops": 0}, "geometry": {"type": "Polygon", "coordinates": [[[72.87549470094037, 19.093456551782314], [72.87549974887777, 19.098202279152733], [72.8714535437693, 19.100344819439577], [72.867402595286, 19.097741772646057], [72.86739768177952, 19.09299630463103], [72.87144358233327, 19.090853624054755], [72.87549470094037, 19.093456551782314]]]}}, {"type": "Feature", "properties": {"h3": "88608b5499fffff", "zone_id": "Z13", "shops": 0}, "geometry": {"type": "Polygon", "coordinates": [[[72.8714535437693, 19.100344819439577], [72.87145852473488, 19.105090244695315], [72.86741242278734, 19.107232363800943], [72.86336164446523, 19.10462919799776], [72.86335679792161, 19.099884032098007], [72.867402595286, 19.097741772646057], [72.8714535437693, 19.100344819439577]]]}}, {"type": "Feature", "properties": {"h3": "88608b54b3fffff", "zone_id": "Z13", "shops": 0}, "geometry": {"type": "Polygon", "coordinates": [[[72.86338587959204, 19.12835330098039], [72.86339072709922, 19.133097775847464], [72.8593446301956, 19.135238490485765], [72.85529399046285, 19.132634870782006], [72.85528927737307, 19.12789065521428], [72.85933506960649, 19.12574980005157], [72.86338587959204, 19.12835330098039]]]}}, {"type": "Feature", "properties": {"h3": "88608b0969fffff", "zone_id": "Z13", "shops": 0}, "geometry": {"type": "Polygon", "coordinates": [[[72.85527513904069, 19.11365731692387], [72.85527985166202, 19.11840187822435], [72.85123436409711, 19.12054287390397], [72.8471844685854, 19.117939448793013], [72.84717989033678, 19.113195146907888], [72.851225073235, 19.111054010718966], [72.85527513904069, 19.11365731692387]]]}}, {"type": "Feature", "properties": {"h3": "88608b5493fffff", "zone_id": "Z13", "shops": 0}, "geometry": {"type": "Polygon", "coordinates": [[[72.85931595032878, 19.106771036258777], [72.85932072991066, 19.11151589992036], [72.85527513904069, 19.11365731692387], [72.851225073235, 19.111054010718966], [72.8512204280348, 19.10630940647228], [72.85526571426642, 19.104167849016253], [72.85931595032878, 19.106771036258777]]]}}, {"type": "Feature", "properties": {"h3": "88608b0949fffff", "zone_id": "Z13", "shops": 0}, "geometry": {"type": "Polygon", "coordinates": [[[72.85120649335747, 19.09207490384622], [72.85121113809603, 19.09681985297503], [72.84716615650092, 19.098961550875934], [72.84311683480985, 19.096358440085936], [72.84311232440824, 19.091613750487877], [72.8471570013686, 19.08947191214972], [72.85120649335747, 19.09207490384622]]]}}, {"type": "Feature", "properties": {"h3": "88608b54dbfffff", "zone_id": "Z13", "shops": 0}, "geometry": {"type": "Polygon", "coordinates": [[[72.8795358942608, 19.086567561018803], [72.87954100917115, 19.091313590380857], [72.87549470094037, 19.093456551782314], [72.87144358233327, 19.090853624054755], [72.87143860186279, 19.086107854047526], [72.87548460556734, 19.083964752413586], [72.8795358942608, 19.086567561018803]]]}}, {"type": "Feature", "properties": {"h3": "88608b5487fffff", "zone_id": "Z13", "shops": 0}, "geometry": {"type": "Polygon", "coordinates": [[[72.88362376683321, 19.12239069072938], [72.8836289502633, 19.127135986624694], [72.87958193455611, 19.129277684645967], [72.87553004001488, 19.126674227141514], [72.8755249910738, 19.121929190428162], [72.87957170219275, 19.119787352037907], [72.88362376683321, 19.12239069072938]]]}}, {"type": "Feature", "properties": {"h3": "88608b54bbfffff", "zone_id": "Z13", "shops": 0}, "geometry": {"type": "Polygon", "coordinates": [[[72.86742716526045, 19.121467387431647], [72.86743207974384, 19.126212164904526], [72.86338587959204, 19.12835330098039], [72.85933506960649, 19.12574980005157], [72.8593302895495, 19.12100528187762], [72.86337618505952, 19.11886400533416], [72.86742716526045, 19.121467387431647]]]}}, {"type": "Feature", "properties": {"h3": "88608b5481fffff", "zone_id": "Z13", "shops": 0}, "geometry": {"type": "Polygon", "coordinates": [[[72.8876656351905, 19.11550297297895], [72.88767088561586, 19.120248571356264], [72.88362376683321, 19.12239069072938], [72.87957170219275, 19.119787352037907], [72.87956658626538, 19.11504201284206], [72.8836134004883, 19.112899753156793], [72.8876656351905, 19.11550297297895]]]}}, {"type": "Feature", "properties": {"h3": "88608b549bfffff", "zone_id": "Z13", "shops": 0}, "geometry": {"type": "Polygon", "coordinates": [[[72.86335679792161, 19.099884032098007], [72.86336164446523, 19.10462919799776], [72.85931595032878, 19.106771036258777], [72.85526571426642, 19.104167849016253], [72.85526100211348, 19.09942294253091], [72.85930639164006, 19.097280963874276], [72.86335679792161, 19.099884032098007]]]}}, {"type": "Feature", "properties": {"h3": "88608b54b5fffff", "zone_id": "Z13", "shops": 0}, "geometry": {"type": "Polygon", "coordinates": [[[72.87554013839897, 19.136163954539317], [72.87554518784201, 19.140908645102023], [72.87149837840154, 19.14304950022021], [72.86744682417104, 19.14044580525884], [72.86744190919912, 19.13570137387898], [72.8714884139944, 19.13356037827824], [72.87554013839897, 19.136163954539317]]]}}, {"type": "Feature", "properties": {"h3": "88608b0b25fffff", "zone_id": "Z13", "shops": 0}, "geometry": {"type": "Polygon", "coordinates": [[[72.86739768177952, 19.09299630463103], [72.867402595286, 19.097741772646057], [72.86335679792161, 19.099884032098007], [72.85930639164006, 19.097280963874276], [72.8593016125332, 19.092535755273158], [72.86334710531612, 19.090393355482487], [72.86739768177952, 19.09299630463103]]]}}, {"type": "Feature", "properties": {"h3": "88608b5495fffff", "zone_id": "Z13", "shops": 0}, "geometry": {"type": "Polygon", "coordinates": [[[72.87146848716112, 19.11458075002872], [72.87147346862184, 19.11932582998461], [72.86742716526045, 19.121467387431647], [72.86337618505952, 19.11886400533416], [72.86337133803417, 19.11411918467675], [72.86741733678221, 19.111977486818954], [72.87146848716112, 19.11458075002872]]]}}, {"type": "Feature", "properties": {"h3": "88608b0965fffff", "zone_id": "Z13", "shops": 0}, "geometry": {"type": "Polygon", "coordinates": [[[72.85528927737307, 19.12789065521428], [72.85529399046285, 19.132634870782006], [72.85124830154462, 19.134775304497577], [72.84719820424134, 19.13217166321973], [72.84719362553767, 19.12742770700981], [72.85123900975903, 19.125287132720537], [72.85528927737307, 19.12789065521428]]]}}, {"type": "Feature", "properties": {"h3": "88608b0945fffff", "zone_id": "Z13", "shops": 0}, "geometry": {"type": "Polygon", "coordinates": [[[72.8512204280348, 19.10630940647228], [72.851225073235, 19.111054010718966], [72.84717989033678, 19.113195146907888], [72.84313036691114, 19.110591819352518], [72.84312585606126, 19.105847474579146], [72.84717073429455, 19.103706197888467], [72.8512204280348, 19.10630940647228]]]}}, {"type": "Feature", "properties": {"h3": "88608b54bdfffff", "zone_id": "Z13", "shops": 0}, "geometry": {"type": "Polygon", "coordinates": [[[72.87958193455611, 19.129277684645967], [72.8795870509921, 19.13402267793636], [72.87554013839897, 19.136163954539317], [72.8714884139944, 19.13356037827824], [72.87148343203846, 19.128815644170242], [72.87553004001488, 19.126674227141514], [72.87958193455611, 19.129277684645967]]]}}, {"type": "Feature", "properties": {"h3": "88608b54d7fffff", "zone_id": "Z13", "shops": 0}, "geometry": {"type": "Polygon", "coordinates": [[[72.87955123950034, 19.10080530441802], [72.87955635491919, 19.10555098897119], [72.87550984525434, 19.107693388961025], [72.87145852473488, 19.105090244695315], [72.8714535437693, 19.100344819439577], [72.87549974887777, 19.098202279152733], [72.87955123950034, 19.10080530441802]]]}}, {"type": "Feature", "properties": {"h3": "88608b0b2dfffff", "zone_id": "Z13", "shops": 0}, "geometry": {"type": "Polygon", "coordinates": [[[72.87143860186279, 19.086107854047526], [72.87144358233327, 19.090853624054755], [72.86739768177952, 19.09299630463103], [72.86334710531612, 19.090393355482487], [72.86334225925421, 19.08564784488856], [72.86738785525495, 19.083505024030494], [72.87143860186279, 19.086107854047526]]]}}, {"type": "Feature", "properties": {"h3": "88608b5483fffff", "zone_id": "Z13", "shops": 0}, "geometry": {"type": "Polygon", "coordinates": [[[72.87956658626538, 19.11504201284206], [72.87957170219275, 19.119787352037907], [72.8755249910738, 19.121929190428162], [72.87147346862184, 19.11932582998461], [72.87146848716112, 19.11458075002872], [72.87551489369353, 19.11243877127702], [72.87956658626538, 19.11504201284206]]]}}, {"type": "Feature", "properties": {"h3": "88608b549dfffff", "zone_id": "Z13", "shops": 0}, "geometry": {"type": "Polygon", "coordinates": [[[72.87550984525434, 19.107693388961025], [72.87551489369353, 19.11243877127702], [72.87146848716112, 19.11458075002872], [72.86741733678221, 19.111977486818954], [72.86741242278734, 19.107232363800943], [72.87145852473488, 19.105090244695315], [72.87550984525434, 19.107693388961025]]]}}, {"type": "Feature", "properties": {"h3": "88608b54b7fffff", "zone_id": "Z13", "shops": 0}, "geometry": {"type": "Polygon", "coordinates": [[[72.86744190919912, 19.13570137387898], [72.86744682417104, 19.14044580525884], [72.86340042259548, 19.14258637936523], [72.85934941072776, 19.13998266262428], [72.8593446301956, 19.135238490485765], [72.86339072709922, 19.133097775847464], [72.86744190919912, 19.13570137387898]]]}}, {"type": "Feature", "properties": {"h3": "88608b54d1fffff", "zone_id": "Z13", "shops": 0}, "geometry": {"type": "Polygon", "coordinates": [[[72.88359266985945, 19.09391649658937], [72.88359785225906, 19.09866248325667], [72.87955123950034, 19.10080530441802], [72.87549974887777, 19.098202279152733], [72.87549470094037, 19.093456551782314], [72.87954100917115, 19.091313590380857], [72.88359266985945, 19.09391649658937]]]}}, {"type": "Feature", "properties": {"h3": "88608b4659fffff", "zone_id": "Z13", "shops": 0}, "geometry": {"type": "Polygon", "coordinates": [[[72.8593446301956, 19.135238490485765], [72.85934941072776, 19.13998266262428], [72.85530341711086, 19.14212295575868], [72.85125294766831, 19.13951921733636], [72.85124830154462, 19.134775304497577], [72.85529399046285, 19.132634870782006], [72.8593446301956, 19.135238490485765]]]}}, {"type": "Feature", "properties": {"h3": "88608b096dfffff", "zone_id": "Z13", "shops": 0}, "geometry": {"type": "Polygon", "coordinates": [[[72.8593302895495, 19.12100528187762], [72.85933506960649, 19.12574980005157], [72.85528927737307, 19.12789065521428], [72.85123900975903, 19.125287132720537], [72.85123436409711, 19.12054287390397], [72.85527985166202, 19.11840187822435], [72.8593302895495, 19.12100528187762]]]}}, {"type": "Feature", "properties": {"h3": "88608b0b27fffff", "zone_id": "Z13", "shops": 0}, "geometry": {"type": "Polygon", "coordinates": [[[72.8593016125332, 19.092535755273158], [72.85930639164006, 19.097280963874276], [72.85526100211348, 19.09942294253091], [72.85121113809603, 19.09681985297503], [72.85120649335747, 19.09207490384622], [72.8552515782759, 19.089932784801594], [72.8593016125332, 19.092535755273158]]]}}, {"type": "Feature", "properties": {"h3": "88608b5497fffff", "zone_id": "Z13", "shops": 0}, "geometry": {"type": "Polygon", "coordinates": [[[72.86337133803417, 19.11411918467675], [72.86337618505952, 19.11886400533416], [72.8593302895495, 19.12100528187762], [72.85527985166202, 19.11840187822435], [72.85527513904069, 19.11365731692387], [72.85932072991066, 19.11151589992036], [72.86337133803417, 19.11411918467675]]]}}, {"type": "Feature", "properties": {"h3": "88608b54b1fffff", "zone_id": "Z13", "shops": 0}, "geometry": {"type": "Polygon", "coordinates": [[[72.87148343203846, 19.128815644170242], [72.8714884139944, 19.13356037827824], [72.86744190919912, 19.13570137387898], [72.86339072709922, 19.133097775847464], [72.86338587959204, 19.12835330098039], [72.86743207974384, 19.126212164904526], [72.87148343203846, 19.128815644170242]]]}}, {"type": "Feature", "properties": {"h3": "88608b09adfffff", "zone_id": "Z14", "shops": 0}, "geometry": {"type": "Polygon", "coordinates": [[[72.78651190370509, 19.13105893972683], [72.7865154756901, 19.135800776068717], [72.78247315790632, 19.137938542247824], [72.77842757308201, 19.135334613109556], [72.7784241352231, 19.130593036591527], [72.78246614807028, 19.12845512938855], [72.78651190370509, 19.13105893972683]]]}}, {"type": "Feature", "properties": {"h3": "88608b5489fffff", "zone_id": "Z15", "shops": 0}, "geometry": {"type": "Polygon", "coordinates": [[[72.89170753958828, 19.1086145315842], [72.89171285701002, 19.113360432320572], [72.8876656351905, 19.11550297297895], [72.8836134004883, 19.112899753156793], [72.8836082175735, 19.10815411160135], [72.88765513486176, 19.106011430687698], [72.89170753958828, 19.1086145315842]]]}}, {"type": "Feature", "properties": {"h3": "88608b54d9fffff", "zone_id": "Z15", "shops": 0}, "geometry": {"type": "Polygon", "coordinates": [[[72.88763413629188, 19.087026965664894], [72.88763938567342, 19.091773254323247], [72.88359266985945, 19.09391649658937], [72.87954100917115, 19.091313590380857], [72.8795358942608, 19.086567561018803], [72.88358230557536, 19.08442417856951], [72.88763413629188, 19.087026965664894]]]}}, {"type": "Feature", "properties": {"h3": "88608b0b67fffff", "zone_id": "Z15", "shops": 0}, "geometry": {"type": "Polygon", "coordinates": [[[72.87547955813167, 19.07921868053722], [72.87548460556734, 19.083964752413586], [72.87143860186279, 19.086107854047526], [72.86738785525495, 19.083505024030494], [72.86738294223683, 19.078759211566897], [72.87142864141681, 19.076615969708133], [72.87547955813167, 19.07921868053722]]]}}, {"type": "Feature", "properties": {"h3": "88608b56bbfffff", "zone_id": "Z15", "shops": 0}, "geometry": {"type": "Polygon", "coordinates": [[[72.89571717721783, 19.073245735288314], [72.89572256056667, 19.07799262755927], [72.89167563875792, 19.080136711834502], [72.88762363805058, 19.077534043908628], [72.88761838919083, 19.072787410932698], [72.89166500655715, 19.070643186588246], [72.89571717721783, 19.073245735288314]]]}}, {"type": "Feature", "properties": {"h3": "88608b54c7fffff", "zone_id": "Z15", "shops": 0}, "geometry": {"type": "Polygon", "coordinates": [[[72.89980781114204, 19.109074648771898], [72.89981326310199, 19.113820808630592], [72.89576563377993, 19.115963630301707], [72.89171285701002, 19.113360432320572], [72.89170753958828, 19.1086145315842], [72.89575486440603, 19.106471569707207], [72.89980781114204, 19.109074648771898]]]}}, {"type": "Feature", "properties": {"h3": "88608b0b45fffff", "zone_id": "Z15", "shops": 0}, "geometry": {"type": "Polygon", "coordinates": [[[72.87950520835719, 19.058088975878356], [72.87951032225085, 19.062835693212065], [72.87546441682801, 19.064979776871716], [72.87141370198529, 19.0623772833014], [72.87140872250471, 19.057630825437034], [72.87545432346161, 19.05548660167427], [72.87950520835719, 19.058088975878356]]]}}, {"type": "Feature", "properties": {"h3": "88608b0b65fffff", "zone_id": "Z15", "shops": 0}, "geometry": {"type": "Polygon", "coordinates": [[[72.88357712369086, 19.079677847338928], [72.88358230557536, 19.08442417856951], [72.8795358942608, 19.086567561018803], [72.87548460556734, 19.083964752413586], [72.87547955813167, 19.07921868053722], [72.87952566494846, 19.077075157912436], [72.88357712369086, 19.079677847338928]]]}}, {"type": "Feature", "properties": {"h3": "88608b0b69fffff", "zone_id": "Z15", "shops": 0}, "geometry": {"type": "Polygon", "coordinates": [[[72.88356157906748, 19.065438165496193], [72.88356676043693, 19.070184840741273], [72.87952055054647, 19.072328784290097], [72.87546946376202, 19.069726192705286], [72.87546441682801, 19.064979776871716], [72.87951032225085, 19.062835693212065], [72.88356157906748, 19.065438165496193]]]}}, {"type": "Feature", "properties": {"h3": "88608b5485fffff", "zone_id": "Z15", "shops": 0}, "geometry": {"type": "Polygon", "coordinates": [[[72.89172349238217, 19.1228518881975], [72.89172881033261, 19.127597443216203], [72.88768138698858, 19.129739422269715], [72.8836289502633, 19.127135986624694], [72.88362376683321, 19.12239069072938], [72.88767088561586, 19.120248571356264], [72.89172349238217, 19.1228518881975]]]}}, {"type": "Feature", "properties": {"h3": "88608b54c5fffff", "zone_id": "Z15", "shops": 0}, "geometry": {"type": "Polygon", "coordinates": [[[72.90790903207788, 19.10953446302674], [72.90791461860734, 19.114280881949124], [72.90386658187681, 19.116423984672505], [72.89981326310199, 19.113820808630592], [72.89980781114204, 19.109074648771898], [72.90385554339521, 19.106931405891988], [72.90790903207788, 19.10953446302674]]]}}, {"type": "Feature", "properties": {"h3": "88608b54d5fffff", "zone_id": "Z15", "shops": 0}, "geometry": {"type": "Polygon", "coordinates": [[[72.88764988495835, 19.101265486895613], [72.88765513486176, 19.106011430687698], [72.8836082175735, 19.10815411160135], [72.87955635491919, 19.10555098897119], [72.87955123950034, 19.10080530441802], [72.88359785225906, 19.09866248325667], [72.88764988495835, 19.101265486895613]]]}}, {"type": "Feature", "properties": {"h3": "88608b5697fffff", "zone_id": "Z15", "shops": 0}, "geometry": {"type": "Polygon", "coordinates": [[[72.89165969072099, 19.065896251990292], [72.89166500655715, 19.070643186588246], [72.88761838919083, 19.072787410932698], [72.88356676043693, 19.070184840741273], [72.88356157906748, 19.065438165496193], [72.88760789199303, 19.063293801090257], [72.89165969072099, 19.065896251990292]]]}}, {"type": "Feature", "properties": {"h3": "88608b56b7fffff", "zone_id": "Z15", "shops": 0}, "geometry": {"type": "Polygon", "coordinates": [[[72.89573332779948, 19.087486067848243], [72.89573871168349, 19.09223261574435], [72.89169158838028, 19.09437613891463], [72.88763938567342, 19.091773254323247], [72.88763413629188, 19.087026965664894], [72.89168095512254, 19.084883302360783], [72.89573332779948, 19.087486067848243]]]}}, {"type": "Feature", "properties": {"h3": "88608b54c3fffff", "zone_id": "Z15", "shops": 0}, "geometry": {"type": "Polygon", "coordinates": [[[72.89574947998676, 19.101725366734772], [72.89575486440603, 19.106471569707207], [72.89170753958828, 19.1086145315842], [72.88765513486176, 19.106011430687698], [72.88764988495835, 19.101265486895613], [72.8916969052734, 19.099122384820284], [72.89574947998676, 19.101725366734772]]]}}, {"type": "Feature", "properties": {"h3": "88608b0b41fffff", "zone_id": "Z15", "shops": 0}, "geometry": {"type": "Polygon", "coordinates": [[[72.87544927702918, 19.050739842432435], [72.87545432346161, 19.05548660167427], [72.87140872250471, 19.057630825437034], [72.86735837958747, 19.05502843005394], [72.86735346754583, 19.0502819303393], [72.87139876403845, 19.048137566481188], [72.87544927702918, 19.050739842432435]]]}}, {"type": "Feature", "properties": {"h3": "88608b54ebfffff", "zone_id": "Z15", "shops": 0}, "geometry": {"type": "Polygon", "coordinates": [[[72.90386658187681, 19.116423984672505], [72.90387210139198, 19.121170101237], [72.89982416756399, 19.12331278269469], [72.89577101873454, 19.120709487801896], [72.89576563377993, 19.115963630301707], [72.89981326310199, 19.113820808630592], [72.90386658187681, 19.116423984672505]]]}}, {"type": "Feature", "properties": {"h3": "88608b0b61fffff", "zone_id": "Z15", "shops": 0}, "geometry": {"type": "Polygon", "coordinates": [[[72.87952055054647, 19.072328784290097], [72.87952566494846, 19.077075157912436], [72.87547955813167, 19.07921868053722], [72.87142864141681, 19.076615969708133], [72.87142366144131, 19.071869855497926], [72.87546946376202, 19.069726192705286], [72.87952055054647, 19.072328784290097]]]}}, {"type": "Feature", "properties": {"h3": "88608b54c1fffff", "zone_id": "Z15", "shops": 0}, "geometry": {"type": "Polygon", "coordinates": [[[72.90385002442878, 19.102184943797837], [72.90385554339521, 19.106931405891988], [72.89980781114204, 19.109074648771898], [72.89575486440603, 19.106471569707207], [72.89574947998676, 19.101725366734772], [72.89979690776416, 19.0995819837059], [72.90385002442878, 19.102184943797837]]]}}, {"type": "Feature", "properties": {"h3": "88608b5693fffff", "zone_id": "Z15", "shops": 0}, "geometry": {"type": "Polygon", "coordinates": [[[72.88760264365497, 19.058546824345765], [72.88760789199303, 19.063293801090257], [72.88356157906748, 19.065438165496193], [72.87951032225085, 19.062835693212065], [72.87950520835719, 19.058088975878356], [72.88355121684359, 19.055944471418616], [72.88760264365497, 19.058546824345765]]]}}, {"type": "Feature", "properties": {"h3": "88608b56b3fffff", "zone_id": "Z15", "shops": 0}, "geometry": {"type": "Polygon", "coordinates": [[[72.89167563875792, 19.080136711834502], [72.89168095512254, 19.084883302360783], [72.88763413629188, 19.087026965664894], [72.88358230557536, 19.08442417856951], [72.88357712369086, 19.079677847338928], [72.88762363805058, 19.077534043908628], [72.89167563875792, 19.080136711834502]]]}}, {"type": "Feature", "properties": {"h3": "88608b0b4dfffff", "zone_id": "Z15", "shops": 0}, "geometry": {"type": "Polygon", "coordinates": [[[72.88354603598911, 19.051197452708156], [72.88355121684359, 19.055944471418616], [72.87950520835719, 19.058088975878356], [72.87545432346161, 19.05548660167427], [72.87544927702918, 19.050739842432435], [72.87949498107811, 19.04859519792667], [72.88354603598911, 19.051197452708156]]]}}, {"type": "Feature", "properties": {"h3": "88608b0b6dfffff", "zone_id": "Z15", "shops": 0}, "geometry": {"type": "Polygon", "coordinates": [[[72.88761838919083, 19.072787410932698], [72.88762363805058, 19.077534043908628], [72.88357712369086, 19.079677847338928], [72.87952566494846, 19.077075157912436], [72.87952055054647, 19.072328784290097], [72.88356676043693, 19.070184840741273], [72.88761838919083, 19.072787410932698]]]}}, {"type": "Feature", "properties": {"h3": "88608b548dfffff", "zone_id": "Z15", "shops": 0}, "geometry": {"type": "Polygon", "coordinates": [[[72.89576563377993, 19.115963630301707], [72.89577101873454, 19.120709487801896], [72.89172349238217, 19.1228518881975], [72.88767088561586, 19.120248571356264], [72.8876656351905, 19.11550297297895], [72.89171285701002, 19.113360432320572], [72.89576563377993, 19.115963630301707]]]}}, {"type": "Feature", "properties": {"h3": "88608b54ddfffff", "zone_id": "Z15", "shops": 0}, "geometry": {"type": "Polygon", "coordinates": [[[72.89169158838028, 19.09437613891463], [72.8916969052734, 19.099122384820284], [72.88764988495835, 19.101265486895613], [72.88359785225906, 19.09866248325667], [72.88359266985945, 19.09391649658937], [72.88763938567342, 19.091773254323247], [72.89169158838028, 19.09437613891463]]]}}, {"type": "Feature", "properties": {"h3": "88608b54cbfffff", "zone_id": "Z15", "shops": 0}, "geometry": {"type": "Polygon", "coordinates": [[[72.89979145634621, 19.09483547862051], [72.89979690776416, 19.0995819837059], [72.89574947998676, 19.101725366734772], [72.8916969052734, 19.099122384820284], [72.89169158838028, 19.09437613891463], [72.89573871168349, 19.09223261574435], [72.89979145634621, 19.09483547862051]]]}}, {"type": "Feature", "properties": {"h3": "88608b56c7fffff", "zone_id": "Z16", "shops": 0}, "geometry": {"type": "Polygon", "coordinates": [[[72.92810405633962, 19.06083153226885], [72.92810997736863, 19.065579805187692], [72.92406162834017, 19.067725573915407], [72.92000766259484, 19.0651232095318], [72.92000187616654, 19.0603751957304], [72.92404992089067, 19.05822928719576], [72.92810405633962, 19.06083153226885]]]}}, {"type": "Feature", "properties": {"h3": "88608b5619fffff", "zone_id": "Z16", "shops": 0}, "geometry": {"type": "Polygon", "coordinates": [[[72.95645956720651, 19.05530234075985], [72.9564659592661, 19.060051692047765], [72.95241628724902, 19.062198724549145], [72.94836052737425, 19.059596545364613], [72.94835427001796, 19.05484745301683], [72.95240363784092, 19.052700280913996], [72.95645956720651, 19.05530234075985]]]}}, {"type": "Feature", "properties": {"h3": "88608b191bfffff", "zone_id": "Z16", "shops": 0}, "geometry": {"type": "Polygon", "coordinates": [[[72.91993245398118, 19.00339011318122], [72.91993823810904, 19.008139497473742], [72.915891102292, 19.010287226318578], [72.91183848656586, 19.007685710467893], [72.91183283695383, 19.00293658557946], [72.91587966855992, 19.000788717138192], [72.91993245398118, 19.00339011318122]]]}}, {"type": "Feature", "properties": {"h3": "88608b56c5fffff", "zone_id": "Z16", "shops": 0}, "geometry": {"type": "Polygon", "coordinates": [[[72.93620718501619, 19.061287566009636], [72.93621324067715, 19.06603609798717], [72.93216448471087, 19.06818214769717], [72.92810997736863, 19.065579805187692], [72.92810405633962, 19.06083153226885], [72.93215250802872, 19.058685342801375], [72.93620718501619, 19.061287566009636]]]}}, {"type": "Feature", "properties": {"h3": "88608b56c3fffff", "zone_id": "Z16", "shops": 0}, "geometry": {"type": "Polygon", "coordinates": [[[72.9240440674569, 19.053480972021422], [72.92404992089067, 19.05822928719576], [72.92000187616654, 19.0603751957304], [72.91594828231923, 19.05777292889052], [72.91594256346383, 19.05302487289155], [72.91999030388516, 19.050878824557678], [72.9240440674569, 19.053480972021422]]]}}, {"type": "Feature", "properties": {"h3": "88608b19c5fffff", "zone_id": "Z16", "shops": 0}, "geometry": {"type": "Polygon", "coordinates": [[[72.90779175771466, 19.009833158647382], [72.9077973403579, 19.0145819830244], [72.90375071430019, 19.01672901087454], [72.89969880987351, 19.014127354051343], [72.89969336170591, 19.009378789138054], [72.90373968349715, 19.00723162158484], [72.90779175771466, 19.009833158647382]]]}}, {"type": "Feature", "properties": {"h3": "88608b1917fffff", "zone_id": "Z16", "shops": 0}, "geometry": {"type": "Polygon", "coordinates": [[[72.9199498069397, 19.017637924383575], [72.91995559164252, 19.02238696687857], [72.9159082543108, 19.024534135742755], [72.91185543652507, 19.021932401774123], [72.91184978635147, 19.017183618626376], [72.91589681944217, 19.015036310100648], [72.9199498069397, 19.017637924383575]]]}}, {"type": "Feature", "properties": {"h3": "88608b56c1fffff", "zone_id": "Z16", "shops": 0}, "geometry": {"type": "Polygon", "coordinates": [[[72.93214651998531, 19.05393676851037], [72.93215250802872, 19.058685342801375], [72.92810405633962, 19.06083153226885], [72.92404992089067, 19.05822928719576], [72.9240440674569, 19.053480972021422], [72.92809221487028, 19.051334642804104], [72.93214651998531, 19.05393676851037]]]}}, {"type": "Feature", "properties": {"h3": "88608b1915fffff", "zone_id": "Z16", "shops": 0}, "geometry": {"type": "Polygon", "coordinates": [[[72.92805077590768, 19.018091928009174], [72.92805669517098, 19.02284122979265], [72.9240089509275, 19.02498867942095], [72.91995559164252, 19.02238696687857], [72.9199498069397, 19.017637924383575], [72.92399724696918, 19.015490335143102], [72.92805077590768, 19.018091928009174]]]}}, {"type": "Feature", "properties": {"h3": "88608b56ebfffff", "zone_id": "Z16", "shops": 0}, "geometry": {"type": "Polygon", "coordinates": [[[72.93216448471087, 19.06818214769717], [72.93217047334966, 19.07293037817984], [72.92812182001539, 19.075076007092992], [72.92406748235595, 19.0724735453386], [72.92406162834017, 19.067725573915407], [72.92810997736863, 19.065579805187692], [72.93216448471087, 19.06818214769717]]]}}, {"type": "Feature", "properties": {"h3": "88608b19edfffff", "zone_id": "Z16", "shops": 0}, "geometry": {"type": "Polygon", "coordinates": [[[72.9159082543108, 19.024534135742755], [72.91591397202929, 19.029282877480536], [72.91186673743394, 19.03142962590091], [72.90781408939749, 19.028827772302904], [72.90780850619932, 19.024079289913296], [72.91185543652507, 19.021932401774123], [72.9159082543108, 19.024534135742755]]]}}, {"type": "Feature", "properties": {"h3": "88608b1913fffff", "zone_id": "Z16", "shops": 0}, "geometry": {"type": "Polygon", "coordinates": [[[72.915891102292, 19.010287226318578], [72.91589681944217, 19.015036310100648], [72.91184978635147, 19.017183618626376], [72.9077973403579, 19.0145819830244], [72.90779175771466, 19.009833158647382], [72.91183848656586, 19.007685710467893], [72.915891102292, 19.010287226318578]]]}}, {"type": "Feature", "properties": {"h3": "88608b19ebfffff", "zone_id": "Z16", "shops": 0}, "geometry": {"type": "Polygon", "coordinates": [[[72.90375071430019, 19.01672901087454], [72.90375622997583, 19.021477534616306], [72.89970970675019, 19.02362414206961], [72.89565797215175, 19.02102236554207], [72.89565259094289, 19.016274101264973], [72.89969880987351, 19.014127354051343], [72.90375071430019, 19.01672901087454]]]}}, {"type": "Feature", "properties": {"h3": "88608b193dfffff", "zone_id": "Z16", "shops": 0}, "geometry": {"type": "Polygon", "coordinates": [[[72.93617085526489, 19.032793970066308], [72.93617690972177, 19.037543188617747], [72.93212855704586, 19.039690358998303], [72.92807445413781, 19.037088450455755], [72.92806853428604, 19.03233949107709], [72.932116582745, 19.030192181068763], [72.93617085526489, 19.032793970066308]]]}}, {"type": "Feature", "properties": {"h3": "88608b1911fffff", "zone_id": "Z16", "shops": 0}, "geometry": {"type": "Polygon", "coordinates": [[[72.92399139528088, 19.010740992014735], [72.92399724696918, 19.015490335143102], [72.9199498069397, 19.017637924383575], [72.91589681944217, 19.015036310100648], [72.915891102292, 19.010287226318578], [72.91993823810904, 19.008139497473742], [72.92399139528088, 19.010740992014735]]]}}, {"type": "Feature", "properties": {"h3": "88608b19e9fffff", "zone_id": "Z16", "shops": 0}, "geometry": {"type": "Polygon", "coordinates": [[[72.91184978635147, 19.017183618626376], [72.91185543652507, 19.021932401774123], [72.90780850619932, 19.024079289913296], [72.90375622997583, 19.021477534616306], [72.90375071430019, 19.01672901087454], [72.9077973403579, 19.0145819830244], [72.91184978635147, 19.017183618626376]]]}}, {"type": "Feature", "properties": {"h3": "88608b193bfffff", "zone_id": "Z16", "shops": 0}, "geometry": {"type": "Polygon", "coordinates": [[[72.9240089509275, 19.02498867942095], [72.92401480319755, 19.02973768044815], [72.91996716162325, 19.031884709642924], [72.91591397202929, 19.029282877480536], [72.9159082543108, 19.024534135742755], [72.91995559164252, 19.02238696687857], [72.9240089509275, 19.02498867942095]]]}}, {"type": "Feature", "properties": {"h3": "88608b19e7fffff", "zone_id": "Z16", "shops": 0}, "geometry": {"type": "Polygon", "coordinates": [[[72.90376726187529, 19.030974239988048], [72.90377277809918, 19.0357224214958], [72.89972605341912, 19.03786846865955], [72.8956741168481, 19.035266474141512], [72.89566873510435, 19.030518552041443], [72.8997151554593, 19.028372365052373], [72.90376726187529, 19.030974239988048]]]}}, {"type": "Feature", "properties": {"h3": "88608b1939fffff", "zone_id": "Z16", "shops": 0}, "geometry": {"type": "Polygon", "coordinates": [[[72.93211059589217, 19.02544292081093], [72.932116582745, 19.030192181068763], [72.92806853428604, 19.03233949107709], [72.92401480319755, 19.02973768044815], [72.9240089509275, 19.02498867942095], [72.92805669517098, 19.02284122979265], [72.93211059589217, 19.02544292081093]]]}}, {"type": "Feature", "properties": {"h3": "88608b19e5fffff", "zone_id": "Z16", "shops": 0}, "geometry": {"type": "Polygon", "coordinates": [[[72.91186673743394, 19.03142962590091], [72.91187238816921, 19.036178066757685], [72.90782525634884, 19.03832439466686], [72.90377277809918, 19.0357224214958], [72.90376726187529, 19.030974239988048], [72.90781408939749, 19.028827772302904], [72.91186673743394, 19.03142962590091]]]}}, {"type": "Feature", "properties": {"h3": "88608b1937fffff", "zone_id": "Z16", "shops": 0}, "geometry": {"type": "Polygon", "coordinates": [[[72.92402650831943, 19.039235339973345], [72.92403236117129, 19.04398399834911], [72.9199845180321, 19.046130467308526], [72.91593112632155, 19.043528417627126], [72.91592540803467, 19.038780018483834], [72.91997294690117, 19.036633409790046], [72.92402650831943, 19.039235339973345]]]}}, {"type": "Feature", "properties": {"h3": "88608b1935fffff", "zone_id": "Z16", "shops": 0}, "geometry": {"type": "Polygon", "coordinates": [[[72.93212855704586, 19.039690358998303], [72.9321345444939, 19.04443927654775], [72.92808629442993, 19.046586026380396], [72.92403236117129, 19.04398399834911], [72.92402650831943, 19.039235339973345], [72.92807445413781, 19.037088450455755], [72.93212855704586, 19.039690358998303]]]}}, {"type": "Feature", "properties": {"h3": "88608b5689fffff", "zone_id": "Z16", "shops": 0}, "geometry": {"type": "Polygon", "coordinates": [[[72.92000187616654, 19.0603751957304], [72.92000766259484, 19.0651232095318], [72.91595972059858, 19.067268697316493], [72.91190629651321, 19.06466631115676], [72.91190064465435, 19.059918556531574], [72.91594828231923, 19.05777292889052], [72.92000187616654, 19.0603751957304]]]}}, {"type": "Feature", "properties": {"h3": "88608b19e1fffff", "zone_id": "Z16", "shops": 0}, "geometry": {"type": "Polygon", "coordinates": [[[72.90780850619932, 19.024079289913296], [72.90781408939749, 19.028827772302904], [72.90376726187529, 19.030974239988048], [72.8997151554593, 19.028372365052373], [72.89970970675019, 19.02362414206961], [72.90375622997583, 19.021477534616306], [72.90780850619932, 19.024079289913296]]]}}, {"type": "Feature", "properties": {"h3": "88608b1933fffff", "zone_id": "Z16", "shops": 0}, "geometry": {"type": "Polygon", "coordinates": [[[72.91996716162325, 19.031884709642924], [72.91997294690117, 19.036633409790046], [72.91592540803467, 19.038780018483834], [72.91187238816921, 19.036178066757685], [72.91186673743394, 19.03142962590091], [72.91591397202929, 19.029282877480536], [72.91996716162325, 19.031884709642924]]]}}, {"type": "Feature", "properties": {"h3": "88608b1907fffff", "zone_id": "Z16", "shops": 0}, "geometry": {"type": "Polygon", "coordinates": [[[72.94021318904728, 19.025896859775656], [72.94021931051412, 19.030646379205333], [72.93617085526489, 19.032793970066308], [72.932116582745, 19.030192181068763], [72.93211059589217, 19.02544292081093], [72.93615874695304, 19.02329519037939], [72.94021318904728, 19.025896859775656]]]}}, {"type": "Feature", "properties": {"h3": "88608b56ddfffff", "zone_id": "Z16", "shops": 0}, "geometry": {"type": "Polygon", "coordinates": [[[72.9199845180321, 19.046130467308526], [72.91999030388516, 19.050878824557678], [72.91594256346383, 19.05302487289155], [72.9118893414985, 19.050422703768398], [72.91188369020148, 19.04567460575254], [72.91593112632155, 19.043528417627126], [72.9199845180321, 19.046130467308526]]]}}, {"type": "Feature", "properties": {"h3": "88608b1931fffff", "zone_id": "Z16", "shops": 0}, "geometry": {"type": "Polygon", "coordinates": [[[72.92806853428604, 19.03233949107709], [72.92807445413781, 19.037088450455755], [72.92402650831943, 19.039235339973345], [72.91997294690117, 19.036633409790046], [72.91996716162325, 19.031884709642924], [72.92401480319755, 19.02973768044815], [72.92806853428604, 19.03233949107709]]]}}, {"type": "Feature", "properties": {"h3": "88608b56c9fffff", "zone_id": "Z16", "shops": 0}, "geometry": {"type": "Polygon", "coordinates": [[[72.93618901923752, 19.04704128283095], [72.9361950742964, 19.051790158370437], [72.93214651998531, 19.05393676851037], [72.92809221487028, 19.051334642804104], [72.92808629442993, 19.046586026380396], [72.9321345444939, 19.04443927654775], [72.93618901923752, 19.04704128283095]]]}}, {"type": "Feature", "properties": {"h3": "88608b1905fffff", "zone_id": "Z16", "shops": 0}, "geometry": {"type": "Polygon", "coordinates": [[[72.94831673023518, 19.02635049617816], [72.94832298634724, 19.0311002747208], [72.94427412440223, 19.033248146473547], [72.94021931051412, 19.030646379205333], [72.94021318904728, 19.025896859775656], [72.94426174683113, 19.023748848501793], [72.94831673023518, 19.02635049617816]]]}}, {"type": "Feature", "properties": {"h3": "88608b56dbfffff", "zone_id": "Z16", "shops": 0}, "geometry": {"type": "Polygon", "coordinates": [[[72.90782525634884, 19.03832439466686], [72.90783084010202, 19.043072534519], [72.90378381109527, 19.045218441849592], [72.89973150266984, 19.042616349161793], [72.89972605341912, 19.03786846865955], [72.90377277809918, 19.0357224214958], [72.90782525634884, 19.03832439466686]]]}}, {"type": "Feature", "properties": {"h3": "88608b5657fffff", "zone_id": "Z16", "shops": 0}, "geometry": {"type": "Polygon", "coordinates": [[[72.96456581229917, 19.05575692531312], [72.96457233909327, 19.060506535482215], [72.96052226048943, 19.0626538490733], [72.9564659592661, 19.060051692047765], [72.95645956720651, 19.05530234075985], [72.96050934164354, 19.053154887616834], [72.96456581229917, 19.05575692531312]]]}}, {"type": "Feature", "properties": {"h3": "88608b56d9fffff", "zone_id": "Z16", "shops": 0}, "geometry": {"type": "Polygon", "coordinates": [[[72.91592540803467, 19.038780018483834], [72.91593112632155, 19.043528417627126], [72.91188369020148, 19.04567460575254], [72.90783084010202, 19.043072534519], [72.90782525634884, 19.03832439466686], [72.91187238816921, 19.036178066757685], [72.91592540803467, 19.038780018483834]]]}}, {"type": "Feature", "properties": {"h3": "88608b192dfffff", "zone_id": "Z16", "shops": 0}, "geometry": {"type": "Polygon", "coordinates": [[[72.95644039229894, 19.041053599914704], [72.95644678372294, 19.04580329463219], [72.95239731345133, 19.047950887319473], [72.94834175592753, 19.04534892482644], [72.9483354991934, 19.040599489106082], [72.952384665301, 19.038451756882214], [72.95644039229894, 19.041053599914704]]]}}, {"type": "Feature", "properties": {"h3": "88608b1827fffff", "zone_id": "Z16", "shops": 0}, "geometry": {"type": "Polygon", "coordinates": [[[72.915873951978, 18.996039291862203], [72.91587966855992, 19.000788717138192], [72.91183283695383, 19.00293658557946], [72.907780592983, 19.000335168333905], [72.90777501089458, 18.995586002519794], [72.9118215382913, 18.993437994489984], [72.915873951978, 18.996039291862203]]]}}, {"type": "Feature", "properties": {"h3": "88608b192bfffff", "zone_id": "Z16", "shops": 0}, "geometry": {"type": "Polygon", "coordinates": [[[72.94427412440223, 19.033248146473547], [72.94428031349544, 19.037997624138946], [72.94023155405641, 19.0401450754216], [72.93617690972177, 19.037543188617747], [72.93617085526489, 19.032793970066308], [72.94021931051412, 19.030646379205333], [72.94427412440223, 19.033248146473547]]]}}, {"type": "Feature", "properties": {"h3": "88608b19adfffff", "zone_id": "Z16", "shops": 0}, "geometry": {"type": "Polygon", "coordinates": [[[72.89972605341912, 19.03786846865955], [72.89973150266984, 19.042616349161793], [72.89568488087052, 19.044761975736847], [72.89163311418193, 19.042159861692745], [72.89162779940243, 19.037412240599053], [72.8956741168481, 19.035266474141512], [72.89972605341912, 19.03786846865955]]]}}, {"type": "Feature", "properties": {"h3": "88608b5653fffff", "zone_id": "Z16", "shops": 0}, "geometry": {"type": "Polygon", "coordinates": [[[72.96050288254177, 19.04840523508316], [72.96050934164354, 19.053154887616834], [72.95645956720651, 19.05530234075985], [72.95240363784092, 19.052700280913996], [72.95239731345133, 19.047950887319473], [72.95644678372294, 19.04580329463219], [72.96050288254177, 19.04840523508316]]]}}, {"type": "Feature", "properties": {"h3": "88608b56d5fffff", "zone_id": "Z16", "shops": 0}, "geometry": {"type": "Polygon", "coordinates": [[[72.91594256346383, 19.05302487289155], [72.91594828231923, 19.05777292889052], [72.91190064465435, 19.059918556531574], [72.90784759247174, 19.0573162680229], [72.90784200816346, 19.052568471258077], [72.9118893414985, 19.050422703768398], [72.91594256346383, 19.05302487289155]]]}}, {"type": "Feature", "properties": {"h3": "88608b1929fffff", "zone_id": "Z16", "shops": 0}, "geometry": {"type": "Polygon", "coordinates": [[[72.95237834154025, 19.03370202016176], [72.952384665301, 19.038451756882214], [72.9483354991934, 19.040599489106082], [72.94428031349544, 19.037997624138946], [72.94427412440223, 19.033248146473547], [72.94832298634724, 19.0311002747208], [72.95237834154025, 19.03370202016176]]]}}, {"type": "Feature", "properties": {"h3": "88608b1927fffff", "zone_id": "Z16", "shops": 0}, "geometry": {"type": "Polygon", "coordinates": [[[72.94429269229724, 19.047496236523017], [72.94429888200588, 19.052245371119465], [72.94024992089159, 19.054392262221253], [72.9361950742964, 19.051790158370437], [72.93618901923752, 19.04704128283095], [72.9402376761319, 19.044894252085918], [72.94429269229724, 19.047496236523017]]]}}, {"type": "Feature", "properties": {"h3": "88608b1925fffff", "zone_id": "Z16", "shops": 0}, "geometry": {"type": "Polygon", "coordinates": [[[72.95239731345133, 19.047950887319473], [72.95240363784092, 19.052700280913996], [72.94835427001796, 19.05484745301683], [72.94429888200588, 19.052245371119465], [72.94429269229724, 19.047496236523017], [72.94834175592753, 19.04534892482644], [72.95239731345133, 19.047950887319473]]]}}, {"type": "Feature", "properties": {"h3": "88608b1923fffff", "zone_id": "Z16", "shops": 0}, "geometry": {"type": "Polygon", "coordinates": [[[72.94023155405641, 19.0401450754216], [72.9402376761319, 19.044894252085918], [72.93618901923752, 19.04704128283095], [72.9321345444939, 19.04443927654775], [72.93212855704586, 19.039690358998303], [72.93617690972177, 19.037543188617747], [72.94023155405641, 19.0401450754216]]]}}, {"type": "Feature", "properties": {"h3": "88608b56cdfffff", "zone_id": "Z16", "shops": 0}, "geometry": {"type": "Polygon", "coordinates": [[[72.94024992089159, 19.054392262221253], [72.94025604357581, 19.059141095570073], [72.93620718501619, 19.061287566009636], [72.93215250802872, 19.058685342801375], [72.93214651998531, 19.05393676851037], [72.9361950742964, 19.051790158370437], [72.94024992089159, 19.054392262221253]]]}}, {"type": "Feature", "properties": {"h3": "88608b1921fffff", "zone_id": "Z16", "shops": 0}, "geometry": {"type": "Polygon", "coordinates": [[[72.9483354991934, 19.040599489106082], [72.94834175592753, 19.04534892482644], [72.94429269229724, 19.047496236523017], [72.9402376761319, 19.044894252085918], [72.94023155405641, 19.0401450754216], [72.94428031349544, 19.037997624138946], [72.9483354991934, 19.040599489106082]]]}}, {"type": "Feature", "properties": {"h3": "88608b56cbfffff", "zone_id": "Z16", "shops": 0}, "geometry": {"type": "Polygon", "coordinates": [[[72.92808629442993, 19.046586026380396], [72.92809221487028, 19.051334642804104], [72.9240440674569, 19.053480972021422], [72.91999030388516, 19.050878824557678], [72.9199845180321, 19.046130467308526], [72.92403236117129, 19.04398399834911], [72.92808629442993, 19.046586026380396]]]}}, {"type": "Feature", "properties": {"h3": "88608b19cdfffff", "zone_id": "Z16", "shops": 0}, "geometry": {"type": "Polygon", "coordinates": [[[72.91183283695383, 19.00293658557946], [72.91183848656586, 19.007685710467893], [72.90779175771466, 19.009833158647382], [72.90373968349715, 19.00723162158484], [72.90373416836972, 19.002482756159235], [72.907780592983, 19.000335168333905], [72.91183283695383, 19.00293658557946]]]}}, {"type": "Feature", "properties": {"h3": "88608b56a3fffff", "zone_id": "Z17", "shops": 0}, "geometry": {"type": "Polygon", "coordinates": [[[72.9119345586171, 19.08840336427674], [72.91194021159988, 19.093150430472374], [72.9078922736004, 19.09529451556944], [72.90383898704462, 19.092691674506565], [72.90383346862689, 19.087944867431396], [72.90788110220768, 19.08580064229922], [72.9119345586171, 19.08840336427674]]]}}, {"type": "Feature", "properties": {"h3": "88608b568dfffff", "zone_id": "Z17", "shops": 0}, "geometry": {"type": "Polygon", "coordinates": [[[72.92406162834017, 19.067725573915407], [72.92406748235595, 19.0724735453386], [72.92001923602676, 19.074618893259302], [72.91596544002257, 19.07201640962144], [72.91595972059858, 19.067268697316493], [72.92000766259484, 19.0651232095318], [72.92406162834017, 19.067725573915407]]]}}, {"type": "Feature", "properties": {"h3": "88608b56b1fffff", "zone_id": "Z17", "shops": 0}, "geometry": {"type": "Polygon", "coordinates": [[[72.89977510317624, 19.080595273886512], [72.89978055405226, 19.085342123649845], [72.89573332779948, 19.087486067848243], [72.89168095512254, 19.084883302360783], [72.89167563875792, 19.080136711834502], [72.89572256056667, 19.07799262755927], [72.89977510317624, 19.080595273886512]]]}}, {"type": "Feature", "properties": {"h3": "88608b5685fffff", "zone_id": "Z17", "shops": 0}, "geometry": {"type": "Polygon", "coordinates": [[[72.92001923602676, 19.074618893259302], [72.92002502303042, 19.079366563063374], [72.91597687943916, 19.081511490109918], [72.91192325321357, 19.078908887274075], [72.9119176007928, 19.07416147658905], [72.91596544002257, 19.07201640962144], [72.92001923602676, 19.074618893259302]]]}}, {"type": "Feature", "properties": {"h3": "88608b5457fffff", "zone_id": "Z17", "shops": 0}, "geometry": {"type": "Polygon", "coordinates": [[[72.93626169319124, 19.10402022153649], [72.93626775065898, 19.10876771953066], [72.9322183896065, 19.1109120868172], [72.92816327546167, 19.10830909606141], [72.92815735266615, 19.103561856954137], [72.9322064093511, 19.101417349716282], [72.93626169319124, 19.10402022153649]]]}}, {"type": "Feature", "properties": {"h3": "88608b5611fffff", "zone_id": "Z17", "shops": 0}, "geometry": {"type": "Polygon", "coordinates": [[[72.95241628724902, 19.062198724549145], [72.95242261226753, 19.066947774467522], [72.94837304270911, 19.06909438625985], [72.94431745236272, 19.066492087792906], [72.9443112620386, 19.061743296815497], [72.94836052737425, 19.059596545364613], [72.95241628724902, 19.062198724549145]]]}}, {"type": "Feature", "properties": {"h3": "88608b56e3fffff", "zone_id": "Z17", "shops": 0}, "geometry": {"type": "Polygon", "coordinates": [[[72.92812182001539, 19.075076007092992], [72.92812774163315, 19.079823935957315], [72.92407919096952, 19.081969144006386], [72.92002502303042, 19.079366563063374], [72.92001923602676, 19.074618893259302], [72.92406748235595, 19.0724735453386], [72.92812182001539, 19.075076007092992]]]}}, {"type": "Feature", "properties": {"h3": "88608b56a9fffff", "zone_id": "Z17", "shops": 0}, "geometry": {"type": "Polygon", "coordinates": [[[72.92407919096952, 19.081969144006386], [72.92408504556738, 19.086716771128916], [72.92003659761306, 19.088861558246816], [72.9159825994318, 19.08625885817142], [72.91597687943916, 19.081511490109918], [72.92002502303042, 19.079366563063374], [72.92407919096952, 19.081969144006386]]]}}, {"type": "Feature", "properties": {"h3": "88608b56a1fffff", "zone_id": "Z17", "shops": 0}, "geometry": {"type": "Polygon", "coordinates": [[[72.92003659761306, 19.088861558246816], [72.92004238519212, 19.093608883504178], [72.9159940399858, 19.095753249623833], [72.91194021159988, 19.093150430472374], [72.9119345586171, 19.08840336427674], [72.9159825994318, 19.08625885817142], [72.92003659761306, 19.088861558246816]]]}}, {"type": "Feature", "properties": {"h3": "88608b545dfffff", "zone_id": "Z17", "shops": 0}, "geometry": {"type": "Polygon", "coordinates": [[[72.94841059369232, 19.09758515414451], [72.9484168529157, 19.102333213075674], [72.94436698234335, 19.104478282654593], [72.94031115686715, 19.10187543314779], [72.94030503235618, 19.097127633044032], [72.94435459861678, 19.09498242362022], [72.94841059369232, 19.09758515414451]]]}}, {"type": "Feature", "properties": {"h3": "88608b5617fffff", "zone_id": "Z17", "shops": 0}, "geometry": {"type": "Polygon", "coordinates": [[[72.94837304270911, 19.06909438625985], [72.94837930068768, 19.073843134685077], [72.94432983362655, 19.075989325700952], [72.94027441284615, 19.0733869080078], [72.94026828955309, 19.06863841852442], [72.94431745236272, 19.066492087792906], [72.94837304270911, 19.06909438625985]]]}}, {"type": "Feature", "properties": {"h3": "88608b56e9fffff", "zone_id": "Z17", "shops": 0}, "geometry": {"type": "Polygon", "coordinates": [[[72.94026828955309, 19.06863841852442], [72.94027441284615, 19.0733869080078], [72.9362253526012, 19.075532817952666], [72.93217047334966, 19.07293037817984], [72.93216448471087, 19.06818214769717], [72.93621324067715, 19.06603609798717], [72.94026828955309, 19.06863841852442]]]}}, {"type": "Feature", "properties": {"h3": "88608b563bfffff", "zone_id": "Z17", "shops": 0}, "geometry": {"type": "Polygon", "coordinates": [[[72.95243526293359, 19.07644553020046], [72.95244158858115, 19.081194235892823], [72.94839181726712, 19.083340287185422], [72.94433602456628, 19.080737772509487], [72.94432983362655, 19.075989325700952], [72.94837930068768, 19.073843134685077], [72.95243526293359, 19.07644553020046]]]}}, {"type": "Feature", "properties": {"h3": "88608b56bdfffff", "zone_id": "Z17", "shops": 0}, "geometry": {"type": "Polygon", "coordinates": [[[72.90787551678899, 19.081053533357473], [72.90788110220768, 19.08580064229922], [72.90383346862689, 19.087944867431396], [72.89978055405226, 19.085342123649845], [72.89977510317624, 19.080595273886512], [72.90382243233996, 19.078450908726893], [72.90787551678899, 19.081053533357473]]]}}, {"type": "Feature", "properties": {"h3": "88608b54c9fffff", "zone_id": "Z17", "shops": 0}, "geometry": {"type": "Polygon", "coordinates": [[[72.9078922736004, 19.09529451556944], [72.90789785957443, 19.100041279775933], [72.90385002442878, 19.102184943797837], [72.89979690776416, 19.0995819837059], [72.89979145634621, 19.09483547862051], [72.90383898704462, 19.092691674506565], [72.9078922736004, 19.09529451556944]]]}}, {"type": "Feature", "properties": {"h3": "88608b5455fffff", "zone_id": "Z17", "shops": 0}, "geometry": {"type": "Polygon", "coordinates": [[[72.94436698234335, 19.104478282654593], [72.94437317451455, 19.109226039476866], [72.94032340649827, 19.111370687963703], [72.93626775065898, 19.10876771953066], [72.93626169319124, 19.10402022153649], [72.94031115686715, 19.10187543314779], [72.94436698234335, 19.104478282654593]]]}}, {"type": "Feature", "properties": {"h3": "88608b56e1fffff", "zone_id": "Z17", "shops": 0}, "geometry": {"type": "Polygon", "coordinates": [[[72.9362253526012, 19.075532817952666], [72.93623140886433, 19.08028100581848], [72.93218245122274, 19.08242649490945], [72.92812774163315, 19.079823935957315], [72.92812182001539, 19.075076007092992], [72.93217047334966, 19.07293037817984], [72.9362253526012, 19.075532817952666]]]}}, {"type": "Feature", "properties": {"h3": "88608b56a7fffff", "zone_id": "Z17", "shops": 0}, "geometry": {"type": "Polygon", "coordinates": [[[72.9159940399858, 19.095753249623833], [72.9159997605472, 19.10050027289274], [72.91195151812748, 19.10264421794718], [72.90789785957443, 19.100041279775933], [72.9078922736004, 19.09529451556944], [72.91194021159988, 19.093150430472374], [72.9159940399858, 19.095753249623833]]]}}, {"type": "Feature", "properties": {"h3": "88608b5633fffff", "zone_id": "Z17", "shops": 0}, "geometry": {"type": "Polygon", "coordinates": [[[72.94839181726712, 19.083340287185422], [72.94839807586804, 19.08808869113835], [72.94434840706138, 19.090234321530154], [72.94029278394318, 19.08763168774989], [72.94028666004121, 19.082883542681596], [72.94433602456628, 19.080737772509487], [72.94839181726712, 19.083340287185422]]]}}, {"type": "Feature", "properties": {"h3": "88608b56b5fffff", "zone_id": "Z17", "shops": 0}, "geometry": {"type": "Polygon", "coordinates": [[[72.90383346862689, 19.087944867431396], [72.90383898704462, 19.092691674506565], [72.89979145634621, 19.09483547862051], [72.89573871168349, 19.09223261574435], [72.89573332779948, 19.087486067848243], [72.89978055405226, 19.085342123649845], [72.90383346862689, 19.087944867431396]]]}}, {"type": "Feature", "properties": {"h3": "88608b545bfffff", "zone_id": "Z17", "shops": 0}, "geometry": {"type": "Polygon", "coordinates": [[[72.9362435219928, 19.089777037011032], [72.93624957885818, 19.09452488021566], [72.9322004195212, 19.09666980849869], [72.92814550766407, 19.09406703346447], [72.92813958545747, 19.08931944920409], [72.93218844045704, 19.08717438103423], [72.9362435219928, 19.089777037011032]]]}}, {"type": "Feature", "properties": {"h3": "88608b5615fffff", "zone_id": "Z17", "shops": 0}, "geometry": {"type": "Polygon", "coordinates": [[[72.95647874402096, 19.069550050766097], [72.95648513671625, 19.074299058074345], [72.95243526293359, 19.07644553020046], [72.94837930068768, 19.073843134685077], [72.94837304270911, 19.06909438625985], [72.95242261226753, 19.066947774467522], [72.95647874402096, 19.069550050766097]]]}}, {"type": "Feature", "properties": {"h3": "88608b56e7fffff", "zone_id": "Z17", "shops": 0}, "geometry": {"type": "Polygon", "coordinates": [[[72.93218245122274, 19.08242649490945], [72.93218844045704, 19.08717438103423], [72.92813958545747, 19.08931944920409], [72.92408504556738, 19.086716771128916], [72.92407919096952, 19.081969144006386], [72.92812774163315, 19.079823935957315], [72.93218245122274, 19.08242649490945]]]}}, {"type": "Feature", "properties": {"h3": "88608b5451fffff", "zone_id": "Z17", "shops": 0}, "geometry": {"type": "Polygon", "coordinates": [[[72.94030503235618, 19.097127633044032], [72.94031115686715, 19.10187543314779], [72.93626169319124, 19.10402022153649], [72.9322064093511, 19.101417349716282], [72.9322004195212, 19.09666980849869], [72.93624957885818, 19.09452488021566], [72.94030503235618, 19.097127633044032]]]}}, {"type": "Feature", "properties": {"h3": "88608b56adfffff", "zone_id": "Z17", "shops": 0}, "geometry": {"type": "Polygon", "coordinates": [[[72.92813958545747, 19.08931944920409], [72.92814550766407, 19.09406703346447], [72.9240967553452, 19.09621168064611], [72.92004238519212, 19.093608883504178], [72.92003659761306, 19.088861558246816], [72.92408504556738, 19.086716771128916], [72.92813958545747, 19.08931944920409]]]}}, {"type": "Feature", "properties": {"h3": "88608b5681fffff", "zone_id": "Z17", "shops": 0}, "geometry": {"type": "Polygon", "coordinates": [[[72.91595972059858, 19.067268697316493], [72.91596544002257, 19.07201640962144], [72.9119176007928, 19.07416147658905], [72.90786434650687, 19.071558971165725], [72.90785876164344, 19.06681151803778], [72.91190629651321, 19.06466631115676], [72.91595972059858, 19.067268697316493]]]}}, {"type": "Feature", "properties": {"h3": "88608b5453fffff", "zone_id": "Z17", "shops": 0}, "geometry": {"type": "Polygon", "coordinates": [[[72.9322004195212, 19.09666980849869], [72.9322064093511, 19.101417349716282], [72.92815735266615, 19.103561856954137], [72.92410261052521, 19.100958962918742], [72.9240967553452, 19.09621168064611], [72.92814550766407, 19.09406703346447], [72.9322004195212, 19.09666980849869]]]}}, {"type": "Feature", "properties": {"h3": "88608b5419fffff", "zone_id": "Z17", "shops": 0}, "geometry": {"type": "Polygon", "coordinates": [[[72.92815735266615, 19.103561856954137], [72.92816327546167, 19.10830909606141], [72.92411432146747, 19.110453182187058], [72.92005974908027, 19.10785016920677], [72.92005396092571, 19.10310318904515], [72.92410261052521, 19.100958962918742], [72.92815735266615, 19.103561856954137]]]}}, {"type": "Feature", "properties": {"h3": "88608b56a5fffff", "zone_id": "Z17", "shops": 0}, "geometry": {"type": "Polygon", "coordinates": [[[72.9240967553452, 19.09621168064611], [72.92410261052521, 19.100958962918742], [72.92005396092571, 19.10310318904515], [72.9159997605472, 19.10050027289274], [72.9159940399858, 19.095753249623833], [72.92004238519212, 19.093608883504178], [72.9240967553452, 19.09621168064611]]]}}, {"type": "Feature", "properties": {"h3": "88608b561bfffff", "zone_id": "Z17", "shops": 0}, "geometry": {"type": "Polygon", "coordinates": [[[72.94835427001796, 19.05484745301683], [72.94836052737425, 19.059596545364613], [72.9443112620386, 19.061743296815497], [72.94025604357581, 19.059141095570073], [72.94024992089159, 19.054392262221253], [72.94429888200588, 19.052245371119465], [72.94835427001796, 19.05484745301683]]]}}, {"type": "Feature", "properties": {"h3": "88608b56edfffff", "zone_id": "Z17", "shops": 0}, "geometry": {"type": "Polygon", "coordinates": [[[72.94432983362655, 19.075989325700952], [72.94433602456628, 19.080737772509487], [72.94028666004121, 19.082883542681596], [72.93623140886433, 19.08028100581848], [72.9362253526012, 19.075532817952666], [72.94027441284615, 19.0733869080078], [72.94432983362655, 19.075989325700952]]]}}, {"type": "Feature", "properties": {"h3": "88608b54cdfffff", "zone_id": "Z17", "shops": 0}, "geometry": {"type": "Polygon", "coordinates": [[[72.91195151812748, 19.10264421794718], [72.91195717167233, 19.107390939104402], [72.90790903207788, 19.10953446302674], [72.90385554339521, 19.106931405891988], [72.90385002442878, 19.102184943797837], [72.90789785957443, 19.100041279775933], [72.91195151812748, 19.10264421794718]]]}}, {"type": "Feature", "properties": {"h3": "88608b5687fffff", "zone_id": "Z17", "shops": 0}, "geometry": {"type": "Polygon", "coordinates": [[[72.9119176007928, 19.07416147658905], [72.91192325321357, 19.078908887274075], [72.90787551678899, 19.081053533357473], [72.90382243233996, 19.078450908726893], [72.90381691447081, 19.073703757219597], [72.90786434650687, 19.071558971165725], [72.9119176007928, 19.07416147658905]]]}}, {"type": "Feature", "properties": {"h3": "88608b56b9fffff", "zone_id": "Z17", "shops": 0}, "geometry": {"type": "Polygon", "coordinates": [[[72.90381691447081, 19.073703757219597], [72.90382243233996, 19.078450908726893], [72.89977510317624, 19.080595273886512], [72.89572256056667, 19.07799262755927], [72.89571717721783, 19.073245735288314], [72.89976420196608, 19.07110123010889], [72.90381691447081, 19.073703757219597]]]}}, {"type": "Feature", "properties": {"h3": "88608b5459fffff", "zone_id": "Z17", "shops": 0}, "geometry": {"type": "Polygon", "coordinates": [[[72.94434840706138, 19.090234321530154], [72.94435459861678, 19.09498242362022], [72.94030503235618, 19.097127633044032], [72.93624957885818, 19.09452488021566], [72.9362435219928, 19.089777037011032], [72.94029278394318, 19.08763168774989], [72.94434840706138, 19.090234321530154]]]}}, {"type": "Feature", "properties": {"h3": "88608b5613fffff", "zone_id": "Z17", "shops": 0}, "geometry": {"type": "Polygon", "coordinates": [[[72.9443112620386, 19.061743296815497], [72.94431745236272, 19.066492087792906], [72.94026828955309, 19.06863841852442], [72.93621324067715, 19.06603609798717], [72.93620718501619, 19.061287566009636], [72.94025604357581, 19.059141095570073], [72.9443112620386, 19.061743296815497]]]}}, {"type": "Feature", "properties": {"h3": "88608b56e5fffff", "zone_id": "Z17", "shops": 0}, "geometry": {"type": "Polygon", "coordinates": [[[72.94028666004121, 19.082883542681596], [72.94029278394318, 19.08763168774989], [72.9362435219928, 19.089777037011032], [72.93218844045704, 19.08717438103423], [72.93218245122274, 19.08242649490945], [72.93623140886433, 19.08028100581848], [72.94028666004121, 19.082883542681596]]]}}, {"type": "Feature", "properties": {"h3": "88608b56abfffff", "zone_id": "Z17", "shops": 0}, "geometry": {"type": "Polygon", "coordinates": [[[72.91597687943916, 19.081511490109918], [72.9159825994318, 19.08625885817142], [72.9119345586171, 19.08840336427674], [72.90788110220768, 19.08580064229922], [72.90787551678899, 19.081053533357473], [72.91192325321357, 19.078908887274075], [72.91597687943916, 19.081511490109918]]]}}, {"type": "Feature", "properties": {"h3": "88608b4643fffff", "zone_id": "Z18", "shops": 0}, "geometry": {"type": "Polygon", "coordinates": [[[72.86745665460352, 19.149934321499515], [72.86746157006408, 19.154678406238713], [72.86341496704468, 19.15681841818836], [72.85936375327465, 19.15421448599553], [72.85935897226726, 19.149470660439977], [72.86340527058455, 19.147330507894242], [72.86745665460352, 19.149934321499515]]]}}, {"type": "Feature", "properties": {"h3": "88608b559bfffff", "zone_id": "Z18", "shops": 0}, "geometry": {"type": "Polygon", "coordinates": [[[72.89175540272856, 19.15132348667625], [72.89176072173659, 19.156068348615435], [72.88771289528331, 19.15820920389637], [72.88366005445152, 19.155605337686755], [72.88365486999064, 19.150860734755717], [72.88770239182222, 19.148719739026728], [72.89175540272856, 19.15132348667625]]]}}, {"type": "Feature", "properties": {"h3": "88608b460bfffff", "zone_id": "Z18", "shops": 0}, "geometry": {"type": "Polygon", "coordinates": [[[72.85531755825424, 19.156354216914384], [72.85532227228109, 19.161097739373904], [72.85127618059612, 19.16323704859974], [72.84722567964937, 19.16063297606874], [72.84722110003538, 19.155889712851632], [72.8512668869631, 19.1537502629237], [72.85531755825424, 19.156354216914384]]]}}, {"type": "Feature", "properties": {"h3": "88608b464bfffff", "zone_id": "Z18", "shops": 0}, "geometry": {"type": "Polygon", "coordinates": [[[72.87149837840154, 19.14304950022021], [72.87150336085276, 19.14779388793247], [72.86745665460352, 19.149934321499515], [72.86340527058455, 19.147330507894242], [72.86340042259548, 19.14258637936523], [72.86744682417104, 19.14044580525884], [72.87149837840154, 19.14304950022021]]]}}, {"type": "Feature", "properties": {"h3": "88608b54a3fffff", "zone_id": "Z18", "shops": 0}, "geometry": {"type": "Polygon", "coordinates": [[[72.88363931763885, 19.136626232328837], [72.88364450158431, 19.14137118201591], [72.87959728437278, 19.14351231818558], [72.87554518784201, 19.140908645102023], [72.87554013839897, 19.136163954539317], [72.8795870509921, 19.13402267793636], [72.88363931763885, 19.136626232328837]]]}}, {"type": "Feature", "properties": {"h3": "88608b4613fffff", "zone_id": "Z18", "shops": 0}, "geometry": {"type": "Polygon", "coordinates": [[[72.83103103593581, 19.154959796912088], [72.83103534681815, 19.15970254146942], [72.82699047989277, 19.16184100781393], [72.8229416069299, 19.15923687045154], [72.82293743036637, 19.154494385311537], [72.82698199245475, 19.152355778117222], [72.83103103593581, 19.154959796912088]]]}}, {"type": "Feature", "properties": {"h3": "88608b4605fffff", "zone_id": "Z18", "shops": 0}, "geometry": {"type": "Polygon", "coordinates": [[[72.86342951293986, 19.171049415807616], [72.86343436189296, 19.175792850018322], [72.8593876606882, 19.17793187781788], [72.85533641529894, 19.175327612124086], [72.85533170080343, 19.170584437039537], [72.85937809724743, 19.168445268523172], [72.86342951293986, 19.171049415807616]]]}}, {"type": "Feature", "properties": {"h3": "88608b4645fffff", "zone_id": "Z18", "shops": 0}, "geometry": {"type": "Polygon", "coordinates": [[[72.87961263571559, 19.157745911817443], [72.87961775316904, 19.162490211653502], [72.87557043756738, 19.164630364119635], [72.87151830919714, 19.162026357304434], [72.87151332625055, 19.15728231653541], [72.87556033717516, 19.155142023515147], [72.87961263571559, 19.157745911817443]]]}}, {"type": "Feature", "properties": {"h3": "88608b46c5fffff", "zone_id": "Z18", "shops": 0}, "geometry": {"type": "Polygon", "coordinates": [[[72.82293743036637, 19.154494385311537], [72.8229416069299, 19.15923687045154], [72.81889714844466, 19.16137505591547], [72.81484881826715, 19.158770897139068], [72.814844775991, 19.154028671474663], [72.81888892961281, 19.1518903451117], [72.82293743036637, 19.154494385311537]]]}}, {"type": "Feature", "properties": {"h3": "88608b4603fffff", "zone_id": "Z18", "shops": 0}, "geometry": {"type": "Polygon", "coordinates": [[[72.85127618059612, 19.16323704859974], [72.85128082764359, 19.1679802678407], [72.8472348393326, 19.17011915530744], [72.84318450876765, 19.16751496429257], [72.84317999612406, 19.162772004294233], [72.84722567964937, 19.16063297606874], [72.85127618059612, 19.16323704859974]]]}}, {"type": "Feature", "properties": {"h3": "88608b46e9fffff", "zone_id": "Z18", "shops": 0}, "geometry": {"type": "Polygon", "coordinates": [[[72.82699047989277, 19.16184100781393], [72.8269947238227, 19.166583449151965], [72.82294996047212, 19.168721493709416], [72.81890125806478, 19.166117237835934], [72.81889714844466, 19.16137505591547], [72.8229416069299, 19.15923687045154], [72.82699047989277, 19.16184100781393]]]}}, {"type": "Feature", "properties": {"h3": "88608b460dfffff", "zone_id": "Z18", "shops": 0}, "geometry": {"type": "Polygon", "coordinates": [[[72.86747140147388, 19.16416622865059], [72.86747631742317, 19.16890996620171], [72.86342951293986, 19.171049415807616], [72.85937809724743, 19.168445268523172], [72.85937331576473, 19.163701790097925], [72.86341981551571, 19.161562199831835], [72.86747140147388, 19.16416622865059]]]}}, {"type": "Feature", "properties": {"h3": "88608b464dfffff", "zone_id": "Z18", "shops": 0}, "geometry": {"type": "Polygon", "coordinates": [[[72.88365486999064, 19.150860734755717], [72.88366005445152, 19.155605337686755], [72.87961263571559, 19.157745911817443], [72.87556033717516, 19.155142023515147], [72.8755552872301, 19.150397679650798], [72.87960240131747, 19.148256965022647], [72.88365486999064, 19.150860734755717]]]}}, {"type": "Feature", "properties": {"h3": "88608b54a5fffff", "zone_id": "Z18", "shops": 0}, "geometry": {"type": "Polygon", "coordinates": [[[72.89579794618481, 19.144437044895664], [72.89580333221036, 19.149182209806675], [72.89175540272856, 19.15132348667625], [72.88770239182222, 19.148719739026728], [72.88769714035276, 19.143974833123387], [72.89174476524137, 19.141833415862468], [72.89579794618481, 19.144437044895664]]]}}, {"type": "Feature", "properties": {"h3": "88608b4631fffff", "zone_id": "Z18", "shops": 0}, "geometry": {"type": "Polygon", "coordinates": [[[72.84319353450341, 19.17700053684909], [72.84319804759562, 19.18174314928583], [72.8391522661483, 19.183881193036424], [72.8351022764591, 19.1812767652229], [72.83509789775282, 19.17653441202932], [72.83914337435765, 19.174396227406707], [72.84319353450341, 19.17700053684909]]]}}, {"type": "Feature", "properties": {"h3": "88608b4663fffff", "zone_id": "Z18", "shops": 0}, "geometry": {"type": "Polygon", "coordinates": [[[72.87152827558576, 19.171514091473483], [72.87153325902777, 19.1762577847519], [72.86748614981045, 19.178397093690286], [72.86343436189296, 19.175792850018322], [72.86342951293986, 19.171049415807616], [72.86747631742317, 19.16890996620171], [72.87152827558576, 19.171514091473483]]]}}, {"type": "Feature", "properties": {"h3": "88608b4615fffff", "zone_id": "Z18", "shops": 0}, "geometry": {"type": "Polygon", "coordinates": [[[72.84317999612406, 19.162772004294233], [72.84318450876765, 19.16751496429257], [72.8391389286833, 19.16965357074959], [72.83508914077547, 19.167049358016893], [72.8350847625044, 19.162306657319572], [72.83913003777646, 19.16016791005453], [72.84317999612406, 19.162772004294233]]]}}, {"type": "Feature", "properties": {"h3": "88608b4655fffff", "zone_id": "Z18", "shops": 0}, "geometry": {"type": "Polygon", "coordinates": [[[72.85935897226726, 19.149470660439977], [72.85936375327465, 19.15421448599553], [72.85531755825424, 19.156354216914384], [72.8512668869631, 19.1537502629237], [72.85126224037755, 19.149006696610215], [72.85530813066914, 19.14686682504598], [72.85935897226726, 19.149470660439977]]]}}, {"type": "Feature", "properties": {"h3": "88608b4607fffff", "zone_id": "Z18", "shops": 0}, "geometry": {"type": "Polygon", "coordinates": [[[72.85533170080343, 19.170584437039537], [72.85533641529894, 19.175327612124086], [72.8512901222005, 19.177466358824702], [72.84723941940186, 19.174862071207464], [72.8472348393326, 19.17011915530744], [72.85128082764359, 19.1679802678407], [72.85533170080343, 19.170584437039537]]]}}, {"type": "Feature", "properties": {"h3": "88608b4647fffff", "zone_id": "Z18", "shops": 0}, "geometry": {"type": "Polygon", "coordinates": [[[72.87151332625055, 19.15728231653541], [72.87151830919714, 19.162026357304434], [72.86747140147388, 19.16416622865059], [72.86341981551571, 19.161562199831835], [72.86341496704468, 19.15681841818836], [72.86746157006408, 19.154678406238713], [72.87151332625055, 19.15728231653541]]]}}, {"type": "Feature", "properties": {"h3": "88608b4639fffff", "zone_id": "Z18", "shops": 0}, "geometry": {"type": "Polygon", "coordinates": [[[72.8472348393326, 19.17011915530744], [72.84723941940186, 19.174862071207464], [72.84319353450341, 19.17700053684909], [72.83914337435765, 19.174396227406707], [72.8391389286833, 19.16965357074959], [72.84318450876765, 19.16751496429257], [72.8472348393326, 19.17011915530744]]]}}, {"type": "Feature", "properties": {"h3": "88608b466bfffff", "zone_id": "Z18", "shops": 0}, "geometry": {"type": "Polygon", "coordinates": [[[72.87557043756738, 19.164630364119635], [72.87557548801455, 19.169374360738146], [72.87152827558576, 19.171514091473483], [72.86747631742317, 19.16890996620171], [72.86747140147388, 19.16416622865059], [72.87151830919714, 19.162026357304434], [72.87557043756738, 19.164630364119635]]]}}, {"type": "Feature", "properties": {"h3": "88608b461dfffff", "zone_id": "Z18", "shops": 0}, "geometry": {"type": "Polygon", "coordinates": [[[72.84722110003538, 19.155889712851632], [72.84722567964937, 19.16063297606874], [72.84317999612406, 19.162772004294233], [72.83913003777646, 19.16016791005453], [72.83912559254398, 19.155424906138148], [72.84317097128542, 19.15328573716133], [72.84722110003538, 19.155889712851632]]]}}, {"type": "Feature", "properties": {"h3": "88608b465dfffff", "zone_id": "Z18", "shops": 0}, "geometry": {"type": "Polygon", "coordinates": [[[72.86340042259548, 19.14258637936523], [72.86340527058455, 19.147330507894242], [72.85935897226726, 19.149470660439977], [72.85530813066914, 19.14686682504598], [72.85530341711086, 19.14212295575868], [72.85934941072776, 19.13998266262428], [72.86340042259548, 19.14258637936523]]]}}, {"type": "Feature", "properties": {"h3": "88608b54a7fffff", "zone_id": "Z18", "shops": 0}, "geometry": {"type": "Polygon", "coordinates": [[[72.88769714035276, 19.143974833123387], [72.88770239182222, 19.148719739026728], [72.88365486999064, 19.150860734755717], [72.87960240131747, 19.148256965022647], [72.87959728437278, 19.14351231818558], [72.88364450158431, 19.14137118201591], [72.88769714035276, 19.143974833123387]]]}}, {"type": "Feature", "properties": {"h3": "88608b4601fffff", "zone_id": "Z18", "shops": 0}, "geometry": {"type": "Polygon", "coordinates": [[[72.85937331576473, 19.163701790097925], [72.85937809724743, 19.168445268523172], [72.85533170080343, 19.170584437039537], [72.85128082764359, 19.1679802678407], [72.85127618059612, 19.16323704859974], [72.85532227228109, 19.161097739373904], [72.85937331576473, 19.163701790097925]]]}}, {"type": "Feature", "properties": {"h3": "88608b4641fffff", "zone_id": "Z18", "shops": 0}, "geometry": {"type": "Polygon", "coordinates": [[[72.8755552872301, 19.150397679650798], [72.87556033717516, 19.155142023515147], [72.87151332625055, 19.15728231653541], [72.86746157006408, 19.154678406238713], [72.86745665460352, 19.149934321499515], [72.87150336085276, 19.14779388793247], [72.8755552872301, 19.150397679650798]]]}}, {"type": "Feature", "properties": {"h3": "88608b4651fffff", "zone_id": "Z18", "shops": 0}, "geometry": {"type": "Polygon", "coordinates": [[[72.85530341711086, 19.14212295575868], [72.85530813066914, 19.14686682504598], [72.85126224037755, 19.149006696610215], [72.8472119412626, 19.146402839525702], [72.8472073621038, 19.141659229538526], [72.85125294766831, 19.13951921733636], [72.85530341711086, 19.14212295575868]]]}}, {"type": "Feature", "properties": {"h3": "88608b4617fffff", "zone_id": "Z18", "shops": 0}, "geometry": {"type": "Polygon", "coordinates": [[[72.8350847625044, 19.162306657319572], [72.83508914077547, 19.167049358016893], [72.83104396901128, 19.169187683504155], [72.8269947238227, 19.166583449151965], [72.82699047989277, 19.16184100781393], [72.83103534681815, 19.15970254146942], [72.8350847625044, 19.162306657319572]]]}}, {"type": "Feature", "properties": {"h3": "88608b4657fffff", "zone_id": "Z18", "shops": 0}, "geometry": {"type": "Polygon", "coordinates": [[[72.85126224037755, 19.149006696610215], [72.8512668869631, 19.1537502629237], [72.84722110003538, 19.155889712851632], [72.84317097128542, 19.15328573716133], [72.84316645909036, 19.148542430148282], [72.8472119412626, 19.146402839525702], [72.85126224037755, 19.149006696610215]]]}}, {"type": "Feature", "properties": {"h3": "88608b4609fffff", "zone_id": "Z18", "shops": 0}, "geometry": {"type": "Polygon", "coordinates": [[[72.86341496704468, 19.15681841818836], [72.86341981551571, 19.161562199831835], [72.85937331576473, 19.163701790097925], [72.85532227228109, 19.161097739373904], [72.85531755825424, 19.156354216914384], [72.85936375327465, 19.15421448599553], [72.86341496704468, 19.15681841818836]]]}}, {"type": "Feature", "properties": {"h3": "88608b4649fffff", "zone_id": "Z18", "shops": 0}, "geometry": {"type": "Polygon", "coordinates": [[[72.87959728437278, 19.14351231818558], [72.87960240131747, 19.148256965022647], [72.8755552872301, 19.150397679650798], [72.87150336085276, 19.14779388793247], [72.87149837840154, 19.14304950022021], [72.87554518784201, 19.140908645102023], [72.87959728437278, 19.14351231818558]]]}}, {"type": "Feature", "properties": {"h3": "88608b54a1fffff", "zone_id": "Z18", "shops": 0}, "geometry": {"type": "Polygon", "coordinates": [[[72.8917394467622, 19.137088207109606], [72.89174476524137, 19.141833415862468], [72.88769714035276, 19.143974833123387], [72.88364450158431, 19.14137118201591], [72.88363931763885, 19.136626232328837], [72.88768663793593, 19.134484674684014], [72.8917394467622, 19.137088207109606]]]}}, {"type": "Feature", "properties": {"h3": "88608b463bfffff", "zone_id": "Z18", "shops": 0}, "geometry": {"type": "Polygon", "coordinates": [[[72.8391389286833, 19.16965357074959], [72.83914337435765, 19.174396227406707], [72.83509789775282, 19.17653441202932], [72.83104828032211, 19.17393008086006], [72.83104396901128, 19.169187683504155], [72.83508914077547, 19.167049358016893], [72.8391389286833, 19.16965357074959]]]}}, {"type": "Feature", "properties": {"h3": "88608b5593fffff", "zone_id": "Z18", "shops": 0}, "geometry": {"type": "Polygon", "coordinates": [[[72.88771289528331, 19.15820920389637], [72.88771814727495, 19.16295376274097], [72.8836704238888, 19.16509419636684], [72.87961775316904, 19.162490211653502], [72.87961263571559, 19.157745911817443], [72.88366005445152, 19.155605337686755], [72.88771289528331, 19.15820920389637]]]}}, {"type": "Feature", "properties": {"h3": "88608b46edfffff", "zone_id": "Z18", "shops": 0}, "geometry": {"type": "Polygon", "coordinates": [[[72.83104396901128, 19.169187683504155], [72.83104828032211, 19.17393008086006], [72.82700321210436, 19.17606798450364], [72.8229541374508, 19.1734636317058], [72.82294996047212, 19.168721493709416], [72.8269947238227, 19.166583449151965], [72.83104396901128, 19.169187683504155]]]}}, {"type": "Feature", "properties": {"h3": "88608b4611fffff", "zone_id": "Z18", "shops": 0}, "geometry": {"type": "Polygon", "coordinates": [[[72.83912559254398, 19.155424906138148], [72.83913003777646, 19.16016791005453], [72.8350847625044, 19.162306657319572], [72.83103534681815, 19.15970254146942], [72.83103103593581, 19.154959796912088], [72.83507600639743, 19.152820908846465], [72.83912559254398, 19.155424906138148]]]}}, {"type": "Feature", "properties": {"h3": "88608b4759fffff", "zone_id": "Z19", "shops": 0}, "geometry": {"type": "Polygon", "coordinates": [[[72.88774440984447, 19.18667481862905], [72.88774966288068, 19.19141868171403], [72.88370153632515, 19.193557990572895], [72.87964846145182, 19.190953576980093], [72.8796433429806, 19.186209972787953], [72.88369116482555, 19.184070523296313], [72.88774440984447, 19.18667481862905]]]}}, {"type": "Feature", "properties": {"h3": "88608b4453fffff", "zone_id": "Z19", "shops": 0}, "geometry": {"type": "Polygon", "coordinates": [[[72.81892180820779, 19.18982641019498], [72.81892591864492, 19.194567896793167], [72.81488116129759, 19.196704534511053], [72.81083259847317, 19.194099826714968], [72.81082862234119, 19.18935859947668], [72.81487307473634, 19.1872218206752], [72.81892180820779, 19.18982641019498]]]}}, {"type": "Feature", "properties": {"h3": "88608b46a1fffff", "zone_id": "Z19", "shops": 0}, "geometry": {"type": "Polygon", "coordinates": [[[72.80677652302755, 19.182012716880116], [72.80678043182448, 19.18675398840858], [72.80273638813676, 19.188890486292827], [72.79868874063662, 19.186285853774663], [72.79868496609106, 19.18154484172241], [72.8027287048021, 19.179408202712732], [72.80677652302755, 19.182012716880116]]]}}, {"type": "Feature", "properties": {"h3": "88608b46a9fffff", "zone_id": "Z19", "shops": 0}, "geometry": {"type": "Polygon", "coordinates": [[[72.81081669473556, 19.175134221887784], [72.8108206704724, 19.17987579700241], [72.80677652302755, 19.182012716880116], [72.8027287048021, 19.179408202712732], [72.80272486332566, 19.17466688707417], [72.80676870582212, 19.172529826127583], [72.81081669473556, 19.175134221887784]]]}}, {"type": "Feature", "properties": {"h3": "88608b55b7fffff", "zone_id": "Z19", "shops": 0}, "geometry": {"type": "Polygon", "coordinates": [[[72.89584642684223, 19.187139360777604], [72.89585181447478, 19.191883482696912], [72.89180328014825, 19.19402307287315], [72.88774966288068, 19.19141868171403], [72.88774440984447, 19.18667481862905], [72.8917926394873, 19.184535087869406], [72.89584642684223, 19.187139360777604]]]}}, {"type": "Feature", "properties": {"h3": "88608b444bfffff", "zone_id": "Z19", "shops": 0}, "geometry": {"type": "Polygon", "coordinates": [[[72.84320707422866, 19.191228026172464], [72.84321158776952, 19.195970290500956], [72.83916560493918, 19.19810777135878], [72.83511541344852, 19.1955031288246], [72.83511103430695, 19.190761123681284], [72.83915671226461, 19.188623501887548], [72.84320707422866, 19.191228026172464]]]}}, {"type": "Feature", "properties": {"h3": "88608b46c7fffff", "zone_id": "Z19", "shops": 0}, "geometry": {"type": "Polygon", "coordinates": [[[72.814844775991, 19.154028671474663], [72.81484881826715, 19.158770897139068], [72.81080476831531, 19.160908801762353], [72.80675698098503, 19.158304621670133], [72.80675307296492, 19.153562655539552], [72.81079681802689, 19.15142460996801], [72.814844775991, 19.154028671474663]]]}}, {"type": "Feature", "properties": {"h3": "88608b463dfffff", "zone_id": "Z19", "shops": 0}, "geometry": {"type": "Polygon", "coordinates": [[[72.8512901222005, 19.177466358824702], [72.85129476970997, 19.182209230446208], [72.84724857999566, 19.18434755526509], [72.84319804759562, 19.18174314928583], [72.84319353450341, 19.17700053684909], [72.84723941940186, 19.174862071207464], [72.8512901222005, 19.177466358824702]]]}}, {"type": "Feature", "properties": {"h3": "88608b44cdfffff", "zone_id": "Z19", "shops": 0}, "geometry": {"type": "Polygon", "coordinates": [[[72.79869629010291, 19.195767529938173], [72.79870006502362, 19.2005081939281], [72.79465622896562, 19.2026438476287], [72.79060892302802, 19.20003897857849], [72.79060528234062, 19.19529857406482], [72.79464881336538, 19.193162779125768], [72.79869629010291, 19.195767529938173]]]}}, {"type": "Feature", "properties": {"h3": "88608b46d7fffff", "zone_id": "Z19", "shops": 0}, "geometry": {"type": "Polygon", "coordinates": [[[72.7946117427324, 19.145750483832067], [72.79461544924318, 19.15049223381851], [72.79057252158023, 19.15262971792711], [72.78652619235493, 19.150025593088913], [72.78652262001502, 19.145284102810514], [72.79056524273739, 19.143146477662903], [72.7946117427324, 19.145750483832067]]]}}, {"type": "Feature", "properties": {"h3": "88608b4443fffff", "zone_id": "Z19", "shops": 0}, "geometry": {"type": "Polygon", "coordinates": [[[72.83916560493918, 19.19810777135878], [72.83917005149749, 19.20284973185744], [72.835124172167, 19.204986790636074], [72.8310741511871, 19.202382029909078], [72.83106983901908, 19.197640328595682], [72.83511541344852, 19.1955031288246], [72.83916560493918, 19.19810777135878]]]}}, {"type": "Feature", "properties": {"h3": "88608b445bfffff", "zone_id": "Z19", "shops": 0}, "geometry": {"type": "Polygon", "coordinates": [[[72.82296249182329, 19.182947560129904], [72.82296666921715, 19.187689350436163], [72.81892180820779, 19.18982641019498], [72.81487307473634, 19.1872218206752], [72.81486903165664, 19.182480289728748], [72.8189135877421, 19.180343088942887], [72.82296249182329, 19.182947560129904]]]}}, {"type": "Feature", "properties": {"h3": "88608b4635fffff", "zone_id": "Z19", "shops": 0}, "geometry": {"type": "Polygon", "coordinates": [[[72.84724857999566, 19.18434755526509], [72.84725316052025, 19.189090123301206], [72.84320707422866, 19.191228026172464], [72.83915671226461, 19.188623501887548], [72.8391522661483, 19.183881193036424], [72.84319804759562, 19.18174314928583], [72.84724857999566, 19.18434755526509]]]}}, {"type": "Feature", "properties": {"h3": "88608b44c5fffff", "zone_id": "Z19", "shops": 0}, "geometry": {"type": "Polygon", "coordinates": [[[72.79465622896562, 19.2026438476287], [72.79465993695001, 19.20738420766643], [72.79061620476463, 19.209519439177036], [72.78656906966421, 19.206914451945487], [72.78656549590411, 19.20217435138403], [72.79060892302802, 19.20003897857849], [72.79465622896562, 19.2026438476287]]]}}, {"type": "Feature", "properties": {"h3": "88608b46e5fffff", "zone_id": "Z19", "shops": 0}, "geometry": {"type": "Polygon", "coordinates": [[[72.82700321210436, 19.17606798450364], [72.8270074564561, 19.18081007839583], [72.82296249182329, 19.182947560129904], [72.8189135877421, 19.180343088942887], [72.8189094777135, 19.175601254410356], [72.8229541374508, 19.1734636317058], [72.82700321210436, 19.17606798450364]]]}}, {"type": "Feature", "properties": {"h3": "88608b443bfffff", "zone_id": "Z19", "shops": 0}, "geometry": {"type": "Polygon", "coordinates": [[[72.81085248110917, 19.217804220491203], [72.81085645803162, 19.222544750338916], [72.80681170686229, 19.224679980280385], [72.80276328381741, 19.222074821635058], [72.80275944119542, 19.2173345510892], [72.8068038873257, 19.215199179887424], [72.81085248110917, 19.217804220491203]]]}}, {"type": "Feature", "properties": {"h3": "88608b4689fffff", "zone_id": "Z19", "shops": 0}, "geometry": {"type": "Polygon", "coordinates": [[[72.80675307296492, 19.153562655539552], [72.80675698098503, 19.158304621670133], [72.8027133396598, 19.160442245492835], [72.79866609523853, 19.157838044182927], [72.79866232144306, 19.153096337644314], [72.80270565785206, 19.15095857282425], [72.80675307296492, 19.153562655539552]]]}}, {"type": "Feature", "properties": {"h3": "88608b462dfffff", "zone_id": "Z19", "shops": 0}, "geometry": {"type": "Polygon", "coordinates": [[[72.87154322640735, 19.185744823392692], [72.8715482103449, 19.190488168633497], [72.86750089961343, 19.192626914977424], [72.86344890971647, 19.19002245681257], [72.86344406028124, 19.185279370581576], [72.8674910662485, 19.183140483506193], [72.87154322640735, 19.185744823392692]]]}}, {"type": "Feature", "properties": {"h3": "88608b44ebfffff", "zone_id": "Z19", "shops": 0}, "geometry": {"type": "Polygon", "coordinates": [[[72.79061620476463, 19.209519439177036], [72.79061984581385, 19.214259495140684], [72.78657621753953, 19.216394304395934], [72.78252925331357, 19.21378919903954], [72.78252574647962, 19.209049402552115], [72.78656906966421, 19.206914451945487], [72.79061620476463, 19.209519439177036]]]}}, {"type": "Feature", "properties": {"h3": "88608b4681fffff", "zone_id": "Z19", "shops": 0}, "geometry": {"type": "Polygon", "coordinates": [[[72.8027133396598, 19.160442245492835], [72.8027171807545, 19.16518390840352], [72.7986736432045, 19.167321110411578], [72.79462656951215, 19.16471679056358], [72.79462286263303, 19.15997538724501], [72.79866609523853, 19.157838044182927], [72.8027133396598, 19.160442245492835]]]}}, {"type": "Feature", "properties": {"h3": "88608b5597fffff", "zone_id": "Z19", "shops": 0}, "geometry": {"type": "Polygon", "coordinates": [[[72.89177136028154, 19.165557725254086], [72.89177667981849, 19.170302239831898], [72.88772865178046, 19.172442532945613], [72.88367560886519, 19.16983845199427], [72.8836704238888, 19.16509419636684], [72.88771814727495, 19.16295376274097], [72.89177136028154, 19.165557725254086]]]}}, {"type": "Feature", "properties": {"h3": "88608b44e3fffff", "zone_id": "Z19", "shops": 0}, "geometry": {"type": "Polygon", "coordinates": [[[72.78657621753953, 19.216394304395934], [72.7865797916548, 19.22113405616371], [72.78253626733004, 19.22326844309833], [72.77848947401583, 19.22066321967359], [72.77848603410678, 19.215923727381952], [72.78252925331357, 19.21378919903954], [72.78657621753953, 19.216394304395934]]]}}, {"type": "Feature", "properties": {"h3": "88608b4459fffff", "zone_id": "Z19", "shops": 0}, "geometry": {"type": "Polygon", "coordinates": [[[72.83105690337231, 19.183414527945228], [72.83106121511172, 19.188156577553066], [72.82701594558151, 19.190293918309322], [72.82296666921715, 19.187689350436163], [72.82296249182329, 19.182947560129904], [72.8270074564561, 19.18081007839583], [72.83105690337231, 19.183414527945228]]]}}, {"type": "Feature", "properties": {"h3": "88608b46d5fffff", "zone_id": "Z19", "shops": 0}, "geometry": {"type": "Polygon", "coordinates": [[[72.80270181713902, 19.14621656318785], [72.80270565785206, 19.15095857282425], [72.79866232144306, 19.153096337644314], [72.79461544924318, 19.15049223381851], [72.7946117427324, 19.145750483832067], [72.7986547742271, 19.143612578022115], [72.80270181713902, 19.14621656318785]]]}}, {"type": "Feature", "properties": {"h3": "88608b46a7fffff", "zone_id": "Z19", "shops": 0}, "geometry": {"type": "Polygon", "coordinates": [[[72.80273638813676, 19.188890486292827], [72.802740229995, 19.193631454113003], [72.79869629010291, 19.195767529938173], [72.79464881336538, 19.193162779125768], [72.7946451057495, 19.18842207078181], [72.79868874063662, 19.186285853774663], [72.80273638813676, 19.188890486292827]]]}}, {"type": "Feature", "properties": {"h3": "88608b4451fffff", "zone_id": "Z19", "shops": 0}, "geometry": {"type": "Polygon", "coordinates": [[[72.82701594558151, 19.190293918309322], [72.82702019035517, 19.1950356642092], [72.82297502442006, 19.197172582933643], [72.81892591864492, 19.194567896793167], [72.81892180820779, 19.18982641019498], [72.82296666921715, 19.187689350436163], [72.82701594558151, 19.190293918309322]]]}}, {"type": "Feature", "properties": {"h3": "88608b4449fffff", "zone_id": "Z19", "shops": 0}, "geometry": {"type": "Polygon", "coordinates": [[[72.85130406519093, 19.191694625644466], [72.85130871316244, 19.19643714909979], [72.84726232202478, 19.198574911084393], [72.84321158776952, 19.195970290500956], [72.84320707422866, 19.191228026172464], [72.84725316052025, 19.189090123301206], [72.85130406519093, 19.191694625644466]]]}}, {"type": "Feature", "properties": {"h3": "88608b441bfffff", "zone_id": "Z19", "shops": 0}, "geometry": {"type": "Polygon", "coordinates": [[[72.80678824980684, 19.19623618346642], [72.8067921589923, 19.20097710687448], [72.8027479140933, 19.203113041510363], [72.79870006502362, 19.2005081939281], [72.79869629010291, 19.195767529938173], [72.802740229995, 19.193631454113003], [72.80678824980684, 19.19623618346642]]]}}, {"type": "Feature", "properties": {"h3": "88608b4669fffff", "zone_id": "Z19", "shops": 0}, "geometry": {"type": "Polygon", "coordinates": [[[72.8836704238888, 19.16509419636684], [72.88367560886519, 19.16983845199427], [72.8796279885848, 19.171978463898895], [72.87557548801455, 19.169374360738146], [72.87557043756738, 19.164630364119635], [72.87961775316904, 19.162490211653502], [72.8836704238888, 19.16509419636684]]]}}, {"type": "Feature", "properties": {"h3": "88608b46ebfffff", "zone_id": "Z19", "shops": 0}, "geometry": {"type": "Polygon", "coordinates": [[[72.81889714844466, 19.16137505591547], [72.81890125806478, 19.166117237835934], [72.81485690322117, 19.168255001503578], [72.81080874365705, 19.165650724207065], [72.81080476831531, 19.160908801762353], [72.81484881826715, 19.158770897139068], [72.81889714844466, 19.16137505591547]]]}}, {"type": "Feature", "properties": {"h3": "88608b4413fffff", "zone_id": "Z19", "shops": 0}, "geometry": {"type": "Polygon", "coordinates": [[[72.8027479140933, 19.203113041510363], [72.80275175633338, 19.207853660966215], [72.79870761524022, 19.20998917342106], [72.79465993695001, 19.20738420766643], [72.79465622896562, 19.2026438476287], [72.79870006502362, 19.2005081939281], [72.8027479140933, 19.203113041510363]]]}}, {"type": "Feature", "properties": {"h3": "88608b4661fffff", "zone_id": "Z19", "shops": 0}, "geometry": {"type": "Polygon", "coordinates": [[[72.8796279885848, 19.171978463898895], [72.87963310654709, 19.17672241618657], [72.87558558941105, 19.178862006303685], [72.87153325902777, 19.1762577847519], [72.87152827558576, 19.171514091473483], [72.87557548801455, 19.169374360738146], [72.8796279885848, 19.171978463898895]]]}}, {"type": "Feature", "properties": {"h3": "88608b4633fffff", "zone_id": "Z19", "shops": 0}, "geometry": {"type": "Polygon", "coordinates": [[[72.83509789775282, 19.17653441202932], [72.8351022764591, 19.1812767652229], [72.83105690337231, 19.183414527945228], [72.8270074564561, 19.18081007839583], [72.82700321210436, 19.17606798450364], [72.83104828032211, 19.17393008086006], [72.83509789775282, 19.17653441202932]]]}}, {"type": "Feature", "properties": {"h3": "88608b46e3fffff", "zone_id": "Z19", "shops": 0}, "geometry": {"type": "Polygon", "coordinates": [[[72.81485690322117, 19.168255001503578], [72.81486094589906, 19.172996880082245], [72.81081669473556, 19.175134221887784], [72.80676870582212, 19.172529826127583], [72.80676479741363, 19.16778820702489], [72.81080874365705, 19.165650724207065], [72.81485690322117, 19.168255001503578]]]}}, {"type": "Feature", "properties": {"h3": "88608b4687fffff", "zone_id": "Z19", "shops": 0}, "geometry": {"type": "Polygon", "coordinates": [[[72.7986736432045, 19.167321110411578], [72.798677417375, 19.172062469980162], [72.79463398363869, 19.17419925010787], [72.79058708071248, 19.171594811778213], [72.79058344074859, 19.166853711801878], [72.79462656951215, 19.16471679056358], [72.7986736432045, 19.167321110411578]]]}}, {"type": "Feature", "properties": {"h3": "88608b462bfffff", "zone_id": "Z19", "shops": 0}, "geometry": {"type": "Polygon", "coordinates": [[[72.8593876606882, 19.17793187781788], [72.85939244264627, 19.182675008565763], [72.85534584475863, 19.18481361449293], [72.85129476970997, 19.182209230446208], [72.8512901222005, 19.177466358824702], [72.85533641529894, 19.175327612124086], [72.8593876606882, 19.17793187781788]]]}}, {"type": "Feature", "properties": {"h3": "88608b44e9fffff", "zone_id": "Z19", "shops": 0}, "geometry": {"type": "Polygon", "coordinates": [[[72.79870761524022, 19.20998917342106], [72.79871139053611, 19.214729488802845], [72.79466735328728, 19.216864579011215], [72.79061984581385, 19.214259495140684], [72.79061620476463, 19.209519439177036], [72.79465993695001, 19.20738420766643], [72.79870761524022, 19.20998917342106]]]}}, {"type": "Feature", "properties": {"h3": "88608b46adfffff", "zone_id": "Z19", "shops": 0}, "geometry": {"type": "Polygon", "coordinates": [[[72.81486903165664, 19.182480289728748], [72.81487307473634, 19.1872218206752], [72.81082862234119, 19.18935859947668], [72.80678043182448, 19.18675398840858], [72.80677652302755, 19.182012716880116], [72.8108206704724, 19.17987579700241], [72.81486903165664, 19.182480289728748]]]}}, {"type": "Feature", "properties": {"h3": "88608b4623fffff", "zone_id": "Z19", "shops": 0}, "geometry": {"type": "Polygon", "coordinates": [[[72.85534584475863, 19.18481361449293], [72.85535055972287, 19.189556441655668], [72.85130406519093, 19.191694625644466], [72.84725316052025, 19.189090123301206], [72.84724857999566, 19.18434755526509], [72.85129476970997, 19.182209230446208], [72.85534584475863, 19.18481361449293]]]}}, {"type": "Feature", "properties": {"h3": "88608b44e1fffff", "zone_id": "Z19", "shops": 0}, "geometry": {"type": "Polygon", "coordinates": [[[72.79466735328728, 19.216864579011215], [72.79467106164017, 19.22160459019708], [72.79062712827418, 19.2237392580937], [72.7865797916548, 19.22113405616371], [72.78657621753953, 19.216394304395934], [72.79061984581385, 19.214259495140684], [72.79466735328728, 19.216864579011215]]]}}, {"type": "Feature", "properties": {"h3": "88608b4457fffff", "zone_id": "Z19", "shops": 0}, "geometry": {"type": "Polygon", "coordinates": [[[72.82297502442006, 19.197172582933643], [72.82297920222916, 19.20191402500345], [72.81893413992775, 19.204050521630446], [72.81488520477915, 19.20144571727909], [72.81488116129759, 19.196704534511053], [72.81892591864492, 19.194567896793167], [72.82297502442006, 19.197172582933643]]]}}, {"type": "Feature", "properties": {"h3": "88608b46a5fffff", "zone_id": "Z19", "shops": 0}, "geometry": {"type": "Polygon", "coordinates": [[[72.81082862234119, 19.18935859947668], [72.81083259847317, 19.194099826714968], [72.80678824980684, 19.19623618346642], [72.802740229995, 19.193631454113003], [72.80273638813676, 19.188890486292827], [72.80678043182448, 19.18675398840858], [72.81082862234119, 19.18935859947668]]]}}, {"type": "Feature", "properties": {"h3": "88608b55bbfffff", "zone_id": "Z19", "shops": 0}, "geometry": {"type": "Polygon", "coordinates": [[[72.8958302650161, 19.172906298475493], [72.89583565211291, 19.177650768606107], [72.89178731942138, 19.179790921200368], [72.88773390429436, 19.177186744184038], [72.88772865178046, 19.172442532945613], [72.89177667981849, 19.170302239831898], [72.8958302650161, 19.172906298475493]]]}}, {"type": "Feature", "properties": {"h3": "88608b469dfffff", "zone_id": "Z19", "shops": 0}, "geometry": {"type": "Polygon", "coordinates": [[[72.79057252158023, 19.15262971792711], [72.79057616118246, 19.1573711648156], [72.78653333738971, 19.159508227157055], [72.78248717897141, 19.156903983706325], [72.782483673531, 19.152162796526024], [72.78652619235493, 19.150025593088913], [72.79057252158023, 19.15262971792711]]]}}, {"type": "Feature", "properties": {"h3": "88608b55b3fffff", "zone_id": "Z19", "shops": 0}, "geometry": {"type": "Polygon", "coordinates": [[[72.89178731942138, 19.179790921200368], [72.8917926394873, 19.184535087869406], [72.88774440984447, 19.18667481862905], [72.88369116482555, 19.184070523296313], [72.88368597933356, 19.17932661551981], [72.88773390429436, 19.177186744184038], [72.89178731942138, 19.179790921200368]]]}}, {"type": "Feature", "properties": {"h3": "88608b4419fffff", "zone_id": "Z19", "shops": 0}, "geometry": {"type": "Polygon", "coordinates": [[[72.81488116129759, 19.196704534511053], [72.81488520477915, 19.20144571727909], [72.81084055113232, 19.203581932890433], [72.8067921589923, 19.20097710687448], [72.80678824980684, 19.19623618346642], [72.81083259847317, 19.194099826714968], [72.81488116129759, 19.196704534511053]]]}}, {"type": "Feature", "properties": {"h3": "88608b4667fffff", "zone_id": "Z19", "shops": 0}, "geometry": {"type": "Polygon", "coordinates": [[[72.87558558941105, 19.178862006303685], [72.87559064036041, 19.183605655129146], [72.87154322640735, 19.185744823392692], [72.8674910662485, 19.183140483506193], [72.86748614981045, 19.178397093690286], [72.87153325902777, 19.1762577847519], [72.87558558941105, 19.178862006303685]]]}}, {"type": "Feature", "properties": {"h3": "88608b4411fffff", "zone_id": "Z19", "shops": 0}, "geometry": {"type": "Polygon", "coordinates": [[[72.81084055113232, 19.203581932890433], [72.81084452765951, 19.208322811706328], [72.80679997775171, 19.210458605145607], [72.80275175633338, 19.207853660966215], [72.8027479140933, 19.203113041510363], [72.8067921589923, 19.20097710687448], [72.81084055113232, 19.203581932890433]]]}}, {"type": "Feature", "properties": {"h3": "88608b468dfffff", "zone_id": "Z19", "shops": 0}, "geometry": {"type": "Polygon", "coordinates": [[[72.81080476831531, 19.160908801762353], [72.81080874365705, 19.165650724207065], [72.80676479741363, 19.16778820702489], [72.8027171807545, 19.16518390840352], [72.8027133396598, 19.160442245492835], [72.80675698098503, 19.158304621670133], [72.81080476831531, 19.160908801762353]]]}}, {"type": "Feature", "properties": {"h3": "88608b44c1fffff", "zone_id": "Z19", "shops": 0}, "geometry": {"type": "Polygon", "coordinates": [[[72.79060528234062, 19.19529857406482], [72.79060892302802, 19.20003897857849], [72.78656549590411, 19.20217435138403], [72.78251873316015, 19.199569460964128], [72.78251522667466, 19.194829315984805], [72.78655834873906, 19.192693801891668], [72.79060528234062, 19.19529857406482]]]}}, {"type": "Feature", "properties": {"h3": "88608b46e1fffff", "zone_id": "Z19", "shops": 0}, "geometry": {"type": "Polygon", "coordinates": [[[72.82294996047212, 19.168721493709416], [72.8229541374508, 19.1734636317058], [72.8189094777135, 19.175601254410356], [72.81486094589906, 19.172996880082245], [72.81485690322117, 19.168255001503578], [72.81890125806478, 19.166117237835934], [72.82294996047212, 19.168721493709416]]]}}, {"type": "Feature", "properties": {"h3": "88608b4685fffff", "zone_id": "Z19", "shops": 0}, "geometry": {"type": "Polygon", "coordinates": [[[72.80676479741363, 19.16778820702489], [72.80676870582212, 19.172529826127583], [72.80272486332566, 19.17466688707417], [72.798677417375, 19.172062469980162], [72.7986736432045, 19.167321110411578], [72.8027171807545, 19.16518390840352], [72.80676479741363, 19.16778820702489]]]}}, {"type": "Feature", "properties": {"h3": "88608b4629fffff", "zone_id": "Z19", "shops": 0}, "geometry": {"type": "Polygon", "coordinates": [[[72.86748614981045, 19.178397093690286], [72.8674910662485, 19.183140483506193], [72.86344406028124, 19.185279370581576], [72.85939244264627, 19.182675008565763], [72.8593876606882, 19.17793187781788], [72.86343436189296, 19.175792850018322], [72.86748614981045, 19.178397093690286]]]}}, {"type": "Feature", "properties": {"h3": "88608b445dfffff", "zone_id": "Z19", "shops": 0}, "geometry": {"type": "Polygon", "coordinates": [[[72.83511103430695, 19.190761123681284], [72.83511541344852, 19.1955031288246], [72.83106983901908, 19.197640328595682], [72.82702019035517, 19.1950356642092], [72.82701594558151, 19.190293918309322], [72.83106121511172, 19.188156577553066], [72.83511103430695, 19.190761123681284]]]}}, {"type": "Feature", "properties": {"h3": "88608b46abfffff", "zone_id": "Z19", "shops": 0}, "geometry": {"type": "Polygon", "coordinates": [[[72.80272486332566, 19.17466688707417], [72.8027287048021, 19.179408202712732], [72.79868496609106, 19.18154484172241], [72.79463769088616, 19.1789403062122], [72.79463398363869, 19.17419925010787], [72.798677417375, 19.172062469980162], [72.80272486332566, 19.17466688707417]]]}}, {"type": "Feature", "properties": {"h3": "88608b4621fffff", "zone_id": "Z19", "shops": 0}, "geometry": {"type": "Polygon", "coordinates": [[[72.86344406028124, 19.185279370581576], [72.86344890971647, 19.19002245681257], [72.85940200703787, 19.192160921958926], [72.85535055972287, 19.189556441655668], [72.85534584475863, 19.18481361449293], [72.85939244264627, 19.182675008565763], [72.86344406028124, 19.185279370581576]]]}}, {"type": "Feature", "properties": {"h3": "88608b475bfffff", "zone_id": "Z19", "shops": 0}, "geometry": {"type": "Polygon", "coordinates": [[[72.8796433429806, 19.186209972787953], [72.87964846145182, 19.190953576980093], [72.87560074276135, 19.193092604561546], [72.8715482103449, 19.190488168633497], [72.87154322640735, 19.185744823392692], [72.87559064036041, 19.183605655129146], [72.8796433429806, 19.186209972787953]]]}}, {"type": "Feature", "properties": {"h3": "88608b4455fffff", "zone_id": "Z19", "shops": 0}, "geometry": {"type": "Polygon", "coordinates": [[[72.83106983901908, 19.197640328595682], [72.8310741511871, 19.202382029909078], [72.82702868032442, 19.204518807591814], [72.82297920222916, 19.20191402500345], [72.82297502442006, 19.197172582933643], [72.82702019035517, 19.1950356642092], [72.83106983901908, 19.197640328595682]]]}}, {"type": "Feature", "properties": {"h3": "88608b466dfffff", "zone_id": "Z19", "shops": 0}, "geometry": {"type": "Polygon", "coordinates": [[[72.88772865178046, 19.172442532945613], [72.88773390429436, 19.177186744184038], [72.88368597933356, 19.17932661551981], [72.87963310654709, 19.17672241618657], [72.8796279885848, 19.171978463898895], [72.88367560886519, 19.16983845199427], [72.88772865178046, 19.172442532945613]]]}}, {"type": "Feature", "properties": {"h3": "88608b55b1fffff", "zone_id": "Z19", "shops": 0}, "geometry": {"type": "Polygon", "coordinates": [[[72.89988960951767, 19.180254923207084], [72.8998950641889, 19.184999348710093], [72.89584642684223, 19.187139360777604], [72.8917926394873, 19.184535087869406], [72.89178731942138, 19.179790921200368], [72.89583565211291, 19.177650768606107], [72.89988960951767, 19.180254923207084]]]}}, {"type": "Feature", "properties": {"h3": "88608b4417fffff", "zone_id": "Z19", "shops": 0}, "geometry": {"type": "Polygon", "coordinates": [[[72.80679997775171, 19.210458605145607], [72.8068038873257, 19.215199179887424], [72.80275944119542, 19.2173345510892], [72.79871139053611, 19.214729488802845], [72.79870761524022, 19.20998917342106], [72.80275175633338, 19.207853660966215], [72.80679997775171, 19.210458605145607]]]}}, {"type": "Feature", "properties": {"h3": "88608b4665fffff", "zone_id": "Z19", "shops": 0}, "geometry": {"type": "Polygon", "coordinates": [[[72.88368597933356, 19.17932661551981], [72.88369116482555, 19.184070523296313], [72.8796433429806, 19.186209972787953], [72.87559064036041, 19.183605655129146], [72.87558558941105, 19.178862006303685], [72.87963310654709, 19.17672241618657], [72.88368597933356, 19.17932661551981]]]}}, {"type": "Feature", "properties": {"h3": "88608b4637fffff", "zone_id": "Z19", "shops": 0}, "geometry": {"type": "Polygon", "coordinates": [[[72.8391522661483, 19.183881193036424], [72.83915671226461, 19.188623501887548], [72.83511103430695, 19.190761123681284], [72.83106121511172, 19.188156577553066], [72.83105690337231, 19.183414527945228], [72.8351022764591, 19.1812767652229], [72.8391522661483, 19.183881193036424]]]}}, {"type": "Feature", "properties": {"h3": "88608b46e7fffff", "zone_id": "Z19", "shops": 0}, "geometry": {"type": "Polygon", "coordinates": [[[72.8189094777135, 19.175601254410356], [72.8189135877421, 19.180343088942887], [72.81486903165664, 19.182480289728748], [72.8108206704724, 19.17987579700241], [72.81081669473556, 19.175134221887784], [72.81486094589906, 19.172996880082245], [72.8189094777135, 19.175601254410356]]]}}, {"type": "Feature", "properties": {"h3": "88608b468bfffff", "zone_id": "Z19", "shops": 0}, "geometry": {"type": "Polygon", "coordinates": [[[72.79866232144306, 19.153096337644314], [72.79866609523853, 19.157838044182927], [72.79462286263303, 19.15997538724501], [72.79057616118246, 19.1573711648156], [72.79057252158023, 19.15262971792711], [72.79461544924318, 19.15049223381851], [72.79866232144306, 19.153096337644314]]]}}, {"type": "Feature", "properties": {"h3": "88608b44edfffff", "zone_id": "Z19", "shops": 0}, "geometry": {"type": "Polygon", "coordinates": [[[72.80275944119542, 19.2173345510892], [72.80276328381741, 19.222074821635058], [72.79871894150317, 19.224209770533935], [72.79467106164017, 19.22160459019708], [72.79466735328728, 19.216864579011215], [72.79871139053611, 19.214729488802845], [72.80275944119542, 19.2173345510892]]]}}, {"type": "Feature", "properties": {"h3": "88608b4683fffff", "zone_id": "Z19", "shops": 0}, "geometry": {"type": "Polygon", "coordinates": [[[72.79462286263303, 19.15997538724501], [72.79462656951215, 19.16471679056358], [72.79058344074859, 19.166853711801878], [72.78653691008458, 19.16424937082541], [72.78653333738971, 19.159508227157055], [72.79057616118246, 19.1573711648156], [72.79462286263303, 19.15997538724501]]]}}, {"type": "Feature", "properties": {"h3": "88608b4447fffff", "zone_id": "Z20", "shops": 0}, "geometry": {"type": "Polygon", "coordinates": [[[72.84322061529996, 19.205454470624694], [72.84322512928955, 19.210196386298566], [72.83917894505616, 19.21233330407749], [72.83512855174392, 19.209728447182844], [72.835124172167, 19.204986790636074], [72.83917005149749, 19.20284973185744], [72.84322061529996, 19.205454470624694]]]}}, {"type": "Feature", "properties": {"h3": "88608b4751fffff", "zone_id": "Z20", "shops": 0}, "geometry": {"type": "Polygon", "coordinates": [[[72.88370153632515, 19.193557990572895], [72.88370672233282, 19.198301549951452], [72.87965869890324, 19.20044043684349], [72.87560579421296, 19.19783590504694], [72.87560074276135, 19.193092604561546], [72.87964846145182, 19.190953576980093], [72.88370153632515, 19.193557990572895]]]}}, {"type": "Feature", "properties": {"h3": "88608b4719fffff", "zone_id": "Z20", "shops": 0}, "geometry": {"type": "Polygon", "coordinates": [[[72.87155817871557, 19.19997451065216], [72.8715631631487, 19.204717507308516], [72.86751565088302, 19.206855690871567], [72.86346345898646, 19.204251018574084], [72.86345860906906, 19.199508280869544], [72.86750581654032, 19.197369956511213], [72.87155817871557, 19.19997451065216]]]}}, {"type": "Feature", "properties": {"h3": "88608b4711fffff", "zone_id": "Z20", "shops": 0}, "geometry": {"type": "Polygon", "coordinates": [[[72.86751565088302, 19.206855690871567], [72.86752056829886, 19.211598383576636], [72.86347315930351, 19.21373614503167], [72.85942113772303, 19.21113135463401], [72.85941635481397, 19.206388920880947], [72.86346345898646, 19.204251018574084], [72.86751565088302, 19.206855690871567]]]}}, {"type": "Feature", "properties": {"h3": "88608b4709fffff", "zone_id": "Z20", "shops": 0}, "geometry": {"type": "Polygon", "coordinates": [[[72.89181924246246, 19.208254178631286], [72.89182456358662, 19.212997647841622], [72.88777593067391, 19.215136253333316], [72.88372228138722, 19.212531530318977], [72.88371709486384, 19.207788319885218], [72.88776542303417, 19.205649573689755], [72.89181924246246, 19.208254178631286]]]}}, {"type": "Feature", "properties": {"h3": "88608b444dfffff", "zone_id": "Z20", "shops": 0}, "geometry": {"type": "Polygon", "coordinates": [[[72.85535999012006, 19.19904174763414], [72.85536470555309, 19.203784226328455], [72.85131800956758, 19.205921847419145], [72.84726690300477, 19.203317130710055], [72.84726232202478, 19.198574911084393], [72.85130871316244, 19.19643714909979], [72.85535999012006, 19.19904174763414]]]}}, {"type": "Feature", "properties": {"h3": "88608b4445fffff", "zone_id": "Z20", "shops": 0}, "geometry": {"type": "Polygon", "coordinates": [[[72.85131800956758, 19.205921847419145], [72.85132265800122, 19.210664022161794], [72.84727606542016, 19.212801221126], [72.84322512928955, 19.210196386298566], [72.84322061529996, 19.205454470624694], [72.84726690300477, 19.203317130710055], [72.85131800956758, 19.205921847419145]]]}}, {"type": "Feature", "properties": {"h3": "88608b441dfffff", "zone_id": "Z20", "shops": 0}, "geometry": {"type": "Polygon", "coordinates": [[[72.81893413992775, 19.204050521630446], [72.81893825077346, 19.20879165974816], [72.8148932921442, 19.21092773421211], [72.81084452765951, 19.208322811706328], [72.81084055113232, 19.203581932890433], [72.81488520477915, 19.20144571727909], [72.81893413992775, 19.204050521630446]]]}}, {"type": "Feature", "properties": {"h3": "88608b4415fffff", "zone_id": "Z20", "shops": 0}, "geometry": {"type": "Polygon", "coordinates": [[[72.8148932921442, 19.21092773421211], [72.81489733602771, 19.215668568255797], [72.81085248110917, 19.217804220491203], [72.8068038873257, 19.215199179887424], [72.80679997775171, 19.210458605145607], [72.81084452765951, 19.208322811706328], [72.8148932921442, 19.21092773421211]]]}}, {"type": "Feature", "properties": {"h3": "88608b440dfffff", "zone_id": "Z20", "shops": 0}, "geometry": {"type": "Polygon", "coordinates": [[[72.83917894505616, 19.21233330407749], [72.83918339205657, 19.217074915677518], [72.83513731133316, 19.21921141125507], [72.83108708854849, 19.21660643628945], [72.83108277595178, 19.21186508381663], [72.83512855174392, 19.209728447182844], [72.83917894505616, 19.21233330407749]]]}}, {"type": "Feature", "properties": {"h3": "88608b4757fffff", "zone_id": "Z20", "shops": 0}, "geometry": {"type": "Polygon", "coordinates": [[[72.87965869890324, 19.20044043684349], [72.87966381788348, 19.20518369239323], [72.87561589761849, 19.20732215725248], [72.8715631631487, 19.204717507308516], [72.87155817871557, 19.19997451065216], [72.87560579421296, 19.19783590504694], [72.87965869890324, 19.20044043684349]]]}}, {"type": "Feature", "properties": {"h3": "88608b440bfffff", "zone_id": "Z20", "shops": 0}, "geometry": {"type": "Polygon", "coordinates": [[[72.82702868032442, 19.204518807591814], [72.82703292552004, 19.2092602049532], [72.82298755826267, 19.211396560481965], [72.81893825077346, 19.20879165974816], [72.81893413992775, 19.204050521630446], [72.82297920222916, 19.20191402500345], [72.82702868032442, 19.204518807591814]]]}}, {"type": "Feature", "properties": {"h3": "88608b4403fffff", "zone_id": "Z20", "shops": 0}, "geometry": {"type": "Polygon", "coordinates": [[[72.82298755826267, 19.211396560481965], [72.82299173648705, 19.21613765376934], [72.81894647287352, 19.218273587078606], [72.81489733602771, 19.215668568255797], [72.8148932921442, 19.21092773421211], [72.81893825077346, 19.20879165974816], [72.82298755826267, 19.211396560481965]]]}}, {"type": "Feature", "properties": {"h3": "88608b4627fffff", "zone_id": "Z20", "shops": 0}, "geometry": {"type": "Polygon", "coordinates": [[[72.85940200703787, 19.192160921958926], [72.85940678947141, 19.196903704482693], [72.85535999012006, 19.19904174763414], [72.85130871316244, 19.19643714909979], [72.85130406519093, 19.191694625644466], [72.85535055972287, 19.189556441655668], [72.85940200703787, 19.192160921958926]]]}}, {"type": "Feature", "properties": {"h3": "88608b475dfffff", "zone_id": "Z20", "shops": 0}, "geometry": {"type": "Polygon", "coordinates": [[[72.89180328014825, 19.19402307287315], [72.89180860074327, 19.198766891086287], [72.88776016947553, 19.200906059305165], [72.88370672233282, 19.198301549951452], [72.88370153632515, 19.193557990572895], [72.88774966288068, 19.19141868171403], [72.89180328014825, 19.19402307287315]]]}}, {"type": "Feature", "properties": {"h3": "88608b4755fffff", "zone_id": "Z20", "shops": 0}, "geometry": {"type": "Polygon", "coordinates": [[[72.88776016947553, 19.200906059305165], [72.88776542303417, 19.205649573689755], [72.88371709486384, 19.207788319885218], [72.87966381788348, 19.20518369239323], [72.87965869890324, 19.20044043684349], [72.88370672233282, 19.198301549951452], [72.88776016947553, 19.200906059305165]]]}}, {"type": "Feature", "properties": {"h3": "88608b55b5fffff", "zone_id": "Z20", "shops": 0}, "geometry": {"type": "Polygon", "coordinates": [[[72.90394939381699, 19.18760359909534], [72.90395491607718, 19.19234797979036], [72.89990597407379, 19.19448785132389], [72.89585181447478, 19.191883482696912], [72.89584642684223, 19.187139360777604], [72.8998950641889, 19.184999348710093], [72.90394939381699, 19.18760359909534]]]}}, {"type": "Feature", "properties": {"h3": "88608b471dfffff", "zone_id": "Z20", "shops": 0}, "geometry": {"type": "Polygon", "coordinates": [[[72.87561589761849, 19.20732215725248], [72.87562094957242, 19.21206510885113], [72.87157313251065, 19.214203151611706], [72.86752056829886, 19.211598383576636], [72.86751565088302, 19.206855690871567], [72.8715631631487, 19.204717507308516], [72.87561589761849, 19.20732215725248]]]}}, {"type": "Feature", "properties": {"h3": "88608b4441fffff", "zone_id": "Z20", "shops": 0}, "geometry": {"type": "Polygon", "coordinates": [[[72.84726232202478, 19.198574911084393], [72.84726690300477, 19.203317130710055], [72.84322061529996, 19.205454470624694], [72.83917005149749, 19.20284973185744], [72.83916560493918, 19.19810777135878], [72.84321158776952, 19.195970290500956], [72.84726232202478, 19.198574911084393]]]}}, {"type": "Feature", "properties": {"h3": "88608b4409fffff", "zone_id": "Z20", "shops": 0}, "geometry": {"type": "Polygon", "coordinates": [[[72.835124172167, 19.204986790636074], [72.83512855174392, 19.209728447182844], [72.83108277595178, 19.21186508381663], [72.82703292552004, 19.2092602049532], [72.82702868032442, 19.204518807591814], [72.8310741511871, 19.202382029909078], [72.835124172167, 19.204986790636074]]]}}, {"type": "Feature", "properties": {"h3": "88608b4401fffff", "zone_id": "Z20", "shops": 0}, "geometry": {"type": "Polygon", "coordinates": [[[72.83108277595178, 19.21186508381663], [72.83108708854849, 19.21660643628945], [72.82704141633329, 19.218742650712773], [72.82299173648705, 19.21613765376934], [72.82298755826267, 19.211396560481965], [72.82703292552004, 19.2092602049532], [72.83108277595178, 19.21186508381663]]]}}, {"type": "Feature", "properties": {"h3": "88608b4625fffff", "zone_id": "Z20", "shops": 0}, "geometry": {"type": "Polygon", "coordinates": [[[72.86750089961343, 19.192626914977424], [72.86750581654032, 19.197369956511213], [72.86345860906906, 19.199508280869544], [72.85940678947141, 19.196903704482693], [72.85940200703787, 19.192160921958926], [72.86344890971647, 19.19002245681257], [72.86750089961343, 19.192626914977424]]]}}, {"type": "Feature", "properties": {"h3": "88608b4753fffff", "zone_id": "Z20", "shops": 0}, "geometry": {"type": "Polygon", "coordinates": [[[72.87560074276135, 19.193092604561546], [72.87560579421296, 19.19783590504694], [72.87155817871557, 19.19997451065216], [72.86750581654032, 19.197369956511213], [72.86750089961343, 19.192626914977424], [72.8715482103449, 19.190488168633497], [72.87560074276135, 19.193092604561546]]]}}, {"type": "Feature", "properties": {"h3": "88608b470bfffff", "zone_id": "Z20", "shops": 0}, "geometry": {"type": "Polygon", "coordinates": [[[72.88371709486384, 19.207788319885218], [72.88372228138722, 19.212531530318977], [72.87967405635295, 19.214669854425097], [72.87562094957242, 19.21206510885113], [72.87561589761849, 19.20732215725248], [72.87966381788348, 19.20518369239323], [72.88371709486384, 19.207788319885218]]]}}, {"type": "Feature", "properties": {"h3": "88608b474bfffff", "zone_id": "Z20", "shops": 0}, "geometry": {"type": "Polygon", "coordinates": [[[72.89990597407379, 19.19448785132389], [72.8999114292875, 19.199231928313058], [72.89586259027568, 19.201371377898685], [72.89180860074327, 19.198766891086287], [72.89180328014825, 19.19402307287315], [72.89585181447478, 19.191883482696912], [72.89990597407379, 19.19448785132389]]]}}, {"type": "Feature", "properties": {"h3": "88608b4743fffff", "zone_id": "Z20", "shops": 0}, "geometry": {"type": "Polygon", "coordinates": [[[72.89586259027568, 19.201371377898685], [72.89586797844404, 19.20611515105962], [72.89181924246246, 19.208254178631286], [72.88776542303417, 19.205649573689755], [72.88776016947553, 19.200906059305165], [72.89180860074327, 19.198766891086287], [72.89586259027568, 19.201371377898685]]]}}, {"type": "Feature", "properties": {"h3": "88608b471bfffff", "zone_id": "Z20", "shops": 0}, "geometry": {"type": "Polygon", "coordinates": [[[72.86345860906906, 19.199508280869544], [72.86346345898646, 19.204251018574084], [72.85941635481397, 19.206388920880947], [72.85536470555309, 19.203784226328455], [72.85535999012006, 19.19904174763414], [72.85940678947141, 19.196903704482693], [72.86345860906906, 19.199508280869544]]]}}, {"type": "Feature", "properties": {"h3": "88608b4713fffff", "zone_id": "Z20", "shops": 0}, "geometry": {"type": "Polygon", "coordinates": [[[72.85941635481397, 19.206388920880947], [72.85942113772303, 19.21113135463401], [72.85537413688795, 19.213268834823594], [72.85132265800122, 19.210664022161794], [72.85131800956758, 19.205921847419145], [72.85536470555309, 19.203784226328455], [72.85941635481397, 19.206388920880947]]]}}, {"type": "Feature", "properties": {"h3": "88608b4559fffff", "zone_id": "Z21", "shops": 0}, "geometry": {"type": "Polygon", "coordinates": [[[72.85944505464633, 19.234841776511004], [72.85944983850663, 19.239583511084042], [72.85540243464384, 19.241719864792216], [72.85135055183856, 19.239114624956308], [72.85134590248047, 19.23437314927738], [72.85539300143326, 19.232236654540785], [72.85944505464633, 19.234841776511004]]]}}, {"type": "Feature", "properties": {"h3": "88608b44adfffff", "zone_id": "Z21", "shops": 0}, "geometry": {"type": "Polygon", "coordinates": [[[72.78658694024054, 19.230613210481437], [72.78659051471102, 19.235352612910248], [72.78254678922606, 19.237486435987606], [72.7784997944267, 19.234880998108217], [72.77849635417577, 19.230141855097287], [72.78253977451253, 19.228007890548525], [72.78658694024054, 19.230613210481437]]]}}, {"type": "Feature", "properties": {"h3": "88608b4725fffff", "zone_id": "Z21", "shops": 0}, "geometry": {"type": "Polygon", "coordinates": [[[72.89591109022233, 19.244061141770224], [72.89591647999866, 19.24880386537621], [72.89186713893127, 19.250941204017263], [72.8878127128998, 19.248335959890923], [72.88780745777348, 19.243593494886838], [72.89185649403645, 19.241456015407707], [72.89591109022233, 19.244061141770224]]]}}, {"type": "Feature", "properties": {"h3": "88608b472bfffff", "zone_id": "Z21", "shops": 0}, "geometry": {"type": "Polygon", "coordinates": [[[72.8877916934398, 19.229365399073583], [72.88779694804349, 19.234108214417486], [72.88374821658331, 19.236245834727605], [72.87969453532841, 19.233640780518314], [72.87968941532996, 19.228898223893076], [72.883737841989, 19.22676046275902], [72.8877916934398, 19.229365399073583]]]}}, {"type": "Feature", "properties": {"h3": "88608b4731fffff", "zone_id": "Z21", "shops": 0}, "geometry": {"type": "Polygon", "coordinates": [[[72.87158808779274, 19.2284307446319], [72.8715930732173, 19.233173042479997], [72.86754515782299, 19.23531009992308], [72.86349256186676, 19.232705000441257], [72.86348771098478, 19.22796296142877], [72.8675353215243, 19.225825763063057], [72.87158808779274, 19.2284307446319]]]}}, {"type": "Feature", "properties": {"h3": "88608b4407fffff", "zone_id": "Z21", "shops": 0}, "geometry": {"type": "Polygon", "coordinates": [[[72.82704141633329, 19.218742650712773], [72.82704566195093, 19.22348369898968], [72.82300009335121, 19.225619491137067], [72.81895058412786, 19.223014376170028], [72.81894647287352, 19.218273587078606], [72.82299173648705, 19.21613765376934], [72.82704141633329, 19.218742650712773]]]}}, {"type": "Feature", "properties": {"h3": "88608b4463fffff", "zone_id": "Z21", "shops": 0}, "geometry": {"type": "Polygon", "coordinates": [[[72.84323415771753, 19.2196798685669], [72.84323867215592, 19.22442143504002], [72.83919228649943, 19.226557789554203], [72.83514169134547, 19.22395271865924], [72.83513731133316, 19.21921141125507], [72.83918339205657, 19.217074915677518], [72.84323415771753, 19.2196798685669]]]}}, {"type": "Feature", "properties": {"h3": "88608b4469fffff", "zone_id": "Z21", "shops": 0}, "geometry": {"type": "Polygon", "coordinates": [[[72.85537413688795, 19.213268834823594], [72.85537885278981, 19.21801096450303], [72.85133195533069, 19.220148022509587], [72.84728064685561, 19.217543091794905], [72.84727606542016, 19.212801221126], [72.85132265800122, 19.210664022161794], [72.85537413688795, 19.213268834823594]]]}}, {"type": "Feature", "properties": {"h3": "88608b45d3fffff", "zone_id": "Z21", "shops": 0}, "geometry": {"type": "Polygon", "coordinates": [[[72.79063805286941, 19.237958029178692], [72.79064169464245, 19.2426973864062], [72.78659766400729, 19.244831068004956], [72.78255029675714, 19.242225533855425], [72.78254678922606, 19.237486435987606], [72.78659051471102, 19.235352612910248], [72.79063805286941, 19.237958029178692]]]}}, {"type": "Feature", "properties": {"h3": "88608b473dfffff", "zone_id": "Z21", "shops": 0}, "geometry": {"type": "Polygon", "coordinates": [[[72.87968941532996, 19.228898223893076], [72.87969453532841, 19.233640780518314], [72.87564621185416, 19.235778119374867], [72.8715930732173, 19.233173042479997], [72.87158808779274, 19.2284307446319], [72.875636106439, 19.22629326490208], [72.87968941532996, 19.228898223893076]]]}}, {"type": "Feature", "properties": {"h3": "88608b45d9fffff", "zone_id": "Z21", "shops": 0}, "geometry": {"type": "Polygon", "coordinates": [[[72.80277096944332, 19.23155501339247], [72.80277481244725, 19.236294934482864], [72.7987302688919, 19.238429319640467], [72.7946821874361, 19.23582392508139], [72.7946784787146, 19.231084263292736], [72.7987227171743, 19.228949736762047], [72.80277096944332, 19.23155501339247]]]}}, {"type": "Feature", "properties": {"h3": "88608b4589fffff", "zone_id": "Z21", "shops": 0}, "geometry": {"type": "Polygon", "coordinates": [[[72.80683516858137, 19.253119584370943], [72.80683907932138, 19.25785910984126], [72.80279402937705, 19.259992789628747], [72.7987453738284, 19.2573870853902], [72.7987415974066, 19.252647819105043], [72.80278634222309, 19.250513997873824], [72.80683516858137, 19.253119584370943]]]}}, {"type": "Feature", "properties": {"h3": "88608b4425fffff", "zone_id": "Z21", "shops": 0}, "geometry": {"type": "Polygon", "coordinates": [[[72.83920562926917, 19.24078122615127], [72.83921007715391, 19.24552213831635], [72.83516359358457, 19.24765750693497], [72.83111296713005, 19.24505210457252], [72.83110865367578, 19.240311451418215], [72.83515483225342, 19.23817594161619], [72.83920562926917, 19.24078122615127]]]}}, {"type": "Feature", "properties": {"h3": "88608b442bfffff", "zone_id": "Z21", "shops": 0}, "geometry": {"type": "Polygon", "coordinates": [[[72.83109571417062, 19.226088791969918], [72.83110002719609, 19.23082979505629], [72.82705415360832, 19.23296544603456], [72.823004271991, 19.230360235096175], [72.82300009335121, 19.225619491137067], [72.82704566195093, 19.22348369898968], [72.83109571417062, 19.226088791969918]]]}}, {"type": "Feature", "properties": {"h3": "88608b4431fffff", "zone_id": "Z21", "shops": 0}, "geometry": {"type": "Polygon", "coordinates": [[[72.81490542419668, 19.225149887194323], [72.81490946848217, 19.22989037196793], [72.81086441227188, 19.23202546064186], [72.8068156168249, 19.229420205810314], [72.80681170686229, 19.224679980280385], [72.81085645803162, 19.222544750338916], [72.81490542419668, 19.225149887194323]]]}}, {"type": "Feature", "properties": {"h3": "88608b4705fffff", "zone_id": "Z21", "shops": 0}, "geometry": {"type": "Polygon", "coordinates": [[[72.8918352063642, 19.222484236834326], [72.89184052801761, 19.22722735649524], [72.8877916934398, 19.229365399073583], [72.883737841989, 19.22676046275902], [72.88373265494981, 19.2220176018166], [72.88778118475503, 19.219879418470807], [72.8918352063642, 19.222484236834326]]]}}, {"type": "Feature", "properties": {"h3": "88608b4761fffff", "zone_id": "Z21", "shops": 0}, "geometry": {"type": "Polygon", "coordinates": [[[72.90804315990707, 19.223416594128636], [72.90804875088287, 19.228160231050843], [72.90399910075004, 19.23029883663798], [72.89994416436791, 19.227693945972057], [72.89993870806897, 19.222950567651232], [72.90398805348313, 19.220811821395458], [72.90804315990707, 19.223416594128636]]]}}, {"type": "Feature", "properties": {"h3": "88608b4437fffff", "zone_id": "Z21", "shops": 0}, "geometry": {"type": "Polygon", "coordinates": [[[72.81086441227188, 19.23202546064186], [72.81086838958967, 19.236765640975854], [72.80682343713879, 19.238900307234083], [72.80277481244725, 19.236294934482864], [72.80277096944332, 19.23155501339247], [72.8068156168249, 19.229420205810314], [72.81086441227188, 19.23202546064186]]]}}, {"type": "Feature", "properties": {"h3": "88608b4767fffff", "zone_id": "Z21", "shops": 0}, "geometry": {"type": "Polygon", "coordinates": [[[72.90399910075004, 19.23029883663798], [72.9040046246582, 19.235042169243574], [72.89995507750852, 19.23718035258116], [72.89590031120575, 19.23457534403881], [72.89589492196549, 19.22983227003478], [72.89994416436791, 19.227693945972057], [72.90399910075004, 19.23029883663798]]]}}, {"type": "Feature", "properties": {"h3": "88608b443dfffff", "zone_id": "Z21", "shops": 0}, "geometry": {"type": "Polygon", "coordinates": [[[72.82300009335121, 19.225619491137067], [72.823004271991, 19.230360235096175], [72.81895880704528, 19.23249560490214], [72.81490946848217, 19.22989037196793], [72.81490542419668, 19.225149887194323], [72.81895058412786, 19.223014376170028], [72.82300009335121, 19.225619491137067]]]}}, {"type": "Feature", "properties": {"h3": "88608b4717fffff", "zone_id": "Z21", "shops": 0}, "geometry": {"type": "Polygon", "coordinates": [[[72.86347315930351, 19.21373614503167], [72.86347800970316, 19.218478533663294], [72.85943070401673, 19.22061587294453], [72.85537885278981, 19.21801096450303], [72.85537413688795, 19.213268834823594], [72.85942113772303, 19.21113135463401], [72.86347315930351, 19.21373614503167]]]}}, {"type": "Feature", "properties": {"h3": "88608b4723fffff", "zone_id": "Z21", "shops": 0}, "geometry": {"type": "Polygon", "coordinates": [[[72.88374821658331, 19.236245834727605], [72.88375340413842, 19.240988345632413], [72.87970477583448, 19.243125543608542], [72.87565126481299, 19.240520371560848], [72.87564621185416, 19.235778119374867], [72.87969453532841, 19.233640780518314], [72.88374821658331, 19.236245834727605]]]}}, {"type": "Feature", "properties": {"h3": "88608b4729fffff", "zone_id": "Z21", "shops": 0}, "geometry": {"type": "Polygon", "coordinates": [[[72.89589492196549, 19.22983227003478], [72.89590031120575, 19.23457534403881], [72.89185117185373, 19.236713245842623], [72.88779694804349, 19.234108214417486], [72.8877916934398, 19.229365399073583], [72.89184052801761, 19.22722735649524], [72.89589492196549, 19.22983227003478]]]}}, {"type": "Feature", "properties": {"h3": "88608b4405fffff", "zone_id": "Z21", "shops": 0}, "geometry": {"type": "Polygon", "coordinates": [[[72.83513731133316, 19.21921141125507], [72.83514169134547, 19.22395271865924], [72.83109571417062, 19.226088791969918], [72.82704566195093, 19.22348369898968], [72.82704141633329, 19.218742650712773], [72.83108708854849, 19.21660643628945], [72.83513731133316, 19.21921141125507]]]}}, {"type": "Feature", "properties": {"h3": "88608b4461fffff", "zone_id": "Z21", "shops": 0}, "geometry": {"type": "Polygon", "coordinates": [[[72.85133195533069, 19.220148022509587], [72.85133660422655, 19.224889847993353], [72.84728981018199, 19.227026483751242], [72.84323867215592, 19.22442143504002], [72.84323415771753, 19.2196798685669], [72.84728064685561, 19.217543091794905], [72.85133195533069, 19.220148022509587]]]}}, {"type": "Feature", "properties": {"h3": "88608b45cbfffff", "zone_id": "Z21", "shops": 0}, "geometry": {"type": "Polygon", "coordinates": [[[72.81491755745519, 19.239370991820806], [72.81492160214272, 19.24411112677888], [72.81087634462065, 19.246245651706026], [72.80682734749008, 19.243640183006782], [72.80682343713879, 19.238900307234083], [72.81086838958967, 19.236765640975854], [72.81491755745519, 19.239370991820806]]]}}, {"type": "Feature", "properties": {"h3": "88608b4735fffff", "zone_id": "Z21", "shops": 0}, "geometry": {"type": "Polygon", "coordinates": [[[72.87564621185416, 19.235778119374867], [72.87565126481299, 19.240520371560848], [72.87160304456218, 19.24265728807417], [72.86755007621689, 19.240052093331805], [72.86754515782299, 19.23531009992308], [72.8715930732173, 19.233173042479997], [72.87564621185416, 19.235778119374867]]]}}, {"type": "Feature", "properties": {"h3": "88608b4467fffff", "zone_id": "Z21", "shops": 0}, "geometry": {"type": "Polygon", "coordinates": [[[72.84728981018199, 19.227026483751242], [72.84729439207297, 19.231768004917335], [72.84324770148157, 19.233904218360948], [72.83919673394196, 19.2312990517096], [72.83919228649943, 19.226557789554203], [72.84323867215592, 19.22442143504002], [72.84728981018199, 19.227026483751242]]]}}, {"type": "Feature", "properties": {"h3": "88608b45d1fffff", "zone_id": "Z21", "shops": 0}, "geometry": {"type": "Polygon", "coordinates": [[[72.7987302688919, 19.238429319640467], [72.79873404493836, 19.243168936169607], [72.79468960524771, 19.245302898837444], [72.79064169464245, 19.2426973864062], [72.79063805286941, 19.237958029178692], [72.7946821874361, 19.23582392508139], [72.7987302688919, 19.238429319640467]]]}}, {"type": "Feature", "properties": {"h3": "88608b4769fffff", "zone_id": "Z21", "shops": 0}, "geometry": {"type": "Polygon", "coordinates": [[[72.9120872549398, 19.216533625241357], [72.91209291298436, 19.221277566357905], [72.90804315990707, 19.223416594128636], [72.90398805348313, 19.220811821395458], [72.90398253012437, 19.21606813887998], [72.9080319785116, 19.21392897049715], [72.9120872549398, 19.216533625241357]]]}}, {"type": "Feature", "properties": {"h3": "88608b473bfffff", "zone_id": "Z21", "shops": 0}, "geometry": {"type": "Polygon", "coordinates": [[[72.86753040361948, 19.221083419733084], [72.8675353215243, 19.225825763063057], [72.86348771098478, 19.22796296142877], [72.85943548740137, 19.225357957380577], [72.85943070401673, 19.22061587294453], [72.86347800970316, 19.218478533663294], [72.86753040361948, 19.221083419733084]]]}}, {"type": "Feature", "properties": {"h3": "88608b446dfffff", "zone_id": "Z21", "shops": 0}, "geometry": {"type": "Polygon", "coordinates": [[[72.85943070401673, 19.22061587294453], [72.85943548740137, 19.225357957380577], [72.85538828506246, 19.227494874422305], [72.85133660422655, 19.224889847993353], [72.85133195533069, 19.220148022509587], [72.85537885278981, 19.21801096450303], [72.85943070401673, 19.22061587294453]]]}}, {"type": "Feature", "properties": {"h3": "88608b45d7fffff", "zone_id": "Z21", "shops": 0}, "geometry": {"type": "Polygon", "coordinates": [[[72.79468960524771, 19.245302898837444], [72.79469331433788, 19.250042210683755], [72.79064897855051, 19.252175750796706], [72.78660123883306, 19.24957012054976], [72.78659766400729, 19.244831068004956], [72.79064169464245, 19.2426973864062], [72.79468960524771, 19.245302898837444]]]}}, {"type": "Feature", "properties": {"h3": "88608b4741fffff", "zone_id": "Z21", "shops": 0}, "geometry": {"type": "Polygon", "coordinates": [[[72.90396596114678, 19.201836392485642], [72.9039714839562, 19.206580424364333], [72.89992234025748, 19.208719733352133], [72.89586797844404, 19.20611515105962], [72.89586259027568, 19.201371377898685], [72.8999114292875, 19.199231928313058], [72.90396596114678, 19.201836392485642]]]}}, {"type": "Feature", "properties": {"h3": "88608b4581fffff", "zone_id": "Z21", "shops": 0}, "geometry": {"type": "Polygon", "coordinates": [[[72.80279402937705, 19.259992789628747], [72.80279787314508, 19.26473201017285], [72.79875292704742, 19.266865267292822], [72.7947044423457, 19.26425944536934], [72.79470073288687, 19.25952048401024], [72.7987453738284, 19.2573870853902], [72.80279402937705, 19.259992789628747]]]}}, {"type": "Feature", "properties": {"h3": "88608b45ddfffff", "zone_id": "Z21", "shops": 0}, "geometry": {"type": "Polygon", "coordinates": [[[72.80682343713879, 19.238900307234083], [72.80682734749008, 19.243640183006782], [72.80278249883712, 19.245774426784095], [72.79873404493836, 19.243168936169607], [72.7987302688919, 19.238429319640467], [72.80277481244725, 19.236294934482864], [72.80682343713879, 19.238900307234083]]]}}, {"type": "Feature", "properties": {"h3": "88608b470dfffff", "zone_id": "Z21", "shops": 0}, "geometry": {"type": "Polygon", "coordinates": [[[72.89587875531669, 19.2156023481978], [72.89588414402097, 19.22034577205357], [72.8918352063642, 19.222484236834326], [72.88778118475503, 19.219879418470807], [72.88777593067391, 19.215136253333316], [72.89182456358662, 19.212997647841622], [72.89587875531669, 19.2156023481978]]]}}, {"type": "Feature", "properties": {"h3": "88608b4747fffff", "zone_id": "Z21", "shops": 0}, "geometry": {"type": "Polygon", "coordinates": [[[72.89992234025748, 19.208719733352133], [72.89992779601377, 19.213463461280522], [72.89587875531669, 19.2156023481978], [72.89182456358662, 19.212997647841622], [72.89181924246246, 19.208254178631286], [72.89586797844404, 19.20611515105962], [72.89992234025748, 19.208719733352133]]]}}, {"type": "Feature", "properties": {"h3": "88608b474dfffff", "zone_id": "Z21", "shops": 0}, "geometry": {"type": "Polygon", "coordinates": [[[72.91207028193169, 19.20230110292758], [72.91207593941348, 19.207045393465418], [72.90802638809188, 19.209184983909324], [72.9039714839562, 19.206580424364333], [72.90396596114678, 19.201836392485642], [72.90801520780848, 19.199696661493334], [72.91207028193169, 19.20230110292758]]]}}, {"type": "Feature", "properties": {"h3": "88608b4423fffff", "zone_id": "Z21", "shops": 0}, "geometry": {"type": "Polygon", "coordinates": [[[72.82705415360832, 19.23296544603456], [72.82705839964807, 19.23770614468132], [72.82301262968593, 19.23984137326177], [72.81896291870835, 19.237236044421604], [72.81895880704528, 19.23249560490214], [72.823004271991, 19.230360235096175], [72.82705415360832, 19.23296544603456]]]}}, {"type": "Feature", "properties": {"h3": "88608b4429fffff", "zone_id": "Z21", "shops": 0}, "geometry": {"type": "Polygon", "coordinates": [[[72.83919228649943, 19.226557789554203], [72.83919673394196, 19.2312990517096], [72.83515045180562, 19.233434983900437], [72.83110002719609, 19.23082979505629], [72.83109571417062, 19.226088791969918], [72.83514169134547, 19.22395271865924], [72.83919228649943, 19.226557789554203]]]}}, {"type": "Feature", "properties": {"h3": "88608b4599fffff", "zone_id": "Z21", "shops": 0}, "geometry": {"type": "Polygon", "coordinates": [[[72.78659766400729, 19.244831068004956], [72.78660123883306, 19.24957012054976], [72.78255731216788, 19.25170337958488], [72.77851011586327, 19.24909772761077], [72.77850667527044, 19.244358934425488], [72.78255029675714, 19.242225533855425], [72.78659766400729, 19.244831068004956]]]}}, {"type": "Feature", "properties": {"h3": "88608b4703fffff", "zone_id": "Z21", "shops": 0}, "geometry": {"type": "Polygon", "coordinates": [[[72.87967405635295, 19.214669854425097], [72.87967917584226, 19.219412760785772], [72.87563105398267, 19.221550662736643], [72.87157811743943, 19.218945799137074], [72.87157313251065, 19.214203151611706], [72.87562094957242, 19.21206510885113], [72.87967405635295, 19.214669854425097]]]}}, {"type": "Feature", "properties": {"h3": "88608b44e7fffff", "zone_id": "Z21", "shops": 0}, "geometry": {"type": "Polygon", "coordinates": [[[72.79062712827418, 19.2237392580937], [72.79063076968528, 19.22847896496187], [72.78658694024054, 19.230613210481437], [72.78253977451253, 19.228007890548525], [72.78253626733004, 19.22326844309833], [72.7865797916548, 19.22113405616371], [72.79062712827418, 19.2237392580937]]]}}, {"type": "Feature", "properties": {"h3": "88608b4435fffff", "zone_id": "Z21", "shops": 0}, "geometry": {"type": "Polygon", "coordinates": [[[72.81895880704528, 19.23249560490214], [72.81896291870835, 19.237236044421604], [72.81491755745519, 19.239370991820806], [72.81086838958967, 19.236765640975854], [72.81086441227188, 19.23202546064186], [72.81490946848217, 19.22989037196793], [72.81895880704528, 19.23249560490214]]]}}, {"type": "Feature", "properties": {"h3": "88608b4765fffff", "zone_id": "Z21", "shops": 0}, "geometry": {"type": "Polygon", "coordinates": [[[72.91210422963628, 19.230765098744495], [72.91210988824368, 19.235508689893077], [72.90805993339059, 19.23764715480449], [72.9040046246582, 19.235042169243574], [72.90399910075004, 19.23029883663798], [72.90804875088287, 19.228160231050843], [72.91210422963628, 19.230765098744495]]]}}, {"type": "Feature", "properties": {"h3": "88608b4439fffff", "zone_id": "Z21", "shops": 0}, "geometry": {"type": "Polygon", "coordinates": [[[72.81894647287352, 19.218273587078606], [72.81895058412786, 19.223014376170028], [72.81490542419668, 19.225149887194323], [72.81085645803162, 19.222544750338916], [72.81085248110917, 19.217804220491203], [72.81489733602771, 19.215668568255797], [72.81894647287352, 19.218273587078606]]]}}, {"type": "Feature", "properties": {"h3": "88608b476bfffff", "zone_id": "Z21", "shops": 0}, "geometry": {"type": "Polygon", "coordinates": [[[72.90398253012437, 19.21606813887998], [72.90398805348313, 19.220811821395458], [72.89993870806897, 19.222950567651232], [72.89588414402097, 19.22034577205357], [72.89587875531669, 19.2156023481978], [72.89992779601377, 19.213463461280522], [72.90398253012437, 19.21606813887998]]]}}, {"type": "Feature", "properties": {"h3": "88608b4715fffff", "zone_id": "Z21", "shops": 0}, "geometry": {"type": "Polygon", "coordinates": [[[72.87157313251065, 19.214203151611706], [72.87157811743943, 19.218945799137074], [72.86753040361948, 19.221083419733084], [72.86347800970316, 19.218478533663294], [72.86347315930351, 19.21373614503167], [72.86752056829886, 19.211598383576636], [72.87157313251065, 19.214203151611706]]]}}, {"type": "Feature", "properties": {"h3": "88608b455bfffff", "zone_id": "Z21", "shops": 0}, "geometry": {"type": "Polygon", "coordinates": [[[72.85134590248047, 19.23437314927738], [72.85135055183856, 19.239114624956308], [72.8473035563105, 19.24125069732221], [72.84325221636884, 19.238645435087452], [72.84324770148157, 19.233904218360948], [72.84729439207297, 19.231768004917335], [72.85134590248047, 19.23437314927738]]]}}, {"type": "Feature", "properties": {"h3": "88608b44a9fffff", "zone_id": "Z21", "shops": 0}, "geometry": {"type": "Polygon", "coordinates": [[[72.78253626733004, 19.22326844309833], [72.78253977451253, 19.228007890548525], [72.77849635417577, 19.230141855097287], [72.77444973181059, 19.22753651366071], [72.77444635882529, 19.222797325686553], [72.77848947401583, 19.22066321967359], [72.78253626733004, 19.22326844309833]]]}}, {"type": "Feature", "properties": {"h3": "88608b4721fffff", "zone_id": "Z21", "shops": 0}, "geometry": {"type": "Polygon", "coordinates": [[[72.89185117185373, 19.236713245842623], [72.89185649403645, 19.241456015407707], [72.88780745777348, 19.243593494886838], [72.88375340413842, 19.240988345632413], [72.88374821658331, 19.236245834727605], [72.88779694804349, 19.234108214417486], [72.89185117185373, 19.236713245842623]]]}}, {"type": "Feature", "properties": {"h3": "88608b4763fffff", "zone_id": "Z21", "shops": 0}, "geometry": {"type": "Polygon", "coordinates": [[[72.89993870806897, 19.222950567651232], [72.89994416436791, 19.227693945972057], [72.89589492196549, 19.22983227003478], [72.89184052801761, 19.22722735649524], [72.8918352063642, 19.222484236834326], [72.89588414402097, 19.22034577205357], [72.89993870806897, 19.222950567651232]]]}}, {"type": "Feature", "properties": {"h3": "88608b45c3fffff", "zone_id": "Z21", "shops": 0}, "geometry": {"type": "Polygon", "coordinates": [[[72.81087634462065, 19.246245651706026], [72.81088032233384, 19.25098548198106], [72.80683516858137, 19.253119584370943], [72.80278634222309, 19.250513997873824], [72.80278249883712, 19.245774426784095], [72.80682734749008, 19.243640183006782], [72.81087634462065, 19.246245651706026]]]}}, {"type": "Feature", "properties": {"h3": "88608b472dfffff", "zone_id": "Z21", "shops": 0}, "geometry": {"type": "Polygon", "coordinates": [[[72.89995507750852, 19.23718035258116], [72.8999605343502, 19.241923380747995], [72.89591109022233, 19.244061141770224], [72.89185649403645, 19.241456015407707], [72.89185117185373, 19.236713245842623], [72.89590031120575, 19.23457534403881], [72.89995507750852, 19.23718035258116]]]}}, {"type": "Feature", "properties": {"h3": "88608b45c9fffff", "zone_id": "Z21", "shops": 0}, "geometry": {"type": "Polygon", "coordinates": [[[72.82301262968593, 19.23984137326177], [72.82301680874114, 19.244581767347096], [72.81897114244323, 19.246716573464404], [72.81492160214272, 19.24411112677888], [72.81491755745519, 19.239370991820806], [72.81896291870835, 19.237236044421604], [72.82301262968593, 19.23984137326177]]]}}, {"type": "Feature", "properties": {"h3": "88608b4733fffff", "zone_id": "Z21", "shops": 0}, "geometry": {"type": "Polygon", "coordinates": [[[72.86348771098478, 19.22796296142877], [72.86349256186676, 19.232705000441257], [72.85944505464633, 19.234841776511004], [72.85539300143326, 19.232236654540785], [72.85538828506246, 19.227494874422305], [72.85943548740137, 19.225357957380577], [72.86348771098478, 19.22796296142877]]]}}, {"type": "Feature", "properties": {"h3": "88608b4465fffff", "zone_id": "Z21", "shops": 0}, "geometry": {"type": "Polygon", "coordinates": [[[72.85538828506246, 19.227494874422305], [72.85539300143326, 19.232236654540785], [72.85134590248047, 19.23437314927738], [72.84729439207297, 19.231768004917335], [72.84728981018199, 19.227026483751242], [72.85133660422655, 19.224889847993353], [72.85538828506246, 19.227494874422305]]]}}, {"type": "Feature", "properties": {"h3": "88608b4739fffff", "zone_id": "Z21", "shops": 0}, "geometry": {"type": "Polygon", "coordinates": [[[72.87563105398267, 19.221550662736643], [72.875636106439, 19.22629326490208], [72.87158808779274, 19.2284307446319], [72.8675353215243, 19.225825763063057], [72.86753040361948, 19.221083419733084], [72.87157811743943, 19.218945799137074], [72.87563105398267, 19.221550662736643]]]}}, {"type": "Feature", "properties": {"h3": "88608b4707fffff", "zone_id": "Z21", "shops": 0}, "geometry": {"type": "Polygon", "coordinates": [[[72.88373265494981, 19.2220176018166], [72.883737841989, 19.22676046275902], [72.87968941532996, 19.228898223893076], [72.875636106439, 19.22629326490208], [72.87563105398267, 19.221550662736643], [72.87967917584226, 19.219412760785772], [72.88373265494981, 19.2220176018166]]]}}, {"type": "Feature", "properties": {"h3": "88608b446bfffff", "zone_id": "Z21", "shops": 0}, "geometry": {"type": "Polygon", "coordinates": [[[72.84727606542016, 19.212801221126], [72.84728064685561, 19.217543091794905], [72.84323415771753, 19.2196798685669], [72.83918339205657, 19.217074915677518], [72.83917894505616, 19.21233330407749], [72.84322512928955, 19.210196386298566], [72.84727606542016, 19.212801221126]]]}}, {"type": "Feature", "properties": {"h3": "88608b45d5fffff", "zone_id": "Z21", "shops": 0}, "geometry": {"type": "Polygon", "coordinates": [[[72.80278249883712, 19.245774426784095], [72.80278634222309, 19.250513997873824], [72.7987415974066, 19.252647819105043], [72.79469331433788, 19.250042210683755], [72.79468960524771, 19.245302898837444], [72.79873404493836, 19.243168936169607], [72.80278249883712, 19.245774426784095]]]}}, {"type": "Feature", "properties": {"h3": "88608b45dbfffff", "zone_id": "Z21", "shops": 0}, "geometry": {"type": "Polygon", "coordinates": [[[72.7946784787146, 19.231084263292736], [72.7946821874361, 19.23582392508139], [72.79063805286941, 19.237958029178692], [72.78659051471102, 19.235352612910248], [72.78658694024054, 19.230613210481437], [72.79063076968528, 19.22847896496187], [72.7946784787146, 19.231084263292736]]]}}, {"type": "Feature", "properties": {"h3": "88608b4745fffff", "zone_id": "Z21", "shops": 0}, "geometry": {"type": "Polygon", "coordinates": [[[72.90802638809188, 19.209184983909324], [72.9080319785116, 19.21392897049715], [72.90398253012437, 19.21606813887998], [72.89992779601377, 19.213463461280522], [72.89992234025748, 19.208719733352133], [72.9039714839562, 19.206580424364333], [72.90802638809188, 19.209184983909324]]]}}, {"type": "Feature", "properties": {"h3": "88608b459dfffff", "zone_id": "Z21", "shops": 0}, "geometry": {"type": "Polygon", "coordinates": [[[72.79064897855051, 19.252175750796706], [72.79065262068553, 19.25691475783863], [72.78660838883991, 19.25904787533165], [72.78256082004756, 19.256442127325474], [72.78255731216788, 19.25170337958488], [72.78660123883306, 19.24957012054976], [72.79064897855051, 19.252175750796706]]]}}, {"type": "Feature", "properties": {"h3": "88608b4421fffff", "zone_id": "Z21", "shops": 0}, "geometry": {"type": "Polygon", "coordinates": [[[72.83515045180562, 19.233434983900437], [72.83515483225342, 19.23817594161619], [72.83110865367578, 19.240311451418215], [72.82705839964807, 19.23770614468132], [72.82705415360832, 19.23296544603456], [72.83110002719609, 19.23082979505629], [72.83515045180562, 19.233434983900437]]]}}, {"type": "Feature", "properties": {"h3": "88608b458bfffff", "zone_id": "Z21", "shops": 0}, "geometry": {"type": "Polygon", "coordinates": [[[72.7987415974066, 19.252647819105043], [72.7987453738284, 19.2573870853902], [72.79470073288687, 19.25952048401024], [72.79065262068553, 19.25691475783863], [72.79064897855051, 19.252175750796706], [72.79469331433788, 19.250042210683755], [72.7987415974066, 19.252647819105043]]]}}, {"type": "Feature", "properties": {"h3": "88608b4427fffff", "zone_id": "Z21", "shops": 0}, "geometry": {"type": "Polygon", "coordinates": [[[72.83110865367578, 19.240311451418215], [72.83111296713005, 19.24505210457252], [72.82706689214967, 19.24718719192034], [72.82301680874114, 19.244581767347096], [72.82301262968593, 19.23984137326177], [72.82705839964807, 19.23770614468132], [72.83110865367578, 19.240311451418215]]]}}, {"type": "Feature", "properties": {"h3": "88608b442dfffff", "zone_id": "Z21", "shops": 0}, "geometry": {"type": "Polygon", "coordinates": [[[72.84324770148157, 19.233904218360948], [72.84325221636884, 19.238645435087452], [72.83920562926917, 19.24078122615127], [72.83515483225342, 19.23817594161619], [72.83515045180562, 19.233434983900437], [72.83919673394196, 19.2312990517096], [72.84324770148157, 19.233904218360948]]]}}, {"type": "Feature", "properties": {"h3": "88608b4433fffff", "zone_id": "Z21", "shops": 0}, "geometry": {"type": "Polygon", "coordinates": [[[72.80681170686229, 19.224679980280385], [72.8068156168249, 19.229420205810314], [72.80277096944332, 19.23155501339247], [72.7987227171743, 19.228949736762047], [72.79871894150317, 19.224209770533935], [72.80276328381741, 19.222074821635058], [72.80681170686229, 19.224679980280385]]]}}, {"type": "Feature", "properties": {"h3": "88608b4701fffff", "zone_id": "Z21", "shops": 0}, "geometry": {"type": "Polygon", "coordinates": [[[72.88777593067391, 19.215136253333316], [72.88778118475503, 19.219879418470807], [72.88373265494981, 19.2220176018166], [72.87967917584226, 19.219412760785772], [72.87967405635295, 19.214669854425097], [72.88372228138722, 19.212531530318977], [72.88777593067391, 19.215136253333316]]]}}, {"type": "Feature", "properties": {"h3": "88608b44e5fffff", "zone_id": "Z21", "shops": 0}, "geometry": {"type": "Polygon", "coordinates": [[[72.79871894150317, 19.224209770533935], [72.7987227171743, 19.228949736762047], [72.7946784787146, 19.231084263292736], [72.79063076968528, 19.22847896496187], [72.79062712827418, 19.2237392580937], [72.79467106164017, 19.22160459019708], [72.79871894150317, 19.224209770533935]]]}}, {"type": "Feature", "properties": {"h3": "88608b4555fffff", "zone_id": "Z22", "shops": 0}, "geometry": {"type": "Polygon", "coordinates": [[[72.85945940670298, 19.249066629942533], [72.85946419103902, 19.25380801410672], [72.85541658563228, 19.25594380429588], [72.85136450083753, 19.253338351413333], [72.8513598510171, 19.248597226084904], [72.85540715148365, 19.24646129480385], [72.85945940670298, 19.249066629942533]]]}}, {"type": "Feature", "properties": {"h3": "88608b4547fffff", "zone_id": "Z22", "shops": 0}, "geometry": {"type": "Polygon", "coordinates": [[[72.87161800281909, 19.256882780300558], [72.87162298923533, 19.261624377156178], [72.8675746706321, 19.26376030773669], [72.86352167053565, 19.26115478251171], [72.86351681868878, 19.2564134443751], [72.86756483237681, 19.254277372745015], [72.87161800281909, 19.256882780300558]]]}}, {"type": "Feature", "properties": {"h3": "88608b451dfffff", "zone_id": "Z22", "shops": 0}, "geometry": {"type": "Polygon", "coordinates": [[[72.84731730380585, 19.255473860201846], [72.8473218866081, 19.260214680725234], [72.84327479304989, 19.26234976695581], [72.83922342169261, 19.25974417386113], [72.83921897336562, 19.25500361223185], [72.84326576192849, 19.25286838480372], [72.84731730380585, 19.255473860201846]]]}}, {"type": "Feature", "properties": {"h3": "88608b4501fffff", "zone_id": "Z22", "shops": 0}, "geometry": {"type": "Polygon", "coordinates": [[[72.85947376018692, 19.263290431601924], [72.85947854499878, 19.268031464811752], [72.85543073802799, 19.270166691296737], [72.85137845122362, 19.26756102572774], [72.85137380094079, 19.26282025129533], [72.85542130294114, 19.260684883655063], [72.85947376018692, 19.263290431601924]]]}}, {"type": "Feature", "properties": {"h3": "88608b454bfffff", "zone_id": "Z22", "shops": 0}, "geometry": {"type": "Polygon", "coordinates": [[[72.87160304456218, 19.24265728807417], [72.87160803048253, 19.247399235698918], [72.86755991349379, 19.249535729803398], [72.86350711547755, 19.24693041726985], [72.86350226411315, 19.242188728422462], [72.86755007621689, 19.240052093331805], [72.87160304456218, 19.24265728807417]]]}}, {"type": "Feature", "properties": {"h3": "88608b4737fffff", "zone_id": "Z22", "shops": 0}, "geometry": {"type": "Polygon", "coordinates": [[[72.86754515782299, 19.23531009992308], [72.86755007621689, 19.240052093331805], [72.86350226411315, 19.242188728422462], [72.85944983850663, 19.239583511084042], [72.85944505464633, 19.234841776511004], [72.86349256186676, 19.232705000441257], [72.86754515782299, 19.23531009992308]]]}}, {"type": "Feature", "properties": {"h3": "88608b455dfffff", "zone_id": "Z22", "shops": 0}, "geometry": {"type": "Polygon", "coordinates": [[[72.86350226411315, 19.242188728422462], [72.86350711547755, 19.24693041726985], [72.85945940670298, 19.249066629942533], [72.85540715148365, 19.24646129480385], [72.85540243464384, 19.241719864792216], [72.85944983850663, 19.239583511084042], [72.86350226411315, 19.242188728422462]]]}}, {"type": "Feature", "properties": {"h3": "88608b450bfffff", "zone_id": "Z22", "shops": 0}, "geometry": {"type": "Polygon", "coordinates": [[[72.85541658563228, 19.25594380429588], [72.85542130294114, 19.260684883655063], [72.85137380094079, 19.26282025129533], [72.8473218866081, 19.260214680725234], [72.84731730380585, 19.255473860201846], [72.85136450083753, 19.253338351413333], [72.85541658563228, 19.25594380429588]]]}}, {"type": "Feature", "properties": {"h3": "88608b4541fffff", "zone_id": "Z22", "shops": 0}, "geometry": {"type": "Polygon", "coordinates": [[[72.87566137123315, 19.250004525528716], [72.87566642469454, 19.25474642718929], [72.87161800281909, 19.256882780300558], [72.86756483237681, 19.254277372745015], [72.86755991349379, 19.249535729803398], [72.87160803048253, 19.247399235698918], [72.87566137123315, 19.250004525528716]]]}}, {"type": "Feature", "properties": {"h3": "88608b4509fffff", "zone_id": "Z22", "shops": 0}, "geometry": {"type": "Polygon", "coordinates": [[[72.86351681868878, 19.2564134443751], [72.86352167053565, 19.26115478251171], [72.85947376018692, 19.263290431601924], [72.85542130294114, 19.260684883655063], [72.85541658563228, 19.25594380429588], [72.85946419103902, 19.25380801410672], [72.86351681868878, 19.2564134443751]]]}}, {"type": "Feature", "properties": {"h3": "88608b4727fffff", "zone_id": "Z22", "shops": 0}, "geometry": {"type": "Polygon", "coordinates": [[[72.88780745777348, 19.243593494886838], [72.8878127128998, 19.248335959890923], [72.88376377976456, 19.250473016979623], [72.87970989634215, 19.24786774995221], [72.87970477583448, 19.243125543608542], [72.88375340413842, 19.240988345632413], [72.88780745777348, 19.243593494886838]]]}}, {"type": "Feature", "properties": {"h3": "88608b4553fffff", "zone_id": "Z22", "shops": 0}, "geometry": {"type": "Polygon", "coordinates": [[[72.8473035563105, 19.24125069732221], [72.84730813865707, 19.24599186843975], [72.8432612465923, 19.24812751836947], [72.83921007715391, 19.24552213831635], [72.83920562926917, 19.24078122615127], [72.84325221636884, 19.238645435087452], [72.8473035563105, 19.24125069732221]]]}}, {"type": "Feature", "properties": {"h3": "88608b4545fffff", "zone_id": "Z22", "shops": 0}, "geometry": {"type": "Polygon", "coordinates": [[[72.87972013786677, 19.257351811933393], [72.87972525888374, 19.262093667449587], [72.8756765321199, 19.264229879560606], [72.87162298923533, 19.261624377156178], [72.87161800281909, 19.256882780300558], [72.87566642469454, 19.25474642718929], [72.87972013786677, 19.257351811933393]]]}}, {"type": "Feature", "properties": {"h3": "88608b450dfffff", "zone_id": "Z22", "shops": 0}, "geometry": {"type": "Polygon", "coordinates": [[[72.8675746706321, 19.26376030773669], [72.86757959000434, 19.268501599665534], [72.8635313747119, 19.270637107649826], [72.85947854499878, 19.268031464811752], [72.85947376018692, 19.263290431601924], [72.86352167053565, 19.26115478251171], [72.8675746706321, 19.26376030773669]]]}}, {"type": "Feature", "properties": {"h3": "88608b4557fffff", "zone_id": "Z22", "shops": 0}, "geometry": {"type": "Polygon", "coordinates": [[[72.8513598510171, 19.248597226084904], [72.85136450083753, 19.253338351413333], [72.84731730380585, 19.255473860201846], [72.84326576192849, 19.25286838480372], [72.8432612465923, 19.24812751836947], [72.84730813865707, 19.24599186843975], [72.8513598510171, 19.248597226084904]]]}}, {"type": "Feature", "properties": {"h3": "88608b4549fffff", "zone_id": "Z22", "shops": 0}, "geometry": {"type": "Polygon", "coordinates": [[[72.87970477583448, 19.243125543608542], [72.87970989634215, 19.24786774995221], [72.87566137123315, 19.250004525528716], [72.87160803048253, 19.247399235698918], [72.87160304456218, 19.24265728807417], [72.87565126481299, 19.240520371560848], [72.87970477583448, 19.243125543608542]]]}}, {"type": "Feature", "properties": {"h3": "88608b4503fffff", "zone_id": "Z22", "shops": 0}, "geometry": {"type": "Polygon", "coordinates": [[[72.85137380094079, 19.26282025129533], [72.85137845122362, 19.26756102572774], [72.8473310526683, 19.26969597075374], [72.8432793088351, 19.267090282552495], [72.84327479304989, 19.26234976695581], [72.8473218866081, 19.260214680725234], [72.85137380094079, 19.26282025129533]]]}}, {"type": "Feature", "properties": {"h3": "88608b454dfffff", "zone_id": "Z22", "shops": 0}, "geometry": {"type": "Polygon", "coordinates": [[[72.88376377976456, 19.250473016979623], [72.88376896783564, 19.255215177300734], [72.87972013786677, 19.257351811933393], [72.87566642469454, 19.25474642718929], [72.87566137123315, 19.250004525528716], [72.87970989634215, 19.24786774995221], [72.88376377976456, 19.250473016979623]]]}}, {"type": "Feature", "properties": {"h3": "88608b4515fffff", "zone_id": "Z22", "shops": 0}, "geometry": {"type": "Polygon", "coordinates": [[[72.84327479304989, 19.26234976695581], [72.8432793088351, 19.267090282552495], [72.83923231878893, 19.269224946159838], [72.83518111798917, 19.266619235424976], [72.8351767366702, 19.261878978722375], [72.83922342169261, 19.25974417386113], [72.84327479304989, 19.26234976695581]]]}}, {"type": "Feature", "properties": {"h3": "88608b4551fffff", "zone_id": "Z22", "shops": 0}, "geometry": {"type": "Polygon", "coordinates": [[[72.85540243464384, 19.241719864792216], [72.85540715148365, 19.24646129480385], [72.8513598510171, 19.248597226084904], [72.84730813865707, 19.24599186843975], [72.8473035563105, 19.24125069732221], [72.85135055183856, 19.239114624956308], [72.85540243464384, 19.241719864792216]]]}}, {"type": "Feature", "properties": {"h3": "88608b4543fffff", "zone_id": "Z22", "shops": 0}, "geometry": {"type": "Polygon", "coordinates": [[[72.86755991349379, 19.249535729803398], [72.86756483237681, 19.254277372745015], [72.86351681868878, 19.2564134443751], [72.85946419103902, 19.25380801410672], [72.85945940670298, 19.249066629942533], [72.86350711547755, 19.24693041726985], [72.86755991349379, 19.249535729803398]]]}}, {"type": "Feature", "properties": {"h3": "88608b4519fffff", "zone_id": "Z22", "shops": 0}, "geometry": {"type": "Polygon", "coordinates": [[[72.8432612465923, 19.24812751836947], [72.84326576192849, 19.25286838480372], [72.83921897336562, 19.25500361223185], [72.83516797446792, 19.252398114416803], [72.83516359358457, 19.24765750693497], [72.83921007715391, 19.24552213831635], [72.8432612465923, 19.24812751836947]]]}}, {"type": "Feature", "properties": {"h3": "88608b5401fffff", "zone_id": "Z23", "shops": 0}, "geometry": {"type": "Polygon", "coordinates": [[[72.94438555947275, 19.118721207426535], [72.94439175225982, 19.123468618431943], [72.94034178246778, 19.125612705793408], [72.93628592426703, 19.12300952211629], [72.93627986619686, 19.118262369881542], [72.94032953161839, 19.116118142553827], [72.94438555947275, 19.118721207426535]]]}}, {"type": "Feature", "properties": {"h3": "88608b5405fffff", "zone_id": "Z23", "shops": 0}, "geometry": {"type": "Polygon", "coordinates": [[[72.94844815214528, 19.126071779571113], [72.94845441261381, 19.13081914681115], [72.94440413844985, 19.13296309419896], [72.94034790819708, 19.130359814320926], [72.94034178246778, 19.125612705793408], [72.94439175225982, 19.123468618431943], [72.94844815214528, 19.126071779571113]]]}}, {"type": "Feature", "properties": {"h3": "88608b540dfffff", "zone_id": "Z23", "shops": 0}, "geometry": {"type": "Polygon", "coordinates": [[[72.95249220131143, 19.11917974119311], [72.95249852884663, 19.123927410910344], [72.94844815214528, 19.126071779571113], [72.94439175225982, 19.123468618431943], [72.94438555947275, 19.118721207426535], [72.94843563183085, 19.116576698849013], [72.95249220131143, 19.11917974119311]]]}}, {"type": "Feature", "properties": {"h3": "88608b5411fffff", "zone_id": "Z23", "shops": 0}, "geometry": {"type": "Polygon", "coordinates": [[[72.92411432146747, 19.110453182187058], [72.92412017722974, 19.115200119060827], [72.92007132596494, 19.11734378400738], [72.91601692336901, 19.114740652138437], [72.91601120223879, 19.10999397421102], [72.92005974908027, 19.10785016920677], [72.92411432146747, 19.110453182187058]]]}}, {"type": "Feature", "properties": {"h3": "88608b5415fffff", "zone_id": "Z23", "shops": 0}, "geometry": {"type": "Polygon", "coordinates": [[[72.92817512164169, 19.117803228695905], [72.9281810450262, 19.12255012210117], [72.92413188933658, 19.124693646982568], [72.92007711469508, 19.122090418524422], [72.92007132596494, 19.11734378400738], [72.92412017722974, 19.115200119060827], [72.92817512164169, 19.117803228695905]]]}}, {"type": "Feature", "properties": {"h3": "88608b541dfffff", "zone_id": "Z23", "shops": 0}, "geometry": {"type": "Polygon", "coordinates": [[[72.9322183896065, 19.1109120868172], [72.93222438003207, 19.115659282578502], [72.92817512164169, 19.117803228695905], [72.92412017722974, 19.115200119060827], [72.92411432146747, 19.110453182187058], [72.92816327546167, 19.10830909606141], [72.9322183896065, 19.1109120868172]]]}}, {"type": "Feature", "properties": {"h3": "88608b5421fffff", "zone_id": "Z23", "shops": 0}, "geometry": {"type": "Polygon", "coordinates": [[[72.94846693417362, 19.14031353474435], [72.9484731952649, 19.145060555315588], [72.94442271927493, 19.147203941325646], [72.9403662866036, 19.14460044680292], [72.940360160265, 19.139853684886653], [72.94441033185286, 19.137710158838654], [72.94846693417362, 19.14031353474435]]]}}, {"type": "Feature", "properties": {"h3": "88608b5425fffff", "zone_id": "Z23", "shops": 0}, "geometry": {"type": "Polygon", "coordinates": [[[72.9525301696696, 19.147664027075635], [72.95253649846367, 19.152411003397788], [72.94848571807022, 19.15455424936263], [72.94442891329399, 19.151950659051064], [72.94442271927493, 19.147203941325646], [72.9484731952649, 19.145060555315588], [72.9525301696696, 19.147664027075635]]]}}, {"type": "Feature", "properties": {"h3": "88608b5429fffff", "zone_id": "Z23", "shops": 0}, "geometry": {"type": "Polygon", "coordinates": [[[72.95251118454638, 19.13342240404355], [72.95251751271097, 19.138169727337587], [72.94846693417362, 19.14031353474435], [72.94441033185286, 19.137710158838654], [72.94440413844985, 19.13296309419896], [72.94845441261381, 19.13081914681115], [72.95251118454638, 19.13342240404355]]]}}, {"type": "Feature", "properties": {"h3": "88608b542dfffff", "zone_id": "Z23", "shops": 0}, "geometry": {"type": "Polygon", "coordinates": [[[72.95657465670658, 19.140773080489957], [72.95658105258175, 19.145520359657286], [72.9525301696696, 19.147664027075635], [72.9484731952649, 19.145060555315588], [72.94846693417362, 19.14031353474435], [72.95251751271097, 19.138169727337587], [72.95657465670658, 19.140773080489957]]]}}, {"type": "Feature", "properties": {"h3": "88608b5431fffff", "zone_id": "Z23", "shops": 0}, "geometry": {"type": "Polygon", "coordinates": [[[72.92819289238435, 19.132043562782954], [72.92819881635795, 19.136790109937547], [72.92414945895281, 19.138933073386617], [72.92009448203682, 19.136329629811108], [72.92008869273103, 19.13158334148724], [72.9241377456812, 19.12944023790867], [72.92819289238435, 19.132043562782954]]]}}, {"type": "Feature", "properties": {"h3": "88608b5435fffff", "zone_id": "Z23", "shops": 0}, "geometry": {"type": "Polygon", "coordinates": [[[72.93225433513878, 19.139393531054765], [72.93226032675595, 19.14414003425727], [72.92821066489437, 19.14628285756949], [72.92415531587986, 19.1436793178166], [72.92414945895281, 19.138933073386617], [72.92819881635795, 19.136790109937547], [72.93225433513878, 19.139393531054765]]]}}, {"type": "Feature", "properties": {"h3": "88608b5439fffff", "zone_id": "Z23", "shops": 0}, "geometry": {"type": "Polygon", "coordinates": [[[72.93223636147894, 19.125153328217966], [72.93224235250028, 19.129900177974186], [72.92819289238435, 19.132043562782954], [72.9241377456812, 19.12944023790867], [72.92413188933658, 19.124693646982568], [72.9281810450262, 19.12255012210117], [72.93223636147894, 19.125153328217966]]]}}, {"type": "Feature", "properties": {"h3": "88608b543dfffff", "zone_id": "Z23", "shops": 0}, "geometry": {"type": "Polygon", "coordinates": [[[72.93629804100985, 19.13250348039947], [72.93630409968254, 19.13725028632601], [72.93225433513878, 19.139393531054765], [72.92819881635795, 19.136790109937547], [72.92819289238435, 19.132043562782954], [72.93224235250028, 19.129900177974186], [72.93629804100985, 19.13250348039947]]]}}, {"type": "Feature", "properties": {"h3": "88608b55cbfffff", "zone_id": "Z23", "shops": 0}, "geometry": {"type": "Polygon", "coordinates": [[[72.92821066489437, 19.14628285756949], [72.92821658945716, 19.151029057925008], [72.92416703031641, 19.15317145975398], [72.92011185110577, 19.150567801421687], [72.9201060612242, 19.14582185983926], [72.92415531587986, 19.1436793178166], [72.92821066489437, 19.14628285756949]]]}}, {"type": "Feature", "properties": {"h3": "88608b55dbfffff", "zone_id": "Z23", "shops": 0}, "geometry": {"type": "Polygon", "coordinates": [[[72.90794255403218, 19.138011247093143], [72.90794814167272, 19.142756973801912], [72.90389970171213, 19.14489895336437], [72.89984597865649, 19.1422953465038], [72.89984052561226, 19.137549878743677], [72.90388866103518, 19.135407758896047], [72.90794255403218, 19.138011247093143]]]}}, {"type": "Feature", "properties": {"h3": "88608b54e3fffff", "zone_id": "Z23", "shops": 0}, "geometry": {"type": "Polygon", "coordinates": [[[72.89982416756399, 19.12331278269469], [72.89982962006603, 19.128058596778207], [72.8957817891792, 19.130200856903564], [72.89172881033261, 19.127597443216203], [72.89172349238217, 19.1228518881975], [72.89577101873454, 19.120709487801896], [72.89982416756399, 19.12331278269469]]]}}, {"type": "Feature", "properties": {"h3": "88608b5461fffff", "zone_id": "Z23", "shops": 0}, "geometry": {"type": "Polygon", "coordinates": [[[72.9646637369339, 19.126989015182094], [72.96467026697462, 19.13173689967056], [72.9606191791413, 19.13388140979543], [72.9565618655924, 19.131278175306946], [72.9565554703534, 19.126530549413275], [72.96060625386937, 19.124385899413788], [72.9646637369339, 19.126989015182094]]]}}, {"type": "Feature", "properties": {"h3": "88608b54e7fffff", "zone_id": "Z23", "shops": 0}, "geometry": {"type": "Polygon", "coordinates": [[[72.90388314097117, 19.130661988409685], [72.90388866103518, 19.135407758896047], [72.89984052561226, 19.137549878743677], [72.89578717466924, 19.134946368383208], [72.8957817891792, 19.130200856903564], [72.89982962006603, 19.128058596778207], [72.90388314097117, 19.130661988409685]]]}}, {"type": "Feature", "properties": {"h3": "88608b5403fffff", "zone_id": "Z23", "shops": 0}, "geometry": {"type": "Polygon", "coordinates": [[[72.93627986619686, 19.118262369881542], [72.93628592426703, 19.12300952211629], [72.93223636147894, 19.125153328217966], [72.9281810450262, 19.12255012210117], [72.92817512164169, 19.117803228695905], [72.93222438003207, 19.115659282578502], [72.93627986619686, 19.118262369881542]]]}}, {"type": "Feature", "properties": {"h3": "88608b5407fffff", "zone_id": "Z23", "shops": 0}, "geometry": {"type": "Polygon", "coordinates": [[[72.94034178246778, 19.125612705793408], [72.94034790819708, 19.130359814320926], [72.93629804100985, 19.13250348039947], [72.93224235250028, 19.129900177974186], [72.93223636147894, 19.125153328217966], [72.93628592426703, 19.12300952211629], [72.94034178246778, 19.125612705793408]]]}}, {"type": "Feature", "properties": {"h3": "88608b540bfffff", "zone_id": "Z23", "shops": 0}, "geometry": {"type": "Polygon", "coordinates": [[[72.94032340649827, 19.111370687963703], [72.94032953161839, 19.116118142553827], [72.93627986619686, 19.118262369881542], [72.93222438003207, 19.115659282578502], [72.9322183896065, 19.1109120868172], [72.93626775065898, 19.10876771953066], [72.94032340649827, 19.111370687963703]]]}}, {"type": "Feature", "properties": {"h3": "88608b5413fffff", "zone_id": "Z23", "shops": 0}, "geometry": {"type": "Polygon", "coordinates": [[[72.91601120223879, 19.10999397421102], [72.91601692336901, 19.114740652138437], [72.91196847932422, 19.116884035953667], [72.90791461860734, 19.114280881949124], [72.90790903207788, 19.10953446302674], [72.91195717167233, 19.107390939104402], [72.91601120223879, 19.10999397421102]]]}}, {"type": "Feature", "properties": {"h3": "88608b5417fffff", "zone_id": "Z23", "shops": 0}, "geometry": {"type": "Polygon", "coordinates": [[[72.92007132596494, 19.11734378400738], [72.92007711469508, 19.122090418524422], [72.91602836619835, 19.12423366222501], [72.91197413343123, 19.121630411523746], [72.91196847932422, 19.116884035953667], [72.91601692336901, 19.114740652138437], [72.92007132596494, 19.11734378400738]]]}}, {"type": "Feature", "properties": {"h3": "88608b551bfffff", "zone_id": "Z23", "shops": 0}, "geometry": {"type": "Polygon", "coordinates": [[[72.94848571807022, 19.15455424936263], [72.94849197978431, 19.15930092271656], [72.94444130194826, 19.161443747161098], [72.94038466683814, 19.15884003835429], [72.94037853989015, 19.154093623597678], [72.94442891329399, 19.151950659051064], [72.94848571807022, 19.15455424936263]]]}}, {"type": "Feature", "properties": {"h3": "88608b541bfffff", "zone_id": "Z23", "shops": 0}, "geometry": {"type": "Polygon", "coordinates": [[[72.92005396092571, 19.10310318904515], [72.92005974908027, 19.10785016920677], [72.91601120223879, 19.10999397421102], [72.91195717167233, 19.107390939104402], [72.91195151812748, 19.10264421794718], [72.9159997605472, 19.10050027289274], [72.92005396092571, 19.10310318904515]]]}}, {"type": "Feature", "properties": {"h3": "88608b5423fffff", "zone_id": "Z23", "shops": 0}, "geometry": {"type": "Polygon", "coordinates": [[[72.940360160265, 19.139853684886653], [72.9403662866036, 19.14460044680292], [72.93631621763052, 19.14674355144428], [72.93226032675595, 19.14414003425727], [72.93225433513878, 19.139393531054765], [72.93630409968254, 19.13725028632601], [72.940360160265, 19.139853684886653]]]}}, {"type": "Feature", "properties": {"h3": "88608b54a9fffff", "zone_id": "Z23", "shops": 0}, "geometry": {"type": "Polygon", "coordinates": [[[72.8957817891792, 19.130200856903564], [72.89578717466924, 19.134946368383208], [72.8917394467622, 19.137088207109606], [72.88768663793593, 19.134484674684014], [72.88768138698858, 19.129739422269715], [72.89172881033261, 19.127597443216203], [72.8957817891792, 19.130200856903564]]]}}, {"type": "Feature", "properties": {"h3": "88608b5427fffff", "zone_id": "Z23", "shops": 0}, "geometry": {"type": "Polygon", "coordinates": [[[72.94442271927493, 19.147203941325646], [72.94442891329399, 19.151950659051064], [72.94037853989015, 19.154093623597678], [72.93632227690583, 19.15149001051414], [72.93631621763052, 19.14674355144428], [72.9403662866036, 19.14460044680292], [72.94442271927493, 19.147203941325646]]]}}, {"type": "Feature", "properties": {"h3": "88608b542bfffff", "zone_id": "Z23", "shops": 0}, "geometry": {"type": "Polygon", "coordinates": [[[72.94440413844985, 19.13296309419896], [72.94441033185286, 19.137710158838654], [72.940360160265, 19.139853684886653], [72.93630409968254, 19.13725028632601], [72.93629804100985, 19.13250348039947], [72.94034790819708, 19.130359814320926], [72.94440413844985, 19.13296309419896]]]}}, {"type": "Feature", "properties": {"h3": "88608b54adfffff", "zone_id": "Z23", "shops": 0}, "geometry": {"type": "Polygon", "coordinates": [[[72.89984052561226, 19.137549878743677], [72.89984597865649, 19.1422953465038], [72.89579794618481, 19.144437044895664], [72.89174476524137, 19.141833415862468], [72.8917394467622, 19.137088207109606], [72.89578717466924, 19.134946368383208], [72.89984052561226, 19.137549878743677]]]}}, {"type": "Feature", "properties": {"h3": "88608b5433fffff", "zone_id": "Z23", "shops": 0}, "geometry": {"type": "Polygon", "coordinates": [[[72.92008869273103, 19.13158334148724], [72.92009448203682, 19.136329629811108], [72.91604553186478, 19.138472312020106], [72.91199109687679, 19.135868846084676], [72.91198544220751, 19.13112281665019], [72.9160340878975, 19.128979994262288], [72.92008869273103, 19.13158334148724]]]}}, {"type": "Feature", "properties": {"h3": "88608b5437fffff", "zone_id": "Z23", "shops": 0}, "geometry": {"type": "Polygon", "coordinates": [[[72.92414945895281, 19.138933073386617], [72.92415531587986, 19.1436793178166], [72.9201060612242, 19.14582185983926], [72.91605125413292, 19.14321829761882], [72.91604553186478, 19.138472312020106], [72.92009448203682, 19.136329629811108], [72.92414945895281, 19.138933073386617]]]}}, {"type": "Feature", "properties": {"h3": "88608b543bfffff", "zone_id": "Z23", "shops": 0}, "geometry": {"type": "Polygon", "coordinates": [[[72.92413188933658, 19.124693646982568], [72.9241377456812, 19.12944023790867], [72.92008869273103, 19.13158334148724], [72.9160340878975, 19.128979994262288], [72.91602836619835, 19.12423366222501], [72.92007711469508, 19.122090418524422], [72.92413188933658, 19.124693646982568]]]}}, {"type": "Feature", "properties": {"h3": "88608b55c1fffff", "zone_id": "Z23", "shops": 0}, "geometry": {"type": "Polygon", "coordinates": [[[72.93227231058626, 19.153632693682123], [72.93227830279939, 19.15837884978263], [72.92822843917203, 19.16052111141059], [72.92417288782596, 19.15791735713961], [72.92416703031641, 19.15317145975398], [72.92821658945716, 19.151029057925008], [72.93227231058626, 19.153632693682123]]]}}, {"type": "Feature", "properties": {"h3": "88608b55c5fffff", "zone_id": "Z23", "shops": 0}, "geometry": {"type": "Polygon", "coordinates": [[[72.93633439605914, 19.160982581370725], [72.93634045593714, 19.16572869303566], [72.93229028782167, 19.167870814455288], [72.9282343643241, 19.165266964418866], [72.92822843917203, 19.16052111141059], [72.93227830279939, 19.15837884978263], [72.93633439605914, 19.160982581370725]]]}}, {"type": "Feature", "properties": {"h3": "88608b55c9fffff", "zone_id": "Z23", "shops": 0}, "geometry": {"type": "Polygon", "coordinates": [[[72.93631621763052, 19.14674355144428], [72.93632227690583, 19.15149001051414], [72.93227231058626, 19.153632693682123], [72.92821658945716, 19.151029057925008], [72.92821066489437, 19.14628285756949], [72.93226032675595, 19.14414003425727], [72.93631621763052, 19.14674355144428]]]}}, {"type": "Feature", "properties": {"h3": "88608b5447fffff", "zone_id": "Z23", "shops": 0}, "geometry": {"type": "Polygon", "coordinates": [[[72.95653628590851, 19.112286979255167], [72.95654268051145, 19.117034951326374], [72.95249220131143, 19.11917974119311], [72.94843563183085, 19.116576698849013], [72.94842937198494, 19.111828985488927], [72.95247954687039, 19.109684055762347], [72.95653628590851, 19.112286979255167]]]}}, {"type": "Feature", "properties": {"h3": "88608b55cdfffff", "zone_id": "Z23", "shops": 0}, "geometry": {"type": "Polygon", "coordinates": [[[72.94037853989015, 19.154093623597678], [72.94038466683814, 19.15884003835429], [72.93633439605914, 19.160982581370725], [72.93227830279939, 19.15837884978263], [72.93227231058626, 19.153632693682123], [72.93632227690583, 19.15149001051414], [72.94037853989015, 19.154093623597678]]]}}, {"type": "Feature", "properties": {"h3": "88608b54e1fffff", "zone_id": "Z23", "shops": 0}, "geometry": {"type": "Polygon", "coordinates": [[[72.90792579222173, 19.123773374083115], [72.90793137930669, 19.128519447172856], [72.90388314097117, 19.130661988409685], [72.89982962006603, 19.128058596778207], [72.89982416756399, 19.12331278269469], [72.90387210139198, 19.121170101237], [72.90792579222173, 19.123773374083115]]]}}, {"type": "Feature", "properties": {"h3": "88608b54e5fffff", "zone_id": "Z23", "shops": 0}, "geometry": {"type": "Polygon", "coordinates": [[[72.91198544220751, 19.13112281665019], [72.91199109687679, 19.135868846084676], [72.90794255403218, 19.138011247093143], [72.90388866103518, 19.135407758896047], [72.90388314097117, 19.130661988409685], [72.90793137930669, 19.128519447172856], [72.91198544220751, 19.13112281665019]]]}}, {"type": "Feature", "properties": {"h3": "88608b5463fffff", "zone_id": "Z23", "shops": 0}, "geometry": {"type": "Polygon", "coordinates": [[[72.9565554703534, 19.126530549413275], [72.9565618655924, 19.131278175306946], [72.95251118454638, 19.13342240404355], [72.94845441261381, 19.13081914681115], [72.94844815214528, 19.126071779571113], [72.95249852884663, 19.123927410910344], [72.9565554703534, 19.126530549413275]]]}}, {"type": "Feature", "properties": {"h3": "88608b54e9fffff", "zone_id": "Z23", "shops": 0}, "geometry": {"type": "Polygon", "coordinates": [[[72.91196847932422, 19.116884035953667], [72.91197413343123, 19.121630411523746], [72.90792579222173, 19.123773374083115], [72.90387210139198, 19.121170101237], [72.90386658187681, 19.116423984672505], [72.90791461860734, 19.114280881949124], [72.91196847932422, 19.116884035953667]]]}}, {"type": "Feature", "properties": {"h3": "88608b5467fffff", "zone_id": "Z23", "shops": 0}, "geometry": {"type": "Polygon", "coordinates": [[[72.9606191791413, 19.13388140979543], [72.96062564209869, 19.1386289916849], [72.95657465670658, 19.140773080489957], [72.95251751271097, 19.138169727337587], [72.95251118454638, 19.13342240404355], [72.9565618655924, 19.131278175306946], [72.9606191791413, 19.13388140979543]]]}}, {"type": "Feature", "properties": {"h3": "88608b54edfffff", "zone_id": "Z23", "shops": 0}, "geometry": {"type": "Polygon", "coordinates": [[[72.91602836619835, 19.12423366222501], [72.9160340878975, 19.128979994262288], [72.91198544220751, 19.13112281665019], [72.90793137930669, 19.128519447172856], [72.90792579222173, 19.123773374083115], [72.91197413343123, 19.121630411523746], [72.91602836619835, 19.12423366222501]]]}}, {"type": "Feature", "properties": {"h3": "88608b546bfffff", "zone_id": "Z23", "shops": 0}, "geometry": {"type": "Polygon", "coordinates": [[[72.96059979155481, 19.11963797104359], [72.96060625386937, 19.124385899413788], [72.9565554703534, 19.126530549413275], [72.95249852884663, 19.123927410910344], [72.95249220131143, 19.11917974119311], [72.95654268051145, 19.117034951326374], [72.96059979155481, 19.11963797104359]]]}}, {"type": "Feature", "properties": {"h3": "88608b55a1fffff", "zone_id": "Z24", "shops": 0}, "geometry": {"type": "Polygon", "coordinates": [[[72.92015817706893, 19.188531163684985], [72.9201639686783, 19.193276061755554], [72.91611421160398, 19.19541649612325], [72.91205896753078, 19.19281217285604], [72.91205331061165, 19.188067533443903], [72.91610276308332, 19.185926958641076], [72.92015817706893, 19.188531163684985]]]}}, {"type": "Feature", "properties": {"h3": "88608b429bfffff", "zone_id": "Z24", "shops": 0}, "geometry": {"type": "Polygon", "coordinates": [[[72.9201755524731, 19.20276550908607], [72.92018134465857, 19.207510058224404], [72.91613138580843, 19.209649930164336], [72.91207593941348, 19.207045393465418], [72.91207028193169, 19.20230110292758], [72.91611993614899, 19.200161090488706], [72.9201755524731, 19.20276550908607]]]}}, {"type": "Feature", "properties": {"h3": "88608b558bfffff", "zone_id": "Z24", "shops": 0}, "geometry": {"type": "Polygon", "coordinates": [[[72.9120193730349, 19.159597259533324], [72.91202502882892, 19.164342595052094], [72.90797608265379, 19.166483872396014], [72.90392178526187, 19.163879954578395], [72.9039162640999, 19.159134877892374], [72.90796490570565, 19.156993460191803], [72.9120193730349, 19.159597259533324]]]}}, {"type": "Feature", "properties": {"h3": "88608b5533fffff", "zone_id": "Z24", "shops": 0}, "geometry": {"type": "Polygon", "coordinates": [[[72.94852329146939, 19.18303255035413], [72.94852955442937, 19.18777852762901], [72.94447847284077, 19.18992022838016], [72.94042143279248, 19.187316092087016], [72.94041530462545, 19.18257037329392], [72.94446608172156, 19.18042853231272], [72.94852329146939, 19.18303255035413]]]}}, {"type": "Feature", "properties": {"h3": "88608b551dfffff", "zone_id": "Z24", "shops": 0}, "geometry": {"type": "Polygon", "coordinates": [[[72.9606579601004, 19.16236516568026], [72.96066442434379, 19.167112052962306], [72.95661303513906, 19.16925501881478], [72.95255548610507, 19.166651237445503], [72.95254915668141, 19.16190460864364], [72.95660024147982, 19.15976150273137], [72.9606579601004, 19.16236516568026]]]}}, {"type": "Feature", "properties": {"h3": "88608b55e7fffff", "zone_id": "Z24", "shops": 0}, "geometry": {"type": "Polygon", "coordinates": [[[72.93230826684527, 19.182107891730332], [72.93231426025056, 19.186853351982826], [72.92826399303135, 19.18899448968027], [72.9242080369616, 19.186390307454747], [72.92420217828675, 19.181645105801593], [72.92825214095905, 19.179503827775125], [72.93230826684527, 19.182107891730332]]]}}, {"type": "Feature", "properties": {"h3": "88608b55d1fffff", "zone_id": "Z24", "shops": 0}, "geometry": {"type": "Polygon", "coordinates": [[[72.91200240677766, 19.145360558391573], [72.91200806200928, 19.150106241142183], [72.90795931750945, 19.15224808041211], [72.90390522232506, 19.14964437722451], [72.90389970171213, 19.14489895336437], [72.90794814167272, 19.142756973801912], [72.91200240677766, 19.145360558391573]]]}}, {"type": "Feature", "properties": {"h3": "88608b55a5fffff", "zone_id": "Z24", "shops": 0}, "geometry": {"type": "Polygon", "coordinates": [[[72.92421975489403, 19.195880362195155], [72.92422561415164, 19.200625215160716], [72.9201755524731, 19.20276550908607], [72.91611993614899, 19.200161090488706], [72.91611421160398, 19.19541649612325], [72.9201639686783, 19.193276061755554], [72.92421975489403, 19.195880362195155]]]}}, {"type": "Feature", "properties": {"h3": "88608b550bfffff", "zone_id": "Z24", "shops": 0}, "geometry": {"type": "Polygon", "coordinates": [[[72.9687677120469, 19.162825418132872], [72.96877431114122, 19.16757256383623], [72.96472251509626, 19.169715811245563], [72.96066442434379, 19.167112052962306], [72.9606579601004, 19.16236516568026], [72.96470945176638, 19.160221778260638], [72.9687677120469, 19.162825418132872]]]}}, {"type": "Feature", "properties": {"h3": "88608b55ebfffff", "zone_id": "Z24", "shops": 0}, "geometry": {"type": "Polygon", "coordinates": [[[72.93229028782167, 19.167870814455288], [72.93229628063084, 19.172616622905693], [72.9282462152176, 19.17475832266201], [72.92419046151977, 19.172154354233477], [72.92418460342763, 19.16740880444021], [72.9282343643241, 19.165266964418866], [72.93229028782167, 19.167870814455288]]]}}, {"type": "Feature", "properties": {"h3": "88608b55d5fffff", "zone_id": "Z24", "shops": 0}, "geometry": {"type": "Polygon", "coordinates": [[[72.9160626992383, 19.152709921951317], [72.91606842207554, 19.157455560563317], [72.9120193730349, 19.159597259533324], [72.90796490570565, 19.156993460191803], [72.90795931750945, 19.15224808041211], [72.91200806200928, 19.150106241142183], [72.9160626992383, 19.152709921951317]]]}}, {"type": "Feature", "properties": {"h3": "88608b55a9fffff", "zone_id": "Z24", "shops": 0}, "geometry": {"type": "Polygon", "coordinates": [[[72.92420217828675, 19.181645105801593], [72.9242080369616, 19.186390307454747], [72.92015817706893, 19.188531163684985], [72.91610276308332, 19.185926958641076], [72.91609703910765, 19.18118201564595], [72.92014659442624, 19.179041019037243], [72.92420217828675, 19.181645105801593]]]}}, {"type": "Feature", "properties": {"h3": "88608b5551fffff", "zone_id": "Z24", "shops": 0}, "geometry": {"type": "Polygon", "coordinates": [[[72.96874791607695, 19.14858328562966], [72.96875451451477, 19.15333077896864], [72.96470292042633, 19.155474587888623], [72.96064503225672, 19.152871043416308], [72.9606385686564, 19.148123808556303], [72.96468985839599, 19.145979859690133], [72.96874791607695, 19.14858328562966]]]}}, {"type": "Feature", "properties": {"h3": "88608b553bfffff", "zone_id": "Z24", "shops": 0}, "geometry": {"type": "Polygon", "coordinates": [[[72.95256814558208, 19.176144147102555], [72.95257447563543, 19.180890427835962], [72.94852329146939, 19.18303255035413], [72.94446608172156, 19.18042853231272], [72.94445988647011, 19.175682510060607], [72.94851076617238, 19.173540247369115], [72.95256814558208, 19.176144147102555]]]}}, {"type": "Feature", "properties": {"h3": "88608b55d9fffff", "zone_id": "Z24", "shops": 0}, "geometry": {"type": "Polygon", "coordinates": [[[72.91604553186478, 19.138472312020106], [72.91605125413292, 19.14321829761882], [72.91200240677766, 19.145360558391573], [72.90794814167272, 19.142756973801912], [72.90794255403218, 19.138011247093143], [72.91199109687679, 19.135868846084676], [72.91604553186478, 19.138472312020106]]]}}, {"type": "Feature", "properties": {"h3": "88608b42d3fffff", "zone_id": "Z24", "shops": 0}, "geometry": {"type": "Polygon", "coordinates": [[[72.93232624765733, 19.196343923864], [72.93233224165883, 19.201089035371005], [72.92828177261354, 19.20322961082267], [72.92422561415164, 19.200625215160716], [72.92421975489403, 19.195880362195155], [72.92826991936225, 19.19373964635059], [72.93232624765733, 19.196343923864]]]}}, {"type": "Feature", "properties": {"h3": "88608b55e3fffff", "zone_id": "Z24", "shops": 0}, "geometry": {"type": "Polygon", "coordinates": [[[72.9282462152176, 19.17475832266201], [72.92825214095905, 19.179503827775125], [72.92420217828675, 19.181645105801593], [72.92014659442624, 19.179041019037243], [72.92014080339291, 19.17429577258173], [72.92419046151977, 19.172154354233477], [72.9282462152176, 19.17475832266201]]]}}, {"type": "Feature", "properties": {"h3": "88608b55c3fffff", "zone_id": "Z24", "shops": 0}, "geometry": {"type": "Polygon", "coordinates": [[[72.92416703031641, 19.15317145975398], [72.92417288782596, 19.15791735713961], [72.92012343144474, 19.16005933741874], [72.91606842207554, 19.157455560563317], [72.9160626992383, 19.152709921951317], [72.92011185110577, 19.150567801421687], [72.92416703031641, 19.15317145975398]]]}}, {"type": "Feature", "properties": {"h3": "88608b55adfffff", "zone_id": "Z24", "shops": 0}, "geometry": {"type": "Polygon", "coordinates": [[[72.92826399303135, 19.18899448968027], [72.92826991936225, 19.19373964635059], [72.92421975489403, 19.195880362195155], [72.9201639686783, 19.193276061755554], [72.92015817706893, 19.188531163684985], [72.9242080369616, 19.186390307454747], [72.92826399303135, 19.18899448968027]]]}}, {"type": "Feature", "properties": {"h3": "88608b4291fffff", "zone_id": "Z24", "shops": 0}, "geometry": {"type": "Polygon", "coordinates": [[[72.9242373332497, 19.21011457197866], [72.92424319309018, 19.21485907570944], [72.92019292960566, 19.216998807143288], [72.91613711092288, 19.214394175352975], [72.91613138580843, 19.209649930164336], [72.92018134465857, 19.207510058224404], [72.9242373332497, 19.21011457197866]]]}}, {"type": "Feature", "properties": {"h3": "88608b5581fffff", "zone_id": "Z24", "shops": 0}, "geometry": {"type": "Polygon", "coordinates": [[[72.91607986831916, 19.166946490374396], [72.91608559172558, 19.171691781451802], [72.91203634097948, 19.17383291843175], [72.90798167140575, 19.171228904698836], [72.90797608265379, 19.166483872396014], [72.91202502882892, 19.164342595052094], [72.91607986831916, 19.166946490374396]]]}}, {"type": "Feature", "properties": {"h3": "88608b5555fffff", "zone_id": "Z24", "shops": 0}, "geometry": {"type": "Polygon", "coordinates": [[[72.97281294428568, 19.15593430037365], [72.97281961048556, 19.160681749166354], [72.9687677120469, 19.162825418132872], [72.96470945176638, 19.160221778260638], [72.96470292042633, 19.155474587888623], [72.96875451451477, 19.15333077896864], [72.97281294428568, 19.15593430037365]]]}}, {"type": "Feature", "properties": {"h3": "88608b5513fffff", "zone_id": "Z24", "shops": 0}, "geometry": {"type": "Polygon", "coordinates": [[[72.94444130194826, 19.161443747161098], [72.94444749658345, 19.166190117423906], [72.94039692134355, 19.1683325202815], [72.93634045593714, 19.16572869303566], [72.93633439605914, 19.160982581370725], [72.94038466683814, 19.15884003835429], [72.94444130194826, 19.161443747161098]]]}}, {"type": "Feature", "properties": {"h3": "88608b55ddfffff", "zone_id": "Z24", "shops": 0}, "geometry": {"type": "Polygon", "coordinates": [[[72.9201060612242, 19.14582185983926], [72.92011185110577, 19.150567801421687], [72.9160626992383, 19.152709921951317], [72.91200806200928, 19.150106241142183], [72.91200240677766, 19.145360558391573], [72.91605125413292, 19.14321829761882], [72.9201060612242, 19.14582185983926]]]}}, {"type": "Feature", "properties": {"h3": "88608b42d7fffff", "zone_id": "Z24", "shops": 0}, "geometry": {"type": "Polygon", "coordinates": [[[72.9363889421953, 19.203693407998994], [72.93639500388198, 19.2084384741622], [72.93234423025812, 19.210578909213858], [72.92828769953397, 19.207974418502822], [72.92828177261354, 19.20322961082267], [72.93233224165883, 19.201089035371005], [72.9363889421953, 19.203693407998994]]]}}, {"type": "Feature", "properties": {"h3": "88608b55c7fffff", "zone_id": "Z24", "shops": 0}, "geometry": {"type": "Polygon", "coordinates": [[[72.92822843917203, 19.16052111141059], [72.9282343643241, 19.165266964418866], [72.92418460342763, 19.16740880444021], [72.92012922190216, 19.16480493171162], [72.92012343144474, 19.16005933741874], [72.92417288782596, 19.15791735713961], [72.92822843917203, 19.16052111141059]]]}}, {"type": "Feature", "properties": {"h3": "88608b5585fffff", "zone_id": "Z24", "shops": 0}, "geometry": {"type": "Polygon", "coordinates": [[[72.92014080339291, 19.17429577258173], [72.92014659442624, 19.179041019037243], [72.91609703910765, 19.18118201564595], [72.912041997336, 19.178577906170954], [72.91203634097948, 19.17383291843175], [72.91608559172558, 19.171691781451802], [72.92014080339291, 19.17429577258173]]]}}, {"type": "Feature", "properties": {"h3": "88608b5559fffff", "zone_id": "Z24", "shops": 0}, "geometry": {"type": "Polygon", "coordinates": [[[72.97279294701241, 19.141691259093278], [72.97279961254912, 19.146439055276147], [72.96874791607695, 19.14858328562966], [72.96468985839599, 19.145979859690133], [72.96468332770564, 19.141232321985566], [72.96873471985772, 19.139087951742724], [72.97279294701241, 19.141691259093278]]]}}, {"type": "Feature", "properties": {"h3": "88608b5517fffff", "zone_id": "Z24", "shops": 0}, "geometry": {"type": "Polygon", "coordinates": [[[72.94850450383538, 19.16879392178072], [72.94851076617238, 19.173540247369115], [72.94445988647011, 19.175682510060607], [72.940403048901, 19.17307858733031], [72.94039692134355, 19.1683325202815], [72.94444749658345, 19.166190117423906], [72.94850450383538, 19.16879392178072]]]}}, {"type": "Feature", "properties": {"h3": "88608b5501fffff", "zone_id": "Z24", "shops": 0}, "geometry": {"type": "Polygon", "coordinates": [[[72.97283294354855, 19.170176298934933], [72.9728396104117, 19.174923399788973], [72.9687875099864, 19.1770665071808], [72.96472904708611, 19.174462653736608], [72.96472251509626, 19.169715811245563], [72.96877431114122, 19.16757256383623], [72.97283294354855, 19.170176298934933]]]}}, {"type": "Feature", "properties": {"h3": "88608b4749fffff", "zone_id": "Z24", "shops": 0}, "geometry": {"type": "Polygon", "coordinates": [[[72.90800961794477, 19.19495232578671], [72.90801520780848, 19.199696661493334], [72.90396596114678, 19.201836392485642], [72.8999114292875, 19.199231928313058], [72.89990597407379, 19.19448785132389], [72.90395491607718, 19.19234797979036], [72.90800961794477, 19.19495232578671]]]}}, {"type": "Feature", "properties": {"h3": "88608b55e1fffff", "zone_id": "Z24", "shops": 0}, "geometry": {"type": "Polygon", "coordinates": [[[72.93635257629595, 19.175220568534353], [72.93635863677677, 19.179966332246366], [72.93230826684527, 19.182107891730332], [72.92825214095905, 19.179503827775125], [72.9282462152176, 19.17475832266201], [72.93229628063084, 19.172616622905693], [72.93635257629595, 19.175220568534353]]]}}, {"type": "Feature", "properties": {"h3": "88608b42dbfffff", "zone_id": "Z24", "shops": 0}, "geometry": {"type": "Polygon", "coordinates": [[[72.93637075834124, 19.189457511291423], [72.93637681942494, 19.19420292650277], [72.93232624765733, 19.196343923864], [72.92826991936225, 19.19373964635059], [72.92826399303135, 19.18899448968027], [72.93231426025056, 19.186853351982826], [72.93637075834124, 19.189457511291423]]]}}, {"type": "Feature", "properties": {"h3": "88608b4299fffff", "zone_id": "Z24", "shops": 0}, "geometry": {"type": "Polygon", "coordinates": [[[72.92828177261354, 19.20322961082267], [72.92828769953397, 19.207974418502822], [72.9242373332497, 19.21011457197866], [72.92018134465857, 19.207510058224404], [72.9201755524731, 19.20276550908607], [72.92422561415164, 19.200625215160716], [72.92828177261354, 19.20322961082267]]]}}, {"type": "Feature", "properties": {"h3": "88608b5589fffff", "zone_id": "Z24", "shops": 0}, "geometry": {"type": "Polygon", "coordinates": [[[72.92012343144474, 19.16005933741874], [72.92012922190216, 19.16480493171162], [72.91607986831916, 19.166946490374396], [72.91202502882892, 19.164342595052094], [72.9120193730349, 19.159597259533324], [72.91606842207554, 19.157455560563317], [72.92012343144474, 19.16005933741874]]]}}, {"type": "Feature", "properties": {"h3": "88608b555dfffff", "zone_id": "Z24", "shops": 0}, "geometry": {"type": "Polygon", "coordinates": [[[72.97685821177275, 19.149042458157762], [72.97686494507929, 19.153790209916778], [72.97281294428568, 19.15593430037365], [72.96875451451477, 19.15333077896864], [72.96874791607695, 19.14858328562966], [72.97279961254912, 19.146439055276147], [72.97685821177275, 19.149042458157762]]]}}, {"type": "Feature", "properties": {"h3": "88608b55e5fffff", "zone_id": "Z24", "shops": 0}, "geometry": {"type": "Polygon", "coordinates": [[[72.94041530462545, 19.18257037329392], [72.94042143279248, 19.187316092087016], [72.93637075834124, 19.189457511291423], [72.93231426025056, 19.186853351982826], [72.93230826684527, 19.182107891730332], [72.93635863677677, 19.179966332246366], [72.94041530462545, 19.18257037329392]]]}}, {"type": "Feature", "properties": {"h3": "88608b55b9fffff", "zone_id": "Z24", "shops": 0}, "geometry": {"type": "Polygon", "coordinates": [[[72.90393282813481, 19.17336976035028], [72.90393834984582, 19.178114489314492], [72.89988960951767, 19.180254923207084], [72.89583565211291, 19.177650768606107], [72.8958302650161, 19.172906298475493], [72.89987870071768, 19.170765724112805], [72.90393282813481, 19.17336976035028]]]}}, {"type": "Feature", "properties": {"h3": "88608b55a3fffff", "zone_id": "Z24", "shops": 0}, "geometry": {"type": "Polygon", "coordinates": [[[72.91205331061165, 19.188067533443903], [72.91205896753078, 19.19281217285604], [72.90800961794477, 19.19495232578671], [72.90395491607718, 19.19234797979036], [72.90394939381699, 19.18760359909534], [72.90799843877329, 19.185463305680088], [72.91205331061165, 19.188067533443903]]]}}, {"type": "Feature", "properties": {"h3": "88608b558dfffff", "zone_id": "Z24", "shops": 0}, "geometry": {"type": "Polygon", "coordinates": [[[72.92418460342763, 19.16740880444021], [72.92419046151977, 19.172154354233477], [72.92014080339291, 19.17429577258173], [72.91608559172558, 19.171691781451802], [72.91607986831916, 19.166946490374396], [72.92012922190216, 19.16480493171162], [72.92418460342763, 19.16740880444021]]]}}, {"type": "Feature", "properties": {"h3": "88608b5509fffff", "zone_id": "Z24", "shops": 0}, "geometry": {"type": "Polygon", "coordinates": [[[72.97687841236228, 19.16328536586341], [72.9768851463388, 19.168032769929138], [72.97283294354855, 19.170176298934933], [72.96877431114122, 19.16757256383623], [72.9687677120469, 19.162825418132872], [72.97281961048556, 19.160681749166354], [72.97687841236228, 19.16328536586341]]]}}, {"type": "Feature", "properties": {"h3": "88608b55e9fffff", "zone_id": "Z24", "shops": 0}, "geometry": {"type": "Polygon", "coordinates": [[[72.94039692134355, 19.1683325202815], [72.940403048901, 19.17307858733031], [72.93635257629595, 19.175220568534353], [72.93229628063084, 19.172616622905693], [72.93229028782167, 19.167870814455288], [72.93634045593714, 19.16572869303566], [72.94039692134355, 19.1683325202815]]]}}, {"type": "Feature", "properties": {"h3": "88608b55d3fffff", "zone_id": "Z24", "shops": 0}, "geometry": {"type": "Polygon", "coordinates": [[[72.90389970171213, 19.14489895336437], [72.90390522232506, 19.14964437722451], [72.89985688528716, 19.151785935274408], [72.89580333221036, 19.149182209806675], [72.89579794618481, 19.144437044895664], [72.89984597865649, 19.1422953465038], [72.90389970171213, 19.14489895336437]]]}}, {"type": "Feature", "properties": {"h3": "88608b55bdfffff", "zone_id": "Z24", "shops": 0}, "geometry": {"type": "Polygon", "coordinates": [[[72.90799284946549, 19.180718621401713], [72.90799843877329, 19.185463305680088], [72.90394939381699, 19.18760359909534], [72.8998950641889, 19.184999348710093], [72.89988960951767, 19.180254923207084], [72.90393834984582, 19.178114489314492], [72.90799284946549, 19.180718621401713]]]}}, {"type": "Feature", "properties": {"h3": "88608b55a7fffff", "zone_id": "Z24", "shops": 0}, "geometry": {"type": "Polygon", "coordinates": [[[72.91611421160398, 19.19541649612325], [72.91611993614899, 19.200161090488706], [72.91207028193169, 19.20230110292758], [72.90801520780848, 19.199696661493334], [72.90800961794477, 19.19495232578671], [72.91205896753078, 19.19281217285604], [72.91611421160398, 19.19541649612325]]]}}, {"type": "Feature", "properties": {"h3": "88608b5591fffff", "zone_id": "Z24", "shops": 0}, "geometry": {"type": "Polygon", "coordinates": [[[72.89581410479703, 19.15867219263402], [72.89581949135818, 19.163417010428635], [72.89177136028154, 19.165557725254086], [72.88771814727495, 19.16295376274097], [72.88771289528331, 19.15820920389637], [72.89176072173659, 19.156068348615435], [72.89581410479703, 19.15867219263402]]]}}, {"type": "Feature", "properties": {"h3": "88608b5539fffff", "zone_id": "Z24", "shops": 0}, "geometry": {"type": "Polygon", "coordinates": [[[72.96067735347366, 19.176605479522017], [72.96068381836015, 19.181352018677874], [72.95663222721889, 19.183494422772696], [72.95257447563543, 19.180890427835962], [72.95256814558208, 19.176144147102555], [72.95661943228686, 19.174001602883937], [72.96067735347366, 19.176605479522017]]]}}, {"type": "Feature", "properties": {"h3": "88608b55edfffff", "zone_id": "Z24", "shops": 0}, "geometry": {"type": "Polygon", "coordinates": [[[72.94445988647011, 19.175682510060607], [72.94446608172156, 19.18042853231272], [72.94041530462545, 19.18257037329392], [72.93635863677677, 19.179966332246366], [72.93635257629595, 19.175220568534353], [72.940403048901, 19.17307858733031], [72.94445988647011, 19.175682510060607]]]}}, {"type": "Feature", "properties": {"h3": "88608b55d7fffff", "zone_id": "Z24", "shops": 0}, "geometry": {"type": "Polygon", "coordinates": [[[72.90795931750945, 19.15224808041211], [72.90796490570565, 19.156993460191803], [72.9039162640999, 19.159134877892374], [72.89986233887363, 19.15653105616316], [72.89985688528716, 19.151785935274408], [72.90390522232506, 19.14964437722451], [72.90795931750945, 19.15224808041211]]]}}, {"type": "Feature", "properties": {"h3": "88608b55abfffff", "zone_id": "Z24", "shops": 0}, "geometry": {"type": "Polygon", "coordinates": [[[72.91609703910765, 19.18118201564595], [72.91610276308332, 19.185926958641076], [72.91205331061165, 19.188067533443903], [72.90799843877329, 19.185463305680088], [72.90799284946549, 19.180718621401713], [72.912041997336, 19.178577906170954], [72.91609703910765, 19.18118201564595]]]}}, {"type": "Feature", "properties": {"h3": "88608b5595fffff", "zone_id": "Z24", "shops": 0}, "geometry": {"type": "Polygon", "coordinates": [[[72.89987324658887, 19.166020950643187], [72.89987870071768, 19.170765724112805], [72.8958302650161, 19.172906298475493], [72.89177667981849, 19.170302239831898], [72.89177136028154, 19.165557725254086], [72.89581949135818, 19.163417010428635], [72.89987324658887, 19.166020950643187]]]}}, {"type": "Feature", "properties": {"h3": "88608b5553fffff", "zone_id": "Z24", "shops": 0}, "geometry": {"type": "Polygon", "coordinates": [[[72.9606385686564, 19.148123808556303], [72.96064503225672, 19.152871043416308], [72.95659384496837, 19.15501457083893], [72.95253649846367, 19.152411003397788], [72.9525301696696, 19.147664027075635], [72.95658105258175, 19.145520359657286], [72.9606385686564, 19.148123808556303]]]}}, {"type": "Feature", "properties": {"h3": "88608b5511fffff", "zone_id": "Z24", "shops": 0}, "geometry": {"type": "Polygon", "coordinates": [[[72.95254915668141, 19.16190460864364], [72.95255548610507, 19.166651237445503], [72.94850450383538, 19.16879392178072], [72.94444749658345, 19.166190117423906], [72.94444130194826, 19.161443747161098], [72.94849197978431, 19.15930092271656], [72.95254915668141, 19.16190460864364]]]}}, {"type": "Feature", "properties": {"h3": "88608b5599fffff", "zone_id": "Z24", "shops": 0}, "geometry": {"type": "Polygon", "coordinates": [[[72.89985688528716, 19.151785935274408], [72.89986233887363, 19.15653105616316], [72.89581410479703, 19.15867219263402], [72.89176072173659, 19.156068348615435], [72.89175540272856, 19.15132348667625], [72.89580333221036, 19.149182209806675], [72.89985688528716, 19.151785935274408]]]}}, {"type": "Feature", "properties": {"h3": "88608b5583fffff", "zone_id": "Z24", "shops": 0}, "geometry": {"type": "Polygon", "coordinates": [[[72.90797608265379, 19.166483872396014], [72.90798167140575, 19.171228904698836], [72.90393282813481, 19.17336976035028], [72.89987870071768, 19.170765724112805], [72.89987324658887, 19.166020950643187], [72.90392178526187, 19.163879954578395], [72.90797608265379, 19.166483872396014]]]}}, {"type": "Feature", "properties": {"h3": "88608b5557fffff", "zone_id": "Z24", "shops": 0}, "geometry": {"type": "Polygon", "coordinates": [[[72.96470292042633, 19.155474587888623], [72.96470945176638, 19.160221778260638], [72.9606579601004, 19.16236516568026], [72.95660024147982, 19.15976150273137], [72.95659384496837, 19.15501457083893], [72.96064503225672, 19.152871043416308], [72.96470292042633, 19.155474587888623]]]}}, {"type": "Feature", "properties": {"h3": "88608b5515fffff", "zone_id": "Z24", "shops": 0}, "geometry": {"type": "Polygon", "coordinates": [[[72.95661303513906, 19.16925501881478], [72.95661943228686, 19.174001602883937], [72.95256814558208, 19.176144147102555], [72.94851076617238, 19.173540247369115], [72.94850450383538, 19.16879392178072], [72.95255548610507, 19.166651237445503], [72.95661303513906, 19.16925501881478]]]}}, {"type": "Feature", "properties": {"h3": "88608b5503fffff", "zone_id": "Z24", "shops": 0}, "geometry": {"type": "Polygon", "coordinates": [[[72.96472251509626, 19.169715811245563], [72.96472904708611, 19.174462653736608], [72.96067735347366, 19.176605479522017], [72.95661943228686, 19.174001602883937], [72.95661303513906, 19.16925501881478], [72.96066442434379, 19.167112052962306], [72.96472251509626, 19.169715811245563]]]}}, {"type": "Feature", "properties": {"h3": "88608b559dfffff", "zone_id": "Z24", "shops": 0}, "geometry": {"type": "Polygon", "coordinates": [[[72.9039162640999, 19.159134877892374], [72.90392178526187, 19.163879954578395], [72.89987324658887, 19.166020950643187], [72.89581949135818, 19.163417010428635], [72.89581410479703, 19.15867219263402], [72.89986233887363, 19.15653105616316], [72.9039162640999, 19.159134877892374]]]}}, {"type": "Feature", "properties": {"h3": "88608b5587fffff", "zone_id": "Z24", "shops": 0}, "geometry": {"type": "Polygon", "coordinates": [[[72.91203634097948, 19.17383291843175], [72.912041997336, 19.178577906170954], [72.90799284946549, 19.180718621401713], [72.90393834984582, 19.178114489314492], [72.90393282813481, 19.17336976035028], [72.90798167140575, 19.171228904698836], [72.91203634097948, 19.17383291843175]]]}}, {"type": "Feature", "properties": {"h3": "88608b555bfffff", "zone_id": "Z24", "shops": 0}, "geometry": {"type": "Polygon", "coordinates": [[[72.96468332770564, 19.141232321985566], [72.96468985839599, 19.145979859690133], [72.9606385686564, 19.148123808556303], [72.95658105258175, 19.145520359657286], [72.95657465670658, 19.140773080489957], [72.96062564209869, 19.1386289916849], [72.96468332770564, 19.141232321985566]]]}}, {"type": "Feature", "properties": {"h3": "88608b5519fffff", "zone_id": "Z24", "shops": 0}, "geometry": {"type": "Polygon", "coordinates": [[[72.95659384496837, 19.15501457083893], [72.95660024147982, 19.15976150273137], [72.95254915668141, 19.16190460864364], [72.94849197978431, 19.15930092271656], [72.94848571807022, 19.15455424936263], [72.95253649846367, 19.152411003397788], [72.95659384496837, 19.15501457083893]]]}}]}